memory_initialization_radix=16;
memory_initialization_vector=
FFD6F9, FFA612, FFD403, FF199F, FEACEA, FEBA7A, FF4BFB, 01382A,
01D6DE, 00E2C0, 00908F, 0295AA, 04C1F0, 035999, 01F74C, 013915,
FF4B09, FDDA0B, FC76E9, FD71F6, FD613D, FC056E, FE2EE0, FE1FB5,
FCE98F, FE0220, FE9330, FD8B74, FC1D1B, FDF600, FEEB09, FC8451,
F9F682, F41586, EE0FAB, EE8A3B, F3FA2C, FB91FB, 01335F, 030396,
04906B, 06A0F3, 0F2229, 1B35A2, 2174B5, 20901F, 1A26E5, 143BAC,
0D1F6A, 08E32E, 0E5479, 0F80D2, 0E8857, 0FED28, 12008D, 156EE3,
179B66, 1BA31E, 1FEFE1, 1FC1BE, 1B94FA, 175295, 179500, 14BC24,
0C5B6C, 037154, FB5721, F9CFA3, FF9A89, 05D863, 0E7CE8, 1A9C4C,
2356C2, 255DD2, 23BA94, 20A3A3, 1A8DFC, 13D24E, 0B69EE, 033D3B,
023870, 025078, FEDE31, FDC2EA, FFEA6B, 00D11E, FE0629, FA83DA,
F8C852, F7E76B, F49D78, F235E2, F4E488, F7ECCA, F6B216, F3A67E,
F0BB46, EDEDC1, EB8386, E6BE4E, E24CA6, E4106A, E737D5, E6C5AC,
E4ED35, E3C001, E0FCD3, DB88E8, D5DBAE, D4AF7E, DA9C34, DE43AA,
DAAE93, D98C00, DD0982, DD4EE7, D98C90, D5EF9F, D361AB, D23540,
CF9E98, CA05B4, CA2204, D3C400, DB2B8F, D9CF86, DB16A8, E1B9D2,
E3AF72, E03A44, DECDB7, E25EB5, E84E18, EBD886, E875CB, E2AAAB,
E2265A, E220D0, DF5466, DE7E77, E051CE, E35CC8, E5B337, E3579D,
DF3FA9, DFFDFA, E35020, E3D7E1, E4D2C2, EAD3F4, F0FF75, F3801C,
F48C57, F96193, 0127DD, 0288EF, FFA22A, 0289A7, 08515F, 0799FE,
02E781, 051BF7, 0B61EB, 0B609D, 0522B2, FF3017, FF7190, 086FF2,
1316BD, 1632CF, 12DB04, 106121, 117970, 12C52C, 13D538, 14BD4C,
10508B, 05F8B6, FBB66D, FAA7AC, 018994, 050D88, 03A255, 0134C3,
FE0E0E, F8C54B, F25CD4, EF361C, F19BF3, F7A20E, F8C32A, F48F8E,
F6822A, FD584D, FE41D4, F8FA06, F52322, F7EA43, FED566, 024669,
FFD9E4, FE207A, FF1F2B, FEBC22, FCF0E6, FD0D31, FE0EC6, FEF30C,
0374B4, 0B0F05, 108999, 0E8CA0, 042FF3, F919A6, F3D6BC, F523DF,
F9F062, FEC078, 0248D5, 04B609, 0886A1, 0E81ED, 172C62, 2427BF,
2F8CEA, 32A05D, 3162A8, 3358FE, 38DB06, 3CFD38, 3DE36A, 3DFF43,
3E1A33, 3E284A, 3F16AD, 40732B, 428BCD, 4508A1, 48BACA, 5099FA,
5CDCB9, 698AB2, 6F1532, 6BA635, 651A7E, 5D5FB7, 52D06F, 4797BF,
40E99C, 3D9865, 3B0435, 3BC51B, 401E8A, 47A813, 52278B, 59300A,
59529D, 57940C, 566181, 53C424, 502654, 4DEA0C, 4F3EAF, 5221BC,
508CF8, 49DA83, 451F9D, 43CF66, 401A0D, 3B0B4C, 38DFF4, 376CBE,
346F55, 302DA9, 2A3C15, 24BAD8, 21FEA9, 1EE7B9, 19EDC1, 17460B,
163140, 131286, 1290DF, 183CDD, 1F3C9A, 224FEF, 1F2793, 197842,
1785F2, 17AD82, 130D41, 09ECB8, 033622, FFCD7C, FBA152, F6BC89,
F332D2, F18DB2, F087BE, EE4F5E, E94694, E2373D, DC492B, D87882,
D71587, D8B962, DC2663, DF8214, DED519, D8A95F, D3EA82, D4778E,
D3DCCD, D0BBE6, D29664, D782B6, D6C04F, D32F23, D51FE5, DA2B0B,
D9E36C, D3FC43, CEE4B3, CD1C0D, CB85D9, C7296E, C0A373, BBBE94,
BC0F91, C0515F, C2923A, C0ED27, C0A665, C5217E, CB9DA5, CFD2DD,
D0584F, CE494E, CD1AE1, CEA71D, D1742C, D3C966, D1E88B, C97322,
BFEFC0, BD9869, C2F816, C88FFD, CA84CE, CB5894, CD9AF9, D1468F,
D692A7, DEC2AD, E73679, E96953, E1550C, D2CB06, C71C81, C20798,
BFA2D2, BC5F8C, B88762, B5D873, B3E8B3, B1366F, AE3C81, AA9977,
A64DBF, A52E17, A8B50D, ACD098, AE3F7C, AE3E95, AE9279, B0637A,
B44B28, B73115, B67A54, B4B2A5, B5F8B7, BAD9E9, BF244B, BF77D3,
BC2D47, B749D1, B39E54, B4B58A, BBDE26, C69487, D061EE, D56244,
D4CEFE, D30414, D4CE6A, D763BE, D66F85, D43FE9, D1FB58, CE4C36,
CD066C, D23E1B, DB405E, E3CFFB, EB7D35, F38C4A, FC79DD, 04445E,
08ADF2, 0BDF25, 0F5DF0, 11F5C4, 153F7E, 1B115C, 20BF7F, 235564,
223EF0, 1E6FF0, 1C7051, 21F3E5, 2E161A, 3A4544, 44C989, 4F4152,
5776E7, 5B6425, 5A88A5, 54763C, 4AD733, 3F6534, 3258FA, 26B229,
221ACC, 24CE43, 2B0658, 33EB27, 3E8422, 473FDF, 4C5B4B, 4EC389,
500882, 50B190, 5077FC, 4F90BA, 4EF560, 4F50B2, 4D4D63, 46FB72,
40A0B7, 3EB7BB, 402DA3, 409973, 3D57F5, 387B5E, 361E5D, 36D36A,
37CD42, 3636CD, 31661F, 2B9DAA, 27AE7A, 259647, 241774, 24D5E1,
296FEF, 2F4B01, 33721F, 370E53, 3C1893, 3FB500, 3F5B6D, 3EC24B,
3E8C4A, 3A3125, 323D3D, 2C23C1, 2904A7, 2608D9, 23A5FA, 241B1D,
265FA1, 26F1C4, 23ADEB, 1E6F26, 1B934C, 1C96B2, 1E60ED, 1DF37B,
1B8F20, 17E3A8, 13B31E, 108BF0, 0CC674, 065083, 00E811, 00048A,
FFF6CE, FCC3C2, F9796B, FA25FA, FDEC23, 025C66, 05A196, 060151,
02F669, FDE7D5, FA38AA, F9BB67, F82092, F1CE93, EA7320, E7DDEE,
EAD882, EED10C, EF7290, EC8D5B, E896BD, E4C0C0, E26200, E4933F,
E970AE, EB51FD, E7CE73, E14A42, DC04DC, DA817E, DC565B, DDAADB,
D9F06B, D2350B, CD6F66, D063AF, D8FFFE, E35DB3, ED4E60, F52F3D,
F96050, F9530C, F4BCE0, EBC3DC, E16734, D9C1AE, D62F19, D47365,
D141B4, CAFB46, C30EDB, BD5FC5, B9F4F4, B57979, AF6796, A98518,
A540DE, A403C3, A7208C, AC1BB0, AE2FC0, AC006F, A7BC8C, A511C2,
A67D3F, ABC52C, B2863D, B6B367, B49352, AD7B16, A7943D, A59720,
A5DA20, A7E877, AB8DBA, B00751, B5ADA2, BC606F, C2EB38, C8E422,
CD4BF6, CE163D, CBEA1B, C92263, C66CDE, C3FC17, C1EF62, C065A3,
C1EDB4, C8F90F, D3C778, DD703F, E30DEE, E614AF, E9A5D7, EFD0AB,
F797E9, FF2579, 05F7EF, 0B5318, 0DE1D7, 0DA0A0, 0BE0F9, 0A05A6,
09C4E4, 0CBCDB, 1327C4, 1BF966, 25CC2D, 2FEC4F, 39BD73, 412CF9,
433A31, 3F3853, 3733EC, 2D412A, 223465, 172C3F, 0F7CF7, 0E694C,
141DBD, 1DEB75, 275B56, 2D8754, 32627E, 39EBCC, 438BA8, 4A629C,
4C7332, 4BBCAB, 4955B5, 458C73, 4262D0, 40D122, 3EF0E7, 3BA7E7,
386D72, 35E2EC, 33C355, 323066, 318591, 321042, 328533, 30ED88,
2D7EDB, 2A3EC6, 27F22D, 25A4C9, 23A991, 22F3C5, 23A499, 25AFAD,
28ACCC, 2BA7F9, 2EEEB7, 3427B4, 3A41FA, 3CC580, 392A93, 32678C,
2D972F, 2BE1D7, 2ABC2D, 2900D5, 27A1E6, 26D14C, 262CF6, 25F36E,
262254, 2663FB, 26DF3A, 283019, 2A54E8, 2B34C5, 28DADD, 249115,
224106, 234791, 23E9E1, 20BE04, 1B2AE9, 16DFDD, 151AB3, 14FC7C,
15E560, 16EDAF, 17A771, 19479D, 1CBE15, 20B4C8, 233E43, 235ED6,
2009C5, 1963D2, 1378F6, 13A18E, 199161, 1FF444, 222942, 1F5014,
1AF653, 19B59E, 1C3595, 1F8D68, 20CDD0, 1EEB1A, 1B0A5A, 179F99,
16531B, 161F89, 14FC0D, 127A32, 0FF102, 0D1F78, 07574B, FED4D4,
F8A3F8, F91EC8, 0039DD, 0BCEA3, 185F43, 20D97B, 238916, 230CD3,
21A84D, 1F3834, 1B03D7, 151A5E, 0E5D3A, 088235, 04E796, 038F45,
029A77, FEBAF7, F61B5F, EAE79F, E1EC81, DE0BC1, DE64E7, DF6533,
DD39B7, D74067, D05BCB, CBBFF5, CA3389, CB08B1, CD3A95, CF6590,
D023C5, CEA348, CC2738, CA8C1F, C8A5D3, C4756A, BFA3FF, BDCD09,
BFA1C9, C2B7AF, C51F6E, C6EC7C, C97A4F, CD2304, D10F83, D3D65A,
D3681F, CE9D50, C6ED12, BF9E5D, BAC78F, B8CCBE, B9B7C3, BD304A,
C200AB, C6060C, C842F3, CAA34C, CF9FB0, D731BA, DFC7C0, E7D2C2,
EE066D, F2CD89, F6DE8D, F89784, F66EED, F2B789, F10DD3, F2772A,
F5EBEA, FA748C, 01080D, 0B3E59, 17E651, 23260E, 292E86, 28363E,
2066ED, 14C41E, 0A1399, 024FE0, FB58AA, F45D3F, EFECFE, EF46F5,
F1E391, F798A6, FFD9DC, 08C5CD, 1023B3, 14EC97, 17414F, 17EBFF,
17EDA9, 17B811, 1669B5, 134C92, 0FAF08, 0D066B, 0B07CB, 084490,
051ED4, 03853F, 03E2D7, 03D851, 012FF0, FC8C97, F81104, F4D04F,
F2301A, EF7944, EC5D10, E8E2F4, E60B40, E60059, E96F71, EE79D4,
F3401A, F7CDE8, FC5861, FF1909, FE9FFB, FC2C00, F9EDE2, F91A14,
F977F0, F8C814, F4E47B, EF822F, ED07E9, EF1353, F376E9, F7715F,
F9948C, FA216F, F9F11A, F9CFC1, FAA782, FC82FC, FD4646, FAEE9E,
F6AD0F, F3B4B5, F37450, F43790, F2A141, ED95A7, E8886C, E7BE38,
EC9A8E, F4A79F, FB3C40, FCB730, F9AF62, F5B731, F3E730, F510C4,
F752CC, F87297, F871ED, F8B6DD, F9B6A3, FB59EC, FDAB51, 008902,
03CE5E, 06C540, 07C06D, 05F29A, 032332, 0252E7, 04EA19, 09D1B0,
0E75A9, 1023C6, 0D3DF1, 06360D, FE6943, FA433D, FAAE39, FD8DB6,
01ACB5, 077462, 0F49E2, 18A801, 2262B5, 29A57F, 2B73A0, 27B4D0,
21EA1F, 1E2223, 1DBB9C, 1F5C07, 204E70, 1E2516, 181F48, 0FEE7C,
0906DC, 057D20, 044262, 02E7BA, FF8C70, F9CE9B, F39212, EE9762,
EAA542, E6DB68, E339BC, E12D5D, E1E987, E4CB6F, E735C2, E756ED,
E5BD99, E352CD, E0FF98, DF75A6, DE7FD5, DD8447, DC7645, DC430F,
DDC080, E1A439, E81FB8, F0199A, F74228, FADD71, F93379, F41EEF,
EF7250, EC5924, E99DFE, E705EC, E5AFC0, E5C6EF, E6323F, E5DA66,
E5107E, E5AF4C, E9852C, F1038A, FAB901, 038497, 09A60C, 0E4371,
12C73E, 16BCCD, 17C4D4, 14CDB6, 0FB016, 0B81D1, 0B3A05, 10501A,
19EA47, 2549B2, 2FC0E0, 37B972, 3BE9E3, 3C2EDD, 39D2DA, 35D9AB,
2F526A, 253102, 190D4B, 0E6550, 06F60F, 023A5C, 002B59, 01A24E,
0659EB, 0C5ED6, 122DC3, 1745AA, 1B26C9, 1DCA6B, 1FD185, 211BBF,
2045F8, 1CB791, 17EB8F, 13D08F, 114588, 10105D, 0EF14A, 0CB524,
09F043, 07BA6F, 062999, 04559D, 01373A, FD56AA, F9E571, F6541C,
F13681, EB48E3, E75451, E6F3A2, E98FA3, ED52A6, F08568, F2EBFD,
F53F7E, F77C07, F978B5, FB29FD, FBB2E5, F9E620, F5BFA2, F122D6,
EE28BE, EDA71D, EDD2E5, ECBAB8, EB0ADF, EAE419, ED6D29, F19790,
F4CB51, F4D9DD, F2272D, EF9A61, F046EA, F42C10, F7602F, F5BCC2,
EF26F5, E6F690, E0DEC3, DEC629, DFE1F8, E26900, E5A61F, E9630F,
EC5A0C, ED9F21, EE8D47, F0073B, F16947, F2990F, F3784C, F336D2,
F13E0D, EEA9D2, EE2271, F13431, F6BDB0, FBA2B8, FD4E46, FB0020,
F66D24, F384DD, F4B0B1, F90FC8, FE3E55, 021410, 039C9A, 03268D,
021959, 00F134, FE5568, F95DF5, F36B88, EFB5F7, F1619E, F91599,
042A62, 0EBDBE, 15AD11, 17E4CC, 17B241, 18A696, 1BDB04, 1F5A86,
215F14, 215FAD, 1FC683, 1D6A5F, 1ABE00, 17A964, 13FE56, 107C92,
0E14FB, 0CA097, 0A6837, 05C515, FF3527, F87027, F2AED3, EEACD6,
ED30EA, EE08E8, EF8427, F02274, EFB629, EF2C45, EF9158, F10FD6,
F22CAE, F1794B, EE9F4D, EAAD8A, E81308, E8A45D, EC0B31, F1137F,
F7CB95, 0004B6, 07A2FA, 0C30AD, 0C9A01, 0A477B, 07FBAC, 06FB2D,
069E71, 05869B, 02B699, FEB56B, FBB991, FB3982, FC29A2, FDB0E2,
00706A, 04BC8D, 0A7B89, 11E443, 1B6716, 25B480, 2D6089, 303A24,
2EAAA7, 2A87CA, 261B37, 23748D, 23BDA3, 26FACF, 2C9E64, 3486C9,
3E1FC2, 48022D, 509B5A, 56E081, 5A89BB, 5ADB78, 56E994, 4EF5EB,
448BE3, 39640C, 2FA3D1, 28F575, 252A90, 22F82B, 2212DC, 239318,
27DC63, 2D71B8, 321410, 351817, 370BE1, 382E74, 37F3A6, 35DD0D,
32ADD6, 2FCE48, 2D961B, 2B42BC, 2826A4, 249476, 2198D0, 1FB808,
1ED4C6, 1E7FEA, 1D8F21, 1A5A87, 14162F, 0C65BE, 05D5F5, 017068,
FE723B, FB5ADC, F77D13, F3794D, F1A736, F40B44, F968DA, FE0508,
FF47B6, FDC626, FC50BD, FCEE3F, FE8BF8, FE4422, FAA934, F587AA,
F21C8F, F1EEF1, F3FEE9, F60441, F63E20, F4224E, F0819D, ED80C1,
ED1D23, EF73EE, F290C6, F45440, F3861B, EF72A1, E9152C, E28FB9,
DD6F9B, DA8C03, DA0114, DAD0DF, DAE7C3, D99939, D8A11D, D9A6EA,
DCE4C6, E0A886, E2CF32, E198D8, DCD7EE, D751C6, D4D297, D69FE0,
DAA214, DE0DBA, DF85A8, DEE1EE, DD22A2, DBCA37, DB463C, DB1505,
DA6082, D9A12D, DAF2F1, DF65AB, E5A87F, EAB5B2, EBB03B, E7563B,
DECB7B, D622A2, D12A02, D063F2, D24DF9, D5D51A, DA2DF0, DE7805,
E2891B, E6B169, EABC6F, EE6F40, F1F725, F54983, F84E76, FA6131,
FB1616, FA31EC, F813CF, F5A4DD, F3C32C, F303E9, F2BBF7, F121D2,
EC86A3, E55F86, DE0DC1, D88A86, D4E9FC, D1AF6F, CE280E, CAB663,
C809EB, C715DF, C7F7CD, C9C4E4, CBE626, CE864B, D0D4D9, D0C067,
CD1450, C76055, C3313B, C2C919, C5E9B6, CB656F, D22B7E, D8D33D,
DE1A8F, E24AA7, E6175B, E947EF, EB19D6, EB27EF, E96B89, E6D88F,
E50821, E4B937, E4EEB7, E3E2D5, E1369C, DE7D76, DE1AFC, E1903B,
E91159, F359EC, FE567A, 081D61, 0FA186, 148807, 163DB9, 150068,
12A92B, 11263F, 1116EF, 1212F9, 144DF6, 18FB8F, 217E0A, 2D0D66,
39116B, 432C68, 4A3F95, 4E6374, 4F6C4A, 4CC632, 46CA62, 3F238A,
3721E3, 2F4829, 284D95, 2378D2, 2149E1, 215BAC, 23A3B3, 27E015,
2D0164, 318692, 3478C0, 363E3F, 37AECE, 3987A1, 3BA8AD, 3C4E75,
3A2F81, 3604EB, 322154, 307D68, 312AE9, 32C2C3, 330CD8, 30A0D8,
2C74E4, 2929C0, 278664, 2522BC, 1FC69C, 183871, 1120D4, 0C9581,
0ADD68, 0A99D6, 0A32E5, 094E74, 08ECA4, 0A762A, 0E2CE6, 128831,
152B78, 14CBB3, 11CFBA, 0E2DD2, 0BF58E, 0B9230, 0C217D, 0C9B6D,
0CA849, 0BC0F7, 096279, 062912, 039DF6, 02CA84, 04184C, 07577F,
0AC049, 0BF19E, 09D829, 059D36, 01BF3B, FF67FE, FDDC22, FB9528,
F7ACB9, F25C05, EDC4A3, EC9544, EEED09, F2CDA7, F5DEFF, F65663,
F3ED46, F02203, ED418C, EC5EAE, EC53D0, EBCC41, EB22ED, EBD376,
EE5F99, F173CB, F31AEF, F1F3AB, EE064C, E91635, E61A2B, E741B1,
EC3808, F2B6CA, F83D9E, FB48D3, FB278E, F7C11E, F20F81, EBC10F,
E67998, E341BF, E22D11, E2B39D, E41059, E5F5E2, E82E0A, EA7E53,
ED7284, F213C0, F83E69, FDF253, 0136B3, 01D2A8, 0155C7, 018DFE,
02B226, 03A81C, 037544, 020591, FF4DE8, FB5753, F67A64, F111E8,
EBC94A, E70750, E2D5FD, DE88EF, D93230, D32D3E, CDF7D1, CB4CD3,
CBB965, CE6E9C, D203FC, D4AA38, D4A680, D18363, CD4DC3, CA4A74,
C8BE86, C7B0BF, C70FAC, C7D4BB, CAD5B2, D01F92, D6D3DE, DD3EC6,
E1B6DC, E40117, E53EE3, E684B4, E804C0, E98200, EA6D27, EA2FBA,
E85712, E492FF, DEFD84, D900DA, D5ED15, D82F61, DEB09C, E6C180,
EEF6A8, F7370E, FEFBBB, 05882A, 0A2180, 0C873C, 0CA5B9, 0ACDB6,
088084, 0756EE, 0888DD, 0C81BB, 1343ED, 1C6EE6, 275C01, 32C6C0,
3CE780, 43D747, 4748B8, 485246, 472F91, 43413F, 3C581E, 33A894,
2AE9CC, 23F712, 202448, 1F61EB, 1FF224, 200C2B, 203CD1, 22925A,
27E206, 2EAA4F, 34512F, 36F5E9, 3688B8, 352D55, 354821, 36A06B,
371C5C, 35E742, 3430B2, 3316C8, 3331F4, 34756E, 357174, 34577E,
304636, 2A861F, 2536A1, 215B59, 1E149B, 1A540F, 15EEE0, 114C49,
0D5EFB, 0BABAC, 0D3131, 10FF50, 157BFA, 193E79, 1AE0C7, 19F93A,
17BBDA, 15FA21, 160BA9, 183F9C, 1B6946, 1D09D9, 1B3405, 16B149,
126717, 10926D, 111534, 12A497, 13FBFA, 1405ED, 12B91A, 11CA15,
1302EF, 15EB3D, 17F6AF, 16EECE, 12A0B3, 0C947E, 071070, 03B51A,
029634, 029C29, 02BDC8, 03104C, 03F55F, 053A2D, 0627BC, 05A1D7,
02F282, FEC9FE, FB9CDF, FB8438, FE26E4, 01B59A, 04C1C2, 063048,
052B41, 01AD0F, FD0CAF, F95837, F7E4BE, F927EC, FCD366, 024965,
083621, 0C8932, 0DAAD0, 0B3738, 0660FB, 0167B0, FE056E, FC0A71,
FA183B, F77DD7, F48B96, F2A1A5, F2F834, F5A3BD, F9CCD2, FEAEF7,
039EBB, 079976, 09CC2B, 0A94EA, 0B732B, 0D436E, 0FA83E, 11FEFF,
13A2CC, 1342CD, 104B57, 0C2149, 089C58, 062AF2, 03EFE9, 009817,
FAE649, F2A8EA, E9673D, E19ADE, DCB605, DA7B9A, D9C1A8, D9811B,
D9744E, D9BCD3, DA151D, D97BEF, D6E576, D286E2, CDD4E5, CA1776,
C7C8EE, C72FBD, C92C34, CD9D38, D2CE77, D6D637, D8F52B, DA1A27,
DBB5B5, DEC42D, E3083C, E6FB5C, E8F39E, E7F214, E3F4B6, DE034A,
D7AE12, D2070C, CD8791, CADAAF, CB25D6, CF0108, D58EC6, DD672F,
E54890, EC45CD, F19006, F4C4D3, F5CFC7, F4A89D, F1F5C1, EF2733,
EE0ECD, EFC92E, F3FBC7, F9B08E, 005C90, 08952F, 12E4E4, 1E3285,
27C210, 2CDE31, 2CD760, 29801B, 25456D, 210009, 1C0CC7, 15CD70,
0E8C80, 077A0A, 02A682, 01BF84, 03F7FC, 06EDAC, 090B43, 0AE4A4,
0DCCF3, 11C4B5, 15BDFF, 186407, 18EF38, 1784EB, 15818B, 14BBB6,
15C2A8, 17A8F5, 191561, 19449D, 185128, 16DC0F, 15537B, 136E68,
10C3FC, 0D6A88, 097707, 041ADE, FD2599, F5E810, F0BF2C, EF1FCA,
F0BDC2, F449F1, F76F1A, F84C38, F6E85E, F5268A, F52FDD, F78E97,
FB54E5, FE7DC7, FF664F, FE215B, FC21A1, FB1EED, FB643F, FC157D,
FC2C57, FADF02, F8ADE2, F75FC4, F8A345, FBDD54, FF1842, 012701,
01DE93, 015A69, FF7E6B, FC7F56, F9005D, F586B0, F2737C, F0A596,
F0DC62, F304F6, F5FAE4, F82682, F859B1, F651C8, F31020, F052DC,
EF895D, F10456, F41517, F7BD22, FAFB33, FCD606, FC6853, F961D8,
F4BCBD, F0CB5E, EFC699, F22558, F699D4, FB6A40, FF9DA0, 02C02A,
04A255, 0564D0, 05893C, 0534DD, 040544, 01BF3E, FE4C58, FA4107,
F68A44, F3FE9E, F3BE63, F6088B, FA3838, FEDA2D, 024ACD, 044012,
05E553, 0891AA, 0CA887, 11A5DD, 166354, 1930DD, 196412, 189FCA,
18FC24, 1A95E7, 1BCC54, 1B7519, 198533, 160BAF, 10B742, 09BE6B,
023ECF, FB615F, F5CE7D, F19299, EEA27E, ED31B9, ED8E68, EF135A,
F017D8, EF7618, ECD795, E86F1E, E328EE, DEBB5C, DCD89A, DDA0D6,
DFAA81, E16829, E2809E, E3799E, E4E32D, E73A66, EAE605, EF86C0,
F42825, F83293, FB52CB, FCDC93, FBD131, F80D4B, F24735, EBEFD5,
E66F68, E24C5A, DFB9D3, DF72AF, E2C623, E9D3F0, F27FA2, FA14A1,
FF33A9, 023537, 03CF13, 0487FB, 0498AA, 0396F6, 00DD23, FD4437,
FBA89D, FE74EB, 05E091, 0FD779, 199ED1, 2249E4, 2A1D4A, 317C67,
37B84E, 3B6DCF, 3BC1AF, 38A1AC, 33025E, 2C3D5C, 25BA04, 205E34,
1BA82E, 170FEE, 1330FF, 1158B1, 122365, 14AF3E, 17E328, 1AF1D6,
1D4419, 1E5CAD, 1E22F6, 1D8A75, 1D69C7, 1DFD56, 1F2FFE, 206AB7,
2095BA, 1F5E58, 1DAB67, 1CE3C0, 1DB7E2, 1F61BB, 1FCB66, 1CA7FB,
15C1C2, 0D29A3, 055044, FFD4FF, FD093B, FC2778, FB5AA1, F9234A,
F61FA9, F455AE, F4C5DA, F65EB7, F7B217, F84CFB, F881C7, F8CD0A,
F9B23A, FB60D9, FD20B9, FDCA8B, FCF251, FB3073, F97E9E, F85B4F,
F7A19A, F726BB, F71630, F7DE7F, F9C8F7, FCB468, FFABE2, 014E06,
009791, FD3EE6, F83A6C, F3B1AF, F146C5, F0E7D1, F1BEC3, F332F6,
F4FD92, F61686, F55B26, F2C01A, EF1101, EBC3F8, EA8FE6, ECA228,
F13C15, F60675, F9142E, F95AF5, F767AD, F4689D, F18231, EFA4F8,
EF4ACC, F09350, F2F94E, F58E0F, F7F744, FA9ED3, FDD897, 015E22,
04A9F2, 0736EE, 079255, 04B3C5, FF3EF6, F9A834, F66F5D, F5D094,
F67EE5, F72E7A, F7AC6C, F86E09, F9E979, FCA824, 00AE1F, 057CC1,
0A461C, 0E3B89, 10EBED, 12B936, 14AF2B, 174B15, 1A37B9, 1D0A8F,
1F7DBA, 20CDDD, 208CEC, 1EAE20, 1B7954, 16DE99, 10865B, 0908E4,
018487, FB4EE8, F7B2EF, F742F3, F919D6, FAD664, FABFDB, F89026,
F50E69, F18BC9, EEE86B, ECDCAA, EADD3A, E93B66, E88089, E8828E,
E8490B, E77F03, E74025, E8C19A, EC563B, F1619D, F6EC72, FBFF7C,
00396D, 03CA13, 06538C, 06B32A, 03848F, FCC62A, F4A2BF, EE11EF,
EAF28E, EB1172, ECDFE6, EF7692, F34C9F, F91025, 0051D0, 075C09,
0C67A5, 0E6C3A, 0D6145, 0A7C27, 077EF2, 05A400, 05001C, 055E81,
076F02, 0C0CE9, 136231, 1CD0C0, 272538, 30DB91, 3864C1, 3D5255,
40129F, 410ABC, 4027DC, 3D3DF5, 387810, 327048, 2BE0ED, 25770F,
203390, 1D0656, 1CA23B, 1E83B3, 20CD2E, 21C5E0, 2151B4, 20B9B7,
2111FA, 2280CE, 24A688, 269AD5, 2709A1, 254E3B, 228E83, 21107B,
2232B4, 257E14, 291004, 2AA96C, 28DE7B, 2419A0, 1E317D, 18D11C,
1467CD, 1057AC, 0C05B9, 0728AC, 023BF6, FE51E4, FBF480, FAD812,
FA3A06, F9A9E2, F8EE65, F7F81B, F77643, F7ED19, F90D5F, FA15F6,
FAA052, FAEBAF, FAEB95, FA39AB, F888E0, F6040A, F32F0C, F0C554,
EFAF80, F06E40, F2DB79, F5D965, F848A2, F9730A, F8B9C5, F5B82C,
F0DE4C, EBB965, E80641, E6B896, E79BEA, E945A1, EA0DB2, E91B3C,
E64F69, E20B90, DD8928, DA9129, DA3971, DC2A13, DF5387, E292B0,
E495C6, E4613D, E22AFC, DF4AD4, DD3354, DC615E, DC1A98, DB3D89,
D99639, D85E78, D92A82, DC6D4F, E16A82, E6EFC7, EB65A2, ED4E88,
EC6D64, E9FC9D, E74C76, E4F07D, E2EE47, E15CE5, DFEBE3, DE4409,
DCBF7C, DC3405, DD6C01, E02C02, E3CC88, E78A86, EAE70E, EDBB1A,
F04638, F2F8B1, F62628, F9AA08, FD0782, 001C5A, 03532F, 073D9F,
0B4C5F, 0D99E2, 0C7D19, 07F90C, 017CFA, FA9F0A, F45922, EF35AA,
EBB0EA, E9EB8F, E986B7, E9C066, E96D9E, E7ACFF, E4B042, E1CD46,
E0160B, DF6A00, DEC767, DD303A, DAA11B, D832EF, D70A6D, D6FEEF,
D709B1, D6D779, D76923, DA3E3E, DFF452, E7A533, EF82EE, F55D5C,
F80179, F7F8FF, F65CA2, F3B8CD, EFCAB9, EAA5D6, E52320, E0766F,
DE003C, DEF306, E344FD, E9A141, F05751, F6552A, FB551A, FF3215,
01C54E, 02BE65, 01B731, FF0881, FC13C6, FA7B7B, FB322F, FE4A0F,
03DB28, 0BD72E, 155B22, 1EF443, 27AC5A, 2F97B9, 36A3F3, 3C6282,
40120C, 40D547, 3E41A4, 38EA13, 3284CD, 2CF3A0, 29783E, 285018,
284530, 2795AC, 259F40, 239136, 235C76, 258D84, 294033, 2C8BC6,
2DB6E8, 2C8233, 2A4183, 28DF75, 293488, 2B0040, 2D9082, 304E3A,
327012, 33A09B, 33F97E, 3397F5, 31F2CF, 2E868E, 29D7BC, 24DB41,
203D8A, 1C1164, 18496B, 14A921, 10FE6E, 0DD519, 0BCEF9, 0AD55E,
0A31AA, 0950C3, 083784, 0738D6, 0706C6, 083F2C, 0A71AF, 0C5F45,
0D1632, 0C806A, 0AC806, 0823C5, 05138C, 026614, 00EBBA, 0133F0,
035B96, 06A5DA, 098F3E, 0A8CCE, 08FB36, 054308, 00A53D, FC8A6F,
FA2D3A, F9D00E, FAE63B, FC3E84, FC474B, FA2762, F60CD7, F136B7,
ED0769, EAD8CB, EADEC7, EC1703, ED401C, ED9A81, ED6E30, ED6CA5,
EDBD0A, EDE843, ED5808, EB8C3E, E85752, E460FF, E120A8, DFDA85,
E0F853, E40198, E80D1F, EC1477, EF31EA, F106A0, F1CFFC, F209F9,
F1D32E, F105ED, EF6A1C, ECCB3F, E96A79, E653C8, E474C8, E3BB76,
E39D63, E3E3CC, E4F39C, E73EDB, EAA7A1, EE5BF4, F11EC0, F2B080,
F3E83D, F600F1, F971F6, FE0C6A, 035F50, 08C26F, 0DA1BE, 110B76,
120FE2, 0FF2C4, 0AFBA4, 04C048, FF0193, FAA976, F7773A, F4AD53,
F1DA77, EF15FD, ECFE48, EBC145, EAA961, E8E646, E64DC9, E3BD95,
E20270, E12A2B, E09559, DF5591, DCBD67, D8ED5D, D52EB0, D320A8,
D3AF59, D6CB13, DBA97B, E152A9, E71382, ECD7F9, F26516, F6D87D,
F8DE91, F7A072, F3CD65, EE9FD9, E91DC5, E44889, E0C8B6, DF30E9,
DFF03B, E30D27, E832E3, EE6186, F4A459, FA7AEC, FF20E2, 0190A2,
013FDE, FEDB87, FBE6E9, F9D33F, F98867, FB429F, FEB41F, 033E5C,
08E9CE, 103A00, 196CD1, 24537E, 2F81E6, 38AAB6, 3DDC61, 3ED198,
3D4518, 3AF600, 38ED4B, 3750F6, 3562D9, 3265B6, 2E24B0, 29C455,
270F61, 26BFC4, 2875AE, 2B3913, 2DAE7E, 2EA5FE, 2E2F13, 2D6D27,
2D180C, 2D3AC3, 2DBCAD, 2EA1E3, 3027C2, 325466, 34EF48, 379700,
397F21, 3A1E0A, 394BFF, 374ED8, 34381E, 305697, 2C2B96, 27BCC4,
2340E3, 1F1491, 1B965B, 18BA68, 16357F, 13F8D8, 121497, 105D2C,
0EB64A, 0D4B7E, 0CCA22, 0DAAD4, 0FC227, 12614D, 144437, 145D9A,
123CE2, 0E93B5, 0ABB37, 08012F, 072C4C, 0849F4, 0AC89F, 0DCC2F,
103A54, 10E057, 0F1AA6, 0B63B5, 076DD6, 04CE28, 044D4C, 056D12,
06B8BD, 06C801, 04F03D, 01B80A, FE404F, FB5102, F9165C, F74A9B,
F59102, F3C2D9, F23F94, F1D06F, F2BB7C, F4A787, F6C57F, F80D35,
F77C02, F4929A, F02304, EBC6F8, E8EB57, E814F4, E8C42E, EA12D6,
EB6FC9, ECF271, EF2C73, F233C7, F5116E, F6CC2F, F70B0B, F62D0F,
F4D36B, F2F87F, F09200, ED6E25, EA0E59, E742F8, E5B650, E57AB7,
E63003, E7B6A5, E9A8A1, EB9DCD, ED35A5, EE1469, EE293F, EE599A,
F0304A, F4AC03, FB2795, 020323, 07B2B2, 0B4761, 0CA3B6, 0C3652,
0A98D5, 07CF9F, 03A460, FE7131, F93420, F4FB2C, F239E9, F0708F,
EE682E, EB2EE4, E70D08, E352EF, E11E3E, E06B3D, E04528, DF84EF,
DD5201, D9D18E, D5D71E, D20965, CE8112, CB3B15, C8E186, C869C9,
CA3EB1, CE3A40, D3F37D, DABF62, E196AD, E7240D, EA9651, EBA21B,
EA3C74, E6F3D8, E292FB, DDA2E2, D89590, D42E03, D18E70, D1A5D6,
D4CA39, DA730C, E13688, E76304, EB9A5C, ED8FE7, EDDAAA, ED8399,
ED6AA9, ED472C, EC54C4, EA515B, E854B9, E869FE, EC0BD6, F381A1,
FDC0E4, 08F56E, 12FAF7, 1A80ED, 1FDF09, 241A37, 27D193, 2A7E61,
2B4AE4, 29B500, 261EF3, 219005, 1D19D9, 19A417, 1771F8, 168C8E,
16F098, 18162D, 194D61, 1A0252, 19F015, 19216A, 180223, 174702,
17A0B0, 18D5EC, 1A7185, 1C6662, 1EA748, 213CEE, 23EF15, 265A25,
27D782, 27BA4B, 2609B8, 233A44, 1FD921, 1C2DC6, 1853BC, 149C36,
113FA1, 0E50B8, 0BA2E0, 08E00A, 05DAD6, 02A010, FFC0C3, FDD224,
FD4A6C, FE6621, 00ED28, 04119E, 068F2E, 0725EB, 054A8A, 01A987,
FDC6D3, FB8B0F, FBEB4C, FE9A1C, 0268F3, 05A015, 0708EC, 0662B1,
047E93, 027AE6, 010E37, 009E26, 00EDDC, 016924, 013502, 002A1B,
FEBD4B, FD6828, FC4061, FB339F, F9D9B2, F75A6A, F3A3D0, EFF290,
EDFE7F, EE6EFC, F0D044, F3C08B, F61032, F6F566, F65EAB, F4AA52,
F238C1, EF72E3, EC994A, EA40E3, E8EC05, E8E56B, E9FD71, EB9306,
ED6C9D, EFA62A, F28A8C, F5B814, F8440E, F9AF5D, F9F1BD, F95A40,
F7FB9D, F5E598, F33B81, F05D2E, EE0D34, ED32BC, EE4F45, F0A96A,
F2C820, F3998C, F2F75D, F1E792, F1B82C, F307A1, F5CC6A, F9B493,
FEA526, 0485D7, 0AD7A1, 10DDF4, 159F84, 180710, 17A601, 155B07,
12A959, 1058D9, 0E2C58, 0B8EED, 0846E1, 046F9B, 006448, FC9EE5,
F985F8, F71FE9, F54C0E, F3FE4E, F2FEDC, F1FEC4, F07EDA, EE1F01,
EAE648, E6E740, E24452, DD5B02, D8E9ED, D60086, D58DED, D7DFDA,
DC6865, E2208E, E849E2, EE6DA5, F3B4CD, F77327, F97249, F968E3,
F6CD89, F16659, EA71DE, E41AC8, E02BFE, DF6FCE, E16436, E4D53A,
E85C4D, EB9044, EECE33, F291F6, F6BE12, FA3F8C, FB843C, F9B0BC,
F578A7, F0C8D3, EDB7CE, ED4E50, EFE032, F4EE89, FBAF87, 0346E7,
0B4D43, 1387F6, 1BA8CD, 233896, 298D22, 2E3C2E, 30ABA8, 309BBD,
2E7F63, 2B30EA, 27588F, 23989C, 20CCE0, 1F733E, 1F5161, 1F8F80,
1FACA7, 1F7DA0, 1ECA49, 1DC541, 1C8C3E, 1B7526, 1AE059, 1B0CFC,
1BF1D4, 1D4F61, 1F193D, 217486, 2476F6, 27DF9E, 2B0244, 2CEE28,
2CF205, 2B1411, 28098E, 24B47C, 219328, 1ED14B, 1C4E3C, 199787,
164E5F, 126253, 0E02F4, 097FAB, 05529E, 024E18, 0147A3, 028893,
056159, 086ACA, 09FB10, 093F94, 0681EC, 02E53D, FFF9CD, FED74D,
FFEC38, 026FE9, 04F479, 064405, 061B4B, 0528B9, 0445EF, 03CD9F,
039FB5, 0345D1, 022CBC, 0063AE, FEC8F4, FE5986, FF1F56, 000D84,
000BAD, FE86C1, FB934D, F7D0D4, F427BC, F142CD, EF44A5, EE7BF8,
EF2417, F0EB3B, F3335B, F4F9C8, F59D65, F4FA5B, F3542A, F14242,
EEE468, EC6B9F, EA29F0, E881F8, E7FD8E, E89780, EA24A9, EC30E7,
EE93EB, F16D6A, F4D3A3, F87A8A, FB4EDD, FC414B, FAF36E, F80C97,
F4F668, F2C49C, F1DE15, F1F3D6, F24753, F29571, F2DC0B, F33C26,
F3A2C4, F39F26, F30F92, F26672, F2D303, F58C05, FAC1FD, 017BEE,
086688, 0E981C, 135AB9, 16830A, 186E14, 199B9A, 1A3BCB, 1A1B23,
191C58, 171294, 13FD3D, 103ED2, 0C73CD, 08EC11, 059758, 02614B,
FFA3CD, FDD162, FCDAEA, FC7AE4, FC3372, FB3A16, F8ECF1, F5088D,
EFD95A, EA13BE, E4B6A7, E0BFA2, DEA526, DE3454, DF37A9, E1FBB4,
E6E373, EDACEF, F54359, FC0940, 0037AF, 00DE02, FE4525, F9E0AB,
F540FD, F11EA3, EDC03A, EB04D2, E8D622, E7A550, E836EB, EB29BA,
F020BC, F63800, FBDF9B, FF714E, 0024E8, FE7337, FB62DF, F7D808,
F4A5F3, F272B4, F1D8E6, F32346, F660B3, FB836F, 020D29, 098996,
11BBC5, 1A628F, 22C4F1, 29C395, 2E6725, 306142, 301E0A, 2E5362,
2BD1E1, 291955, 26B834, 24EEA3, 23B87F, 22FDE9, 226439, 21CF93,
2129A4, 2030A7, 1EC287, 1CFEA4, 1B58B5, 1A203A, 198338, 19B85E,
1AE906, 1D1FCD, 2004CB, 235E62, 26B2D5, 2922BD, 2A11F2, 2950E8,
275558, 24C065, 226CED, 20B57C, 1F4984, 1D6128, 1A19CC, 150C00,
0E97EF, 07E2F0, 025E97, FF0D1D, FE23D3, FF529E, 017A9D, 02D822,
023015, FF9895, FC29CE, F92C6B, F75CF8, F6D552, F723BA, F76705,
F73F7E, F72346, F7964D, F8907B, F933FC, F8CCE2, F75FB1, F562A9,
F374E5, F2289D, F1AC7C, F1D8FC, F28487, F346EE, F37884, F25CD1,
EFE2A3, EC40F4, E81560, E44B10, E18DD8, E00151, DF4365, DF404C,
E031EF, E1E9C1, E39626, E45694, E3BAEB, E1E8EE, DF8592, DD5AD2,
DBBC0C, DA3C12, D86A99, D66E28, D506D2, D54285, D79C46, DB8FA1,
DFED62, E39142, E613AB, E743ED, E74F1E, E68B7E, E521C3, E34725,
E169F3, E04E31, E053BA, E1389F, E1FCE3, E1E4F5, E0DE33, DF3C97,
DD8F48, DC8B36, DCEFAC, DF1C34, E2EFCD, E7FA79, EDB73C, F398F7,
F92155, FDF547, 01F6AE, 051C0F, 0787BC, 0958E0, 0A2EBF, 09C31B,
085102, 062E3D, 0366D7, FFE4B2, FC04B8, F836E8, F511A5, F32276,
F2A2D3, F32E5F, F37C9D, F27F18, F03B6C, ED359F, E9D0EA, E611CE,
E1AD44, DC96A9, D75896, D3116E, D1308E, D2CCE0, D7E73E, DF2F8C,
E6B3B3, ECE54C, F1337A, F3E20B, F53FD9, F55DAA, F430E4, F1A512,
EDC1FA, E8FF19, E494EE, E1F483, E1C5A0, E3EADD, E8055F, ED843A,
F3618F, F835B4, FB03BC, FB8CA2, FA6266, F8700B, F61416, F3A964,
F1C5C3, F0FAE1, F1C826, F45C2F, F909B0, FFE3CA, 085BB3, 11AAEE,
1AFFE6, 23A8DC, 2AB44A, 2F6229, 31F154, 32ED10, 32D5F3, 320191,
30A7F7, 2F419C, 2DFB9A, 2CFC46, 2C60CD, 2C5775, 2CBF48, 2CF242,
2C4A28, 2AA756, 28A92E, 26D43B, 254894, 2447F9, 246DD0, 26223A,
29333D, 2D070D, 30BB48, 33BB17, 35742C, 358CF1, 348BD4, 3389C5,
337CE4, 342DB7, 34DD3A, 3447F3, 3159AE, 2BB04B, 2425A6, 1CCDC9,
178FB2, 1525A6, 14DA1F, 151F01, 14CE80, 13BC6F, 1252FD, 10E923,
0F6E42, 0DCD8D, 0BD6F4, 09BB0C, 080EF7, 075685, 07932C, 082B98,
08D9DF, 09AA95, 0A8C7E, 0ADEC6, 09E1FC, 07AD00, 052E14, 0375B9,
030A89, 03C797, 04F7C8, 05B6B2, 057B86, 044A82, 027318, FFFBF4,
FCCBD1, F8DEC7, F4E353, F1C30A, F011ED, EFB3B6, EFFB4A, F06813,
F0B6BE, F0F092, F12539, F15A47, F151FA, F03670, ED805B, E9D0BC,
E64325, E3AA9D, E22F57, E1C41F, E281C1, E46014, E7440B, EABD49,
EE2C0A, F0B4FB, F1A8BD, F11659, EFAD58, EE43D2, ED4BDE, ECE376,
ECF495, ED3989, ED54A6, EC9BEF, EAC86B, E86704, E5FCE1, E4274C,
E34C37, E3C002, E5AD95, E8C676, ECAAC7, F11534, F60441, FB19E9,
FFB325, 0378BB, 06B448, 09B9A2, 0CA641, 0EF3CE, 0FC860, 0EB010,
0BC33A, 07B196, 036FD9, FFEAA3, FD8301, FBF735, FA80E0, F8E6A2,
F785C6, F68DBF, F5EFB6, F52D91, F37D92, EFFB54, EA3678, E302E7,
DBF4A0, D67CCE, D364A0, D2FB9A, D4DC87, D881BA, DD611F, E2DAEE,
E86A5A, ED80A9, F1B749, F47762, F53C0F, F3D094, F04CDA, EB5698,
E60019, E1B9F6, DFBA91, E0419A, E2E238, E6D912, EB5A63, EFB077,
F320ED, F54465, F63886, F6283D, F4F82C, F2AE02, EFDCC3, ED591D,
EBD7DC, EBDA65, EDF452, F28B7F, F96D38, 01E212, 0AC4C2, 1374E5,
1B806C, 226DF7, 27BE12, 2B0D6E, 2CC6F9, 2D7E0F, 2D6BEF, 2CBC02,
2BBB8E, 2AE2EB, 2A73AD, 2A85AB, 2B0F82, 2BD4A7, 2C1AB0, 2B285D,
28DF0B, 25C553, 22D059, 20BBBF, 2026C6, 217ABD, 247C8D, 286556,
2BE631, 2E0EB9, 2ED414, 2EF962, 2F77CC, 3115FC, 33DB4F, 36BD80,
3849BA, 3755EA, 33FEC6, 2F1EFF, 29A4FD, 2452C7, 1FB5AD, 1C29FD,
19CD62, 184E69, 1743C0, 166242, 156545, 143E91, 12EBD8, 1172A4,
0F78B5, 0CF853, 0A5A9D, 087385, 07F964, 08E3E1, 0A8D67, 0BEE82,
0C7E8D, 0C3433, 0B3A99, 0A02C4, 08BF1A, 07A7E4, 06C33B, 063481,
066600, 0783E1, 08F467, 097121, 0848E2, 05AFFE, 025768, FF1439,
FC4F4A, F9E49F, F78FD6, F51D8D, F2F895, F1EE0D, F24FD5, F3BD36,
F53DF7, F60A43, F604FB, F522D7, F34413, F0770E, ECDC22, E92AA4,
E61F89, E437D8, E3D9C1, E506C8, E7723C, EA78E1, ED654B, EFB6D0,
F10CA7, F132FB, F0899A, EFB15A, EF4E9F, EFAF5C, F07843, F0FE7C,
F0C4CC, EF9BB4, EDB323, EB65E9, E8E8B2, E6AF54, E4E5A6, E3C4C7,
E3BB76, E52D0C, E7FF7B, EB7897, EEFCB6, F2625F, F5CCE8, F98002,
FDEEFE, 0320E4, 082F37, 0BCA28, 0D2E66, 0CAA89, 0B2744, 095223,
0730BC, 0461BF, 00E7F0, FD2E22, F9C312, F76250, F665B6, F6964C,
F72135, F6EB80, F4FCFB, F1170C, EBABE7, E53CD4, DE7DF5, D825CE,
D2F88C, CF8D98, CDCD17, CDD4D2, CFA8EB, D336A0, D82111, DDCE47,
E3939C, E856EA, EAFDEB, EAF62D, E88E43, E48890, DFE25B, DB7D1B,
D808D8, D61A61, D61C76, D7EF61, DAE4CE, DE6A65, E214E7, E595DA,
E86FEF, E9E2F9, E9BD6B, E7FCE5, E4D222, E10981, DDBB08, DBD102,
DBC0E3, DDA675, E18AAB, E75FFD, EEAA6B, F6BF3D, FF1896, 070E3D,
0E02EF, 138349, 1761D3, 19CC93, 1B1EF8, 1B970A, 1B502D, 1A92F8,
1A11C4, 1A7DE3, 1BCEC5, 1D7A4A, 1E9A5C, 1E2EF4, 1B9D2F, 173CA4,
12C4CC, 101E95, 102391, 1232F9, 14B924, 168786, 1741AE, 179111,
1849F5, 19F64C, 1CBCFA, 203DB4, 23CC11, 26B540, 289DB3, 2944D0,
28319E, 255DC4, 216F53, 1D325C, 191219, 151B60, 119067, 0EB404,
0CCD56, 0BC23A, 0B4B35, 0B06AA, 0A24C5, 082B65, 0536B2, 0235A9,
000262, FED7FB, FE6C0E, FE7B76, FF05A2, 0011DD, 016B39, 028D3B,
02E58A, 022E11, 00BBA9, FF4101, FE8A69, FF0CBC, 0044E0, 014B6D,
01C7F0, 01FA82, 020CF4, 01BD17, 00BB30, FF0960, FCDB2D, FA4710,
F7794D, F4BBBA, F26EE5, F100CD, F088BB, F115D2, F29C91, F4B0C3,
F68B6D, F7406B, F6845E, F48FFD, F1A4EF, EE1660, EA9C9C, E82381,
E72D5D, E7D08D, E9B189, EC3C91, EED1EE, F0C82C, F1FDBF, F2C912,
F3958B, F47B5B, F547DA, F62625, F73363, F85A67, F95143, F9A290,
F8FA16, F714AC, F431A8, F12193, EEDE9E, EE0935, EE6BE6, EF5D15,
F04734, F14E32, F2E2C7, F568D8, F8EF54, FD66EA, 029C35, 07DD6F,
0CB41C, 10D1CB, 14787B, 1760B8, 193DF5, 19B474, 187BC8, 15BF53,
11F4A3, 0E12C9, 0AFF66, 092E13, 088D8E, 08D804, 0987C7, 09DD28,
090493, 067AE7, 0264A7, FD6FBC, F81854, F27A8E, EC987D, E6D9C4,
E21FD8, DF1033, DE3A6C, DFD4BD, E3C839, E951C9, EF4FAD, F4CEBF,
F8EF3F, FB0FAB, FAEF02, F8EB6C, F5CBFD, F232C1, EE9697, EB60C2,
E9105A, E84426, E95B18, EC13D7, EFC55E, F3C26F, F77880, FA3BA0,
FB5B3E, FAB12E, F88C8B, F55C2F, F1A5C3, EE1D4E, EBAE17, EADFCC,
EBF135, EEEE50, F3B2FE, FA08DA, 0150F8, 08F4FE, 1084E4, 1791D5,
1DA12C, 221C72, 249AE3, 254A28, 24E8A6, 248A9E, 253693, 273039,
29DB6B, 2C009D, 2C5D77, 2AACCD, 27817F, 23F939, 20EA2A, 1EE0FF,
1E26EC, 1E57B6, 1EA891, 1E81CB, 1DF208, 1D6D0B, 1D7369, 1E89F4,
2105E1, 248BBD, 283BD5, 2B3599, 2D31FF, 2E5E8A, 2EECE2, 2EA323,
2CE348, 2971FF, 24C38E, 1FD2F1, 1B9685, 189FC2, 16AE59, 152D49,
139367, 11BB71, 0FDF55, 0DFFA1, 0BCADC, 08EA68, 059E4F, 02B3CF,
00E99B, 006E80, 00E967, 019F53, 0214B4, 02100C, 019380, 00EE68,
0048BF, FF9A3A, FEE810, FE6621, FE3458, FE56F2, FEC7F0, FF4185,
FFB514, FFE53B, FF9C53, FEC192, FD2E46, FAFB2B, F80FCF, F4B98F,
F19BD3, EF22D3, EDA978, ED3760, EDF077, EFAC23, F1E516, F3A373,
F3F46C, F28910, EF871C, EBC3E4, E82074, E56E9C, E3DD4C, E36CD0,
E3BE14, E48E1B, E5DDB7, E781CE, E932DC, EA69B4, EAFABF, EB4419,
EBE379, ED532A, EF8C16, F21BD4, F41A94, F4B4CF, F3B43B, F19039,
EF2036, ED0591, EB9D06, EAD0E5, EA266E, E9445E, E84E7F, E803AD,
E8BB5A, EA9594, ED3D90, F05F09, F41017, F87234, FD854E, 02DE9C,
08376C, 0D2721, 11291F, 13A1FD, 1407DA, 12938C, 0FD0D2, 0CA87B,
09FE44, 084281, 078EC2, 078518, 07D08E, 080BE8, 07DBC8, 06FA6C,
052B14, 025084, FE5891, F956CD, F36064, ECC13B, E63671, E0CAFC,
DD83DB, DCD8E8, DEC091, E29A4C, E79F75, ECE86F, F1AD84, F569DE,
F7C424, F884A0, F7AB08, F55E8B, F1E934, EDFCB3, EA7410, E8432E,
E7EACE, E952C7, EC3992, F004BD, F40087, F78826, FA264D, FB8DD2,
FB5076, F954D3, F6077E, F2449F, EEF43C, ECBDA9, EBDDA6, EC2649,
ED99F5, F0A135, F5CEBF, FD3DF1, 061473, 0EDCEF, 1602CE, 1ABEB9,
1D65AA, 1EE973, 207177, 228D9F, 2531AB, 2806E9, 2A9236, 2C436D,
2CC13E, 2BF832, 2A07F4, 279971, 25543E, 23DCF0, 2300C6, 222AD2,
20D2D1, 1F1171, 1D6BEA, 1C44EE, 1BF3F3, 1C8FB2, 1E0DFE, 201BC0,
22C9B4, 25FA5B, 2963E7, 2C5A6C, 2E2AA5, 2E833E, 2D84CF, 2B7634,
28798D, 24C9BF, 20B4DF, 1CD143, 19A07F, 17452E, 158F69, 141BA2,
12392B, 0F922F, 0C5E4B, 08F927, 05D534, 032E75, 011C33, FFB49D,
FEDD67, FE6D88, FE3799, FE02B8, FDCE37, FD7218, FCE5C2, FC336F,
FB690F, FAA182, F9C8D0, F909C1, F8AE09, F8FCFE, F9A384, FA2E8E,
FA6883, FA207F, F94696, F7AE76, F53554, F20680, EE5E2E, EAB60D,
E7E246, E6990D, E6F28A, E85E18, EA0CFD, EB49B5, EB8CB1, EAADD6,
E8C064, E5FF59, E2D0CE, DF8C13, DCB467, DAD341, DA231F, DA985F,
DB8657, DC4BD5, DC8134, DC312F, DBDC3B, DC11D3, DD7705, E00329,
E2E8FB, E54C77, E6C0ED, E76DE0, E77B23, E6E3E7, E5BB41, E4389F,
E2BE32, E15E74, DFFD64, DEA05E, DD5DFC, DC964B, DC678E, DCCF71,
DDC685, DF3B16, E15DBE, E47080, E8C257, EE64A4, F4D906, FB3286,
0086A5, 04530D, 064C15, 069714, 05868C, 03D6CC, 021B24, 00AA78,
FF9C9F, FEF85A, FEB3D5, FE9FF3, FEDEFF, FF4767, FF84BD, FEF9F1,
FCEF6B, F92146, F3AD4E, ED20D7, E64588, DFE385, DADB8A, D7DAE8,
D7133F, D85263, DB3F05, DF7640, E47874, E96CB6, ED9D8E, F06484,
F17AB1, F0DA86, EEB989, EBC2E3, E89952, E5C940, E3D318, E35745,
E4A7B2, E7BE3B, EBFE1D, F0742D, F42559, F666D7, F7374F, F6EE6E,
F5E9AA, F44C98, F1F328, EECD84, EB4DB3, E866D3, E756AE, E8E0FE,
ED27AC, F3BB91, FBC37C, 03FBBD, 0B124E, 108B2B, 1493DE, 17E164,
1B4BF0, 1F48BD, 23E3E2, 282EDD, 2B7270, 2D5253, 2E149C, 2E74B4,
2EA191, 2EAD12, 2E5A15, 2D8823, 2C56AC, 2B1307, 29F366, 28E4ED,
27939B, 25F1F5, 24518B, 23789B, 2408D8, 25FC43, 28EE06, 2C47BC,
2FCB59, 333CE5, 366B1D, 38DBAB, 3A22E4, 39DD43, 381149, 353C5F,
320BE5, 2F348F, 2CD354, 2AD9F3, 2918A8, 27655B, 257FB4, 2336EA,
207250, 1D6FCE, 1A81AC, 17D55C, 15861E, 139E73, 122CCD, 11147F,
104869, 0FDDCB, 0FCBDF, 0FD250, 0F8308, 0ED682, 0E1781, 0D59AB,
0C92DD, 0BBB2E, 0B09FC, 0AC684, 0AFF7E, 0BB774, 0CC530, 0DDCA5,
0E3C59, 0D5297, 0AEA0E, 0770E6, 03AE9B, 0027F7, FD477D, FB49A8,
FA6007, FA61F2, FB0536, FBF45A, FCDCAE, FD3FF5, FC512D, F9C6AE,
F64451, F2C742, F01CE9, EE7D31, EDBE2B, ED7100, ECEAC1, EBFA8D,
EAA5B3, E98177, E8E069, E90A8D, EA1661, EBC103, EDC283, EFA0ED,
F15016, F2A5A4, F396F2, F405E7, F3A99E, F29F50, F11CE8, EF6B01,
EDB79F, EC1C38, EAC5CD, E9A5EA, E893C0, E77C90, E689D1, E5F5E9,
E62C51, E7867F, EA7F7E, EF1EFD, F4ECF8, FB0E87, 009353, 04F02E,
07EB7B, 09B9AC, 0A77A8, 0A5952, 098B4C, 083904, 06A892, 0515D1,
03F45B, 0392FF, 041002, 052E73, 064526, 06A649, 058921, 02B2B6,
FE42F4, F88C2B, F1FAB3, EB06C4, E460EF, DEB2C2, DA97EC, D8A4A4,
D9127A, DB8EC1, DF5E07, E3B27D, E7D973, EB689E, EE028A, EF573A,
EF0BA2, ECD149, E91028, E4F77F, E1DD54, E08C40, E10D6E, E2E4C9,
E566B5, E82E99, EB031B, EDE8BE, F0A5D7, F2CA12, F3CA12, F3338C,
F0E05C, ECF973, E84280, E3C2F6, E0B8C9, E019F8, E255E7, E70C04,
ED1296, F33BF8, F8C2EA, FDA000, 02295B, 06BEBB, 0B9978, 107F07,
15333B, 1957BD, 1CDA2A, 1F990F, 21A036, 230371, 23D9DF, 2457BC,
24A362, 24D55B, 24C05D, 2436A2, 23062E, 215C24, 1F8840, 1DA218,
1BCA57, 1A2A1E, 193358, 1950DF, 1AB1F4, 1D5597, 20DAE0, 24DCC2,
28C136, 2BFBBD, 2E3A38, 2F2BFF, 2EEE7F, 2D9EBE, 2BA6F3, 29A855,
27F584, 268440, 24F663, 232E82, 212FDE, 1EFF4E, 1C9419, 1A0B67,
175E05, 14A233, 1202BE, 0FA04B, 0DBEC2, 0C6471, 0B79C2, 0AD894,
0A48C6, 09D999, 09A790, 099EDE, 097FBE, 090E0C, 081389, 06B360,
05634C, 04CBE1, 05611A, 06D6AB, 089C61, 0A1B9D, 0AE2F4, 0AA654,
09501B, 071F5C, 0436B1, 00D523, FD5E15, FA70C7, F8CABC, F891D0,
F97EB3, FAEA7B, FC045C, FC25F0, FB06FD, F90214, F6A6FD, F47AA5,
F2B2A0, F168CE, F0801F, EF90E7, EE6470, ECE099, EB39B6, E9A65F,
E8909E, E833BE, E89348, E99F21, EB0165, EC989C, EE6124, F0573D,
F23B84, F38720, F404CB, F39CBC, F2A46B, F14E72, F0149C, EF2749,
EE6DFA, ED8D2A, EBF5F5, E9BC72, E73AC9, E51DED, E3FFFD, E437ED,
E6133B, E9785D, EDF4DF, F30E4E, F844EE, FD3783, 018A24, 04EE94,
074B0D, 08994E, 08CAD9, 07E413, 064053, 04763A, 032A98, 02CDEC,
035947, 04A12D, 061D24, 07297B, 076E09, 06891D, 0435DC, 002E9A,
FA66B7, F36880, EC19C6, E566CB, DFD42F, DBA918, D90ED3, D859DE,
D9B8DD, DCEA37, E1604E, E5FDCD, E9CEFF, EBF3C0, EC1245, EA7ED8,
E7C589, E4AF5C, E1CCB1, DF947B, DE616E, DE29B4, DEBBA8, DFE9E2,
E1EEBF, E4F227, E8D027, ECB1C3, EF94A7, F05F78, EEA2A4, EAB6E3,
E5B546, E11860, DDC445, DC35AB, DC3360, DDA58A, E05B37, E422F8,
E88633, ED063B, F17BF4, F5F7D0, FAAD4E, FFC752, 0534FD, 0A7B37,
0F04CC, 126D59, 14FD97, 17255F, 19064D, 1AA198, 1BD53B, 1C984F,
1CF3C6, 1CB836, 1BFD77, 1B0230, 19B8F4, 180856, 15C49A, 1336FE,
10FA94, 0FACB2, 0FB80C, 114EBF, 144812, 181E51, 1C2195, 1FA49E,
226EF2, 2463EF, 2575B4, 25B074, 253954, 2459F2, 2340E0, 21F59E,
209460, 1F2EF8, 1DBC0A, 1C0DD6, 19E82B, 17623B, 14CA84, 12424B,
0FBBFB, 0D4921, 0B0231, 09100B, 0766A3, 05FD12, 052B5D, 0503AE,
053855, 055565, 0501BA, 042A69, 02CC89, 013BF1, 0006B6, FFA621,
0032A4, 0159C9, 02E120, 04C243, 06B2DC, 07FC2A, 07F2BD, 065E13,
039EB0, 002FD8, FCBD84, FA0A59, F8AA25, F8BE7E, F99D72, FA8AB8,
FB2567, FB2DA3, FA8EC8, F957A1, F7E598, F6A621, F5C42E, F4EA88,
F3F99C, F30A57, F200F8, F0BAC4, EF23C6, ED8E7E, EC537E, EB8079,
EB0B53, EB0196, EBB830, ED45FB, EF7448, F1F2B7, F46263, F64CB9,
F74BA7, F7871F, F774FD, F77EC0, F7A194, F79D2F, F763A0, F6B4E6,
F5623E, F32C99, F05E35, EDB3B5, EBBD45, EB07CB, EBAD3C, EDB774,
F0DB60, F4D3B4, F9694D, FE923B, 041517, 093F39, 0D3A68, 0FB89C,
10F418, 11417F, 10F00B, 101228, 0F03FB, 0E38C6, 0E1D18, 0EFD3D,
10D6FB, 132B3F, 151A11, 15C44F, 14CA2C, 125AAC, 0EAE95, 09D747,
03DDED, FD1857, F610A1, EF82B4, EA51C6, E74993, E6D3CF, E8AD98,
EC13E0, F01729, F3DA37, F697E4, F7D50C, F7B9A6, F6AC4F, F53978,
F3767F, F14AE9, EEC330, EC46ED, EA8AA4, EA2054, EB9375, EED8DC,
F34027, F7B34C, FB02B9, FC928F, FC390A, FA0D38, F68413, F26164,
EEA2B9, EBE999, EA46FC, E9B20C, EA2CC1, EBA944, EDFB4B, F0FD30,
F48A9A, F8C1C4, FD7554, 026611, 077CF2, 0C8FA2, 117CB6, 15D7D8,
196F64, 1C72AF, 1F027D, 21218A, 22CEE0, 242BC2, 255FAB, 264737,
26B105, 2680B9, 25A836, 2414A1, 21A333, 1E79F3, 1B299C, 188962,
172CA3, 17283D, 186D30, 1AC40A, 1DCAC9, 20FF0C, 23FB29, 269860,
289CA0, 29CEE5, 2A2CE8, 2A0A26, 29B60B, 2934C5, 286101, 2733DE,
25CD6D, 241830, 21EEC9, 1F71DD, 1CF0D2, 1A94A7, 18072F, 150266,
11AF7E, 0E8471, 0C06E5, 0A698A, 098E73, 093170, 08DEAA, 0853B9,
076B01, 061B3F, 0496CD, 02D041, 00EA66, FF3830, FE3E69, FE5F65,
FFB18F, 01F7FF, 049039, 0692A6, 0721B5, 05FFF9, 036D84, 001098,
FCBAC1, FA06AC, F84FE5, F78335, F74EB6, F73175, F6E142, F653E0,
F5852C, F49AF6, F3A172, F2B7D6, F1D465, F0EFF7, F00405, EF23F7,
EE4959, ED3D78, EBB9E2, E9A7AA, E74796, E50D9A, E38058, E2D9D9,
E320B6, E4348F, E5D42D, E7A75F, E970C7, EB031C, EC2C8B, ECFA89,
ED89EB, EE2B6B, EF2A88, F02614, F09481, EFFF26, EE5DAE, EC20AA,
E99CC9, E72CBC, E50347, E33548, E218D4, E1F26D, E31A2F, E5B86E,
E97A38, EE0A3E, F2F4BB, F8033E, FCDADC, 010850, 042CED, 05F163,
06637D, 05D509, 04D549, 042038, 043876, 05218A, 06B0A6, 089738,
0A9806, 0C635F, 0D779A, 0D73CA, 0C26CB, 0960FD, 04E48E, FEA71B,
F73C94, EFBB24, E92761, E46F9A, E21ECC, E230C5, E3E95E, E63054,
E879B9, EAC5ED, ED216F, EF4D2D, F0CEC2, F13E1F, F058EB, EE126C,
EAC665, E749C9, E4A030, E373D0, E3F4A5, E62AAF, E9EAC5, EE8C3B,
F2ECBF, F5FCE8, F75169, F6F05E, F5045F, F2184B, EEEA6C, EC3550,
EA1B97, E873CC, E74288, E6C10C, E7439E, E8B303, EB0589, EE150F,
F1EF3E, F66B2F, FB5388, 007C87, 05BEA2, 0AF353, 0FB305, 13BD7B,
17133B, 19E8EB, 1C61B5, 1EAA0A, 2100B6, 23502A, 253A96, 262DF0,
2622BF, 25457A, 2374C1, 20BAA5, 1D71EE, 1A6CF6, 1840EA, 17204B,
16FC9F, 17E2CB, 19D125, 1C925C, 1FB7DD, 22A176, 24F36B, 269DC3,
27D599, 28E2A9, 29B52D, 2A269F, 29E4DD, 28E5BF, 279F3B, 266FBC,
25669E, 242ED5, 22633E, 1FFDC6, 1D028E, 1988EC, 15E979, 129318,
0FF7EB, 0E1F89, 0CC6A1, 0BC5B1, 0B3209, 0AE563, 0A742A, 0970F4,
07A2F4, 054073, 028DDE, 000464, FE5216, FDF900, FF1F85, 014472,
03CDC9, 05FE0C, 0715E7, 06AD4E, 04DDB3, 0256C9, FFAE11, FD520D,
FB6A2D, FA10A2, F93265, F8A117, F81B84, F775A9, F6ABB9, F5AEC9,
F47FB9, F35541, F27386, F1E973, F188A5, F0F93F, F02F0E, EF2C8A,
EDC6BC, EBBCB2, E91E27, E66AE6, E437BE, E2E5AC, E29B7E, E34AE2,
E48024, E5AC53, E66D87, E719A9, E82A03, E9957B, EB0B56, EC602B,
ED9A1A, EE9CD3, EF1B53, EF04BA, EE7FCA, ED4C08, EB530E, E89A43,
E5A1B0, E2FD05, E0E1D8, DF6DF7, DEC1C1, DF3335, E0FF8D, E42BAA,
E87DCD, ED88DA, F2D376, F7901A, FB2F44, FD7F6B, FEC11B, FF2D7E,
FEF0CF, FE9C0A, FE9D09, FF293D, 001903, 014BAF, 02FC1F, 053D32,
07C0D2, 09CB47, 0AC0D1, 09F2AF, 06D1E5, 017641, FA9513, F37F01,
ED15BC, E7B4BA, E38ED0, E0C20F, DF84A9, DF88D8, E0929A, E29548,
E5689A, E89CB7, EB4DB8, ECE04A, ECFBB4, EB8CAC, E8D091, E5631D,
E23BD4, E034B5, DFCA59, E115A8, E3D7A8, E7A477, EBC4F0, EF580C,
F1AC45, F296E9, F25FCB, F1370D, EF70D4, ED5E0B, EB5DC0, E96AA9,
E77019, E5CEAD, E4FE32, E54252, E65790, E81024, EA932D, EDEC53,
F1FDDE, F6B03F, FBD2B8, 012AA4, 06645A, 0B1C64, 0F2B87, 12A5DC,
15CDED, 190A24, 1C838F, 1FF778, 22F9C2, 25155C, 263726, 269027,
261D85, 24C96B, 226D63, 1F5B81, 1C6DE5, 1A62AA, 19A6E0, 1A055D,
1B3173, 1CF100, 1F1E81, 21A8C3, 246EBF, 274B61, 29DBF5, 2BC30C,
2CD1BD, 2D304C, 2D5FF0, 2D8301, 2DC022, 2E0179, 2DF600, 2D5DCD,
2C06FC, 2A2A10, 27E11E, 250D70, 21CF4B, 1E6ECE, 1B69C1, 18FFC2,
174288, 163D01, 15D8AB, 15DE29, 15BD6B, 14EF94, 132EFD, 108C61,
0D797F, 0A8607, 087281, 07C480, 088822, 0A5774, 0C8F00, 0EB491,
104FCE, 1125C5, 10F9FB, 0FCAE0, 0DF803, 0BE75B, 0A112B, 08970A,
078DE9, 06D5B2, 0621EB, 0529A1, 040567, 02E9D1, 01EACF, 00EA5F,
FFF593, FF623B, FF3E24, FF5705, FF518A, FEE105, FD95A8, FB426E,
F83C47, F5564A, F33690, F1F1BC, F1441F, F0E5DB, F0D362, F10CB1,
F1937B, F24DAE, F32066, F41894, F536FE, F6801A, F7F618, F98921,
FAEF88, FBC902, FBDB4C, FB29DC, F9F1B8, F820CC, F5AC30, F2C8F3,
EFCC22, ED1D9A, EAD6B4, E95551, E91933, EA7A56, ED7BEE, F1855E,
F61549, FA8EE4, FE6402, 0147D6, 03536B, 04D7BE, 05F9F2, 069220,
06625D, 05A28E, 04EE32, 051778, 06AADD, 097F7C, 0D1B53, 107D73,
12C19E, 1318B9, 1144B9, 0DB4C8, 08D115, 0302B4, FCBF60, F68210,
F0BE8D, EBB8EB, E7A97C, E51941, E43928, E4EA41, E6D650, E9A464,
ECB895, EF3034, F03954, EF6B90, ED18EC, E9C08C, E63065, E3390C,
E172C4, E15C35, E2C5E7, E53419, E81FB8, EB1DF3, EDE0A1, EFD5C9,
F0AA43, F05FE5, EF5868, EDF454, EC237E, E9FC09, E7AE54, E570FC,
E384E2, E2176C, E157F5, E16836, E23FEF, E3DEC8, E6854E, EA47A6,
EED49D, F37FF8, F7E984, FC2789, 004C56, 044693, 07FEB4, 0B9B55,
0F4ACF, 130132, 16A09E, 19E256, 1C73CA, 1DF976, 1E2D3F, 1D2EE9,
1B4A1A, 18EC70, 16960D, 147D29, 12A3E3, 112371, 104800, 106914,
11B555, 13F48C, 16AE89, 195F33, 1BA428, 1D6D18, 1ED377, 1FE5F2,
20C520, 21A05B, 2293AE, 2381A1, 2423DA, 246719, 243BA1, 2372F3,
21D706, 1F4ED0, 1C151B, 186BE0, 148F98, 1121BF, 0ECE38, 0DD321,
0DDFBE, 0E3022, 0E2B88, 0D5859, 0B6CB6, 08897B, 053DE7, 02203F,
FFAE02, FE2EDF, FDD194, FEBC34, 008BEB, 02CF41, 04D275, 0636CC,
06C9CB, 068B2A, 05BFC1, 0498B1, 035A85, 022081, 0102F8, 003138,
FFA11A, FF1530, FE222B, FC9263, FAC277, F951EE, F8A6EA, F8BA3B,
F93F1D, F9CF1C, F9FB13, F9756D, F8414D, F69959, F4A9F2, F28E25,
F05B95, EE864D, ED4EF2, ECABF9, EC51CA, EC0422, EBEA8E, EBF584,
EC3396, ECC080, EDC36F, EF5BE6, F11C48, F2D971, F46F95, F5D197,
F701CA, F7B7E8, F7E0E2, F76243, F62576, F413C4, F11C66, ED90C3,
EA23E8, E7AA87, E68E4E, E6E25B, E88B74, EB2C44, EE4FE9, F1B39F,
F56B8E, F95E74, FD20B4, 003487, 02456B, 03408D, 03325C, 02707F,
01BE67, 01F36C, 0386E5, 066C08, 0A1E98, 0DDF4D, 10FE06, 12E18D,
134A4B, 122B3D, 0FA55D, 0BE250, 070F74, 0154F8, FB0DFE, F4DE06,
EF4BD7, EACF31, E7D583, E6C8E1, E7A895, E9F5BB, ECF84B, EFCCEB,
F19C46, F1DFBF, F07AB0, EDDCF8, EAC23F, E7C1D4, E568FD, E4251B,
E41418, E52FED, E712CA, E97DB4, EC3EB2, EEF2AA, F12010, F24071,
F24F8D, F1A87E, F098D5, EF4538, ED982A, EB7643, E8FBCA, E666DE,
E429E8, E2BC7C, E25AF3, E30FD3, E49726, E6BF7D, E9974D, ED13D1,
F11824, F54901, F941AD, FCDED9, 004B91, 03DF85, 07F5BD, 0C95B6,
115C0F, 15A710, 18EFC1, 1B3E86, 1CC146, 1D760F, 1D3320, 1C0D77,
1A2DB9, 17C5CC, 150EDA, 12745F, 1097E3, 0FC042, 0FF481, 1108ED,
12BE4C, 14D96A, 16DD80, 18AA8B, 1A4252, 1BA399, 1CD71B, 1DDFA0,
1EF47C, 20392B, 219FF2, 22FC22, 241735, 24B89A, 24786A, 22F076,
1FFD48, 1C0C9E, 17F2B4, 1471E2, 11DC4A, 1045DB, 0FB138, 0FC178,
0FD3FE, 0F4326, 0DCBF4, 0B5CC0, 081A5A, 0475B1, 01474E, FF32C8,
FE3ED4, FE3798, FEE529, 003E01, 0214EB, 03D7AE, 04EE37, 052AC4,
049C12, 03A90E, 02A259, 01E0FC, 018BBE, 014E8E, 00C3CB, FFB136,
FE40B3, FC9A36, FB0AF0, F9CCAF, F9274C, F920BA, F9816F, FA034E,
FA59CA, FA5A88, F9CBFC, F8981D, F6DE44, F4E2F9, F2F6D4, F12575,
EF8F69, EE5BC4, ED7D21, ECFD7C, EC9B4F, EC508D, EC4BA9, EC8B1F,
ED3B83, EE43CB, EFA381, F12D15, F29754, F410FD, F5D9E7, F7F0E3,
F9D9C6, FACD3C, FA656D, F8AA3C, F60395, F2F340, EFE8B8, ED56EE,
EB747C, EA685E, EA1F6A, EAA307, EC36F8, EEF4BC, F2C3F2, F72DA9,
FBA41A, FFA8F3, 029E36, 04293C, 0477B1, 0411FD, 03C4A6, 0408D9,
054311, 07A092, 0AEEFE, 0EB9C3, 126637, 1592BD, 17D68A, 1902D7,
18EA3D, 178E02, 14D913, 10BF04, 0B48B9, 04DDCC, FE3BBA, F848AC,
F3DB9B, F15566, F0D507, F202B2, F45FB0, F6FCFB, F8F6DA, F9E1EE,
F9844F, F8180E, F5EB82, F366A6, F0FD4E, EEF12D, EDA81E, ED6401,
EE5824, F041B5, F29FAE, F50F74, F73876, F90DD3, FA6A64, FB4311,
FBABF0, FB72D1, FA81E2, F8C24C, F66CBF, F3EE4D, F17954, EF37AD,
ED65F6, EC59BE, EC686A, ED8BC5, EF86BB, F213BA, F4EF41, F7E79F,
FAE61C, FE16D8, 019E90, 059AF9, 09E5EA, 0E688C, 1302D3, 1771C7,
1B8F98, 1F2ABA, 2225DA, 245F68, 25B059, 25E1DC, 24D30A, 22C82C,
20245C, 1D65A1, 1AF829, 1939C2, 1872D7, 1878B2, 190D36, 1A1C6F,
1B96A7, 1D52FE, 1EF392, 2022B6, 20E7B3, 217420, 221DF3, 235096,
2529AA, 277244, 299A64, 2B0AE1, 2B8767, 2AE0C0, 28F50F, 25C1A1,
21B337, 1DA67D, 1A6A63, 18784C, 17AEB2, 1783CE, 17705B, 16E97F,
1589B8, 133A92, 1029C3, 0C9FA9, 08FB9F, 058FCA, 0306CB, 01CACE,
01BDEF, 028E74, 03B15C, 04C375, 0578CE, 05AC5C, 058AED, 056297,
054E2B, 052F27, 04CBB2, 0432E8, 036F0E, 024338, 00A19B, FE9D24,
FC979F, FB0043, F9DD97, F95697, F953DF, F99952, F9E628, F9E767,
F97BFE, F8A38D, F74994, F57C7F, F36F56, F164E5, EFA3BA, EDF085,
EC3988, EA96B1, E95A29, E8B7AA, E889BA, E89AF3, E8B826, E8DCBB,
E900A7, E949F7, EA1AC6, EBA8D2, EDEDFE, F06830, F28AF8, F3DC2C,
F407FD, F31F55, F17214, EF678D, ED1CFA, EA8CA1, E7CACE, E4FE30,
E2A2AA, E145BD, E15274, E2E5D3, E5D132, E99BF5, EDB7DB, F18448,
F481BD, F6A323, F7C946, F81183, F7F74F, F80908, F8DDB4, FA8735,
FCE1DE, FFCE8C, 03160C, 068483, 09CF3F, 0CB29D, 0ED871, 0FD7ED,
0F4572, 0CDECC, 089B48, 02BE78, FBFAC1, F5504F, EFC569, EBF844,
E9EA7A, E9558B, E9E342, EB40E2, ED0992, EEA3A5, EF7DAC, EF390C,
EDD4F0, EBA312, E939D1, E72D18, E5BC21, E4E593, E498B0, E4DBA4,
E5C422, E76FEF, E9B41C, EC361A, EE7E37, F036D0, F16B8E, F224A1,
F26B26, F206B0, F0A0F6, EE64AA, EBAA66, E8FD4B, E6D866, E57A5B,
E4FAC8, E532D6, E5DCBE, E6EB6E, E8819C, EAAB04, ED4CF5, F042A5,
F387D0, F724CA, FB058F, FF0238, 03231C, 078B37, 0C2F42, 10CC50,
152B0D, 1929E0, 1C570B, 1E3AF6, 1EC770, 1E43AB, 1D1354, 1B3257,
18CDA7, 166104, 148C2B, 13B979, 13DAD3, 14BCDB, 161035, 177C87,
18BC46, 19AAFA, 1A5B8A, 1B0D55, 1BE9E4, 1D2524, 1EFB7F, 219709,
24B3EE, 27A1CA, 299FB4, 2A3A29, 2968E9, 273284, 241764, 20D9CB,
1E25C0, 1C24F4, 1ABD87, 19F6BC, 19CD85, 19CB86, 1934C0, 1791AC,
14F50C, 11B395, 0E015D, 0A7511, 07974C, 05EC08, 055376, 055A06,
05A25B, 05E937, 062749, 064CA7, 067EFD, 06EB38, 0784B0, 07ED91,
07F608, 07A5FE, 070EFC, 06260D, 04CC23, 030E59, 011CC8, FF393C,
FDB863, FCD052, FC9915, FCF767, FD5B89, FD6322, FD0270, FC704B,
FBE068, FB01AB, F99FA2, F7D853, F5C8BB, F394C4, F15EED, EF87E5,
EE55AC, EDAB37, ED2D97, ECA3D6, EBE8F9, EB008C, EA368F, EA1988,
EB0A92, ECCB0D, EEECAE, F10E0A, F2FEA9, F4A562, F5E91E, F6A77E,
F6D87B, F63BEE, F4B141, F24BF4, EF3D57, EC0D79, E8F7DF, E653F9,
E4A99E, E46223, E5DC78, E8BF91, EC6339, F003A4, F32C43, F59EE8,
F740C6, F8578B, F8F596, F975DE, FA0BB1, FAF456, FC8786, FEC9CC,
019A31, 04C839, 08549F, 0C36B0, 0FF34E, 12D712, 1431D3, 13AD91,
112E50, 0CD469, 07347A, 00F88A, FAED3E, F59D6C, F17D74, EEF7A4,
EE170B, EE97B7, EFCDE6, F11557, F1EDA8, F21503, F185CF, F04832,
EE8FA1, EC83FA, EA5656, E86488, E6FD84, E65CCD, E67E83, E747AA,
E8A031, EA55BE, EC62AE, EE8A5B, F08726, F23481, F34CD6, F38EB1,
F2DCC5, F14DF5, EF3A52, ECFB4D, EABAEF, E8BC0C, E7559D, E69688,
E63B37, E62304, E66808, E7507C, E8EED6, EB1AF9, ED9FCC, F047E0,
F32AC9, F67CF7, FA7D5B, FF1D13, 0411BF, 092029, 0E1EE2, 12E04E,
173551, 1ADC18, 1D6B80, 1E873C, 1E2B7F, 1CB528, 1AA91E, 188708,
16A967, 156AC0, 14E95D, 150F06, 15D8DF, 17064C, 18399A, 190B17,
194108, 193DAB, 1988E6, 1AAB75, 1CD1BE, 1FC305, 232F07, 268A7D,
296C39, 2B5724, 2BECA5, 2B33CD, 294B3C, 26C81F, 242BCC, 21E1EF,
2051B9, 1F8BC4, 1F7302, 1F984C, 1F5CB8, 1E44AD, 1C2347, 19337B,
15F34E, 12F86D, 1086E2, 0EA596, 0D4323, 0C59C2, 0BC52E, 0B6851,
0B4473, 0B67E0, 0BC093, 0C1D54, 0C80B6, 0D155B, 0DE1C1, 0E8A25,
0EB2A2, 0E34AC, 0D05BC, 0B5BF0, 099031, 07E00B, 067CA9, 0571E9,
04D4BF, 04A157, 049CA7, 04AEAD, 04B9B8, 04DBB9, 04E025, 048917,
03A24B, 0204D1, FFDDCA, FD86EF, FB6C64, F9DCB5, F8DABD, F801E1,
F7086C, F5C599, F45BF9, F31738, F24C2B, F1FE1C, F2254C, F2C80F,
F3DF7A, F575F9, F74EC5, F93DF6, FB1E3D, FCC92B, FE117C, FEBA25,
FE872B, FD4349, FAE0A3, F79CBF, F400BD, F09D52, EDEED6, EC670B,
EC48EE, ED994E, EFF04A, F2CC33, F5AD0F, F83F24, FA5EAD, FC08A1,
FD4F28, FE398D, FED8F5, FF45A5, FFBFDF, 0098A3, 0232B3, 04DBAF,
087D73, 0CB3A7, 10FDA5, 14DD8A, 17F8C7, 19D47F, 19D629, 17BB23,
13AD32, 0E3C1A, 083843, 02744C, FDA11E, F9E556, F73C56, F598EE,
F4FC8E, F5349F, F5B318, F60F3B, F5E608, F50F3E, F376BA, F17001,
EF5D0C, ED782F, EBB4D9, EA0CC9, E8A9DE, E7E095, E803D5, E90007,
EAA44F, ECA6CC, EEE06C, F10BAC, F2A528, F36151, F33A9C, F26375,
F10A27, EF4B68, ED5B7F, EB556F, E93478, E7216D, E57F3E, E47C71,
E403A5, E3DD39, E413F1, E4D1C6, E607B5, E7A912, E9A916, EC1835,
EF0756, F2576B, F632B5, FACD43, 001699, 05B8EC, 0B0EC8, 0F9BAE,
1348BC, 15D2ED, 170398, 16C3C1, 1540D8, 13281F, 10F5D3, 0F367F,
0E2EF7, 0DE917, 0E36F3, 0EA394, 0EE8E6, 0EE466, 0E8612, 0E0C6F,
0DC097, 0E0D45, 0F70D5, 11DABB, 150407, 18714C, 1BD504, 1EB536,
207461, 20B53A, 1F9A6D, 1DB2C5, 1B64BD, 1941F8, 17C7E6, 1717B3,
16F7FD, 16CEC1, 163179, 150FB9, 136563, 11467A, 0EC89B, 0C0431,
092F5A, 069196, 047CC5, 030D42, 0219D0, 0159B6, 00881E, FFB6E6,
FF2D80, FF33B8, FFC649, 00BF9B, 01F133, 030A15, 03BDE7, 03B330,
030A06, 0209E4, 00D8C0, FF7419, FDDBB4, FC6162, FB2699, FA3081,
F9ABF3, F9C356, FA80C8, FB66B9, FBD6CC, FB8E14, FAB1E2, F96B80,
F7DFD9, F6441D, F4CBAB, F38919, F25167, F11A46, EFF603, EED25C,
ED961F, EC39F3, EB1644, EA668D, EA40A8, EA71FB, EAEFAF, EBD9FD,
ED2D95, EEE94A, F0F380, F35649, F5C513, F7BE84, F8E609, F8DD12,
F7BBBA, F58178, F26313, EEEDAF, EBBD2A, E97068, E8375E, E81C8F,
E8F812, EAA7DF, ECED87, EF773A, F22344, F4BB56, F6EE23, F8608E,
F92026, F985A1, F9D3D6, FA4E55, FB35BD, FD0C14, FFF65C, 03D2D6,
086175, 0D4ABD, 1209ED, 15DD4A, 180F48, 185705, 16C156, 13988A,
0F57A6, 0A65C5, 055A4A, 00BE32, FD118C, FA842A, F90E07, F885E0,
F88878, F8A4DE, F88B24, F81E65, F752BA, F63353, F4C0CF, F321B2,
F16BDB, EF8615, ED839D, EBC840, EADBFB, EB022A, EC2317, EDF277,
F01C17, F24F09, F438F7, F5C66C, F6DB55, F7798D, F775C2, F691D5,
F4FDD3, F3018A, F1096B, EF3A22, ED778D, EBE726, EA95EA, E9BA17,
E95C2B, E97C09, E9F552, EA96AF, EB656A, EC825B, EE380A, F0A48F,
F3C540, F7AB32, FC5C78, 01CB88, 07964B, 0D365F, 124A3D, 16774C,
1957F5, 1A96DD, 1A4AE7, 190F16, 179536, 164C0A, 1565EC, 14FCFA,
14F3C4, 14F5A0, 14ADFE, 142878, 137BBB, 12ACD4, 11D6EC, 1152BE,
11AEA2, 13258B, 15A9FD, 19096E, 1CDFC4, 2069A4, 22DDFF, 23CE50,
2393BB, 22C0DD, 21A99D, 207200, 1F2E96, 1E2E49, 1D9A73, 1D4BA9,
1CE6D0, 1C229D, 1AE837, 191175, 16AFB4, 1400F6, 11620A, 0F1542,
0CFC50, 0B084C, 094BC0, 07BBC8, 0624FF, 048FDF, 03507E, 02CD5A,
02F9B2, 038D31, 045D9B, 0546FD, 06117D, 06854D, 06A706, 068A68,
061726, 04FDF9, 033010, 0121FF, FF5AD9, FE2C7F, FD96FF, FD8D2B,
FDF3CC, FE6DBA, FE9AA6, FE4FDA, FDB2CA, FCDF28, FBD673, FA8DAF,
F92982, F7E694, F6A3EE, F54E6D, F3D69A, F24208, F0D048, EF6E56,
EE22F5, ED0AD9, EC345F, EBA8CA, EB3E96, EB1B80, EB821A, EC9562,
EE5FF4, F0BDA4, F38A07, F6517B, F86778, F95ECB, F9363C, F81C75,
F6323E, F3A0A7, F0BAEC, EDF949, EB9F70, E9EFB7, E92ED4, E97D75,
EADB5A, ECE7DF, EF595C, F1D5E5, F431E2, F6421D, F7C482, F8AA82,
F8F395, F8E005, F8F132, F9ABE6, FB969A, FED1B9, 0305FC, 07D999,
0CDED2, 11C4BC, 15F1A7, 18A2D7, 197846, 187133, 15D2CF, 120E5D,
0DADB6, 094350, 05636C, 0233B7, FFB685, FDEFFF, FCC701, FC221C,
FBC839, FB851E, FB5029, FAFD91, FA3EC2, F8ECA2, F70DC3, F4CE69,
F27EC6, F06146, EECA79, EDFB5E, EE051B, EEE359, F07DC8, F29927,
F4D95F, F6D6C4, F85E5C, F98869, FA4213, FA86FA, FA08B3, F8D4D0,
F73A35, F56696, F39E89, F1E35D, F06064, EF35B4, EE519D, EDC36C,
ED6FE7, ED6459, ED930E, EDD4AF, EE7246, EF994B, F177D3, F4251E,
F7B71B, FC6D7E, 021623, 08440A, 0E3DA3, 138F9A, 17A13D, 1A3621,
1B55CD, 1B6BA2, 1B0BA1, 1A8C39, 1A1F4C, 19BCBB, 1989BD, 1965FC,
194851, 18DE35, 17E377, 167902, 14E067, 13A06F, 133AB0, 13F43C,
15E882, 18CEF8, 1C2105, 1F6399, 2229BA, 2415B2, 24FD60, 250EBF,
249A72, 23F309, 233DD6, 22B0A4, 22650F, 223940, 22065B, 216924,
204DA3, 1EB967, 1CB1C2, 1A8BE8, 185BE5, 164759, 143988, 1205CA,
0FA884, 0D354C, 0B0487, 09216E, 079DDD, 066E71, 059222, 051DE1,
051993, 058054, 063CBD, 073405, 081545, 0884DB, 083D71, 07318F,
05A65D, 03C9C8, 01EBB2, 004E86, FF48A5, FED999, FED670, FEF325,
FEF1B3, FEB361, FE1363, FD41AB, FC5804, FB6F42, FA611C, F92927,
F7BF40, F631C9, F487B7, F2C7FA, F129BF, EFB91E, EE7449, ED44F5,
EBFD8C, EA96A7, E92DBC, E80597, E763F2, E78541, E88DB3, EA773E,
ECEFEE, EF8D1B, F1E328, F3A486, F4A782, F4BB9E, F3EBC7, F22A62,
EFB13A, ECCF6D, E9E87D, E777D5, E5ADBF, E4A898, E47F2A, E53968,
E6C98C, E8EE33, EB481F, ED75A5, EF309A, F03C92, F092AE, F05A03,
EFEF67, EFC791, F05E4F, F2121F, F4F505, F8F5FF, FDCA0C, 031A85,
084DBC, 0CB5FB, 0FB02B, 10D38A, 10388E, 0E2D9E, 0B3E12, 07E4CA,
0462FB, 00E611, FD86AD, FA97AF, F83DD1, F6B1AB, F5CCB2, F556DA,
F51109, F4AACA, F412B3, F3265F, F1CAAD, EFFE7B, EDDFC6, EB9E72,
E98D33, E7DB5C, E6CFC0, E6A4A9, E74845, E88EF3, EA3C02, EC149D,
EDF8A5, EFB983, F12951, F23159, F2923A, F23D9D, F14539, EFD9E1,
EE49CC, ECBAAA, EB40AE, E9E81B, E8C173, E7DDF3, E7413B, E6E3BD,
E69CDD, E6625F, E61D77, E5E004, E610F7, E7375E, E9C012, EDAA27,
F2A366, F85ACF, FE6779, 044B61, 098F12, 0DBD1B, 10AEC2, 125143,
12E985, 130CF6, 132DA5, 139940, 143467, 14B9B3, 14F9D9, 14B91B,
13D71C, 1251E4, 108097, 0EE34A, 0DEE57, 0DF2E7, 0EFFD6, 111B86,
140D20, 174DF1, 1A57D7, 1CC05F, 1E6629, 1F4D40, 1F948E, 1F9469,
1FA164, 1FF65C, 2067B4, 20B720, 20C0BC, 2068C2, 1FD10B, 1EEF86,
1DD52A, 1CA8AF, 1B3C41, 19874B, 176717, 15121D, 12D9C2, 10B921,
0EA8B5, 0C9326, 0A85AF, 089F1B, 07059A, 05E136, 055DC3, 059231,
065773, 078836, 08CECC, 09CE53, 0A3C6C, 09E00A, 08DFDA, 076F31,
05D201, 044CEA, 030180, 022AE5, 01D5DF, 01CAA0, 01BEE7, 018E9D,
014234, 00FB50, 00A848, 003155, FF9D05, FEBF4A, FD9B74, FC1EE8,
FA8313, F90D8A, F7D099, F6C2D4, F5B4C6, F47B24, F2ECC3, F10FA5,
EF1BAA, ED62DE, EC26F6, EB7647, EB82C3, EC5FB8, EE209C, F08995,
F3242B, F5942B, F78443, F8CB18, F9404E, F8D35D, F7942F, F5A48B,
F331D4, F084DE, EDF16B, EBD35D, EA7426, EA01EA, EA8B43, EBF83C,
EDFC45, F02576, F21BA1, F39296, F46B7A, F485E0, F40356, F3474E,
F2C44D, F310D7, F49401, F789D2, FBDF73, 010D5B, 0674EC, 0B711C,
0F9AC2, 129A7B, 142F94, 145DFD, 134A19, 1140D8, 0E77AB, 0B29EA,
07BE73, 046994, 0166EF, FEEC1E, FD135F, FC05AA, FB76CD, FB1016,
FAA735, FA0120, F90AE8, F79313, F59801, F3546F, F0F881, EED907,
ED1407, EBEACA, EB7FBE, EBCFF8, ECB61C, EE0707, EFB394, F18B46,
F347A9, F4A15E, F57B63, F5E3D4, F5D4F0, F53135, F40D53, F29B49,
F107CA, EF8D14, EE5646, ED8444, ED00EA, EC8477, EBD46C, EADCDB,
E9BE4D, E88929, E7965F, E732F7, E7D70B, E9C9B3, ED2000, F1B77B,
F73FEB, FD49AE, 031574, 08225A, 0C07E0, 0ED4D4, 10B202, 11FB32,
131AFF, 145D8E, 15B661, 16E0D5, 179063, 178A6C, 16D459, 156503,
137752, 117363, 0FB8C7, 0ECA72, 0EE0A0, 1019CC, 125EB2, 1534EF,
1816F9, 1A7E94, 1C424D, 1D87EE, 1E7C77, 1F5211, 20171A, 20D499,
21718C, 21D6C9, 220A56, 221E67, 2210E0, 21C449, 212173, 202B32,
1EF658, 1D7C2C, 1BCB3B, 19E6F8, 17F8F4, 16060D, 1400A7, 11DF2E,
0F880E, 0D1F12, 0ADADC, 08F9ED, 07BC7A, 0735B1, 076B5E, 083533,
095218, 0A7C45, 0B441A, 0B772A, 0B020A, 0A087C, 08D25C, 077FD6,
064A3D, 054E26, 0493C9, 03F789, 0370E4, 02FBEF, 02C00D, 02B457,
02B9E9, 02B01C, 026073, 01C2CC, 00C423, FF8A2D, FE4EDB, FD2B3D,
FC2882, FB3220, FA2C56, F9015C, F78B96, F5BB7A, F3A64B, F181B5,
EF9054, EE0757, ED1A6D, ECF54D, EDBB58, EF4DC9, F16986, F3C50F,
F61508, F8181C, F99DD8, FA840A, FAAB2A, F9F137, F8409B, F5C9C7,
F2F675, F045AA, EE09D6, EC87A2, EBE3E1, EC31EA, ED59B0, EF0D64,
F104F1, F2DD16, F432AA, F4A6A4, F42590, F318A0, F206CC, F180AE,
F1EA37, F3963B, F692DC, FAA8D9, FF678C, 044C8D, 09159A, 0D4CC4,
10A2FD, 12C201, 13A30A, 1350B5, 11EFFC, 0FA1FA, 0CA6EE, 095D2C,
0610DC, 031B34, 009F09, FEDAC2, FDCFF8, FD3E33, FCC809, FC1BCC,
FB2766, F9E49D, F8502B, F66CBD, F43D2E, F1D0CE, EF4D86, ED0C40,
EB736A, EAB6E9, EAB175, EB41EF, EC43BF, EDA4A9, EF53C4, F11289,
F2B60D, F3F199, F48658, F45D23, F37F47, F24D5E, F0E764, EF991B,
EE7B9A, EDA68B, ED16C1, EC955E, EBEDE6, EAE43F, E98046, E7BA5A,
E5C25D, E4025E, E304A6, E34161, E4F5D6, E828B6, ECA718, F1FA80,
F782C8, FCABCD, 011CC9, 04C039, 07B1A1, 0A2413, 0C4972, 0E5590,
104D4B, 121344, 137F16, 144FCA, 144534, 1344E0, 115C94, 0EFBB0,
0CC835, 0B2A12, 0A7FBA, 0AD734, 0C0CF1, 0DDC41, 0FD778, 11DCBD,
13C93B, 157C0D, 16FBC2, 183609, 194F9D, 1A53FE, 1B28E9, 1BE1CB,
1C8114, 1D1EE0, 1D893B, 1D9E7C, 1D51FB, 1C9B4D, 1BA01E, 1A62B9,
18FD24, 178C2A, 161F93, 148A24, 12C4AE, 10B602, 0E65EF, 0BE746,
0943CC, 06CF3B, 04CF0B, 038407, 030DC2, 035081, 042791, 052C95,
05F9EA, 064B47, 06398D, 05D90B, 05442B, 047E31, 037420, 02530B,
01230E, 001228, FF4F85, FEDFA7, FECCAB, FEE18C, FEFF79, FEFB85,
FEB8D7, FE383C, FD77B4, FC9CF9, FBB65A, FAD843, FA0BDE, F9427B,
F87B87, F7996A, F67087, F4E6CC, F2F576, F0C207, EE81F1, EC7C35,
EAEED9, E9F830, E9B4E9, EA2679, EB519E, ED2392, EF5617, F1B900,
F3F340, F5CB5E, F70857, F7689B, F6F193, F59331, F375D0, F0E575,
EE2EF2, EBD9F1, EA4B3D, E9B5FC, EA31CA, EB8BB9, ED7643, EF7E00,
F11579, F1E45B, F1D005, F1015C, EFD55A, EED213, EE6A4D, EEE96F,
F07A22, F31BEF, F6C931, FB33C1, FFF994, 04C783, 0920B5, 0CC661,
0F867E, 11374A, 11C595, 111B15, 0F496F, 0CBA61, 09C468, 06DACD,
0443A2, 0216F1, 00767D, FF3D0F, FE6F6D, FDD014, FD39EF, FC68F1,
FB477D, F9B482, F7BD5A, F57959, F30EA4, F0C3AB, EEAEFB, ED12CC,
EBF411, EB7F4E, EBB0E4, EC8E55, EDF843, EFB889, F19720, F34852,
F48777, F519D4, F50282, F465CE, F382E8, F29395, F1B3C7, F10C6B,
F0A3DF, F05AEE, F01114, EF7835, EE455C, EC6476, E9DFC5, E729BE,
E4E952, E3AB7C, E3E797, E591CD, E89433, ECA492, F15672, F648DA,
FB03E1, FF369D, 02C576, 05C4D8, 088017, 0B55D6, 0E4FC6, 1146A8,
13D6B4, 159AB6, 16551D, 15F065, 14A45E, 12D34D, 10E227, 0F2C19,
0DFA62, 0D77E0, 0DA435, 0E66EF, 0FA3C7, 113FD2, 12F92C, 14B7EF,
16502A, 17AE73, 18EF7A, 1A0948, 1B1F9E, 1C37DA, 1D5055, 1E6B7E,
1F487D, 1FD8C2, 1FF57B, 1FB8F3, 1F344B, 1E7001, 1D91A8, 1C950B,
1B925F, 1A6EB0, 191939, 17748C, 155D0F, 12C6AA, 0FEF22, 0D264F,
0ABBB9, 08E988, 07BC38, 073E9A, 07470C, 079317, 0808C3, 088A14,
08FAEE, 094D9F, 09467E, 08E22F, 081E20, 070423, 05C3D7, 048DB0,
039B24, 030A0C, 02CF0E, 02B15E, 02B366, 02A8AF, 0290A3, 023C9C,
01A6A1, 00F49A, 002EA2, FF6A10, FEBA96, FE38C0, FDC0EE, FD2D99,
FC3B1D, FAE3A6, F94077, F75CE1, F54D78, F3315D, F12C86, EF7F5C,
EE4F53, EDB75E, EDE38B, EEC806, F058CC, F25992, F49788, F6E259,
F8E8CA, FA5F20, FB1400, FADB6F, F9A6C9, F782DE, F4C2C6, F2082C,
EFCC90, EE7EE0, EE2D92, EED1A0, F015AD, F19C59, F31279, F4267D,
F49FBE, F45A6D, F37AB4, F24297, F13E8C, F0C550, F11B4A, F2624A,
F48106, F7965C, FB7F4F, FFFE98, 04D5F7, 098371, 0DA228, 10C6A5,
12BF15, 139AEE, 13684C, 124B46, 106040, 0DE98D, 0B468C, 08C6B2,
06BB81, 053305, 04189D, 034902, 028515, 01B8A8, 00BF54, FF7D48,
FDF722, FC1536, F9E234, F77F32, F50BC9, F2BBA3, F0B927, EF37D7,
EE6EF7, EE6D1F, EF1AAC, F05F0E, F1F574, F3A1E6, F52A9B, F64BC1,
F6DC70, F6D218, F63694, F547C1, F46613, F3D436, F3BE35, F3EAE7,
F4010B, F3AB7E, F2A775, F0DDA9, EE54F1, EB5DC6, E86AC2, E5EDD5,
E46AC7, E43765, E57E25, E82B23, EBB624, EFB4F8, F3BD29, F77D46,
FAF111, FE2E13, 017723, 050221, 08B9A8, 0C5FF0, 0FAFCD, 124F12,
14066C, 14ABEB, 145F86, 134E4A, 11CFE3, 102AE9, 0E8C79, 0D4B81,
0C92BB, 0C8D80, 0D25DB, 0E36C5, 0FA0B5, 111D62, 127FEA, 13B1F1,
14D068, 15F497, 171A4D, 18460C, 1987AB, 1AE579, 1C2E74, 1D3D99,
1DD1C8, 1DEFF0, 1DAF85, 1D2E53, 1CB247, 1C432F, 1BE105, 1B5C53,
1A733F, 19112F, 172359, 14D57A, 12344E, 0F770B, 0CE27D, 0A9977,
08C1A2, 074F55, 06578A, 05E3D1, 05D60D, 061BE4, 06878B, 06FEF7,
074617, 0735E3, 06C4A7, 05F19B, 04EC51, 03D1AD, 02C15C, 01EA54,
015DFE, 011CB5, 010AA4, 00F715, 00C245, 006EDA, FFDD9C, FF3904,
FE8E7C, FDFA74, FD8F03, FD2237, FCC332, FC55A7, FBADDA, FAB955,
F966A8, F7C0FE, F5E181, F3CF1E, F19569, EF6A7A, ED8665, EC19A7,
EB4EE3, EB24A6, EBA693, ECDB62, EEA95B, F0EEC9, F35F0C, F5B8BF,
F77F3E, F85016, F80149, F6A2DD, F48069, F1F586, EF8266, ED94EA,
EC84A8, EC53DC, ECEA65, EE0E49, EF5CDA, F07AB2, F11C6D, F12610,
F0B135, EFDC3E, EED1CF, EDD5BD, ED259F, ED0F97, EDDC37, EFA4DA,
F284DD, F64B5B, FAB399, FF6BD3, 040613, 08410C, 0BC70E, 0E4EE3,
0FC3B9, 10289B, 0F92B4, 0E2610, 0C2992, 09FA7A, 07F63E, 064411,
04EAE2, 03D216, 02DC2C, 01F772, 010228, 000865, FEF32E, FD9F79,
FBE1DC, F9A49E, F717B3, F476F0, F1FCB7, EFD79B, EE2EDF, ED3038,
ECF2AF, ED7FE5, EEC042, F07B11, F2542E, F3C4BA, F49A2B, F4C0F8,
F466CF, F3D9C3, F34962, F307AC, F31C80, F36E47, F3D7C9, F4094D,
F3C41B, F2B74E, F0AD5F, EDD930, EA9138, E76A53, E4F1F1, E38B06,
E3750F, E49203, E6A6D1, E94857, EC37F4, EF41CD, F26B37, F5B16B,
F92767, FCF43E, 00FF9F, 051D0D, 090502, 0C777D, 0F49DB, 114E90,
1250B2, 126FDD, 11C0F6, 10867E, 0F0EFD, 0D984F, 0C7B25, 0BD89D,
0BB8DF, 0C1B43, 0CE3B5, 0DEA05, 0F0F0F, 10251E, 111C60, 121C64,
132D1B, 147B63, 160775, 17A2AC, 193AF0, 1A84CC, 1B62DA, 1BD6AB,
1BF840, 1BF7E5, 1BF75C, 1C0913, 1C182C, 1BFC5D, 1B82A8, 1A933C,
192BED, 175392, 152894, 12B870, 102B83, 0D94DA, 0B2A3C, 0911F0,
07731F, 066B33, 05E478, 05CAF6, 05FB25, 0650DE, 06B034, 06EC9E,
06D49E, 065E19, 05A0BB, 04A1EB, 03ACAA, 02CBFE, 02314D, 01D4DD,
01968C, 0171D5, 01253C, 00CF5D, 0041F9, FFAE9D, FF1BC0, FE9D0A,
FE411C, FDF590, FDBD9F, FD7DFE, FD319B, FCAF52, FBD4A5, FA9EC9,
F90576, F736E6, F52DD3, F318FD, F10481, EF102B, ED5DDF, EC10FA,
EB74D4, EBAE8A, ECC5FD, EE910E, F0DFAD, F35877, F5A83A, F76F61,
F850D7, F81DD5, F6D529, F4D00E, F28B92, F08DB3, EF2C29, EE77B7,
EE6DF7, EEE5E8, EFC7CC, F0C5CD, F1B691, F2429F, F252A4, F1E086,
F0EA7C, EFBDEB, EE8D13, EDB53B, ED7CF7, EE06DD, EF7560, F1E654,
F54569, F95C29, FDFE73, 02B362, 07371F, 0B229C, 0E0D63, 0FFF67,
10D7C4, 10CCA7, 100598, 0EB2C1, 0D1BA1, 0B6B58, 09CC8F, 08595D,
072C39, 06466B, 058129, 04BCEB, 03D9D2, 02CB8C, 01828E, FFE01A,
FDDC9C, FB7798, F8CB4D, F60EE5, F38CB2, F1947B, F0738A, F03693,
F0C550, F1F180, F356E2, F4C149, F5CEBC, F660E9, F67157, F62723,
F5D5B9, F5B411, F5F78E, F6A24E, F788B5, F85EBD, F8C163, F85EA7,
F70D69, F4B1FA, F1B4C2, EE832B, EBB5EA, E9AB9D, E88372, E84988,
E8CB54, E9F820, EB92FE, ED9F4B, F0087D, F2CB87, F5EF05, F96894,
FD45C4, 0177CC, 05D84C, 0A219B, 0DF8DC, 112E0A, 138B12, 14F6A1,
158039, 1521D3, 143611, 12F7BC, 11B5C9, 10BDB8, 103395, 102464,
1066A1, 10E0C9, 116D22, 120739, 12B1A3, 137C31, 14753B, 15B2BD,
172D5D, 18C21E, 1A45BF, 1B92B0, 1C9F73, 1D67B8, 1E01C5, 1E8B2C,
1F0D1C, 1F8E26, 1FF42E, 202AB8, 202200, 1FC1C6, 1EFFF0, 1DC011,
1C0634, 19ECE2, 177943, 14D8CD, 122AF0, 0F90F2, 0D4B30, 0B8163,
0A4A8C, 09A7AC, 0974D4, 09877D, 09B52E, 09E324, 09F028, 09B2C0,
09250D, 085521, 076DD2, 06A5E7, 05F6FC, 05752D, 0508ED, 04A558,
043B97, 03B36D, 032547, 028651, 01E9A7, 014EBA, 00D7B2, 008768,
006187, 005531, 0027DF, FFCD51, FF2E0F, FE4288, FD1FF0, FBB582,
FA0FF9, F8318B, F60ACD, F3C5EA, F17407, EF4BB9, ED8E1D, EC726E,
EC4575, ED25B1, EEEBBF, F1468C, F3C6DC, F5F7E8, F789B8, F81F88,
F7BF53, F68BC0, F4DA60, F305A5, F15573, F0168F, EF638C, EF4C57,
EFB195, F05F40, F1297A, F1DF93, F236D4, F20F05, F16437, F0424A,
EEF0D8, EDA360, EC8B86, EBEF97, EBF280, ECCB48, EEA7FB, F194EC,
F57A63, F9E87F, FE7503, 02C0DA, 06840B, 09AE38, 0C04F1, 0D74A0,
0DF9ED, 0D97DE, 0C98C5, 0B2595, 09AB38, 084892, 071211, 05F847,
04EA04, 040CE0, 035437, 02A793, 01D24A, 00A844, FF0918, FCE0A1,
FA4980, F76B48, F4886E, F1EE60, EFE0A9, EE9DDD, EE4760, EEBDA5,
EFBABD, F0E3DC, F1DBD1, F275EB, F29027, F24FE0, F1EDF4, F1D0BF,
F2254D, F304ED, F43FBB, F585F4, F693AF, F6DE10, F642C0, F4AFD4,
F25B58, EFAADA, ECE93F, EA70B3, E87BB7, E73362, E68B99, E66EC3,
E6CE10, E78EA2, E8CCB2, EA8696, ECCA5B, EF9DC5, F2F11F, F6BE07,
FAFAF5, FF7467, 03F888, 082CE7, 0BAD90, 0E49CA, 0FE4E7, 109D1B,
109553, 100B3D, 0F413D, 0E73AC, 0DD3F0, 0D6EC2, 0D433C, 0D356A,
0D4026, 0D6845, 0DAF3A, 0E44AD, 0F2E3C, 106328, 11C399, 1327A5,
1481D1, 15D182, 170445, 180DB1, 18F569, 19C0EB, 1A83FC, 1B48D6,
1C0982, 1CC4A6, 1D583E, 1DA94B, 1DA377, 1D319E, 1C3AF4, 1AC0DA,
18D401, 16893A, 14082B, 116864, 0ED947, 0C96A9, 0ACD41, 099760,
08ED5B, 08AA9A, 08A7FC, 08B351, 08ACF6, 08798A, 081F5E, 07AECA,
071639, 067267, 05CE0B, 05445A, 04DF5F, 047F75, 041608, 039125,
02E5E2, 023177, 0188B5, 010469, 00B10B, 006BFD, 003EB3, 002A9F,
001E2E, 00071E, FFBED5, FF4475, FE9311, FDB13A, FC9224, FB2604,
F97388, F74C67, F4C494, F1FC5B, EF5C08, ED5966, EC46DF, EC3F91,
ED3E5C, EF0965, F13F35, F38505, F57125, F6C3DB, F74A1B, F6FB3C,
F5F4E5, F4934A, F30BA0, F1A9C2, F097A1, EFFD36, EFF2CB, F0499D,
F0E1A3, F1705F, F1ED4F, F2308E, F209CF, F17A12, F07647, EF26D0,
EDA5F4, EC2F26, EB31E3, EAEDC0, EB9ACE, ED3C35, EFBFF5, F31A97,
F718CD, FB625D, FFA81D, 0392C0, 06E712, 097C09, 0B3B1C, 0C2DED,
0C62C4, 0BF6FD, 0B10A8, 09E49B, 08A7A0, 078AC2, 068F11, 05BEE1,
051B1A, 0497EA, 0427F9, 0381E8, 026F10, 00D5C9, FEA006, FBE2E5,
F8C791, F5B195, F30D7D, F1192E, EFF9AA, EFADC5, F00700, F0C604,
F18A35, F1F6AE, F1F5C7, F19E35, F137B0, F11813, F16D83, F24A52,
F38DC2, F4F93A, F65009, F738BB, F76FF7, F6D1C6, F55C27, F352D8,
F0FDE5, EEA3B3, EC7ADD, EA9DE4, E92879, E822EE, E7858B, E74959,
E77CF5, E81DAB, E9395E, EAEEE0, ED3924, F043CE, F3F687, F8345D,
FCCC6E, 016C65, 05CBE4, 097FB8, 0C4863, 0E23FB, 0F3190, 0F9C73,
0F9AE4, 0F6912, 0F08D8, 0EA36D, 0E29C7, 0DB5E6, 0D6A13, 0D32C4,
0D3784, 0D78BA, 0E0C48, 0F000A, 101BF4, 115CDC, 12A3A8, 13DDFD,
1513EF, 162D1A, 1731E1, 18238A, 19061D, 19EF98, 1ADF79, 1BDFC4,
1CE0FD, 1DBCF0, 1E5A92, 1E97CE, 1E698F, 1DBEFF, 1C8E85, 1AD709,
18A7BB, 16238B, 137EBE, 1101C4, 0EE4E7, 0D4719, 0C1717, 0B4E63,
0ADD6D, 0A9E56, 0A7965, 0A3643, 09DC28, 097A58, 090692, 08982A,
082816, 07CEBE, 07853D, 0731BB, 06CCC8, 06546E, 05DA30, 054B51,
04B9D2, 042F0C, 03BE58, 03836F, 0359CE, 034DA0, 033AEE, 031754,
02E904, 02A614, 0270E4, 023A31, 01D3EA, 012116, FFF292, FE3890,
FBEF80, F9255F, F62A64, F372E3, F1715D, F060B0, F05117, F123BF,
F2A57F, F49522, F69390, F854D7, F99574, FA1F8D, F9E76C, F90F83,
F7E55C, F6AD42, F59DDA, F4CE22, F45741, F446A8, F48D2A, F5210A,
F5D997, F67BD9, F6C47E, F68706, F5C5E8, F490E3, F32318, F18866,
F000E2, EEC628, EE1A5A, EE5125, EF7D15, F1AA38, F4B100, F867C9,
FC680C, 00790D, 045A0A, 07C563, 0AA922, 0CC596, 0E1D02, 0EC13F,
0EBC0A, 0E4791, 0D7A17, 0C89E7, 0B94DA, 0AC69A, 0A3881, 09E06D,
09A8AA, 095428, 08B882, 07A8AD, 05F253, 038DAE, 00928E, FD5A5D,
FA4D37, F7C505, F601C9, F501EA, F4A38B, F4B3CE, F4E19F, F4F910,
F4CB2D, F44F04, F3BA83, F34E78, F3580C, F3E668, F4F893, F64E63,
F7BC75, F8EEC6, F9B0A6, F9D678, F94521, F810A6, F644A6, F435CE,
F20B42, F0045E, EE3775, ECA82A, EB5124, EA2E06, E9587C, E8D21E,
E8AD91, E90D27, EA0805, EBCD3B, EE743A, F1EDC1, F6161A, FA9F85,
FF1F1E, 033FF0, 06C755, 09931D, 0BA625, 0D14A2, 0DF390, 0E6A82,
0E8B83, 0E5EDC, 0E0879, 0D82F7, 0CF33C, 0C678E, 0C0237, 0BDE29,
0BFC53, 0C6E6B, 0D2046, 0E0659, 0F0C90, 101DBF, 112CBB, 12329F,
132380, 140E30, 14F3A5, 15DC2E, 16C2FC, 17B7EF, 18CBE4, 19F314,
1B1665, 1BFE8E, 1C9EAA, 1CB255, 1C3817, 1B161D, 195670, 17287E,
14A1C3, 12111A, 0FA40A, 0D929E, 0BFBD7, 0AC495, 09EA91, 09392B,
08A152, 0815AF, 078484, 07072F, 06886D, 061172, 05A11D, 053D70,
04FE88, 04BD58, 04779A, 04035D, 036947, 02C66D, 0222E5, 019583,
0126B3, 00D037, 008A76, 003D67, FFDED6, FF8830, FF4909, FF31A7,
FF44B6, FF70D5, FF9F77, FF9B3D, FF1929, FDFBA7, FC259B, F9A59C,
F6BDBA, F3BB4A, F10EE6, EF0075, EDD5DF, ED98E2, EE47F3, EFA8FD,
F167C2, F3293A, F49DB2, F59E9C, F60C0D, F5F329, F55B8C, F468D5,
F35BAF, F26263, F1AB14, F15EB1, F16B54, F1D8ED, F282DE, F33BFD,
F3E6CF, F43CD1, F425D5, F380C6, F25897, F0CD17, EF1057, ED5837,
EBEEED, EB0AFD, EAE644, EBBFA3, ED953B, F05872, F3BF7D, F7746A,
FB5143, FF10D1, 02A55E, 05D1B0, 086780, 0A40B9, 0B4F6D, 0BAB75,
0B79A4, 0AF5EC, 0A433E, 09A2BC, 093220, 090C1F, 092A2D, 0962C0,
09706D, 090DD4, 07FCB6, 061B5E, 038BFF, 008B61, FD7EBA, FABEC4,
F88690, F70B5D, F628AB, F5CC42, F59427, F54960, F4C63F, F40A69,
F351F6, F2B715, F27D5D, F2BA9D, F37EDE, F4B939, F62F49, F7AD98,
F8F05B, F9CA5C, FA0BFD, F9A3F9, F8B5ED, F7468A, F58F90, F3C923,
F20195, F06C9C, EEEADB, ED6F19, EC0298, EAA91C, E97E9C, E8B8D8,
E87D47, E90BFC, EA92BE, ED015D, F049AF, F4259E, F8548F, FC883E,
0087C1, 041543, 07300E, 09C985, 0BC4C4, 0D3BEA, 0E2CBE, 0EB7CA,
0EF172, 0EC81A, 0E5A95, 0DC7E3, 0D2BA4, 0CAD73, 0C6988, 0C78C1,
0CD2FD, 0D66A3, 0E1800, 0EE101, 0FCAED, 10BA19, 11AA77, 128EA0,
1368A0, 142E7C, 14F5F0, 15D294, 16E4B8, 183789, 19A187, 1B057E,
1C311D, 1D0701, 1D5D6D, 1D07B9, 1C024F, 1A5BA2, 184417, 15E354,
137E6B, 114271, 0F57B6, 0DCA16, 0C86EE, 0B8C99, 0AAACF, 09E8C9,
091183, 085015, 07A26D, 0721F6, 06BFEB, 0669AE, 062D3A, 05DE9A,
058534, 050209, 0464E5, 03C901, 033900, 02BF4F, 025AF7, 021000,
01B3DB, 012E67, 00899D, FFDF98, FF6E17, FF4C40, FF7E1C, FFF448,
008015, 00E9FC, 010B83, 00A89D, FFA12F, FDD55A, FB4296, F82F2F,
F50180, F241EB, F03E5E, EF15AB, EED1EE, EF49C5, F0600E, F1D123,
F354B7, F4BA07, F5B61C, F62504, F60BB3, F58397, F4C0C1, F3E1D0,
F308B2, F26A4F, F221EF, F24D5E, F2C5E5, F37F19, F44689, F4EF07,
F55B25, F54F2D, F4C7D1, F3AD9B, F22132, F03D73, EE6028, ECCA7E,
EBC459, EB78C1, EBF630, ED579C, EF89D8, F26505, F5B999, F960BD,
FD2406, 00D5CD, 043C94, 07114B, 094162, 0AA3F9, 0B3B93, 0B39A6,
0ADA5E, 0A7A42, 0A43AD, 0A4A6A, 0A9BB6, 0B26C0, 0BB540, 0BFAF7,
0B9A4E, 0A6B8F, 087A69, 05E971, 03176C, 006559, FE126D, FC4DAE,
FB0825, FA1F0A, F97953, F8D548, F80D50, F72065, F6191C, F53B7E,
F4A0D6, F470A3, F4CAA0, F59A7E, F6DF5D, F85123, F9CA9B, FB1A4C,
FC0E04, FC8750, FC62E9, FBBCE1, FAB9C8, F97EDD, F83120, F6CE52,
F566E3, F3E668, F22916, F046B5, EE5ED8, ECB1D8, EB768C, EADDCA,
EB1942, EC3E7F, EE515F, F12C39, F4A4F3, F88BA4, FC942E, 007DB3,
0421CC, 076121, 0A30DB, 0C8FAD, 0E69A5, 0FC77D, 10AF0B, 111E1C,
112C13, 10E0AA, 1069F3, 0FF5DD, 0F88C3, 0F44E7, 0F2B3D, 0F56C6,
0FC6EF, 105FA7, 112517, 11F7FF, 12D30E, 13A5D6, 145974, 150314,
15A60B, 1657A2, 17347E, 18575F, 19C5FB, 1B6962, 1D093F, 1E6E9A,
1F7642, 1FF235, 1FCFFA, 1EFC28, 1D8D4A, 1BAD75, 19833D, 175393,
15405A, 1371B3, 11EA05, 108514, 0F405B, 0E07C1, 0CE213, 0BD373,
0AE65D, 0A2BF6, 09A616, 094D54, 090117, 089F58, 081747, 0771A0,
06C286, 062786, 05B9DE, 056BEA, 05274B, 04B644, 041B5D, 0361BD,
028806, 01B3AD, 00EFA2, 007300, 005672, 009D76, 014B55, 02116B,
02CE2E, 0310B1, 02A8B3, 018621, FF8E11, FCF2A7, F9E800, F6C779,
F403E4, F1E0D0, F088E5, F000F6, F02A26, F0DE56, F1F772, F32ED6,
F4591B, F5361F, F597E9, F57B45, F4E8B3, F41B0E, F3422E, F277D3,
F1DCC3, F18789, F185CF, F1EDA4, F29E6E, F37644, F44437, F4B6D3,
F4A42A, F3F8F7, F2C569, F13019, EF5A90, ED76F4, EBBB81, EA6D08,
E9BB51, E9BF90, EA9194, EC2178, EE6D97, F15D51, F4BD5A, F86D49,
FC1A54, FF7F52, 025EA1, 048784, 05EE67, 06966F, 06B90B, 069A1F,
068D2E, 06C90C, 0750FE, 0821E3, 08FB0A, 09A39F, 09D02F, 0938C9,
07E2A2, 05D6D5, 036E22, 00EAEF, FE832E, FC8077, FADD59, F99559,
F8854C, F78847, F6868B, F56488, F42AD9, F2EBB5, F1D908, F11B5C,
F0C2E1, F0EF9B, F1A4E6, F2CA1C, F43466, F5A3EC, F6DE1D, F7B7AF,
F81430, F8026D, F79795, F70023, F646CE, F56BF5, F4653F, F31469,
F1836B, EFA3D5, ED8D91, EB6D01, E96E4D, E7D0BF, E6C6AD, E68654,
E732A4, E8D0F4, EB41B9, EE51AA, F1CF26, F5817A, F941E8, FCE0CD,
00498C, 035A62, 0602D1, 082EBD, 09DF0B, 0B219F, 0BEEEE, 0C5495,
0C5AAF, 0C19F8, 0BC025, 0B64A1, 0B1E06, 0B0BA3, 0B3478, 0B9E6A,
0C4287, 0D0299, 0DD23B, 0E97C1, 0F3E03, 0FD7AE, 106790, 10FE52,
11C1D7, 12B476, 13F2AE, 157F99, 174552, 191CE4, 1AC813, 1C0CB4,
1CC31F, 1CDC20, 1C53EF, 1B47C6, 19D097, 181620, 1650B4, 149FE6,
131D69, 11B88F, 104D60, 0ED551, 0D5D33, 0C10A4, 0B0C30, 0A53A2,
09D44B, 096066, 08E0F7, 084219, 07A452, 07101F, 069951, 063D11,
05EE30, 05B645, 057C1A, 054259, 04D883, 0437FC, 0350EE, 02438C,
013F19, 00792B, 001BFE, 00378C, 00D2C4, 01BFBA, 02D4C2, 03CA51,
044618, 040B48, 02E8E3, 0105E0, FE77C5, FB960C, F8AA24, F5F62F,
F3D8EE, F26450, F1B8E6, F1C487, F25E0A, F3520F, F45040, F53F43,
F5E87A, F64691, F64532, F5E15F, F53F43, F46C71, F3A6B5, F3105D,
F2D1B9, F302E5, F38EA0, F45E83, F5480F, F61396, F68BBE, F68341,
F5FA6E, F4FBAE, F39ABD, F1F5FD, F01F84, EE5539, ECD26F, EBC1A5,
EB59C2, EBA729, ECC824, EEB9C6, F15FB1, F49BD6, F82E57, FBDFFE,
FF4EEB, 022C38, 0452FA, 05B3E5, 0680C4, 06E557, 0734F9, 07B2A3,
08731E, 0971B7, 0A8A46, 0B9AD3, 0C51AC, 0C6E94, 0BCD71, 0A6F03,
089E00, 06845F, 04646E, 0266C2, 009A6A, FF1239, FDB00E, FC73F6,
FB45C4, FA0622, F8A807, F7133D, F585E8, F425DA, F32E5E, F2CBC1,
F2F5D0, F3B19A, F4C501, F5F0FF, F70D59, F7F4C3, F8A478, F9080A,
F91F64, F90730, F8C05D, F85B9E, F7C779, F6EE50, F5D335, F452B5,
F267A6, F02ACF, EDCA1E, EB9120, E9A6BF, E839A1, E77F66, E799B8,
E89ABC, EA6BE2, ECEED2, EFF829, F35895, F6E1FE, FA697C, FDE47D,
0122C7, 0404D2, 066E67, 0856EE, 09D22C, 0ADFB9, 0B87D1, 0BCA0A,
0BB32E, 0B6BD2, 0B0AE1, 0ABE8C, 0AB33D, 0AEB72, 0B5976, 0BF1D4,
0C8D35, 0D40BE, 0DE63F, 0E6A8A, 0ED749, 0F280D, 0FA6F5, 105237,
11526A, 12B3FF, 146663, 165B9B, 184B1E, 1A13A0, 1B770D, 1C4232,
1C6EDA, 1BFB2E, 1B2872, 1A155B, 18D919, 178144, 15FECA, 1467BB,
12BAB1, 111934, 0F94E0, 0E4809, 0D37DE, 0C4F23, 0B90FC, 0ADA5B,
0A356F, 0982D7, 08CC5A, 081342, 0776EC, 07091C, 06B230, 0671C8,
063FEE, 061211, 05D5B8, 056785, 04A9F1, 039F2B, 025E69, 0124BA,
003952, FFE3B0, 002F18, 00FCCA, 0217F6, 034491, 044BDD, 04E0F3,
04D0D6, 03EFDA, 023B17, FFD8EE, FD09C3, FA3307, F7B2B2, F5AEC4,
F44B6F, F37EAF, F33E27, F384D1, F42356, F4FFF7, F5D0F0, F685D4,
F6E581, F6E456, F68A95, F5EC0C, F534CB, F48C8C, F41274, F3E68E,
F43103, F4D27A, F5C2EE, F6BF8C, F79C36, F8346A, F8571E, F804B0,
F73993, F6027D, F46F92, F298AC, F0B52A, EEF8CB, EDA0FB, ECD30F,
ECC3A9, ED8A39, EF2D81, F19E21, F4ADEC, F81FB3, FBAADA, FEF104,
01A813, 03AF7A, 04FD94, 05DDA7, 068625, 07408D, 0837D5, 096ADB,
0AD39C, 0C2DAE, 0D5035, 0E1134, 0E3B1B, 0DD094, 0CC293, 0B32A7,
096193, 077465, 059ABA, 03F3F6, 02817E, 013A7F, FFFEC3, FEA0C7,
FD148E, FB50B3, F9686A, F7A16C, F61924, F51815, F4A970, F4B914,
F545C7, F60FDA, F6F2ED, F7D3DD, F885DE, F91187, F9791C, F9BCB3,
F9EBF6, F9F67F, F9DE32, F98A85, F8E3AD, F7D8B7, F65BD9, F4779D,
F2362F, EFBCC2, ED40DC, EB0709, E947C7, E8265F, E7BC33, E81708,
E93DF5, EB17AD, ED96F8, F09549, F3DBE7, F74672, FA9BFF, FDD326,
00D2EA, 037463, 05B120, 07757B, 08C448, 09AB2C, 0A2098, 0A34A3,
0A04C1, 09AE39, 0967E0, 0954A2, 097C55, 09E865, 0A721F, 0B0160,
0B82CE, 0BEA35, 0C3751, 0C64CF, 0C8797, 0CB995, 0D307A, 0E2049,
0F8D47, 11663C, 136724, 155599, 16EC26, 181844, 18EEF0, 195A9D,
196724, 191015, 18564C, 175878, 1608BA, 147E57, 12D478, 1126A3,
0F9612, 0E1E82, 0CD5C5, 0BAF7A, 0AAAD3, 09BFA7, 08DEE9, 081E20,
075544, 0682DC, 05A7D4, 04E401, 044D06, 03FAF2, 03DF1D, 03CC63,
03B671, 035C81, 02A92F, 01A808, 00532B, FEF61F, FDB951, FCC8EC,
FC6958, FCA995, FD7E39, FEB21F, FFF0C9, 00FAE7, 01936B, 0179A5,
009A5A, FF030E, FCDA14, FA6820, F7CB3E, F56107, F35926, F1D73C,
F0E1FD, F06DF6, F08197, F0F72A, F1AE4F, F25F99, F2F2AC, F33F6E,
F32CE0, F2B7B7, F20909, F14C20, F0B327, F05E08, F05AA5, F0B9A6,
F170E0, F2671F, F36256, F44A76, F4F9DF, F55D7B, F5524D, F4C61B,
F3CC41, F268DA, F0B1D9, EEC78B, ECDAA5, EB3E24, EA2D1A, E9CBCF,
EA52A4, EBCC29, EE2944, F124AE, F46190, F79AF6, FA8CDE, FD01A2,
FEE994, 0066CC, 01A038, 02C2F9, 03F54E, 054AEB, 06DEA7, 088DB0,
0A2B4D, 0B86E6, 0C7545, 0CDAA5, 0C9ED7, 0BC9B2, 0A7FEA, 090C82,
078FA3, 063523, 04F40D, 03CA92, 02A650, 015C85, FFD599, FE1541,
FC3451, FA47DC, F8811F, F7040B, F60184, F58B39, F58558, F5CC0F,
F64DC3, F6F8AF, F7B3AE, F8694A, F91870, F9B468, FA3ABC, FAB81B,
FB1C6C, FB73EF, FB84A2, FB2B5B, FA5573, F9053E, F7504F, F53F2C,
F2ECC1, F07D7A, EE2B44, EC2473, EAA0DD, E9C820, E9AE94, EA574A,
EBBB77, EDC3E0, F05E99, F35934, F688EC, F9C952, FCF594, 0010DC,
02F5FA, 058F52, 07C0DF, 097A6A, 0AAB46, 0B5BB0, 0BA8FD, 0BB318,
0BA38D, 0B8F0E, 0B8A53, 0BC29B, 0C486D, 0CF3D3, 0DA0B8, 0E2023,
0E6DFB, 0E8537, 0E6AE1, 0E6216, 0E8F8A, 0F24C5, 1031A0, 1199C7,
136059, 153E6E, 17094D, 18A6C2, 1A01C5, 1B2CC6, 1C04BA, 1C704A,
1C69E5, 1BEA68, 1B0D28, 19E2EE, 188090, 170016, 15765C, 13E151,
1261B7, 110501, 0FE292, 0EF491, 0E076B, 0D0C1F, 0BF647, 0ADDD9,
09D7BD, 08E1E6, 08270C, 07A8C4, 075E85, 073D61, 0720DB, 06FD55,
06A0B5, 05D2C2, 049154, 0305FF, 016F39, 000422, FF0439, FE96C0,
FEDD07, FF9F44, 00BDBB, 01EC6A, 02EC83, 038630, 03786B, 02C171,
0161C4, FF871F, FD4046, FACBAF, F86253, F63CEE, F484AC, F35146,
F2AB40, F292F0, F2F044, F38054, F41162, F47103, F4815B, F44650,
F3BE88, F3081F, F25BA4, F1C71F, F16897, F14FA4, F18F79, F23089,
F30E39, F4104D, F50826, F5DCE5, F663FE, F685DA, F64082, F58C38,
F452E9, F2976F, F07C11, EE56DC, EC7446, EB11B3, EA79B6, EAB908,
EBEAE3, EDE4B1, F07313, F35016, F6267E, F8B45F, FADC58, FCA6E4,
FE25AD, FF8287, 00D270, 023266, 03C182, 057E15, 075959, 0921D2,
0A96BF, 0B937D, 0BFA3E, 0BC765, 0B21AE, 0A35F7, 0927AD, 08111F,
0706A8, 060BFE, 050CE9, 03E5D6, 026EB2, 00B18B, FED965, FCE06F,
FAEC45, F91C12, F78422, F664BB, F5ABC0, F56624, F583D3, F5DAA4,
F63B44, F6A244, F716AA, F7A97A, F85980, F90AA6, F9C20C, FA6368,
FAE7FB, FB30D8, FB1B34, FAA757, F9B77E, F85222, F675B2, F43CC5,
F1E46C, EF82F4, ED4CC5, EB79F9, EA3F46, E9C5E2, EA0D8C, EAF11A,
EC73E6, EE7ECE, F0FEE9, F3DB9F, F6F8D2, FA44E6, FD8552, 008B77,
034290, 05A90E, 07A734, 092B69, 0A12B5, 0A8719, 0AB099, 0AB85D,
0ACDF8, 0B187E, 0BA929, 0C59F2, 0D0A2C, 0D7D4E, 0DBA7D, 0DC0B5,
0DA500, 0D86ED, 0D97E7, 0DF1AB, 0E99B9, 0F8D04, 10C27E, 1247E8,
1404D0, 15D591, 178B3B, 191249, 1A5CEB, 1B6232, 1BFE34, 1C448D,
1C2A01, 1BA9AD, 1ABADC, 196A6E, 17FE88, 167A5D, 1516CB, 13B950,
128926, 117C90, 107AC3, 0F6D67, 0E495E, 0D22B9, 0BEBBC, 0ABEF1,
09BAD8, 090580, 08A822, 0884FD, 087E90, 08740B, 0845BF, 07BA0B,
06B678, 054602, 0391D6, 01E3AD, 006F3D, FF7559, FF1EE5, FF63FC,
002546, 0128E5, 023A04, 03304D, 03D451, 03F5E2, 037FE9, 027285,
00D785, FEC535, FC70BD, FA1EE2, F80672, F647F4, F4F797, F43166,
F3EF6C, F40220, F43E69, F480B9, F4BB75, F4C912, F481A6, F3F82B,
F34372, F29864, F1FCE1, F19A73, F185B8, F1BBDA, F24202, F2F8C1,
F3E6B1, F4F2CD, F5E6CF, F69C07, F6EA21, F6CF94, F63495, F4FFEE,
F3331B, F0F73A, EEA35C, EC8A53, EAF84C, EA3427, EA5A89, EB5D1E,
ED11D9, EF34FE, F1A4AB, F42003, F663B2, F84399, F9D0BC, FB32F5,
FC8644, FDF05A, FF80D1, 0154B7, 0354AD, 0547DA, 070E0B, 088542,
0986B4, 0A039D, 09F21C, 098A81, 08FEC7, 0857B8, 07A0A3, 06D63F,
0605AA, 050EA2, 03E3AB, 0262B1, 00A60C, FEAC3D, FC891C, FA752F,
F88E68, F70B89, F5E4B2, F50F5F, F489DF, F444D4, F441ED, F45F14,
F492A9, F4ED8F, F57721, F62A20, F6EC86, F7B425, F87271, F90D95,
F96BDD, F9845B, F959F6, F8C6D0, F7AA05, F5F242, F3C817, F16507,
EEFD36, ECB910, EAC417, E94EE5, E85A56, E802E2, E84EBE, E94C66,
EAF54A, ED19CA, EFA8D3, F28AB7, F5A08C, F8D87B, FC0427, FF0CE1,
01CB0C, 0400CF, 059DC0, 068ADF, 07122B, 076643, 07C289, 083DF4,
08DDDC, 099207, 0A3605, 0AB42E, 0AF39A, 0B1DAE, 0B1B00, 0B0D06,
0AFACA, 0B0628, 0B5356, 0BE927, 0CD58B, 0E128B, 0F8A96, 111B8C,
12B36B, 1450CE, 15F381, 178077, 18CCDC, 19BB13, 1A4712, 1A604F,
1A0161, 193B40, 1829F5, 16F373, 15AD77, 1477CF, 13693C, 127A1E,
1199E5, 10A080, 0F705F, 0E23D9, 0CBA8D, 0B50EC, 0A12DE, 091BB2,
088A3F, 085201, 085C12, 087510, 087C6E, 0838F3, 077877, 0642DA,
04B097, 030607, 0175CA, 00219F, FF4301, FEEDF7, FF1D2E, FFB436,
009E4A, 01B84E, 02C96E, 0397CD, 03E844, 03ABF2, 02D4ED, 016486,
FF8065, FD5D7C, FB3B4B, F93395, F76E74, F60BCA, F535CE, F4DD87,
F4E210, F515C0, F54B3E, F56F01, F56177, F519FF, F49DA7, F3FAB0,
F34466, F29499, F20E09, F1E0D7, F20385, F27C00, F32C80, F4183A,
F5465A, F67AC6, F79A67, F869DC, F8CD79, F8878B, F77C50, F5BAC8,
F3868A, F1372A, EF1010, ED5CB9, EC61C2, EC4672, ECF882, EE4CFE,
F02021, F23DF9, F46F13, F672A7, F82B3D, F9B158, FB20B7, FC9CB5,
FE465F, 002573, 022DE5, 043995, 062062, 07D43F, 0944AE, 0A5399,
0B030A, 0B5289, 0B6A3D, 0B7271, 0B58F7, 0B1CD3, 0AB37A, 0A079F,
091A93, 07DFC5, 0653F9, 049059, 0299D2, 007A82, FE6123, FC849C,
FB0397, F9D365, F8D686, F80438, F767E8, F70664, F6EFA7, F7348F,
F7B286, F84B9E, F8D39A, F958DA, FA0B71, FADF97, FBBB9B, FC7062,
FCD3E6, FCCF3E, FC4C26, FB4063, F9C58E, F7E836, F5BE69, F34F22,
F0D679, EE9EEE, ECCF67, EB881B, EABCE1, EA851A, EAE779, EBD6FB,
ED5887, EF6801, F219B5, F54245, F8A00B, FBF9D3, FF0A86, 01B2F7,
03C5B9, 0544ED, 066AF1, 075C86, 082AF0, 08DD04, 09840A, 0A3AFE,
0AEC5C, 0B7435, 0BC97B, 0BFD68, 0C1214, 0BF8A0, 0BC0F5, 0B8F3D,
0B98DA, 0BD150, 0C448C, 0CEE35, 0DE647, 0F1A8D, 1065D6, 11D7C8,
136A45, 1529E9, 16E406, 186736, 199894, 1A6564, 1AAF59, 1A5D4F,
19A663, 18C0EF, 17CA8E, 16D912, 15E294, 15066D, 144264, 135210,
121E79, 10A330, 0F045B, 0D5ECF, 0BBDBD, 0A6CF1, 09A7A4, 09678E,
0972C8, 098608, 098EFE, 096FD5, 08F838, 080984, 06B668, 0533EF,
03998A, 01F709, 0087DB, FF7F4D, FF07C8, FF148F, FF8A55, 006800,
0172AA, 028C91, 035EEB, 03D711, 03D9DE, 033C14, 01F82D, 00260E,
FE1B04, FC172D, FA2A13, F863E4, F7047D, F61F7C, F5B862, F59B76,
F59F23, F5BC2D, F5BFB5, F58899, F523C8, F4A895, F428A2, F39362,
F2D89A, F22DC5, F1D388, F1CC76, F2263C, F2C966, F3CA11, F51159,
F66A99, F7C4A3, F8D6E1, F964E2, F91D72, F7F651, F62CA0, F4162F,
F1E732, EFD563, EE22DB, ED12B6, ECCB56, ED34E0, EE2DFC, EF9B65,
F14775, F2EDED, F46E8D, F5D022, F73A9D, F8CEE3, FA706F, FC3175,
FE16AA, 001A73, 0224A3, 03FC02, 05AB2F, 071C71, 084912, 091CE0,
09BEFC, 0A307B, 0A80E3, 0AA348, 0A9DD7, 0A8CF7, 0A3323, 096AC3,
081F41, 067D38, 04BBAA, 02EA1A, 01142F, FF410B, FD7F4E, FBCFEB,
FA3AB9, F8EA5B, F7FC66, F77471, F720C7, F6DCC6, F6C28F, F6DB1F,
F7337D, F7B28E, F85D5F, F93492, FA2F55, FB2D7A, FC0CDE, FCC386,
FD1CDA, FCFB91, FC4357, FB0D79, F982C9, F79259, F55680, F3033B,
F0E18C, EF0B1C, ED77B2, EC332C, EB58C4, EB1E54, EB8485, EC9B0D,
EE702B, F10B70, F408A5, F72CDE, FA350E, FD0998, FFA838, 01D26D,
039E72, 0511EA, 064CE9, 07698C, 085533, 092864, 09F54A, 0AA3A0,
0B2515, 0B6FED, 0B9018, 0B978E, 0B7B8F, 0B4CC3, 0B3099, 0B2F60,
0B5116, 0B8858, 0BD3A6, 0C5E85, 0D3557, 0E3909, 0F864F, 112236,
12E95A, 14B0DF, 1632A0, 176EFB, 18582D, 18CA14, 18B160, 1825B8,
1769D4, 16B8B6, 161E14, 158C1F, 14F569, 142FE1, 1313E4, 11A142,
0FE58A, 0E1018, 0C5620, 0AD781, 09B69D, 091353, 08CE69, 08B5F3,
08A7F8, 08849B, 08372E, 079AD6, 06992C, 0540E3, 03B7D2, 0219E1,
00706E, FEEE41, FDC919, FD2A79, FD129B, FD7148, FE453A, FF655E,
009AC5, 018DE8, 0214D7, 0218E9, 018BFF, 007E5F, FEFAC1, FD2DB0,
FB3EE2, F955DB, F7B1DB, F66943, F58938, F4F67A, F492DA, F46EC1,
F45D56, F4450B, F4094E, F3A1B8, F33042, F2AC48, F214C6, F16976,
F0B65C, F01EC4, EFC9D6, EFE09A, F08587, F1B639, F346F6, F4ED36,
F667D2, F77D2C, F7FF95, F7D0C4, F6E53A, F56112, F36BF8, F14CD1,
EF4770, EDB829, ECB212, EC3D82, EC4C0A, ECCE86, EDC842, EEED8A,
F01BFE, F14176, F27B14, F3ED25, F583B4, F74AC1, F92D90, FB242E,
FD15E0, FEF538, 00D58C, 029F81, 043B00, 057FFA, 06856B, 076387,
083BFB, 0912F0, 09B513, 0A1E75, 0A1EF3, 09BC93, 090A0C, 0813D8,
06F5BB, 0582BB, 03D8A9, 01E9E3, 000328, FE3A9D, FC9E80, FB3BB8,
FA1499, F93508, F882EE, F7EB4E, F77038, F7249A, F6FFD5, F714A8,
F7688A, F816A4, F90F06, FA2F1C, FB53E8, FC7B1B, FD88BA, FE4D85,
FE9CE6, FE45DD, FD5DF3, FBED45, FA3823, F852CE, F65C61, F445B4,
F20FA7, EFF611, EE260A, ECE3BE, EC4C48, EC6AC4, ED5355, EEF8D7,
F135AC, F3E60B, F6C0AF, F9A13F, FC5697, FEC6D1, 00EFEE, 02D2A5,
0488E8, 060DD0, 0763B3, 088DC5, 099DAE, 0A95F8, 0B6D2B, 0C0B4F,
0C6850, 0C848A, 0C8346, 0C8525, 0C9203, 0CA588, 0CA2DB, 0CA473,
0CC7C9, 0D1432, 0D845F, 0E2005, 0F0B62, 1051F8, 11FAC8, 13D5E5,
15BC35, 177FBE, 18C7C5, 199650, 19E54F, 19E53A, 19C6F6, 1994EE,
1972B0, 1947E0, 190387, 188B0F, 17BC19, 16A4D4, 153982, 138B65,
11CBE4, 10369E, 0EEEBD, 0E0E2D, 0D6C25, 0D0875, 0CE270, 0CD464,
0CBBC4, 0C5FF7, 0BB344, 0AB62F, 0964E6, 07BBB4, 05D800, 0401EB,
02688C, 012C56, 007446, 0038A8, 00828A, 013D55, 0233EB, 03528F,
0455BF, 04F691, 050BB4, 049FED, 03BC83, 0278EE, 00DC3D, FF0502,
FD3C7F, FB9688, FA3B0C, F92832, F85116, F7CF35, F75882, F6FB8A,
F6B0E9, F66CEC, F63239, F5BF4E, F50883, F40FF2, F2F638, F1FDD8,
F13929, F0DA72, F103A5, F1AE89, F2D8AE, F45669, F5F84A, F77F90,
F89F59, F926C9, F8FF31, F8343E, F6CE06, F4F790, F300C0, F11E1F,
EF9401, EE7A0E, EDD6E9, EDAEEC, EDD5A3, EE3885, EED6D8, EFAE98,
F0BC0E, F1E1E7, F318CA, F46DE0, F5F84C, F7B47D, F9A2A3, FB8F4A,
FD6950, FF2456, 00B408, 023E88, 03B520, 0518D6, 06627C, 07841A,
088639, 095BB7, 0A0527, 0A69DB, 0A716C, 0A1BF5, 09547D, 082ED0,
06C44F, 052234, 0361F7, 01869A, FFB720, FE1EBA, FCC4B5, FB9B08,
FA83AE, F97C38, F8970C, F7D8EE, F747CC, F6DE41, F6AC4B, F6D4E0,
F75F9C, F86558, F9BECB, FB389F, FC83B8, FD8021, FE2331, FE6927,
FE59DF, FDD77E, FCF6B7, FBA6E4, F9E667, F7C8F1, F57894, F320F0,
F0E884, EEEAA3, ED4C3B, EC4F46, EC249C, ECCC6D, EE1C44, EFEB92,
F21AC4, F49270, F73A84, F9CEBF, FC2D2C, FE4F1F, 003773, 020861,
03CD03, 057DD3, 070933, 08527C, 095C67, 0A38E5, 0ADC55, 0B4C69,
0B8F36, 0BB779, 0BD843, 0BEE1D, 0BFFFD, 0C0F02, 0C1C46, 0C1F83,
0C1A8B, 0C4324, 0CC83D, 0DCB15, 0F39FB, 10EA6D, 12AB86, 144C69,
15B901, 16DB65, 17A93F, 1836C0, 1899A1, 18E053, 191C6F, 1943A9,
1944C9, 1915B9, 189E4D, 17D0C9, 16A838, 15337D, 1398AA, 120452,
10A3E0, 0F7CD3, 0E98F1, 0E00D8, 0DB055, 0DA628, 0DA94F, 0D9AF7,
0D4E3A, 0CA666, 0BA961, 0A4544, 08A107, 06CDF9, 04F984, 034AD8,
01F61D, 0120C7, 00C89B, 00F7FF, 018E98, 026FA1, 036A4E, 04429D,
04E2EE, 051833, 04DADA, 0417C0, 02F08E, 0190EE, 000E4A, FE819E,
FCF4A3, FB7FDA, FA46F8, F94971, F888BD, F8096C, F7AE1F, F77AEE,
F74DC4, F6FEA1, F67DC8, F5B67F, F4A4B7, F362C4, F21BC9, F11A5F,
F09859, F09D18, F136D1, F24A58, F3B825, F54DB9, F6C796, F7EF0E,
F88D48, F873CF, F7B678, F67FC9, F5026C, F36932, F1BA44, F02DDB,
EEE86D, EE1BE8, EDAD4F, ED945E, EDB289, EDF7D4, EE6490, EEF733,
EFD520, F0FA23, F26F4D, F3FA5F, F58D43, F71EBB, F8B80C, FA61F5,
FC0C92, FDA6E5, FF2D5B, 00A46C, 020C0A, 03752F, 04CD5D, 05FDDE,
07059D, 07D72B, 087A46, 08DCAA, 08CC24, 083693, 0735DE, 05EDEE,
047022, 02CDCE, 0113D3, FF5E3E, FDCAFB, FC5394, FB01C9, F9CF5F,
F8AF7F, F7921F, F66B99, F56830, F4ADA8, F4665E, F4A5DF, F54607,
F63AAE, F75772, F88373, F9C788, FAF6C4, FBF341, FC8EFB, FCBCEB,
FC886D, FBEE4C, FAE6F3, F956D6, F76491, F5226D, F2D596, F080E7,
EE60AD, EC9194, EB4839, EAB72D, EAD133, EBAD0B, ED12F8, EEE255,
F0EB57, F30B03, F54B25, F78D9E, F9C59B, FBEB94, FDEE3F, FFD7DB,
019DD6, 033F80, 04C328, 060811, 06F9A1, 079F97, 08188F, 08938B,
090B17, 096963, 09AB68, 09C1B2, 09B356, 0988D5, 09560F, 095280,
09A4AA, 0A582F, 0B5EA1, 0CB04C, 0E3127, 0FC0B7, 113C6A, 1286AC,
139633, 148385, 1548DC, 15F809, 16AF19, 173540, 179A18, 17B39F,
177D7A, 1719C3, 166DD0, 1576DD, 1435B0, 12C329, 11412F, 0FD38E,
0EA2AA, 0DC3A3, 0D508F, 0D16D8, 0D0AF8, 0D0836, 0D0113, 0CCEA0,
0C3EE3, 0B455D, 09E6CD, 084697, 0675CC, 04A6D6, 02FC68, 01B12B,
00DCC5, 008BA6, 00BF9A, 0158BD, 0237C2, 0327B1, 040337, 04AB01,
04FAE0, 04E963, 046DB9, 03A1EB, 02982D, 015DC0, FFF8EA, FE839F,
FD21AB, FBE431, FADEC4, FA21DD, F9BAE1, F99C6B, F997AE, F9797C,
F924A8, F89A63, F7D2D9, F6C40A, F58969, F44595, F33A97, F2A168,
F29749, F32D56, F44295, F5AFD1, F731B0, F8A41C, F9D2AD, FA8FD9,
FAC604, FA5D4D, F978DF, F83405, F6B3AE, F5420E, F3F2C8, F2DAD5,
F1F5DC, F12D70, F0A665, F06C80, F07D32, F0C8F0, F13DD2, F1F683,
F2F9FA, F4387B, F59833, F703BC, F87CBE, FA045F, FB96DB, FD361A,
FED3CF, 006F32, 01EFC0, 036338, 04E1FE, 065724, 07CA58, 09175D,
0A2E1E, 0B0E07, 0B9198, 0BB5BC, 0B78D5, 0AE046, 09DFC2, 087DA7,
06E468, 054AB1, 03E3A3, 02921D, 013EDB, FFD67E, FE62F9, FCF82B,
FB9195, FA461D, F929C3, F8512F, F7DAFF, F7C60E, F81FC5, F8DC37,
F9D22D, FAF34F, FC1EFC, FD59E2, FE7661, FF4E11, FFD2F8, FFEA28,
FF9DC9, FECD9E, FD7830, FBBFC0, F9A4DF, F7525B, F4E42E, F28F5B,
F0A549, EF3E3C, EE6198, EE1F25, EE7E0A, EF7958, F0E6A8, F28DEC,
F45AFE, F6434C, F83593, FA35A9, FC3CFD, FE5486, 00689B, 025AB7,
0401C8, 0569E4, 069F69, 079D9F, 088DAA, 095778, 0A17F6, 0AAF86,
0B08BA, 0B2B07, 0B0F63, 0AD25A, 0A71EC, 0A15E5, 09F5B6, 0A34C2,
0ADD1F, 0BC443, 0CEC3A, 0E1DD7, 0F5AD1, 1087BD, 119C35, 12C12D,
13D9F4, 14E3D3, 15CAF4, 168F22, 1747CB, 17D341, 182723, 182557,
17D6E5, 1733C4, 163B37, 150153, 138C94, 12085B, 109275, 0F5828,
0E7BD1, 0DF84C, 0DC33C, 0DA775, 0DA610, 0D9ACC, 0D5C4E, 0CCD02,
0BCB80, 0A6C9C, 08C0BC, 06E170, 04F94C, 034022, 01E8FA, 00FB1C,
008DB5, 0093A4, 010584, 01C520, 028FEC, 0346F1, 03CE65, 041D8E,
043603, 0401EA, 037DFF, 02A300, 0169B4, FFFCD5, FE7C9D, FD19B2,
FBDEA5, FADAB7, FA1AEE, F9AE3B, F98E81, F98369, F9734C, F92092,
F88414, F78053, F628C4, F4BCC1, F365E3, F26299, F1BA1F, F18103,
F1DD32, F2C51D, F420CC, F5A810, F7205D, F84B58, F905A3, F94878,
F91132, F87C18, F78CFB, F66032, F519E6, F3CFA3, F2A14F, F18248,
F08798, EFC4B2, EF5454, EF2BB1, EF449D, EF9F76, F0310F, F0FA15,
F1EDEB, F306B8, F44CD8, F5B5CA, F723A0, F88D81, F9F104, FB5B6A,
FCDE02, FE6304, FFEAFA, 01780A, 030412, 049582, 062063, 079358,
08C846, 0999F1, 09EDC3, 09C87B, 09389A, 085427, 073C56, 0606AA,
04D762, 03B017, 027B19, 013624, FFD125, FE5A1C, FCD92A, FB5D37,
F9F4BD, F8B6E2, F7AFFA, F6F5E5, F69933, F6ACF8, F73351, F80198,
F90BCC, FA2CE5, FB5425, FC7DBC, FD82B8, FE4E1A, FEB907, FEB2D1,
FE2190, FD0C1C, FB82C3, F982BE, F7444A, F4D7D6, F27F08, F0641D,
EEB6BD, ED9CDC, ED1F63, ED32B4, EDB6AA, EE8DEB, EFAF6F, F112FE,
F2AF47, F48834, F68038, F89738, FAAF6F, FCB3C0, FE9316, 0044AF,
01C1E6, 03171C, 0454C1, 0583D0, 06AC9B, 07ACB3, 08780E, 08E468,
08F597, 08B4AB, 084657, 07F100, 07C10F, 07CAA2, 080B9B, 087864,
093004, 0A1EB8, 0B2A9E, 0C41C8, 0D47D6, 0E57F3, 0F6919, 1083AC,
119FDE, 12B718, 13C6B1, 14B954, 158CF3, 162305, 166E94, 164B8F,
15C478, 14D6E0, 13A1B9, 123E46, 10C766, 0F6A2C, 0E45C7, 0D6C6A,
0CE233, 0CA44F, 0C9CE1, 0CB46F, 0CA9E6, 0C69E6, 0BD08B, 0ADEB9,
09981A, 07EE09, 0610C1, 042B37, 0276AF, 012482, 003B7D, FFC34C,
FFB113, FFEF52, 0063C9, 0101C5, 01AFB4, 024F62, 02CBCF, 030170,
02EDAF, 028E3E, 01D878, 00D69A, FF8FCC, FE31A6, FCD7F2, FBB3D0,
FAE308, FA5DB1, FA2315, F9FB99, F9D01D, F995E4, F9246C, F87366,
F761BF, F6009D, F47953, F30545, F1E3EF, F12164, F0EC76, F14208,
F20CEF, F33FB3, F4986B, F5F184, F70B23, F7D23F, F831DD, F82F15,
F7E874, F74FAE, F66B83, F55135, F40987, F2C7F2, F1A56C, F0A91F,
EFEAF3, EF4D72, EEE34F, EEB97C, EED6DC, EF4E03, F002C0, F0E793,
F1F05A, F3152F, F458DF, F5AD34, F71388, F87648, F9D269, FB35AF,
FC9AA5, FE21A3, FFCE53, 01986E, 037EFF, 055C0F, 07150A, 087F89,
0975A2, 09ED9B, 09E8B9, 098F43, 08F833, 08442D, 077596, 068C8E,
058ECF, 04735F, 034434, 01FB76, 0098E9, FF1CC6, FD93C6, FC0F8F,
FAB334, F98C89, F8B672, F83E29, F8228C, F863DF, F8F0DD, F9C7E0,
FAD932, FC0CBC, FD4A5B, FE703F, FF5DBF, 0006C0, 004B41, 00191B,
FF6206, FE14B5, FC4AA0, FA2104, F7CFEC, F59309, F388CA, F1DCFD,
F09467, EFB7E6, EF45E9, EF35F8, EF89CE, F03F3D, F159AD, F2C18B,
F4712D, F65BC6, F85940, FA5E8B, FC4244, FDFD5F, FFABD9, 0153D7,
0305AB, 04B523, 063E2C, 07964E, 08A18B, 094CFE, 09A4A5, 09A8D6,
097A81, 09367C, 08F762, 08E007, 08EC87, 0927B3, 098FA4, 0A1E38,
0AE48F, 0BCAF2, 0CBD9C, 0DB35D, 0EAA3F, 0FA787, 10BE94, 11F243,
133743, 1485E9, 15B5DB, 16ABBD, 175974, 17B600, 17BF56, 175FBD,
16A3DB, 158331, 14402E, 12EC65, 11B3B4, 10B940, 0FF1CD, 0F7EF1,
0F4599, 0F3F07, 0F637E, 0F778B, 0F5527, 0ECB4C, 0DC350, 0C5ED2,
0AB548, 08F0D7, 073480, 059CFB, 044423, 033722, 028E41, 0240FC,
024539, 02862E, 02E8BE, 0362A7, 03F896, 048285, 04EEEC, 050B4D,
04C401, 0428D2, 0329BB, 020544, 00C40F, FF949C, FEA1DB, FDDC12,
FD5EFD, FD146B, FCE9F0, FCBD9E, FC6D3F, FBE876, FB13CE, F9F7C1,
F882BF, F6ECE0, F55A5D, F4191A, F34630, F2FA23, F339F6, F3D7EA,
F4CC96, F5E658, F70C8C, F831D3, F917FC, F9AF3B, F9E83F, F9BA6A,
F947DB, F893EC, F7A7C2, F6972D, F56AC3, F436D0, F31139, F20F31,
F14174, F0B725, F06857, F055AC, F087DB, F0F841, F1A8E4, F28AC6,
F39570, F4BBCD, F5F0DF, F726F6, F846AF, F9644B, FA80DE, FBC38C,
FD4185, FF088C, 010562, 030C89, 04FE18, 06B16B, 081DE2, 09339D,
09E776, 0A4167, 0A4009, 09FBA4, 097C43, 08E00B, 082A97, 076256,
06793F, 056172, 041DE7, 02AC4F, 012824, FF91B4, FDFD24, FC7223,
FB13F6, F9E353, F91880, F8ABCF, F8A525, F908DD, F9A7A2, FA9535,
FBB721, FD03A7, FE6017, FFA14D, 009C57, 0127EC, 011FE2, 007B58,
FF514E, FDAC75, FBB8D2, F993CD, F75C1F, F55B4C, F3954A, F21BA4,
F0F21B, F01104, EF9482, EF7F90, EFE712, F0BDB1, F1F488, F36E72,
F4F514, F6946D, F833F8, F9DD7F, FB9F9A, FD6AB0, FF54E9, 014A42,
0325ED, 04CEBE, 06289E, 07327D, 07F045, 085CEC, 087D90, 0867AD,
0826EF, 07E371, 07AB01, 07A151, 07D5E1, 083512, 08B2C1, 09487B,
09F435, 0AB13F, 0B8137, 0C589F, 0D485D, 0E52C3, 0F73BA, 10AACE,
11F79C, 13393D, 14502A, 151275, 156E2B, 15768D, 152947, 149058,
13A135, 1277DB, 112884, 0FDD0B, 0EBDBD, 0DF48D, 0D8596, 0D63E4,
0D6A0E, 0D7212, 0D70BB, 0D348E, 0CAB16, 0BAEAF, 0A5FB6, 08CB4A,
071B8B, 057254, 03DC66, 0283AB, 015781, 006534, FFC426, FF715B,
FF8180, FFD508, 004F68, 00EB62, 0174EE, 01DB00, 01F8CA, 01B449,
012581, 0045A5, FF36E1, FE21E4, FD1867, FC39F5, FB86C6, FB070E,
FAC4F4, FAA7C0, FA8E25, FA48BB, F9B8E8, F8CF78, F79163, F61F79,
F49608, F32B99, F1FEE3, F11E25, F0AB62, F0AD51, F11BFC, F1E3B5,
F2E7F8, F3FD49, F5068C, F5E7D8, F6822B, F6E3C3, F6F7A1, F6C82E,
F64711, F5823A, F490B3, F3814F, F26689, F14E61, F05AEB, EF8F9E,
EEEA80, EE6907, EE187C, EE1787, EE65BD, EF0D7E, EFF370, F0FE07,
F21407, F30AAA, F3F0E0, F4D45A, F5C770, F6E64C, F83660, F9C41F,
FB8D58, FD8685, FF875E, 0189B6, 03726A, 051655, 0662E3, 074E08,
07E7F5, 083FF0, 086DBE, 085A09, 0818AD, 07AF7E, 071A76, 065B29,
0575C0, 046287, 0318F6, 019D95, FFEF36, FE3C5A, FCA65A, FB38D1,
FA0746, F90CCF, F86670, F80D0D, F81320, F889DB, F95E99, FA9225,
FBEB8D, FD4B72, FEA669, FFCBCB, 00924F, 00CEFA, 006E5F, FF9003,
FE4082, FCA33A, FACF7A, F8DC27, F6F01E, F50FCB, F35B50, F1ECE2,
F0DB07, F032DA, F00491, F0420E, F0E3D3, F1CE49, F2DA94, F4084A,
F5574E, F6D5C9, F88792, FA5BE2, FC4BB3, FE4D07, 00456D, 022D5F,
03F344, 058852, 06D4CF, 07BEE8, 08469B, 088060, 088FA3, 08878E,
087A2C, 086F61, 087E1F, 08A596, 08F260, 096C06, 0A02C9, 0AA5B0,
0B3D89, 0BD982, 0C9394, 0D7B05, 0E9715, 0FD4B3, 111FF3, 1271FD,
13BC23, 14E540, 15E9A0, 16A3B6, 16FA2B, 16E8BB, 16609F, 158C11,
147A40, 1343AB, 121610, 11094F, 104BFF, 0FE076, 0FC185, 0FCF45,
0FE623, 0FE6E7, 0F98D5, 0EFF08, 0E13CF, 0CE29C, 0B7838, 09E31D,
0844BF, 06ACE4, 0536C3, 03D943, 02B103, 01DA59, 016145, 015649,
018E45, 020B09, 028C24, 02FF72, 034AE9, 035F70, 033B31, 02C3E6,
01FAC9, 00F217, FFDB44, FED4F6, FDF994, FD5C20, FCF19D, FCC374,
FC9840, FC6070, FBFCC5, FB582D, FA8019, F94F27, F7E8A2, F66D77,
F4F400, F3B7B4, F2BB02, F2206F, F2018D, F23BAE, F2CBFD, F38834,
F465F7, F55361, F6272D, F6DF58, F768F7, F7B37D, F79DF9, F73FF6,
F694E2, F5D2FB, F500F7, F40C6C, F3097F, F1FADB, F0F146, F003A8,
EF4BFE, EEDDF1, EED85C, EF2862, EFAE83, F05EA7, F12272, F1EE96,
F2B68B, F37386, F4316D, F5086B, F6066D, F73856, F8BD1D, FA839A,
FC7898, FE80A1, 006F21, 024FAE, 040339, 057DBF, 06ABB3, 0787E5,
082359, 086F17, 08983F, 089898, 088BCF, 084A5E, 07C911, 06F819,
05E9C2, 04BBE6, 0364EC, 01F763, 0072F1, FEE37E, FD5E60, FBFF84,
FAD2B2, F9EFD6, F96328, F921A7, F955E8, F9F6AA, FB030F, FC623C,
FDD0AA, FF382E, 005EAF, 012ACA, 017F13, 016321, 00D693, FFEF84,
FEAF6D, FD1C10, FB4D15, F95FCB, F7692C, F59383, F4121C, F2E5BC,
F22DDD, F1BCC7, F19E1D, F1D157, F2431A, F30112, F3F4B8, F51910,
F66F11, F7E8C2, F993E2, FB75B3, FD7F41, FF9BF9, 0196B5, 0363B6,
04F840, 064DF5, 076289, 0823C4, 089604, 08C101, 08C6D1, 08CBCC,
08E0E5, 091863, 095CF0, 09A19E, 09F093, 0A4D35, 0AC0D8, 0B3E31,
0BC36E, 0C6064, 0D1F48, 0E1115, 0F376E, 108975, 11F2C4, 136801,
14B1BD, 15D672, 16B56E, 1740E3, 175FF9, 17018D, 164819, 15396F,
141E7A, 12FA5B, 120A2D, 115A69, 10F509, 10D198, 10D0F9, 10E13D,
10CB43, 108342, 0FF947, 0F2C91, 0E3CD6, 0D0CA5, 0BA4F0, 0A0975,
084EFF, 06B378, 053863, 040694, 032A90, 02A340, 0279E1, 028F66,
02E27E, 03524F, 03D3C2, 04318F, 0449AF, 041413, 038BE4, 02BD58,
01C0DF, 00C4FA, FFDCB8, FF21D3, FE9E37, FE3E38, FE0F99, FDEAAF,
FDB708, FD5470, FCB8F9, FBCC8F, FA8F5D, F91C28, F78DE8, F62101,
F4EA9A, F3F17F, F3366B, F2C568, F2A16C, F2D1D3, F34F34, F3FE5B,
F4CFD5, F59D52, F63D69, F6AABA, F6E26A, F6E973, F6C59F, F66891,
F5D4A0, F50D99, F409C2, F2DBE0, F1A6A9, F07D4D, EF80C9, EEBC41,
EE338F, EE02E8, EE2222, EE816E, EF080A, EF9F98, F031EE, F0B8CC,
F135DD, F1C54A, F27BB7, F36A79, F494D4, F5EE93, F789AB, F959EF,
FB5756, FD5BA6, FF4D73, 010758, 0287FC, 03C6E1, 04C49B, 059ABD,
0637BC, 06A1F2, 06D887, 06D89C, 06AC01, 064F54, 05AEC8, 04D931,
03CA14, 028F91, 013A21, FFC5C4, FE4CD4, FCCA41, FB41C5, F9D4F9,
F8961D, F7AB5F, F732E9, F733F4, F7B87E, F8AD76, F9EFEA, FB49BF,
FC926E, FDB58A, FE948A, FF29A6, FF64C9, FF2F22, FE80BC, FD63AB,
FBE0DC, FA2891, F85EFE, F69490, F4DFAD, F350DF, F1FBAF, F0F751,
F0561C, EFFEC0, EFF5E7, F01F95, F07498, F10933, F1DDCA, F2FF6A,
F46448, F5F4AC, F7B2BC, F99FC2, FBAABA, FDC085, FFB96B, 016C57,
02DC0A, 03EDEF, 04B83A, 054401, 05A5EF, 05EFCE, 061CCC, 06529F,
068221, 06C787, 071143, 07593C, 07A33D, 07F170, 083FC4, 08A099,
091C21, 09BFF7, 0AA3EE, 0BBDF1, 0D171F, 0E9E80, 103ED8, 11C97C,
132D2C, 143EC0, 14F743, 153E50, 14F46A, 14433B, 133F03, 122F54,
114871, 1086D4, 100EDB, 0FC765, 0FA549, 0F9E94, 0F9EAE, 0FA27B,
0F8CA0, 0F4331, 0EB699, 0DE12A, 0CC47B, 0B6E69, 09EEAC, 0855D0,
06D064, 055AAA, 041637, 0324DA, 02893C, 025788, 027E58, 02DC00,
03680D, 0408A3, 04915F, 04F4BD, 050B59, 04E1B9, 0462B7, 0394DA,
029180, 016C2C, 0067D1, FFA01A, FF23C6, FEF71D, FEFB9F, FEFF93,
FED68C, FE61FC, FDA3F2, FCA46C, FB6C1C, FA0EBB, F89B62, F73215,
F5EB1D, F4DD01, F42BC5, F3DD91, F3F500, F455C8, F4EA2C, F59C12,
F653ED, F7080E, F79EEC, F81051, F85AB3, F865AA, F82DAC, F7BE5A,
F711EC, F6346F, F52EBA, F3FCC9, F2CCDF, F1B342, F0D546, F039C1,
EFE03F, EFD642, EFF943, F05C12, F0D5AC, F169E5, F1FA27, F27D54,
F2F7BE, F38292, F43E8D, F533E9, F674AC, F7F111, F9A4C9, FB8509,
FD79E1, FF6ACD, 014AE9, 02F1E5, 0450FA, 056B05, 064064, 06F0E1,
077972, 07D585, 0806C4, 07FB24, 07B92A, 0731A2, 067331, 057A4B,
0467C1, 032EDA, 01D8CB, 006AB3, FED3C5, FD371F, FB9A81, FA2B7D,
F90AAE, F84F8A, F7FDE8, F818CE, F89A75, F97EE5, FAB36A, FC1022,
FD68C6, FE8F25, FF5793, FFB10F, FFA7F9, FF344A, FE5D02, FD2042,
FB84ED, F9B845, F7EC43, F631A3, F49C3F, F337D6, F1F92B, F0F90D,
F04448, EFDA9E, EFCAA4, F0058D, F076AA, F11EB5, F1FE12, F31275,
F46908, F5FD39, F7C74C, F9C47E, FBD71A, FDE642, FFCDEF, 0175D8,
02C539, 03BD74, 0469FD, 04D71D, 052834, 055C64, 057D16, 05A391,
05CB6B, 060662, 064BE9, 068E8B, 06DFA4, 073B0E, 07A307, 081EEC,
08AA1B, 094F7C, 0A20A4, 0B2653, 0C7190, 0E007D, 0FAB4A, 115251,
12B411, 13B289, 143298, 1433FA, 13C466, 130374, 1218A8, 1116C8,
102DFC, 0F68C2, 0ED642, 0E86DD, 0E6481, 0E6383, 0E7261, 0E7A58,
0E6049, 0E07D1, 0D6729, 0C77B5, 0B44AD, 09E37B, 085BD9, 06C8C2,
054F0F, 03F168, 02D887, 0200D1, 017C37, 014A1E, 015D04, 01B3D0,
0238F2, 02E3C0, 038199, 03FA7F, 040DF2, 03C627, 03108A, 020DB6,
00F435, FFE0E3, FF050F, FE694E, FE0CA6, FDE83D, FDE69D, FDDCE7,
FDB334, FD45CC, FC8B7D, FB7E5B, FA24DE, F8A318, F71FAC, F5C5CC,
F4AD6D, F3D539, F35081, F3257A, F3458E, F3BEDF, F45442, F51058,
F5CC53, F66FBB, F70C49, F778C6, F7C433, F7D198, F78EE7, F70B38,
F642EB, F559C4, F44AA9, F33543, F22821, F12945, F05D56, EFC9C7,
EF81C0, EF88CE, EFCB2A, F03117, F0AD9E, F138EE, F1BECC, F24C0D,
F2DBCC, F387BB, F45FA5, F576B6, F6D23B, F866F2, FA4135, FC30A8,
FE2A0D, 00113E, 01C805, 034DE5, 048D9A, 05985E, 06714D, 071EE5,
07A4E0, 07EF44, 080819, 07E6ED, 07981C, 071CAE, 066987, 05849E,
0460E8, 0302CD, 018FF2, 000A5D, FE870E, FD089D, FB82F1, FA23DE,
F907CB, F85611, F82110, F85DE0, F90C67, FA0DE4, FB4A47, FCACE9,
FDF8F6, FF11A2, FFCB48, FFFFF7, FFC2F6, FF0E1D, FE0255, FCB88B,
FB2B1C, F986DD, F7CF1F, F618F9, F48830, F31BB3, F1EF02, F10668,
F066E8, F01AA2, F0187B, F05E99, F0D681, F18193, F26755, F38CCF,
F4F753, F6A6BC, F8883F, FA94FA, FCB801, FEBD57, 009E3D, 0225B5,
03586A, 043937, 04CC60, 053262, 056D53, 0585CA, 059021, 0590B9,
05A1C6, 05DC6D, 06331C, 06AEA7, 072C38, 0799EF, 08027C, 085C43,
08CFAD, 096FE8, 0A489C, 0B6DA9, 0CCD76, 0E6220, 10048C, 118C0A,
12CE6B, 13A5A1, 1406CC, 13F518, 1377E7, 12B3CB, 11C075, 10C2BF,
0FDE0F, 0F17AC, 0E90CC, 0E3E6E, 0E1DDA, 0E28F6, 0E35CE, 0E39FC,
0E145D, 0DAB58, 0CF412, 0BECF2, 0AAAAF, 0944B7, 07DA35, 0668D4,
0509A7, 03B97D, 029194, 01AE01, 01191C, 00F56E, 012E1C, 01AB5A,
0259A1, 03074E, 039632, 03E4DA, 03E02B, 0377B0, 02C0F5, 01C217,
009EA7, FF8B08, FEAB29, FE1D89, FDE0C0, FDDD3E, FDEB78, FDE76E,
FDA308, FD09D1, FC1CD8, FAE142, F9734C, F7EDA2, F67575, F52EB2,
F431AA, F38AA3, F32E99, F320F5, F354F2, F3BDFF, F45FE7, F518CE,
F5DDCA, F69AFD, F729A3, F78F11, F7B9E1, F7A69B, F755E2, F6BFF7,
F5FD32, F507B8, F40447, F2F014, F1E9CC, F10E50, F055A7, EFE33A,
EFABDB, EFBD21, F011A4, F082FF, F113B6, F198F8, F22B64, F2B5E6,
F35331, F41589, F50CB0, F6479C, F7BCBA, F967B2, FB2F72, FD110C,
FEF3D2, 00D10F, 028D64, 041B56, 055301, 064CB3, 07009A, 07A03B,
082CDC, 0890C2, 08D36D, 08BBE0, 086F74, 07D364, 07032B, 060458,
04D766, 038B33, 021554, 008D86, FF021F, FD7D3E, FC0FF2, FAC45B,
F9C211, F927EA, F90C55, F97B42, FA6132, FBA185, FD0E26, FE7244,
FFA681, 008E60, 010A21, 0114F4, 00B5C8, FFF0A8, FEEC19, FD9D70,
FC0FAC, FA6AD7, F8AA86, F70244, F580D0, F4205E, F30F21, F23C83,
F1B368, F1800C, F1883C, F1D918, F2587D, F30D02, F3F25C, F52A9F,
F6AAC5, F878C9, FA8065, FC9308, FEB89C, 00AB27, 02710B, 03ECEA,
0511A2, 05DBB4, 064EA0, 067555, 068429, 067FC3, 0682EE, 06A3F4,
06D135, 072EB8, 0796B7, 0805AF, 087153, 08D72C, 093064, 0994A2,
0A10C8, 0AB1D8, 0B9DB4, 0CBBE8, 0E1400, 0F9D35, 112736, 12A1A6,
13C9A7, 148DAB, 14D373, 14A8AB, 141ACF, 1343B4, 12473E, 113BA5,
10461E, 0F76EF, 0EF53F, 0EBC42, 0EBD35, 0ED61F, 0ED9DF, 0EB698,
0E6039, 0DCAE1, 0D012A, 0C0933, 0ADCB0, 09862E, 080BD5, 067A30,
04F73D, 03984B, 02725A, 01A841, 013712, 012B3F, 01738F, 01F746,
02A814, 035A2B, 03EA3A, 042DDA, 041027, 03827B, 029E72, 017CA5,
004850, FF41FF, FE779B, FE02EC, FDDC46, FDD6C2, FDDE78, FDB6EC,
FD4266, FC8135, FB6EE5, FA2BB3, F8C10C, F74F02, F5F08C, F4BE8D,
F3CDCE, F31E9C, F2CCDB, F2CAB5, F30B48, F38647, F41ED4, F4CCE2,
F58234, F624E5, F6A5B7, F6F1A8, F7061B, F6CE62, F657CA, F5B0B3,
F4D312, F3EB3E, F2E0B4, F1DAF8, F0DB66, EFFECF, EF596A, EEF4F9,
EEE6D1, EF0D4C, EF62C0, EFC66C, F02EB5, F0B3BD, F1492C, F1F466,
F2B316, F37986, F46E0F, F59263, F6FBF3, F8B71B, FA9BA6, FC97FB,
FE7B55, 003575, 01C988, 0326A9, 04589F, 0553B2, 061F28, 06C44F,
073F91, 079108, 07AD3E, 078E79, 072293, 06708E, 058822, 0476FC,
034DC9, 01FB77, 008E38, FF08A5, FD6CD0, FBE62D, FA6E7C, F92CA9,
F85356, F7E8CC, F811F8, F8B761, F9CD27, FB224E, FC8BB0, FDD7EC,
FEE86E, FFAAAC, 000626, FFFD06, FF862D, FEB792, FD9A54, FC385F,
FAA8E1, F900E7, F754C9, F5C168, F4549C, F32041, F231EE, F1870D,
F11999, F0E975, F10395, F15EA7, F1F840, F2CB91, F3D2F0, F516C8,
F6A147, F86CA7, FA74FA, FCA0CA, FEC8C7, 00CC9C, 0283F8, 03E5B3,
04E7EE, 0589FF, 05DD38, 05FDA8, 061125, 061EAB, 0644C6, 0676F0,
06B8CC, 0719C2, 077A91, 07F5FF, 0864B9, 08D9B3, 094315, 09AA7A,
0A2AE1, 0AD7D3, 0BC68D, 0CEBC2, 0E47F7, 0FC50A, 11461C, 12AE23,
13D524, 148E66, 14CBB7, 1480D0, 13BCC2, 12BFE3, 11AD2B, 10B9C5,
0FF588, 0F5C18, 0EFC7E, 0EBB22, 0EA552, 0EA005, 0E9D6F, 0E8988,
0E425B, 0DBB1B, 0CED61, 0BDFB6, 0A98D8, 093102, 07ADF1, 061B47,
049F87, 033DCF, 02220F, 016669, 0112E7, 012685, 018E02, 023078,
02F1FB, 03A9AD, 042AF1, 0452AC, 040828, 035BDC, 025880, 0135B0,
001A44, FF3057, FE8AF7, FE285A, FDF913, FDE49C, FDD090, FD8FD5,
FD167F, FC4C98, FB3DB0, F9F192, F8820E, F71778, F5C305, F4A023,
F3C352, F32C81, F2EBDA, F2FC49, F34AF1, F3D303, F47828, F53632,
F5E6CC, F678BC, F6E621, F7163E, F71CA9, F6E1E5, F66564, F5B576,
F4CB6B, F3D5F3, F2CF4E, F1DC63, F1093F, F043B9, EFB3D5, EF4A78,
EF1EAB, EF40CA, EF9027, F00C55, F09324, F12075, F1B387, F251BB,
F312EE, F40015, F51A99, F67101, F7F141, F9A695, FB83BD, FD6442,
FF3E91, 00ECBC, 02755B, 03C627, 04E318, 05D10F, 06916B, 072C2C,
07A195, 07DFCF, 07E575, 07AA4C, 0723DF, 066C37, 058552, 047F86,
035491, 01FF95, 007A8D, FED9C7, FD31B8, FBA1E8, FA4983, F93CE6,
F8A05F, F872F0, F8BED2, F981C4, FA9CDC, FBF899, FD5914, FE9616,
FF90A8, 0037E9, 0080D4, 006427, FFD9C6, FEE7AE, FDADE0, FC2E05,
FA9F75, F906D7, F77B23, F600CA, F4A03E, F36986, F275A1, F1D1F2,
F17C0E, F17AD7, F1B339, F229D9, F2C68A, F39816, F4A006, F5F5FA,
F79CEA, F9891B, FBB39F, FDE7AF, 0008B0, 01EFA5, 037A42, 04AF61,
0585BA, 060AD6, 065275, 066E09, 067C31, 0691BE, 06BA8F, 06FD44,
075969, 07C8B4, 084171, 08BD4E, 093878, 09ACE8, 0A1369, 0A754C,
0AE33B, 0B7AA1, 0C62F8, 0D9515, 0F1396, 10BA6A, 12509A, 13B79B,
14B04D, 15402B, 15481B, 14E66B, 142736, 13334F, 122DFE, 113310,
1058BF, 0FAA10, 0F3F6C, 0F0728, 0F0A08, 0F168A, 0F29DA, 0F12B1,
0EC89A, 0E354B, 0D5B0A, 0C4866, 0AF958, 09875A, 07EFE3, 064F9C,
04BED2, 035F54, 025457, 01B42A, 019069, 01CEC9, 025C47, 031282,
03D1A9, 046C8B, 04C271, 04C10A, 0452C7, 039A47, 02881B, 016B35,
004B45, FF6B1B, FED2B8, FE78DF, FE5C89, FE4F91, FE3916, FDEB82,
FD5F8F, FC7F38, FB6D40, FA19BA, F8B5DA, F747C8, F5F0C6, F4D325,
F3F80D, F37BFC, F35619, F37BD5, F3D325, F4550E, F4F292, F5AA12,
F65F43, F6F084, F74EAB, F76191, F72E76, F6C579, F62D7E, F58008,
F4BAF2, F3D222, F2DAA0, F1E073, F0FA98, F03F66, EFB3C2, EF6735,
EF51D0, EF7BF7, EFCD26, F03BE6, F0C6B5, F14BBF, F1E908, F28FDB,
F35FFB, F450DA, F57619, F6C853, F84CA5, FA0BC2, FBDEE3, FDC134,
FF8D84, 013449, 02B298, 03FA26, 050E3F, 05EFB3, 06A3CD, 072358,
07744C, 0793F6, 078480, 074AD5, 06CED0, 061B7D, 052F33, 0405F0,
02B678, 013C91, FFA3A2, FDFFCE, FC5D74, FADA7A, F998D6, F8B547,
F83EE9, F83DC0, F8AD3B, F9851F, FAB6AC, FC127E, FD76F1, FEAE00,
FF9470, 0018DF, 002D7E, FFE237, FF3B9E, FE3F7F, FCFE45, FB8788,
F9F2CD, F854B4, F6B819, F53932, F3DB8F, F2C3F9, F1FC0E, F182BB,
F15745, F15F81, F19AE2, F1F96D, F2969E, F376AA, F4A27C, F61FC0,
F7DF8E, F9DEE4, FBFFEB, FE2B5F, 003CD4, 020B13, 038642, 049164,
053F55, 05A477, 05D690, 05FD76, 060FCE, 062DDB, 0661E5, 06B0BF,
071FBA, 07A164, 083354, 08ADF3, 091A73, 096C90, 09AD14, 0A071C,
0A7FA3, 0B3BE1, 0C4458, 0D958B, 0F1913, 10A6A2, 1225A4, 1365EC,
145483, 14CF58, 14D3C0, 146183, 139B61, 129302, 117C48, 10762D,
0F9879, 0F05ED, 0EA987, 0E878D, 0E8C6C, 0E9B3A, 0EA361, 0E8AF2,
0E39FD, 0DAAB2, 0CCED6, 0BAC74, 0A47E3, 08B264, 070559, 05583D,
03DAF7, 02A7FC, 01DC63, 0177EF, 017D45, 01D8CE, 0271CB, 03284F,
03E1F9, 047576, 04C4F0, 04B72B, 042ED3, 034E61, 022B81, 010358,
FFFBC3, FF371A, FEAD0C, FE5B45, FE3123, FE1556, FDF216, FDA376,
FD16BF, FC2BC4, FAFF02, F9A14F, F833F8, F6DB3B, F5A695, F4A16C,
F3DF6C, F36286, F33D54, F372EF, F3EE90, F4A016, F5535F, F5FF2A,
F688BC, F6E8A5, F71C28, F71264, F6DCCF, F6791A, F5EA81, F539A3,
F46812, F3818F, F28B26, F1A27B, F0CBBF, F01A53, EF985A, EF4A10,
EF3B0D, EF6612, EFC6E6, F042C9, F0CF5F, F169FF, F203EE, F2B491,
F37E73, F476BE, F5A55E, F7042F, F89509, FA4ABF, FC22CB, FE0B03,
FFE0D1, 018C41, 02F97A, 042500, 051415, 05D71B, 06726D, 06ECA7,
0742D2, 0769F3, 075A44, 071C21, 069FCD, 05E0EE, 04E71F, 039FEA,
0231A1, 00A030, FF019B, FD6719, FBE469, FA85C1, F958E6, F8956F,
F836E5, F856A9, F8F5F8, F9DFDA, FB2251, FC7614, FDC144, FED6AD,
FF96F9, FFF842, FFF967, FF9C12, FEE255, FDD487, FC76BE, FAEB1D,
F93E86, F7A77C, F62B1C, F4DBFE, F3C5BE, F2D208, F21CDA, F19B28,
F156C4, F1594C, F18660, F1F688, F29E4A, F38C05, F4D889, F67759,
F85BE5, FA6F35, FC9660, FEB2F2, 00AE9B, 026170, 03B2FA, 04A44F,
052CE5, 057677, 0590BE, 059EC8, 05C13F, 05F168, 0643FD, 06AF53,
0727BB, 07AC37, 0829F9, 089A65, 08F27D, 093A98, 097D4E, 09D571,
0A56F2, 0B1926, 0C1E16, 0D6AE2, 0EF2E4, 108EC0, 12206A, 136EC9,
145368, 14B756, 148F34, 13F7AB, 130674, 11F173, 10E257, 0FEF5E,
0F2D1D, 0EA469, 0E5098, 0E3A51, 0E54C2, 0E7927, 0E9FB5, 0E8BE3,
0E3977, 0D870F, 0C7E75, 0B2990, 099C59, 07FA29, 065A6C, 04DB8F,
0385D8, 027D85, 01C54A, 01870F, 01AF5A, 023427, 02F148, 03B9CF,
047140, 04EF0C, 051E18, 04ED0F, 045F29, 037E4D, 026757, 014820,
004AF2, FF95C7, FF2B7C, FEFEAD, FEEB39, FED370, FE9B8C, FE3301,
FD8D0E, FC9DA4, FB75CE, FA118D, F8A030, F73AB4, F605A0, F51483,
F46FF3, F425D5, F42B09, F47A7D, F4FAFA, F59A16, F644A9, F6E04D,
F764A0, F7B6B2, F7D48B, F7C6EB, F77D86, F7100C, F67ACD, F5C201,
F4F779, F41067, F31E0B, F2276E, F14C93, F099EF, F023BE, EFF214,
EFFC9D, F03BEB, F0AA35, F12A96, F1BE28, F2603F, F2FCC7, F3B5E6,
F47CAD, F57229, F6A80F, F81048, F9C061, FB90A6, FD740D, FF5A82,
011319, 02A642, 03FA26, 05038A, 05DA88, 068684, 071E4E, 07A233,
0809EA, 083953, 082486, 07C91C, 072500, 064456, 052979, 03DE78,
026B44, 00E3C9, FF4559, FDBA8A, FC3705, FAE991, F9E4CB, F9393D,
F90E57, F956E6, FA10B2, FB11AC, FC45DA, FD7E30, FEAE51, FFAD07,
00671D, 00BF55, 009BB9, 001002, FF1A5B, FDDEB7, FC78B8, FAEBFD,
F95DDB, F7D74E, F668D4, F5250A, F40829, F31D34, F26457, F1E69D,
F1AD5E, F1B204, F1FCE3, F285AC, F34B51, F45CC8, F5B51B, F75BF2,
F94CE8, FB6A36, FD95C1, FFA979, 01822C, 0301D0, 042286, 04E1E8,
054CBB, 058974, 05A60D, 05CAC1, 05F92E, 0636F0, 0686FC, 06E388,
0757DA, 07DB4A, 085768, 08C9ED, 092017, 095426, 098A7F, 09BF09,
0A2FDC, 0AEE2E, 0C062B, 0D7AA5, 0F1C44, 10C641, 124336, 136669,
141574, 1443F2, 13F77F, 134CC2, 125767, 11433E, 103004, 0F2FE2,
0E6A87, 0DED5E, 0DBE69, 0DD7BB, 0E1332, 0E465E, 0E4FF0, 0E1CD8,
0D921A, 0CC0C8, 0B9CD8, 0A3E17, 08B0D6, 06FCE2, 05520D, 03CBDB,
028CA2, 01AB47, 013030, 011077, 015493, 01E367, 029A03, 036838,
041280, 048597, 0494ED, 043B8D, 039261, 02940A, 018895, 007545,
FF8A90, FEE6EA, FE7F16, FE5486, FE46ED, FE40D4, FE158D, FDAAA5,
FCEF2F, FBDBE5, FA97DC, F926F2, F7BC12, F66BC5, F5588C, F487A1,
F4049B, F3CC5E, F3DCB0, F438CF, F4BE08, F5602C, F5FDE7, F68BD9,
F6FBFF, F73760, F756BD, F744D4, F70E93, F6AEFB, F6170C, F560E8,
F485A7, F39786, F2A56E, F1BB18, F0F14C, F04A58, EFDAF9, EFB067,
EFD0C4, F02959, F0A410, F12C13, F1BA3D, F25274, F2F3A9, F3A78F,
F47361, F576E5, F6B110, F838ED, F9F540, FBDBC2, FDCA42, FF9E4F,
014842, 02B470, 03F50F, 04F8BD, 05D747, 069396, 072A58, 07AE05,
07F6B5, 080F97, 07DB3B, 075DB6, 069E6A, 0598BC, 047805, 032134,
01A94A, 00122F, FE70C3, FCE87C, FB960C, FA7A68, F9A931, F92E7A,
F912BA, F96BDD, FA2BB6, FB4959, FCA20D, FDFAA8, FF3463, 00253A,
00A668, 00CBBA, 007490, FFC16A, FEC620, FD8B45, FC3662, FAC12F,
F94B82, F7CF97, F66974, F51AAD, F3FF52, F32441, F282DB, F21FDC,
F1FB1A, F20DDA, F26851, F304F0, F3D8D1, F506C3, F67B07, F83DF4,
FA43CE, FC6476, FE88A6, 008041, 0232E8, 038A15, 04868B, 0535A0,
059A32, 05D6FE, 05F4FC, 061187, 063323, 066C0D, 06C353, 074085,
07CE07, 085860, 08CEB0, 091B68, 094B13, 096133, 097E45, 09C1B4,
0A571F, 0B409F, 0C7FBC, 0DFED7, 0F95C1, 112BF2, 128D0A, 139D98,
1442A7, 145D3D, 13F694, 1316E1, 11F164, 10BABF, 0FA3BC, 0EBFD2,
0E22D5, 0DCC6F, 0DAB86, 0DBF9F, 0DE691, 0E0FF6, 0E19DD, 0DD508,
0D43E0, 0C4F9C, 0B1A33, 099F2A, 080785, 065EDB, 04BD9D, 035564,
0220DC, 015739, 00F397, 00F907, 015E3A, 01FAF5, 02BB24, 037833,
040CE6, 045E50, 0451AA, 03DFAF, 0316CA, 02103F, 00EB71, FFDFF6,
FF0B09, FE779E, FE363F, FE220B, FE20D6, FE147F, FDD109, FD46C7,
FC734A, FB56F4, FA003D, F89747, F734D5, F5F4AC, F4ECC7, F42FCE,
F3C229, F3ADBB, F3DD32, F43DD8, F4C0E2, F54A21, F5DBED, F65E97,
F6C371, F70593, F716F9, F6FB85, F6BB0A, F654AF, F5C3C6, F50B1F,
F428BA, F330BB, F234B3, F13BB7, F06E7E, EFD029, EF7327, EF6922,
EF9DC9, F004B9, F09039, F117DE, F1A4FA, F230E1, F2C7BE, F391DA,
F47E03, F5AA1A, F704AF, F89986, FA5A52, FC35FA, FE149E, FFD558,
016C43, 02CE71, 0401ED, 050BA4, 05F0DE, 06A85F, 0736BE, 079BE2,
07D7F3, 07E010, 07A589, 071F44, 0649DF, 0537B1, 03F213, 028ECE,
012091, FFA7A6, FE353F, FCC414, FB766A, FA4FAE, F98263, F91C1B,
F9236B, F9B33C, FAA614, FBE811, FD4DEA, FE9EB5, FFAF26, 0074BB,
00D337, 00D7D8, 008AF0, FFE5B4, FEF81F, FDC816, FC6842, FAEF62,
F96C3D, F7F438, F69931, F562E0, F45803, F38331, F2E4A6, F28640,
F26F6F, F29152, F2FA7F, F3A84A, F49C2D, F5E7F0, F77B38, F95B01,
FB64C6, FD8D09, FFA0DA, 01894D, 032C26, 046921, 054CD5, 05D4C3,
061EC6, 063FCE, 0652A8, 0676EC, 06ADE7, 070C3C, 0788DA, 080969,
088E67, 08F2D9, 093983, 096C1A, 09890C, 09B787, 09FAB9, 0A638B,
0B0A34, 0C0003, 0D4481, 0ED5A6, 1087B5, 1226E4, 1386F2, 14754B,
14DF0B, 14C280, 142F08, 1340A3, 122132, 10F7A6, 0FED0B, 0F1E7E,
0E8DDD, 0E4D1A, 0E499E, 0E721C, 0EA920, 0EC79C, 0EBA0D, 0E5824,
0DAC49, 0C9DD8, 0B4E88, 09CF0D, 0833BC, 069C8A, 0514F7, 03C2E1,
02B760, 020855, 01BD03, 01CBA9, 02339F, 02D233, 038B49, 044316,
04C6AF, 050496, 04E07D, 045A1E, 037AD1, 026651, 0149ED, 003E25,
FF8372, FF0424, FECD03, FEBA88, FEAE10, FE8CC2, FE34C9, FD8F0D,
FC910E, FB511E, F9E4D7, F877EB, F71E8F, F5F29C, F50842, F466D2,
F413F4, F40FBF, F44AAD, F4A94F, F52891, F5A8E8, F6233A, F69A26,
F6EB6F, F72D97, F73FB7, F726D6, F6DEE3, F6630E, F5BB98, F4E746,
F3EF97, F2DC7F, F1CCEF, F0E075, F02526, EFAC9A, EF79F4, EF7866,
EFB810, F01854, F08F49, F11284, F1953C, F227BA, F2CFA1, F3A48A,
F4AB54, F5E6AF, F74FC8, F8E85A, FA9E4E, FC6C76, FE3B99, FFF4B3,
0188CB, 02E25F, 040A0A, 050064, 05D0C1, 0689FD, 071E74, 0786EB,
07AFA7, 079256, 072EBE, 067E95, 059906, 0482CC, 03440B, 01F2C7,
008A5B, FF0EDF, FD8C9A, FC15A1, FABF7B, F9B47B, F90B9F, F8D1C9,
F919E0, F9C940, FACE56, FC0B17, FD4D6D, FE819D, FF7B94, 002C7C,
008C44, 0086EF, 002722, FF74B6, FE742E, FD36D1, FBCF47, FA4E15,
F8CDDB, F75D8E, F601D6, F4CE2B, F3BEEF, F2EC92, F25813, F20CC1,
F20980, F24887, F2CC8A, F3902B, F49DCA, F5F935, F7A6F9, F992E8,
FBAB6A, FDCEB6, FFD885, 01A8AA, 0327C6, 043F91, 04EF4E, 05511D,
058385, 05A87A, 05DDE0, 06282C, 067981, 06E053, 0746E7, 07BA2E,
083107, 089595, 08EB93, 091C67, 093CC1, 095D81, 09928B, 0A0947,
0AC9C3, 0BE9EB, 0D5646, 0EFB52, 10AD0A, 123A5B, 137D2F, 144440,
148A74, 144756, 139569, 129E3C, 117502, 105EBC, 0F62B8, 0EAA73,
0E43C6, 0E1CDE, 0E38B9, 0E7253, 0EA6F4, 0EB9A2, 0E8ADD, 0E0935,
0D330E, 0C12FF, 0ABBD8, 0936EA, 07ABB5, 0612A3, 049D45, 03600F,
026519, 01D970, 01A407, 01D6A2, 025726, 030775, 03CD60, 04791F,
04F6F7, 0519B8, 04E2E5, 0440D3, 034802, 022EB9, 010E7D, 002A67,
FF81E9, FF2365, FEFB05, FEEBDC, FEDC8A, FE9E51, FE2910, FD6525,
FC548D, FB0BBC, F99C0E, F837EC, F6EE1D, F5E09F, F5191C, F48DB3,
F44FD2, F447ED, F479A3, F4D8B0, F5497A, F5C930, F64527, F6B99A,
F71EF8, F76390, F771D2, F74D88, F6E7EC, F64E82, F591DC, F4A085,
F39B6D, F28EC7, F18A56, F0B764, F01856, EFBCA8, EF9EE7, EFB4AE,
EFEA67, F04277, F0B1C3, F13826, F1D740, F27C68, F3354B, F407F0,
F4F9DC, F62654, F79014, F928CA, FAE789, FCAC82, FE64E6, 0008BE,
0187E2, 02E07C, 040EA9, 05107F, 05E9E7, 06957C, 070E84, 075137,
07592D, 071C1F, 069B90, 05E154, 04ED9B, 03D6C1, 029195, 012AA6,
FFB001, FE213E, FCAA74, FB448F, FA2060, F941C7, F8CA84, F8BA44,
F91424, F9CFD8, FACF25, FC01E2, FD3758, FE59BB, FF45B7, FFE76E,
0025EA, 000C1A, FF94AE, FECEDF, FDC739, FC842B, FB26AA, F9AC0C,
F830ED, F6C0F0, F55EDE, F43587, F32AD8, F2603E, F1E155, F1ACF5,
F1CD7D, F232BD, F2CAF8, F39FD7, F4C21E, F63A90, F8107F, FA287E,
FC603F, FE7CCA, 0064F3, 01FD79, 033EBB, 0433FA, 04D83D, 05434E,
058553, 05B722, 05EFB6, 0632A2, 069680, 0706A3, 07812C, 080206,
086BD2, 08CF08, 09142A, 093480, 094A63, 095CFC, 09A35C, 0A305E,
0B0C28, 0C4B12, 0DC66F, 0F6CE8, 110D3B, 127C06, 139761, 143CE0,
14595E, 13F639, 1329B1, 1211C5, 10F088, 0FD68B, 0EFF60, 0E6D58,
0E2B1F, 0E29AE, 0E54D9, 0E9804, 0EC632, 0EC8F7, 0E7D35, 0DE9AB,
0D0B41, 0BDE8D, 0A82D1, 08F5BB, 075F99, 05D14A, 045FE3, 032E69,
02518B, 01DB19, 01D205, 022B3C, 02C764, 039874, 045F83, 050250,
055F45, 055F0E, 04FD01, 0442F6, 0349CC, 0235BF, 013639, 006001,
FFD151, FF8D7C, FF7980, FF7AB4, FF5B57, FF10A7, FE7E03, FDA7B4,
FC9064, FB44CD, F9F012, F8A6C9, F78436, F68BDD, F5D834, F5552F,
F51864, F51384, F54214, F5AC14, F629C5, F6B840, F740ED, F7B82B,
F81C5A, F84F80, F85818, F82019, F7AC6D, F6FBD0, F61BAD, F52753,
F42DB7, F341CA, F26479, F1A1C2, F10840, F0A6A3, F088AC, F0A26C,
F0F6AC, F16C98, F1F52E, F28170, F313D2, F3B51B, F46DC0, F54EAD,
F65332, F78DE1, F8FB88, FA8BF9, FC3AF9, FDECAF, FF9ADB, 013AC2,
02B411, 04123D, 053924, 0629D6, 06E8B8, 07672B, 07C977, 07F873,
07EF56, 07A2B6, 0711E8, 064081, 0537A1, 03FE1C, 029892, 011C9E,
FF929E, FE055D, FC91F0, FB4E5A, FA4225, F98A07, F924DA, F9202C,
F98E62, FA5A02, FB6F69, FCA5B4, FDD453, FEDC9F, FFA05B, 0018A4,
0037F1, 000060, FF6FD5, FE972F, FD82E8, FC435B, FADF9D, F95A20,
F7D01B, F652C7, F4FE55, F3E124, F2FBB7, F25A09, F1ED3D, F1BE18,
F1C9C2, F2255A, F2DB53, F3E193, F53C39, F6D588, F8A9E5, FAAB2C,
FCB291, FEA72E, 007499, 01F0CB, 03285A, 040956, 04A328, 050EE6,
055283, 0587FE, 05BE36, 06197D, 0683FB, 06FE64, 078536, 07EC23,
084C7E, 088C5B, 08A59D, 08BFDA, 08D65B, 09038C, 0960B0, 09FBDE,
0AEFE3, 0C3AC6, 0DBEC5, 0F67E6, 10FBB7, 125B0C, 135685, 13CCD3,
13BD4A, 132E64, 124606, 11267F, 1005F8, 0F0A64, 0E4E61, 0DD1CD,
0D960A, 0D9C40, 0DCB8C, 0E0B32, 0E36D8, 0E2B58, 0DE033, 0D3D92,
0C4672, 0B0BD3, 099052, 07FD4A, 064C99, 04B160, 034414, 0223E4,
0170F9, 012266, 0143BA, 01BF7E, 027A64, 034A28, 040EED, 049CBB,
04D5FD, 04B295, 041F6D, 034323, 023486, 0113D0, 0012E0, FF48C8,
FED9C1, FEAF5B, FEAD9D, FEAF66, FE86D0, FE2466, FD8531, FC9EFA,
FB91FA, FA6586, F91C14, F7D8D3, F6A899, F5AF2A, F4FE29, F49178,
F4691A, F472B3, F4B2CB, F51A19, F5A849, F65032, F6F840, F78485,
F7D5B8, F7E938, F7B8AE, F76292, F6D610, F6278F, F55648, F46D73,
F3723E, F2811E, F1AB9B, F0F8ED, F083CC, F038F6, F02FB0, F05CE8,
F0B301, F12D1C, F1AF72, F243C7, F2EDB2, F3A657, F47DCD, F57411,
F68697, F7C0A3, F91E0B, FAA12D, FC51F2, FE0CAE, FFC7F5, 01655F,
02DCF5, 0427AD, 05380B, 061C32, 06D011, 0759E4, 07B623, 07D670,
07B7C9, 07574A, 06A9BB, 05BCA9, 04973D, 0354A3, 01F9B0, 008A53,
FF0F03, FD8F3A, FC324E, FAFF33, FA10B0, F97321, F92E74, F94F59,
F9CC3C, FAA12A, FBB316, FCE0D6, FDF6DB, FED893, FF8380, FFE8D0,
00174D, FFEE4E, FF7241, FE9A59, FD750D, FC1467, FA92FC, F918FD,
F7A7F8, F64E20, F50A1C, F3E6C9, F3004A, F2579B, F1FC11, F1E920,
F2240F, F2AFC8, F3829F, F49DBB, F6040D, F7A79B, F97C3E, FB7295,
FD698E, FF55F5, 011041, 027EDB, 0393D3, 045B06, 04E7C5, 054AAD,
05A225, 05F433, 06509F, 06B546, 071815, 0788F5, 07F43E, 085D0C,
08AB0A, 08DC19, 090066, 091876, 0942C8, 09806E, 09F2C0, 0AB1B6,
0BBCDC, 0D2A63, 0EC2D9, 10777E, 1202E9, 132DF3, 13EAFA, 141DC6,
13D62E, 132C62, 1230C0, 110ECB, 0FF93C, 0F06FF, 0E5255, 0DEF24,
0DCE13, 0DE66E, 0E22FA, 0E56DA, 0E797E, 0E672F, 0E0422, 0D4FF3,
0C3761, 0ADE2A, 0953E9, 07A4CC, 05FCF3, 046839, 031033, 021856,
0181D1, 0162CC, 01A4C7, 022D6F, 02EA9A, 03B1BE, 046B27, 04E26B,
04F8BC, 04AA61, 03F568, 030541, 02001C, 01011F, 003229, FF914F,
FF2346, FEECC9, FED213, FEC9EB, FEA498, FE4396, FD9C18, FCA706,
FB84DF, FA48ED, F90CB7, F7E2F0, F6D21A, F5ED1D, F53824, F4CB84,
F4AB09, F4D398, F53734, F5CCEB, F66F6D, F71CF8, F7B1CE, F818DC,
F85713, F84F23, F8169D, F7A494, F71125, F655E0, F58045, F48B9B,
F39763, F2B109, F1E6C9, F141D3, F0BE2E, F074EF, F05C3F, F08ADE,
F0ECCE, F17A2A, F2225C, F2D019, F38022, F4333D, F4F462, F5D8F2,
F6DFCA, F815CC, F981C8, FB1015, FCC7D5, FE7F30, 00289B, 01AD8D,
03029D, 0429A8, 052330, 05FA2F, 06A7A0, 072852, 077680, 07906C,
07704C, 070657, 064D3E, 0546B7, 040F17, 02BBF3, 01511A, FFE483,
FE6DDD, FCF815, FB9FEB, FA701F, F9928E, F9162B, F9044C, F94C19,
F9E157, FAB871, FBB8FA, FCD49F, FDF13F, FEEC74, FFA71F, 000A81,
000B02, FFAD38, FF0111, FE109F, FCE7A9, FBA379, FA3FFE, F8DDF2,
F77B7A, F618FC, F4DD5B, F3C0D3, F2EC1D, F264D7, F228A3, F247B0,
F2AF5F, F35B3B, F448F0, F573A5, F6ECE7, F89DA4, FA81FF, FC7E8D,
FE6345, 003505, 01C7FC, 032059, 042C90, 04F1EB, 058065, 05EB84,
064EDD, 06A3A7, 06FBB4, 075314, 07A9DF, 0810A0, 08791D, 08E641,
093FC6, 098546, 09A39C, 09B6BE, 09DA60, 0A2381, 0ABD71, 0BA457,
0CDDFA, 0E566A, 0FEFCB, 118201, 12E095, 13E371, 146B36, 146AD8,
13F50D, 132A54, 12260B, 111271, 100BF3, 0F3375, 0EA94B, 0E6208,
0E60F0, 0E807B, 0EB11B, 0EDF4F, 0EDFE0, 0EB027, 0E3018, 0D5627,
0C2E0A, 0AB2B6, 091531, 076ACA, 05C4ED, 044FD6, 030CC5, 022AB3,
01BEC2, 01C4D6, 0233FD, 02DAFC, 0396AF, 043D6C, 04BA1A, 05000A,
05031C, 04B134, 04075D, 030DF1, 01F633, 00E635, 000B62, FF7611,
FF1AC3, FEF75F, FED955, FEB272, FE6D99, FDF97C, FD5269, FC6DCB,
FB4E59, FA0E64, F8CFB2, F79B00, F6813F, F599DA, F4ECEA, F497D9,
F49F40, F4F1CD, F57F26, F61DBF, F6C429, F75B76, F7DCC3, F8437C,
F86D67, F85D2E, F80E6F, F7868C, F6DFF0, F623DE, F55252, F47EC1,
F39CBE, F2B4B0, F1DA42, F11C70, F0938F, F04E8B, F05323, F095F1,
F1175E, F1B895, F25E40, F2FFC7, F3965C, F43749, F4F730, F5DBF8,
F6EEFA, F82A94, F98D1B, FB1E6C, FCCC82, FE830C, 0029EE, 019940,
02DA14, 03F3C9, 04DD60, 05B15B, 06582C, 06CCC5, 070A51, 06F1CF,
06A225, 060F95, 054346, 043E21, 02FEDA, 019262, 00126B, FE8FAF,
FD21A0, FBCFD4, FA9E5C, F9A3EB, F8DB11, F861FD, F84307, F87E4F,
F91DE2, FA0889, FB32C2, FC6CFB, FD8746, FE663F, FEE9A5, FF15FB,
FEEF2D, FE7B65, FDC6CD, FCE83D, FBCC4F, FA8946, F91702, F78C2A,
F612A5, F4B315, F38576, F29001, F1E23A, F17CEE, F16A06, F1A511,
F2290E, F2F659, F3F50A, F5328D, F6AF52, F85EE7, FA3F98, FC2ADE,
FE09A8, FFCAD8, 0153D0, 029A80, 03A3DC, 046765, 04F34D, 055B6F,
05A2E1, 05F634, 065C34, 06CEE6, 074F90, 07BF54, 082BCB, 08878E,
08D1E0, 09051D, 092B27, 094CDE, 098BC8, 09F896, 0AA663, 0BAA16,
0CF36B, 0E76C8, 100A1C, 11935E, 12DC42, 13C4F7, 143343, 1416AB,
13903A, 12AE9E, 11A2FC, 10952E, 0F9F02, 0EE100, 0E59FB, 0E24F1,
0E2A63, 0E616A, 0EA25E, 0EC33A, 0EBD03, 0E7192, 0DDBB2, 0CEF08,
0BABB3, 0A22F6, 086D12, 06BA66, 051C15, 03CE5A, 02D008, 023009,
01F6D2, 020860, 0273A4, 0313FB, 03CE2A, 0486A3, 0501DA, 053A92,
051ADF, 04A844, 03F19F, 02FDF7, 01F5F0, 00F6DC, 002EC3, FFA557,
FF51B8, FF1F7D, FEF110, FEC967, FE7BEE, FE13DE, FD6DD5, FC8170,
FB6279, FA0D1F, F8B77C, F77C89, F66D29, F5A93F, F52370, F4EAC1,
F5019E, F55410, F5EB54, F69522, F74283, F7D2DA, F836AB, F8739F,
F8824D, F867C7, F81B6E, F7AC63, F720C2, F68523, F5C1BF, F4E2AE,
F3DE88, F2DD51, F2025A, F15B43, F105B9, F0F196, F11DDA, F17AA1,
F1FC95, F29E9E, F34211, F3EE89, F48820, F52DD4, F5E892, F6C852,
F7E9AF, F9321D, FAAEB4, FC4435, FDE04D, FF880D, 01219A, 02A2AA,
03F4B0, 050CED, 05F08B, 06A842, 073F37, 07A2CF, 07CFB6, 07BA89,
075504, 06A6B5, 05A969, 047A16, 032168, 01C0A6, 005E39, FEFDEA,
FDAA28, FC6754, FB3884, FA2DBB, F96A06, F8F336, F8F39D, F95CCF,
FA228B, FB2E39, FC44AB, FD568D, FE3F17, FEF3D7, FF6AD8, FF9326,
FF73EB, FEFDEC, FE4A55, FD4C42, FC1A64, FAB89D, F93EB2, F7BCEE,
F63D33, F4E659, F3C0C0, F2E0FF, F25061, F20B38, F21692, F26BD8,
F30BF1, F3E2FB, F4F393, F636DE, F7AB08, F95D43, FB3654, FD26F8,
FF0ECB, 00C5AD, 0242A2, 037563, 045FA4, 050DE3, 058896, 05E890,
063F01, 06940F, 06F122, 075840, 07C42A, 082C2E, 088991, 08D598,
091153, 093F5C, 09662E, 098C71, 09D018, 0A445E, 0B00DC, 0C1204,
0D66F4, 0EED15, 107835, 11E3A3, 130B8B, 13CF58, 14138C, 13DB30,
133439, 1245BF, 113C4F, 1035C5, 0F4FE4, 0E9F1B, 0E2C92, 0DFA84,
0E079D, 0E3B46, 0E8C4E, 0EBF03, 0EB0EC, 0E3F59, 0D6B6D, 0C4D1B,
0AE9BA, 096524, 07BF5F, 061E48, 04A6E2, 0368AE, 0289FA, 0206E9,
01DE7D, 0203F1, 02713F, 030CEA, 03BFE2, 0465F2, 04CF8D, 04FAA6,
04C3F5, 044E7B, 0392F2, 02A6D8, 01B909, 00BEF5, FFF340, FF5F2E,
FF022D, FEF2A8, FEEA34, FED188, FE8BF0, FDFEBF, FD433E, FC4678,
FB18F9, F9CBD8, F870B4, F73CC9, F63BFC, F58721, F52C19, F51D3E,
F55B29, F5D313, F66E42, F70935, F79550, F8002D, F84D1A, F885F4,
F89D17, F88BC7, F84E6F, F7DDCE, F73ADF, F679E9, F5994C, F4A85E,
F3B039, F2B9F8, F1E4EC, F14AD5, F10D63, F1212C, F1735A, F1EFC9,
F273BC, F30B95, F3A456, F443C4, F4E6BF, F58EBD, F646CD, F71E90,
F830F6, F97C68, FAFFBB, FCAA08, FE5A96, 000624, 01949B, 02F48F,
042A1D, 053490, 0611B8, 06C212, 074966, 079869, 07A9B8, 076BAC,
06D4A3, 05FBF0, 04EEFF, 03D41A, 029CCE, 0165AD, 0015AD, FEB736,
FD5595, FBF952, FACC09, F9DD24, F947CB, F906D7, F92E36, F9A8CF,
FA6ED6, FB6E76, FC7F51, FD92CC, FE7C4F, FF2EA4, FF9A7E, FFB8B1,
FF92AC, FF1109, FE471C, FD34CA, FBEF74, FA79FC, F8EB89, F7558A,
F5D7E3, F48B05, F3839E, F2C66E, F2534A, F237BF, F2568B, F2BBB8,
F35400, F425B1, F53525, F67F6D, F80767, F9BE77, FBA187, FD8702,
FF5923, 0102A6, 025FD6, 037ED4, 044D68, 04F11E, 0568F8, 05C980,
061F96, 0669E9, 06BBF9, 0714F7, 077039, 07C744, 081B4A, 085FEA,
089C22, 08C972, 08EBF4, 092128, 0974A0, 09FD06, 0ACC7D, 0BE217,
0D423A, 0EC7F2, 1048B5, 119D00, 129337, 132C00, 134C80, 12FFE7,
124FB6, 114F6B, 102AE1, 0F0BAC, 0E252C, 0D8851, 0D3A58, 0D3372,
0D5ADE, 0D9ADD, 0DD62A, 0DE23C, 0D9AC3, 0D0446, 0C0D1F, 0AD250,
0969B9, 07E00E, 0659E4, 04D42F, 037561, 024AB5, 018215, 011E08,
011986, 015A9A, 01C5DD, 025110, 02ED69, 038BF1, 0406C9, 0437F0,
0403B1, 036D72, 0285F7, 018194, 007BB4, FF9135, FEDAD2, FE64E0,
FE2FA8, FE2D0D, FE3738, FE29B4, FDF21C, FD68D5, FC9BA9, FB8804,
FA3DD1, F8E585, F78E7E, F669B7, F590D3, F50C19, F4E170, F4F840,
F53F0D, F5A926, F62FB3, F6B949, F7527F, F7CBD3, F82F6B, F86A32,
F87815, F86937, F822CF, F7ADE4, F6FAE6, F61F00, F520E5, F42104,
F32797, F24F8E, F1A796, F137F0, F111C1, F13119, F1915A, F221C4,
F2C1AA, F36151, F3FFFD, F49208, F533E0, F5D56D, F69996, F78525,
F8AB9E, FA178B, FBAFBC, FD686B, FF1554, 00AF16, 0220C7, 037887,
04AE0B, 05C5DB, 06A2D7, 074D99, 07A758, 07BFCF, 079EE7, 07380B,
06AED2, 05E9E4, 04FE81, 03DD39, 02A619, 01509B, FFF457, FE9280,
FD307C, FBF1E1, FAE0A8, FA1329, F9935B, F967F6, F99520, FA213B,
FAF6F6, FC00FA, FD1FA5, FE2D27, FF0FFC, FFB11F, 001262, 002213,
FFE658, FF5BD1, FE7258, FD5193, FBE8FF, FA6302, F8CEF4, F74AB0,
F5ECBD, F4C5F4, F3E59B, F34C79, F304AB, F2FE11, F3330C, F39B16,
F43B69, F51304, F634BE, F785D2, F92221, FAE155, FCBF2B, FEA59D,
00616E, 02032E, 0357B9, 04738C, 054882, 05E0F6, 065588, 06AA80,
06FA93, 074001, 0788F4, 07D63A, 0827F4, 088806, 08DC9D, 092676,
0955D7, 097686, 09980E, 09DB72, 0A46F0, 0AEBDF, 0BCA42, 0CEE24,
0E4C2A, 0FC404, 114744, 128C08, 1379FA, 13F291, 13DE33, 135991,
12790D, 116149, 104327, 0F4027, 0E7675, 0E0132, 0DD7CE, 0DE1F1,
0E0F6D, 0E31DF, 0E3DAF, 0E20AC, 0DC44C, 0D197C, 0C1AB7, 0ACE12,
095349, 07C995, 064AAB, 04EA39, 03A93E, 029E73, 01D799, 016C95,
0158AC, 019E03, 021C9F, 02C1D3, 036F63, 040041, 04677C, 04744C,
04262F, 037D07, 028589, 01747E, 006774, FF8145, FEDA86, FE7927,
FE52EE, FE5A2C, FE6314, FE4B04, FDF375, FD3911, FC3C59, FAF65F,
F9A911, F85755, F72BAC, F636E4, F577ED, F512A6, F4E78A, F502EB,
F55380, F5BCC9, F640A4, F6C72B, F7545F, F7D8A2, F8472B, F88803,
F891E7, F8664D, F80717, F7773E, F6B583, F5D526, F4D347, F3D16E,
F2DEB1, F21213, F181C6, F12EE9, F12B7F, F165CB, F1DECF, F27C85,
F318F1, F3B1CF, F4303F, F4B584, F53F23, F5F46F, F6CFAF, F7E0FD,
F91FDC, FA7F6C, FC0913, FDABEE, FF68EE, 011749, 02A2A3, 03F8A7,
051106, 05F4A2, 069D54, 071766, 075A11, 076E8D, 074E4C, 06F3EF,
066C7C, 05A162, 04A6B5, 037E20, 023197, 00DD9C, FF7BC3, FE1E15,
FCCB23, FB8FE7, FA8751, F9BE4C, F9476D, F934AA, F986FF, FA2AD1,
FB17DA, FC2679, FD4333, FE50FD, FF316E, FFCFE9, 0024FF, 0021B0,
FFC67D, FF162C, FE09E6, FCC416, FB4DDE, F9C217, F8379C, F6CE2D,
F58B66, F4865A, F3C5CD, F3437D, F30CC0, F31751, F35C55, F3DC70,
F493E5, F5781C, F6A6E4, F80422, F9A51D, FB7371, FD4FA2, FF3249,
00F0E9, 028B02, 03E645, 04F172, 05B1AD, 062C91, 067EA6, 06BDE0,
070058, 0746D0, 0792D1, 07E51B, 0835DF, 088DB2, 08E2AD, 0931B7,
0974A2, 09A32E, 09D69E, 0A1395, 0A7FBB, 0B2D16, 0C1AC6, 0D59C5,
0EC57D, 1040B5, 11B59F, 12DF1A, 139DE0, 13E243, 139AC4, 12F51F,
121140, 110DD0, 100ABD, 0F2967, 0E778D, 0E09B6, 0DEA91, 0DFE09,
0E3281, 0E57A4, 0E5419, 0E11F8, 0D8D6A, 0CC3AB, 0BB669, 0A767D,
090E83, 0790EB, 0617B4, 04AD33, 036C03, 026CEB, 01AF03, 015671,
015B6A, 01B197, 02500E, 02FEF4, 03B563, 044CAC, 04A2A9, 04AA0F,
044066, 037CBA, 026AB4, 014375, 003321, FF6367, FEE495, FEAA63,
FE9890, FE92B6, FE7673, FE2ED1, FDAAA7, FCD827, FBCEB5, FA8D21,
F9451C, F80B67, F6F5DD, F6267B, F5826E, F519D9, F4F0F8, F4F607,
F53EBA, F5B0CD, F6376B, F6D34B, F7667F, F7DFE9, F83DD7, F86020,
F857EA, F81D64, F7A1ED, F6FDA3, F627B3, F52C5B, F41F60, F315B1,
F22740, F171EB, F10358, F0D938, F0EBD9, F12D8F, F196BE, F21553,
F2A539, F33F0B, F3CD01, F45C38, F4E985, F5881D, F652AE, F74DE7,
F883A1, F9FA80, FB9F24, FD6565, FF32C2, 00D8F6, 024E93, 038319,
047363, 05399A, 05D0E9, 06434C, 068ACA, 069ADB, 0669D3, 05FEA4,
0559CA, 047CAE, 037C01, 024B30, 010054, FF9FD2, FE3860, FCE02F,
FB9E83, FA85E0, F99BA5, F8F035, F89E17, F8A3D9, F905C0, F9BD45,
FAB266, FBD272, FCF681, FE05AD, FEE5DB, FF7A2B, FFBD88, FF9E03,
FF179C, FE44B0, FD24A2, FBCCF1, FA5EAC, F8D8A3, F761B2, F6070A,
F4DA6F, F3F141, F3457F, F2DFD8, F2B861, F2D0CB, F332D9, F3C6FF,
F48F06, F58F63, F6BCF5, F82E97, F9D5EA, FBAD33, FD9CBE, FF8770,
014D6E, 02CD05, 040BE6, 04FD98, 05AD39, 0628DF, 0674C9, 06AE76,
06EC96, 0727CD, 077DD3, 07D592, 083694, 089A96, 08F10C, 09452E,
0977DD, 09AABE, 09C8AE, 0A07DB, 0A881A, 0B4F34, 0C6C22, 0DBFAE,
0F30CF, 10A68C, 11F0E8, 12F432, 139888, 13C56A, 13841C, 12DAF9,
11EF6C, 10EB04, 0FF9F9, 0F342F, 0EA989, 0E5E01, 0E4599, 0E5719,
0E6F1A, 0E7A2E, 0E60CC, 0E1303, 0D9040, 0CC46A, 0BC187, 0A818F,
09157F, 079948, 061DF1, 04C74B, 039BCC, 02B04F, 020C1F, 01C0F7,
01D9C0, 024C8F, 0305F5, 03DBC7, 04A3B7, 052F47, 055C35, 0523A0,
048C77, 03B03F, 02A835, 019D0A, 00B749, 000DCC, FFB277, FF8F00,
FF8AC0, FF816B, FF53B3, FEF52D, FE55E0, FD81B4, FC7B83, FB4D26,
FA124B, F8E4BE, F7D64F, F70070, F662B1, F602BD, F5E56B, F5FEDF,
F65182, F6CED4, F76538, F804BB, F89072, F8FDEF, F94E2C, F96F16,
F95796, F9092B, F8722B, F7A559, F6B7BE, F5AD95, F4ADE0, F3BECC,
F2EABE, F24847, F1D23E, F1A231, F1B2E7, F1FAFA, F27A01, F30D77,
F3A6CD, F4315D, F4A1E8, F50BE8, F58148, F61EBB, F6F7F7, F8163F,
F97FEE, FB182B, FCCDD7, FE89EF, 002CFF, 01B7A7, 030C02, 04209E,
05027C, 05A84D, 062FFE, 0689B0, 06BDF5, 06C5BA, 068729, 061225,
0555EF, 04646C, 034B18, 020B3E, 00BAD4, FF5169, FDF5E7, FC9D4B,
FB62F4, FA5069, F9725F, F8D902, F88FAE, F8A6C9, F91B63, F9F62A,
FB0524, FC3626, FD5E30, FE5A00, FF29B2, FF9992, FFBC79, FF769E,
FED204, FDE2CB, FCA1F0, FB48EC, F9CBA0, F855EB, F6E54E, F59A9B,
F47968, F39ABB, F306EB, F2AE2C, F2A1B9, F2C48D, F3223B, F3B538,
F47D8A, F5922C, F6CA95, F85456, FA0214, FBE42F, FDD614, FFB26D,
016DDE, 02D787, 04065D, 04E0B7, 057A91, 05E871, 0623BC, 065DD5,
069811, 06DAB6, 07404C, 07A20C, 080B22, 086AA6, 08AE3C, 08E8B2,
090D91, 093973, 0971CB, 09CF5F, 0A623C, 0B3AD2, 0C5CE3, 0DB95C,
0F2F62, 109BCD, 11D1A6, 12AF31, 1329CB, 132811, 12BDCA, 120646,
111AD8, 10320F, 0F5B35, 0EAF12, 0E35EC, 0DEE58, 0DD928, 0DE560,
0E016B, 0E0D61, 0DF325, 0D95E0, 0CFC23, 0C1D30, 0B0794, 09CDED,
086E45, 06FD55, 058130, 0415DC, 02E364, 01FC54, 018549, 01768A,
01C4FF, 026E93, 0335A5, 04094D, 04B9B1, 05194A, 05214D, 04C448,
04155C, 032B91, 02346E, 014727, 0079BC, FFEB6A, FF9485, FF701B,
FF6A65, FF5A65, FF284E, FEB93C, FE0980, FD2091, FC0CFB, FAE76D,
F9B534, F894FE, F793F4, F6CA6D, F643E7, F602D2, F5FBDC, F63618,
F69A26, F72065, F7C97C, F860C8, F8FD57, F963A0, F994D2, F98D99,
F94057, F8CAE5, F829E8, F76AC5, F692BF, F5A242, F4AE2B, F3C060,
F2F213, F25893, F1FFD6, F1EDE9, F2254C, F28C00, F30CE0, F39425,
F40C53, F47FB5, F4EE45, F56053, F5EEDA, F6A669, F79D54, F8DA17,
FA555D, FBFF48, FDBE5D, FF76A6, 010EE1, 02784C, 03AC1E, 04AAD4,
0578F2, 062026, 06A11F, 06F8AC, 07233E, 07122D, 06C66A, 06304D,
055653, 04484D, 0311B5, 01D16A, 0081AD, FF2A1D, FDCE0F, FC7710,
FB3BD0, FA25B1, F953E7, F8C8B3, F8989F, F8C803, F94DAD, FA2C88,
FB3D4B, FC7030, FD8D63, FE7E17, FF262A, FF73A5, FF7291, FF0F05,
FE5AA6, FD57E3, FC0C13, FA9DD5, F91F45, F7AC1C, F64B74, F51790,
F409F0, F3420F, F2C2E4, F282F7, F2867C, F2BBD2, F3260C, F3C4C1,
F495EF, F5A59F, F6F948, F881CC, FA447D, FC2385, FE061A, FFE0F9,
017E00, 02DD7C, 03E713, 049E60, 05287E, 057CE4, 05CDBC, 060E63,
0657E0, 06A99B, 06FF7F, 076675, 07C454, 081E56, 0863F8, 0891D0,
08B9C2, 08D8C6, 09134D, 0976F5, 0A1BF1, 0B0E9A, 0C4167, 0DA1D3,
0F0B16, 105FF9, 117CF8, 124441, 12A6D8, 129DD0, 1230DF, 117059,
108B47, 0F92FC, 0EC099, 0E20FC, 0DB649, 0D83A1, 0D70B6, 0D7010,
0D7679, 0D6E97, 0D4376, 0CF0BC, 0C579B, 0B89F2, 0A777C, 0930F9,
07BF27, 0632D3, 04B12F, 034815, 023358, 017BBC, 012D8F, 015695,
01C037, 026BDF, 032249, 03D306, 045D6F, 049F0E, 04902C, 041AAE,
035C31, 02702E, 017CF5, 00A4C4, FFF63E, FF7C5D, FF313E, FF0DB4,
FEFA4A, FEDBC2, FE9800, FE1DC7, FD6144, FC6B67, FB4C03, FA15B1,
F8F0AE, F7D966, F6ECE1, F62FBB, F5AE33, F57933, F5934E, F5EEBF,
F67CF3, F722AA, F7C4FC, F85F9A, F8D355, F928C9, F94E91, F944AD,
F90C67, F8A43C, F80D43, F747C4, F66872, F573C3, F48298, F3AB43,
F2EFBF, F273FB, F238E5, F23F43, F288E4, F2FB87, F38135, F4098E,
F4855C, F4EF0E, F5580B, F5D511, F67BFE, F76355, F887C0, F9ECD5,
FB7883, FD2C4D, FEDB03, 008351, 02041F, 035320, 047FD8, 056E3F,
0643AC, 06DF9A, 075B58, 079F49, 07AEA6, 078637, 071A0D, 067868,
059F9C, 0497FA, 0370DF, 023356, 00E322, FF9336, FE4176, FCED22,
FBB53A, FAA02E, F9D118, F95BE0, F94F4E, F9A301, FA4D8A, FB482E,
FC627B, FD8D9D, FE9913, FF6968, FFEF7A, 001DD6, FFF9DD, FF7B95,
FEB052, FD9C11, FC4D7B, FADCED, F95F60, F7F1A2, F69F3E, F58365,
F48803, F3D401, F357E7, F32266, F32DF8, F36D65, F3E050, F47930,
F556BF, F669A8, F7CB2B, F972D7, FB4570, FD3277, FF1949, 00D873,
025EF9, 0393F9, 047899, 05182D, 057B77, 05C1C8, 05FCE0, 063ABB,
068500, 06E353, 0743E9, 07A941, 08076C, 08527B, 088DB6, 08B31D,
08D3A8, 09045F, 095562, 09D2B6, 0A8803, 0B76E4, 0CA08A, 0DF878,
0F5EA3, 10AC93, 11B95C, 12662B, 129F45, 126BAD, 11E3EA, 111F1B,
104464, 0F6E0F, 0EAD75, 0E128B, 0DA1FF, 0D5C24, 0D4243, 0D43A4,
0D539C, 0D5722, 0D3568, 0CE351, 0C3F4C, 0B57E2, 0A21F0, 08B3D9,
07301F, 05A13C, 042C57, 02E9E5, 01ED60, 015E30, 013700, 016E87,
01F6FE, 029488, 034611, 03D520, 043A5B, 046006, 04386C, 03C475,
03084D, 0224C7, 012EB7, 0055AB, FFA5DD, FF3C47, FEFD03, FEE2A6,
FECB1A, FE9B48, FE43B8, FDB846, FCED0E, FBED34, FACD60, F98F23,
F861AF, F7430F, F6519B, F5AAFE, F546C5, F53B23, F571D4, F5DA32,
F666B3, F6F83A, F791FF, F81993, F888C5, F8DC32, F8F7EA, F8E811,
F89860, F81CE5, F7724F, F6A93F, F5C6B8, F4D30E, F3EAC3, F31232,
F276FB, F2120D, F1F9DC, F218D0, F26657, F2D52F, F3473A, F3BCE1,
F42B69, F49C07, F5194F, F5B30B, F67D18, F77599, F8AEFE, FA165E,
FBA653, FD4CA9, FEF889, 0095B7, 02169C, 036EEE, 048F1D, 057F66,
063D02, 06CFE4, 073737, 076BE4, 076AA8, 0726B7, 06AEA6, 05FBE9,
051CB1, 041AE9, 02F1FC, 01B93B, 006D5E, FF1412, FDBD4E, FC7560,
FB4896, FA5ADE, F9B11D, F9667D, F98355, F9F7BD, FAC2AA, FBBD76,
FCD8EB, FDF94A, FEF2C7, FFBC8A, 002E4D, 004680, 000234, FF6B6A,
FE8917, FD6F7A, FC2430, FAB949, F94D66, F7E27E, F6A772, F59731,
F4BE4D, F42723, F3C4AD, F39B2B, F3A57B, F3DECB, F44DC0, F4F89C,
F5E51B, F716AE, F891D5, FA4BB4, FC2C0F, FE1C18, FFF943, 01A182,
030F7B, 04232E, 04E690, 056974, 05B9B5, 06010D, 06441E, 069451,
06E678, 073BA4, 078ABB, 07D98E, 082936, 08731D, 08B5AC, 08E555,
090F54, 093E70, 0984BF, 0A06C8, 0AC65C, 0BC858, 0D08E1, 0E638C,
0FB5DA, 10E925, 11CDE7, 125587, 1279CC, 12350D, 11AD56, 10EF65,
10150E, 0F3B23, 0E6C2E, 0DCB78, 0D59E3, 0D2C1F, 0D2C02, 0D499B,
0D69CA, 0D6436, 0D38D9, 0CC479, 0C0E10, 0B057F, 09BE41, 0841F7,
06B0A9, 05249D, 03C32C, 02A511, 01DB78, 017109, 015BF1, 019A61,
020D5B, 02ABB2, 034B6B, 03D8B7, 042EE9, 0441D7, 03FCAF, 0369DF,
029F6F, 01AEA8, 00C760, FFF6FB, FF562A, FEE664, FEA603, FE8286,
FE6672, FE36F0, FDD867, FD4386, FC6202, FB4D9E, FA1719, F8D2BB,
F7AF54, F6A59B, F5DD5E, F54A50, F4FCCF, F4F564, F52DEE, F596AA,
F6227B, F6BF37, F74D8B, F7D9AD, F841E1, F87F71, F89B9A, F8760C,
F821DB, F7927F, F6D8ED, F5FD49, F50B9C, F41F08, F33A4C, F27D97,
F1EF6D, F19FC5, F19316, F1B752, F20880, F26C1F, F2E072, F35735,
F3D4E7, F456EE, F4E343, F58EAC, F651BB, F74F6F, F88406, F9E9DE,
FB7F34, FD2E5B, FED7DE, 007A21, 01F660, 033FD6, 045A6E, 053AB5,
05EA14, 0669A4, 06BF5D, 06E29E, 06D58F, 068E4B, 060FE5, 055DE0,
047C9A, 037DA9, 025409, 0112B6, FFC351, FE62F4, FD1709, FBDAC7,
FAC7CB, F9F1C7, F95F64, F92ACE, F95926, F9ECDD, FACCAA, FBE942,
FD1932, FE3550, FF33F1, FFDFED, 00455D, 0048AF, FFF728, FF4C95,
FE59BF, FD2EEC, FBDA9C, FA738C, F90936, F7B770, F686B2, F592D1,
F4CC38, F4475C, F3F0F0, F3D5E2, F3EEE2, F43A8F, F4BFD9, F57ED1,
F6843A, F7CC8E, F96087, FB2D85, FD1D0A, FF031F, 00D10B, 02545B,
03A32D, 04A2A4, 05618C, 05F1B4, 064DE3, 069F62, 06D994, 0720CF,
076B98, 07C60C, 082624, 087F68, 08D9D4, 091CFD, 095193, 097C0C,
099EA3, 09D853, 0A381D, 0AD3C6, 0BAED9, 0CC512, 0E075D, 0F55D3,
109F90, 11BF55, 12A13F, 132666, 134244, 12F45C, 124D3B, 11784C,
1081DA, 0F9F60, 0ED7AE, 0E446A, 0DECAF, 0DCC55, 0DDA70, 0E03F1,
0E2901, 0E290E, 0DED84, 0D5FAF, 0C85D4, 0B5A2D, 09FA0F, 087C00,
06F024, 058412, 043529, 033206, 027D4D, 021D21, 021F8C, 026061,
02E4F6, 03784B, 041375, 048584, 04CB3B, 04CA25, 04787A, 03DD7A,
0303C2, 020A3E, 010F87, 003EBD, FF9F30, FF4255, FF1578, FEF8DA,
FED6C4, FE92C6, FE1795, FD64D8, FC705F, FB4FD6, FA1037, F8CB7D,
F7A112, F695AD, F5D661, F55086, F517EF, F51DAE, F55A06, F5CBCD,
F654B5, F6EFA1, F7859A, F80A61, F86EA0, F8A1A6, F8A55A, F86C7B,
F7FEB2, F755BF, F68912, F5A57E, F4B99E, F3DDFB, F30D01, F25DF9,
F1DEDE, F18DF7, F17D5A, F1A877, F1FC38, F271DC, F2EE1C, F368B6,
F3E1CD, F45EB9, F4E7A4, F58A23, F65717, F75642, F8917C, FA004B,
FB9CC6, FD491B, FEFC85, 009305, 01FD7E, 0339B1, 043738, 05017B,
059198, 05F742, 0635BC, 0648D4, 063B41, 05E4E7, 056835, 04A3F7,
03B884, 02A5E9, 0174EA, 0039E5, FEE1DC, FD919C, FC396B, FB041B,
F9F139, F92550, F8A72D, F88B36, F8D939, F98227, FA7BE1, FB9DE8,
FCCC0A, FDE5A8, FEC5AB, FF60BE, FFAA17, FF936D, FF2B63, FE69D0,
FD66B9, FC353B, FADB58, F97F63, F820A1, F6D856, F5C25A, F4D2E0,
F42033, F3A45A, F35F48, F347CA, F36BEF, F3CB3A, F46713, F55169,
F67886, F7DDBE, F9803F, FB4850, FD2559, FF0109, 00BAF1, 0239D6,
037C37, 046891, 0518C9, 0597C1, 05E99E, 063604, 067A29, 06C6A5,
07233C, 078353, 07DFA6, 083A2C, 0885E3, 08C636, 0905F5, 0937DB,
09774D, 09C6EB, 0A2C85, 0AD44E, 0BAE6D, 0CCC49, 0E24AA, 0F8186,
10E1C0, 1202F5, 12D694, 1346A7, 1342C6, 12E4B6, 122D14, 114927,
1051E8, 0F7035, 0EBEB5, 0E4C85, 0E1A7C, 0E28FA, 0E5468, 0E8835,
0EA7BE, 0E88DF, 0E2FA0, 0D84CD, 0C89C8, 0B5C2F, 09F470, 087814,
0702C4, 05990D, 046B3C, 037D9F, 02DE8C, 029A50, 029E96, 02F023,
036FEE, 0407D1, 04A231, 0518A4, 05571E, 05426E, 04D856, 0425BF,
033B57, 02439B, 015811, 0092DC, 000ABC, FFB4BA, FF884C, FF6AC2,
FF3A83, FEEE7C, FE5845, FD8FEC, FC887A, FB5934, FA21A6, F8E38C,
F7CEC8, F6DA27, F6284E, F5B794, F58AEE, F59F63, F5F09E, F66587,
F6F89E, F79C3E, F83004, F8AE9E, F8FC47, F90D13, F8EB1C, F89523,
F8110F, F76CAC, F6A74E, F5CFD0, F4EFF7, F41037, F349CA, F2A55F,
F233AC, F1FE6D, F1FCEF, F236E7, F29956, F31004, F39045, F40713,
F47747, F4EAFF, F5697B, F608A4, F6D424, F7D7AC, F918F8, FA93A6,
FC3FAB, FDF59B, FFA86A, 012A16, 0279FF, 038D71, 046DF2, 05238B,
05A781, 060E06, 063E26, 06490B, 061DFA, 05B7EA, 05267D, 045833,
036395, 024602, 010B62, FFBFE3, FE5F4B, FD0001, FBA937, FA7525,
F972F3, F8BCA3, F85BFB, F85CEC, F8C670, F97DA6, FA8779, FBB05E,
FCD6DC, FDE115, FE9B6A, FF166C, FF32AD, FEFD89, FE7A2E, FD9F12,
FC8E25, FB4BF8, F9F3DF, F89D77, F750F4, F61CA9, F507E4, F4203F,
F367D4, F2F446, F2B92E, F2BE35, F301F6, F37C9E, F430E2, F52373,
F651C0, F7BAD3, F95E18, FB24D6, FCFEA4, FECD81, 007341, 01DEC0,
02FE90, 03DC23, 047BEE, 04EE6E, 0549DF, 05922C, 05D798, 0621CE,
066E53, 06C68E, 072B42, 078B94, 07EF04, 083E5C, 087E1F, 08B510,
08E7F4, 093ADF, 09AE51, 0A5E25, 0B52F7, 0C77DD, 0DD321, 0F33AE,
108168, 11952C, 124F90, 129D7F, 127E6D, 11FA70, 112EAB, 1047FF,
0F6391, 0EAE06, 0E26A5, 0DE244, 0DD271, 0DEDDB, 0E1BE2, 0E44D1,
0E49A8, 0E12DE, 0D9BE1, 0CCF7A, 0BC4B2, 0A8A3A, 092AE1, 07C92C,
066939, 0523AD, 041028, 033819, 02B3F6, 0284C2, 02A6F0, 030D6D,
039CF7, 043F53, 04D403, 0542A0, 056FA6, 0548EA, 04D095, 040AA3,
031CDF, 0226AA, 014A13, 00A29B, 003240, FFF888, FFD68E, FFBBCB,
FF8A38, FF2737, FE8E63, FDBB57, FCADD4, FB871A, FA4E86, F92020,
F817D1, F733AB, F69666, F63963, F62467, F6596B, F6BFEA, F74F92,
F7E6B6, F883DF, F90163, F9612F, F99D20, F9964A, F97125, F90C86,
F88C42, F7E8E4, F72490, F65450, F576A1, F4A647, F3EBD5, F35C57,
F2FBFF, F2D30C, F2EC48, F3265F, F391FB, F40C07, F47FBB, F4F3B8,
F55401, F5BE8C, F63ED4, F6E62C, F7CEA1, F8F1AD, FA51A5, FBDEB0,
FD874C, FF2C1B, 00C4E3, 022F69, 036632, 04696B, 053654, 05D937,
064DAC, 069F73, 06C4B3, 06B9A4, 068583, 061252, 05704C, 049A69,
039059, 026710, 0116EE, FFB91D, FE5235, FCE8EA, FB962E, FA6405,
F975DE, F8D6E1, F89ED0, F8C30D, F94D5D, FA21B1, FB3172, FC59B6,
FD6EF2, FE5F03, FEFD81, FF4CA5, FF428F, FEE37A, FE4210, FD5D99,
FC4802, FB162A, F9C3A3, F874C5, F72A84, F5F1B6, F4ECF8, F41116,
F3765A, F31EC5, F3034B, F32095, F3735C, F3F201, F4A4DD, F59779,
F6C879, F8360D, F9D830, FB9703, FD5AF8, FF13ED, 00A71F, 0206F5,
0326DC, 03FDD6, 049201, 04EF1E, 0534D3, 056C4B, 05A740, 05F5ED,
0649A1, 06AE44, 071259, 076D73, 07C50D, 080572, 083A26, 08635B,
089102, 08DF38, 09573B, 0A1589, 0B1B09, 0C5904, 0DC0D5, 0F2713,
105E4B, 11555F, 11DF2C, 120050, 11BBE8, 111C05, 105098, 0F6F91,
0E9D05, 0DF701, 0D8950, 0D5551, 0D5A25, 0D7DB1, 0DA3C0, 0DBE8B,
0DA2BE, 0D574D, 0CC84D, 0BEF31, 0AE979, 09A869, 0855A1, 06F8D4,
05A6AB, 047215, 036D30, 02A696, 02370A, 021830, 024966, 02C07B,
0354CE, 03FC92, 048E9A, 04EBE6, 050425, 04C35A, 042FAF, 035D9C,
026A26, 017EB3, 00B82C, 002451, FFCCA5, FF9DD7, FF8149, FF64E5,
FF28E6, FEC7E4, FE27C5, FD5398, FC479A, FB17C4, F9E428, F8B765,
F7B659, F6E979, F660FE, F62520, F62A50, F67260, F6E7A4, F7747C,
F814A4, F8A869, F92B60, F98ABB, F9B8E9, F9B9E6, F9809F, F92148,
F89C71, F7FC8F, F747CD, F67FEA, F5A8A0, F4E1D2, F42B74, F3A3A7,
F35DB9, F34A7B, F378A1, F3C9F1, F433F3, F4A4E3, F50D9B, F57454,
F5DD08, F6528C, F6EF1B, F7B76C, F8B589, F9F577, FB639F, FCF4BC,
FE9BC3, 003A75, 01BDB2, 031B67, 0436E9, 051E44, 05D7EB, 065A7C,
06C769, 070A14, 071E2C, 07144D, 06C85E, 0651BC, 05AAB6, 04C482,
03BB97, 02827C, 012AFE, FFC3C7, FE51A2, FCEA73, FB9BC2, FA7DFB,
F99D84, F91793, F8F2CB, F930E3, F9D4E1, FAB9F8, FBCB51, FCE2BC,
FDD7C5, FE9F91, FF1C92, FF4EE7, FF388B, FED6BC, FE36E9, FD4DA3,
FC34C6, FAE9B5, F98EA7, F82F44, F6E557, F5C012, F4C0C1, F40531,
F3761E, F32B03, F31C3E, F341B6, F3A632, F431B9, F4F60C, F5EA50,
F714E8, F87B2B, FA17AF, FBD9DA, FD9FFC, FF6082, 00E651, 0236C4,
03397A, 03F425, 046EED, 04C08E, 04FDA5, 0530E2, 057080, 05B62A,
060C1E, 066E34, 06D0B4, 07314A, 077E2D, 07B75C, 07DD88, 07FFA7,
082E43, 088655, 091DF4, 09F686, 0B1731, 0C6470, 0DC417, 0F1747,
103714, 110D57, 117322, 1178DA, 1111A0, 106A11, 0FA183, 0ECB1B,
0E19CB, 0D84BC, 0D2F60, 0D05EA, 0D060A, 0D2294, 0D375A, 0D3323,
0D069B, 0CA0F6, 0BFCC2, 0B28E7, 0A1CA6, 08E95B, 07A474, 064702,
04FDB6, 03C991, 02CD9C, 021FA1, 01B922, 01B09F, 01F3AF, 026A76,
030B12, 03A857, 04236B, 046E02, 046B85, 041826, 037575, 029FC9,
01B093, 00CBFC, 001530, FF89FE, FF37AF, FF0FC6, FEF284, FED457,
FE93F8, FE23D8, FD7A13, FC9149, FB78CF, FA4AEB, F916B1, F8011A,
F71384, F65CBD, F5F10C, F5BF8F, F5E07C, F63BD6, F6C158, F764B1,
F80157, F88D11, F8FCCD, F9442F, F96584, F9593B, F924B0, F8C9A5,
F842AA, F7A035, F6DECE, F60E48, F5442B, F4836B, F3F255, F38CDE,
F36119, F37100, F39EF3, F3F93F, F459BB, F4C306, F5352B, F597E1,
F60CB1, F687D6, F7268F, F7FE6C, F90E9D, FA609F, FBDE58, FD7C11,
FF1AA0, 00AFB2, 022069, 0360E0, 04713B, 054F60, 05FEEC, 06875E,
06E526, 07252A, 0737BF, 071AC2, 06D70F, 064C3C, 05998F, 04B060,
039155, 02587A, 00FA7A, FF8AFA, FE1AFD, FCB5D0, FB70D3, FA65ED,
F9AD66, F94FFA, F9649D, F9D719, FA9396, FB86E3, FC9079, FD8F26,
FE75AD, FF27B9, FF9DB0, FFCFDF, FFAE6D, FF498F, FE9048, FD99E0,
FC74EA, FB2880, F9CE32, F8767A, F72ED2, F60DA8, F523C6, F476D1,
F40B01, F3E0F8, F3ED70, F429AB, F49744, F52779, F5EFD9, F6EDAF,
F82DBD, F9ACBB, FB58E1, FD226E, FEE60A, 009353, 02060F, 0335A9,
0419A1, 04BB33, 051DE7, 05623C, 059816, 05CA6C, 0619AC, 066DAF,
06CC4A, 073166, 07848E, 07D68D, 080EE9, 0841FF, 085FA7, 088290,
08B98E, 0913E4, 09B8B5, 0A9AE8, 0BC0F1, 0D0EC7, 0E5D72, 0F9895,
1091B3, 1136EB, 117D62, 115C41, 10EF5B, 10448A, 0F7EBB, 0EBD6D,
0E1586, 0D9557, 0D3D08, 0D14FC, 0D01F9, 0D0C16, 0D12A9, 0CFA0F,
0CC48A, 0C4EEF, 0BA4BA, 0AC4D0, 09AEE2, 0876A6, 07236C, 05CEFF,
048248, 0367B2, 027914, 01DDD2, 019293, 019688, 01EBA6, 026B94,
030AC2, 03A1F0, 0415B1, 044FD9, 043969, 03D714, 032BEE, 025508,
016627, 00874E, FFD346, FF51D0, FF0BE9, FEE891, FED30A, FEB3B7,
FE6BBB, FDF07D, FD3B45, FC4264, FB2B99, F9F99B, F8D1DB, F7CDC9,
F6F0F9, F65FA1, F60419, F5ED6D, F61B0A, F66EAA, F6F60D, F78043,
F814A6, F894C3, F8F5B4, F9416F, F9569D, F94B84, F90EA6, F89A6E,
F804EA, F74C59, F68AF2, F5C070, F50516, F45785, F3CD29, F3767F,
F349E0, F3593E, F393DA, F3E52A, F44B5C, F4B367, F51557, F5802E,
F5EC37, F67A16, F72575, F8066B, F92179, FA6CB9, FBF083, FD87F7,
FF2741, 00B0F3, 021757, 034EE5, 044E53, 0519BF, 05B60A, 0631A4,
0688D8, 06BDBE, 06C772, 0694F6, 06369C, 059F41, 04D039, 03DDB3,
02BA9A, 01707B, 00108B, FE995B, FD2F73, FBDC31, FABCA6, F9EA07,
F95C85, F932B3, F959D8, F9CBC2, FA8913, FB73EF, FC740D, FD7697,
FE56E3, FF0142, FF6CB2, FF898F, FF596A, FEE104, FE25D1, FD2E29,
FC01DA, FAB731, F9568A, F80260, F6CD07, F5C32A, F4F6A8, F46C31,
F41D07, F401E8, F41BC9, F459D3, F4CAAE, F569B7, F63F64, F755C9,
F8A52C, FA39A3, FBF40A, FDC71D, FF948D, 012F74, 02937F, 03A4AC,
0476B8, 05077C, 057730, 05C0C0, 06027C, 06464C, 068ABE, 06E152,
073D45, 079D86, 07F3BA, 083DCA, 0868D9, 088900, 08A699, 08CA78,
0915EE, 098E65, 0A46D5, 0B4010, 0C6B6A, 0DB409, 0EF3B6, 101562,
10F284, 118099, 11B065, 1186D0, 1111C9, 1061C8, 0F9D2C, 0EDC32,
0E35BC, 0DB915, 0D66F2, 0D3976, 0D2733, 0D26FB, 0D19B2, 0CFD27,
0CBAAF, 0C3EBA, 0B9596, 0AA9CF, 098FD6, 085472, 06FD1B, 05AB5B,
0467C3, 035508, 027A1F, 01F86F, 01BB47, 01D723, 022DAE, 02B1C3,
0352D2, 03E141, 0452B5, 0476E5, 044F67, 03CCF8, 030E6F, 022265,
013258, 00595F, FFAD36, FF3BF7, FF0022, FEE979, FED875, FEB657,
FE6191, FDD594, FD0D39, FC0DBF, FAF1DB, F9BBA3, F89D5B, F7965F,
F6C996, F64266, F5EE45, F5EC1A, F6124D, F66E95, F6EE6F, F77AEC,
F812F8, F89591, F8FE23, F93E31, F94B78, F92BFF, F8DB96, F85F89,
F7BD8D, F70083, F631FA, F56870, F4A82D, F405EF, F386DD, F332B4,
F31473, F32AAE, F36C21, F3C8D8, F43326, F49A47, F501F4, F56A1E,
F5DF7F, F66B7B, F72599, F81378, F940A6, FAA021, FC28FA, FDC536,
FF5631, 00DA17, 022C07, 0356E7, 0448D1, 050A95, 059B7D, 060573,
0648BE, 06649F, 0661D9, 062B49, 05C7D5, 052A6C, 044A59, 033B3D,
01FBD9, 00A2B5, FF376F, FDD61F, FC831A, FB54C6, FA5612, F98BA0,
F9136C, F8E7D0, F91754, F99613, FA583E, FB4394, FC47C7, FD3B1C,
FE0F34, FEADA6, FF0B53, FF2177, FEE6FD, FE6384, FD8FC7, FC83B3,
FB428E, F9F174, F89546, F7510E, F62D2B, F534F4, F47BF5, F4011E,
F3C4C6, F3BB96, F3E34A, F42B9F, F4A771, F554A3, F63BE0, F76D46,
F8D5AE, FA73CD, FC33C7, FDF608, FFAF9A, 013E07, 028B8E, 0397D0,
045A11, 04DE79, 0541C2, 0589E3, 05D19A, 06222C, 06753C, 06D517,
07343E, 078EB1, 07E185, 081AE2, 08450B, 0865BB, 08893B, 08CB6C,
092A5D, 09C38C, 0A9255, 0B9387, 0CC620, 0E08CB, 0F4615, 105A62,
112EF8, 11A5D9, 11C5FF, 118B88, 1109E2, 1059FB, 0F9681, 0EDBAE,
0E38B8, 0DC156, 0D703B, 0D4639, 0D3DD1, 0D3BCE, 0D3B2A, 0D1EA2,
0CD75C, 0C51F8, 0B90B2, 0A973B, 096EC2, 082EB8, 06E28A, 059B9E,
046AB6, 036857, 029B9D, 0223C6, 02022C, 022A1B, 0298E1, 032B1E,
03CA52, 045A14, 04B738, 04C9FF, 047E36, 03E4F4, 030853, 020BA3,
011E3F, 004957, FFB709, FF5BDE, FF3110, FF2CE6, FF1C62, FEF5EB,
FE9484, FDF2D8, FD1CAE, FC0FBD, FAF174, F9CE77, F8B460, F7C9C8,
F7023A, F67C41, F640FC, F63ED8, F682E2, F6EC5A, F776AA, F80E1B,
F8A31F, F92721, F982BD, F9B18F, F9B14F, F97D42, F91E21, F89E79,
F7FC51, F742EA, F68323, F5BC62, F5034B, F46C14, F3EC87, F3B00E,
F39EE3, F3C89F, F41C76, F473EA, F4E38C, F53FCA, F59EA4, F6016B,
F67814, F71073, F7DE69, F8E055, FA16A8, FB7CC6, FD0834, FEA141,
00344B, 01B11F, 02F2E7, 0404F6, 04D81D, 057540, 05F42F, 065415,
069771, 06C109, 06B769, 067658, 05F552, 052E76, 04371B, 0310E4,
01D49D, 007FB9, FF26D1, FDCC43, FC85BF, FB596E, FA5E19, F9A1B0,
F933C0, F9238B, F95E7D, F9F120, FAB2FC, FBA9D1, FCA5F8, FD98AA,
FE631A, FEF10A, FF37EB, FF3080, FEE061, FE3A69, FD5733, FC32A6,
FAE60C, F99059, F839F7, F703C2, F5FB30, F51D95, F47F3E, F4141F,
F3DD9A, F3E28B, F4139C, F4756C, F4FEBC, F5B98C, F6ADE9, F7DCC4,
F952F8, FAF0E2, FCB309, FE76D3, 002189, 019F13, 02D6C4, 03D0B0,
0477C6, 04F830, 054C21, 0597DC, 05E9A2, 063684, 068D6B, 06E11E,
07306E, 078294, 07C7C2, 080271, 083772, 085F0D, 089042, 08D134,
093BC8, 09D42F, 0AA784, 0BB065, 0CDFDC, 0E20BB, 0F5124, 1057AF,
11109D, 117ABB, 118127, 113907, 10B0F7, 0FF7C0, 0F3909, 0E74DD,
0DD128, 0D5A3F, 0D0B2B, 0CF355, 0CEF62, 0CF435, 0CE721, 0CBB5D,
0C57EA, 0BCA65, 0AF782, 09F8E2, 08D0FD, 078982, 0647D3, 04FF09,
03DC16, 02DF9A, 022528, 01C830, 01B7B1, 01FB58, 027938, 03112D,
03B3C1, 0431E1, 0478AD, 0470FA, 040C58, 035FB8, 0275AC, 017E5F,
009AF5, FFE639, FF6FDC, FF2FC4, FF16EC, FF0932, FEF164, FEB2FB,
FE3F5E, FD9129, FCA7EB, FB9D2F, FA755C, F95AEC, F84A0C, F76691,
F6B5B1, F641B2, F62125, F635F8, F68D00, F70A5A, F797A9, F83113,
F8BAFB, F92A08, F974CA, F993CF, F983E0, F949E8, F8E637, F86211,
F7C15E, F7083C, F6499C, F583B0, F4D55A, F445E1, F3DF81, F3AF61,
F3B0DE, F3D74C, F4201D, F47A82, F4D6DE, F53FBE, F5A447, F60ECA,
F69659, F73534, F807B2, F91660, FA5A2E, FBDC3E, FD7151, FF0E55,
008FB0, 01E046, 030902, 03EC29, 04B716, 05509E, 05D357, 0639D0,
0674C4, 068981, 0663B6, 060527, 056B4C, 049F09, 03A438, 028109,
01472F, FFF666, FEA01B, FD51EF, FC1665, FAFA72, FA11A1, F965C7,
F908EF, F901D3, F95077, F9EF23, FAC0AA, FBBFEE, FCB97B, FDA9B3,
FE6847, FEE634, FF1CD4, FEFC7E, FE90DA, FDDAAE, FCE4A4, FBBD9D,
FA7C0C, F92811, F7E5CA, F6B887, F5BC88, F4F321, F462AF, F40A59,
F3E3C7, F3F48F, F4306B, F4982D, F529FE, F5F447, F6F1D5, F83B69,
F9BAC9, FB7197, FD3867, FEF880, 0097C5, 01FE4C, 032A85, 040CE2,
04BE03, 052F76, 058D30, 05D330, 061122, 065643, 0697AF, 06E5FF,
072F59, 077D4C, 07C5F2, 07FFC3, 083ACF, 08640D, 089B69, 08E043,
09578B, 09FD4E, 0ADD73, 0BEE63, 0D17C1, 0E510E, 0F7319, 106B8F,
111C07, 116F86, 115F88, 10FD61, 1057AB, 0F933D, 0ECBB2, 0E0A4C,
0D72C8, 0D06B1, 0CC116, 0CAD75, 0CAB40, 0CACB2, 0C9F81, 0C66F5,
0C0A1A, 0B69BC, 0AA0AC, 099CA0, 086F44, 072B9B, 05D708, 0497FA,
037327, 028CA3, 01EAD9, 01A55E, 01AFB3, 020F1B, 029A69, 03406D,
03D946, 0443DA, 046C88, 04412E, 03C9EE, 030904, 022B2F, 013F0E,
007915, FFE05C, FF7F7D, FF5318, FF3ABD, FF2EED, FF0EA2, FEC3B2,
FE4A45, FD8D7C, FC9ADB, FB83BF, FA50EE, F92D86, F823EB, F748FF,
F6B22A, F65DB2, F64E53, F683DA, F6E76F, F76D6F, F803AE, F88D09,
F9132F, F9704C, F9AF9D, F9C30D, F9A6CA, F960D7, F8EE3B, F85EC3,
F7AF86, F6F2E1, F63293, F57602, F4D1D5, F44ADF, F3EB2C, F3C1DB,
F3C74F, F3FDB8, F44E84, F4B124, F518A3, F57543, F5DA9F, F6436C,
F6CAA4, F7809E, F86B49, F993DE, FAEB0B, FC66CA, FDE9D0, FF6382,
00CA0B, 0205DF, 031DE5, 040A12, 04CA0C, 05685A, 05DFCF, 0638F1,
06688D, 066CDB, 063BC5, 05CB44, 0526F6, 0448AA, 034223, 021DDC,
00DC26, FF92B7, FE4121, FCF95E, FBC424, FAB207, F9D200, F933DA,
F8E81A, F8F3A0, F95D26, FA10EF, FAFD28, FC02C4, FCFD3A, FDDEFB,
FE865E, FEF17D, FF13BD, FEE454, FE6762, FDA1E3, FCA16B, FB7242,
FA3164, F8E26E, F7A3BA, F6889B, F590D8, F4DB59, F4589F, F40DE4,
F3FA56, F40F59, F456B7, F4C5BE, F56C65, F64D93, F76BAC, F8CAB4,
FA5ED2, FC13B6, FDD8BA, FF8C8B, 011D12, 02768D, 038E76, 046686,
04FC34, 0565CB, 05AC8E, 05E8CE, 0625EB, 0667F5, 06B686, 070A03,
075CAD, 07AB99, 07F820, 083C25, 087B4D, 08B8D3, 08F239, 0945F7,
09B84C, 0A625D, 0B48AE, 0C573A, 0D9126, 0EC482, 0FDD99, 10C977,
115BC9, 119AE2, 1178F9, 110386, 105416, 0F8D71, 0EC473, 0E0F61,
0D8534, 0D1F44, 0CE7EF, 0CD806, 0CD6DA, 0CDD2B, 0CCD8E, 0C9310,
0C28A8, 0B8670, 0AA950, 09A0E8, 0867D9, 07167D, 05BFDD, 0477E3,
03631C, 028AC8, 020977, 01E0E2, 020C6E, 027B1E, 031925, 03B97D,
044826, 049F94, 04AA9A, 046D99, 03DE2F, 031E37, 023C30, 01597C,
009B98, FFFFCE, FFABC3, FF7945, FF6B97, FF612A, FF3337, FEE4BF,
FE4EA3, FD854D, FC85B0, FB6033, FA399C, F91740, F8224B, F75F6F,
F6DD04, F6A1D0, F6A8FC, F6E425, F75000, F7D35F, F85CD3, F8EF42,
F959BC, F9BA6E, F9DF81, F9E4BB, F9B7DC, F9601A, F8EC38, F85498,
F7A969, F6EB09, F62BD0, F56A9E, F4CB47, F447AB, F3FEA5, F3E3F3,
F3FE53, F43C39, F48950, F4E681, F53CD6, F59D57, F60230, F67BA9,
F71C77, F7D8EC, F8D49F, F9F406, FB439B, FCB4AD, FE2840, FF9C8F,
00F792, 02312C, 0341A9, 0427AD, 04E075, 0573F3, 05E603, 062DBE,
0651D5, 064001, 05F478, 056DDF, 04AC62, 03BAED, 02A975, 017F7A,
00408B, FEFC62, FDA50D, FC5F3E, FB26AF, FA1DCE, F95549, F8D3A5,
F8AC2A, F8D594, F953E9, FA1743, FB05A8, FC0790, FCFFEB, FDC808,
FE6667, FEB30C, FEBA9C, FE74E7, FDDDC9, FD0713, FBF4C2, FABE20,
F97405, F83430, F6FBB2, F5F5E8, F5160C, F46819, F3FA65, F3BA6B,
F3B2E4, F3DD2C, F43218, F4B992, F57563, F66656, F791E7, F8F5AE,
FA846B, FC3EC7, FDF847, FFA7E8, 0128BF, 026DA8, 0370C5, 042BAB,
04BADC, 05163C, 0564E4, 05A020, 05DC9B, 062504, 066FD2, 06CAD2,
072645, 078118, 07D456, 0814BB, 084F93, 087F86, 08BB6E, 091212,
098BF7, 0A4663, 0B359D, 0C56F2, 0D93FB, 0EC62A, 0FD89C, 10AC3E,
112B00, 114FCF, 111CC1, 109903, 0FE705, 0F1B85, 0E568E, 0DABC0,
0D27F4, 0CCEF9, 0CA314, 0C97BE, 0CA201, 0CAAAC, 0C9535, 0C5DE6,
0BDEC2, 0B2EE6, 0A425A, 09224F, 07E585, 068D8B, 053B67, 0404E0,
0303C5, 025188, 01F7ED, 01F481, 023888, 02B639, 0345BD, 03E081,
0460A3, 04A79C, 04B0CF, 0460A8, 03C803, 02FB3D, 020E38, 012F18,
007233, FFEB42, FFA356, FF8634, FF809C, FF77E1, FF48A4, FEE701,
FE43E4, FD6649, FC5F97, FB3D7E, FA1ED8, F91081, F831A0, F7796A,
F710B1, F6E186, F6F24E, F74221, F7AA6B, F8302B, F8B75E, F937E6,
F99EE6, F9ED8C, FA1078, FA0A43, F9E2EA, F98545, F90AEF, F86B0F,
F7AF98, F6F28E, F62D79, F5804C, F4ECA1, F47DCC, F43C8C, F42933,
F43AE3, F47359, F4C061, F516C2, F5755A, F5D9F2, F64C0D, F6D127,
F777ED, F843ED, F93B54, FA621D, FBB769, FD22C9, FEA342, 001535,
016401, 0296A4, 039307, 046BA3, 051EE4, 05A230, 060485, 0630B8,
063154, 060151, 059F68, 050EF4, 045005, 036616, 0255C5, 012A89,
FFE479, FE96DA, FD44AC, FBFEC1, FADE63, F9DF82, F92BBD, F8C160,
F8A766, F8ECE0, F9799E, FA495E, FB3DEB, FC3E9F, FD2CEB, FDEBFA,
FE7116, FEAD24, FE95D8, FE3DDC, FD903E, FCA725, FB9435, FA5695,
F91A1E, F7E0F3, F6BD45, F5BB67, F4EC15, F44C4D, F3ED2B, F3C5E6,
F3D0A4, F40590, F46695, F4F789, F5B286, F6B69F, F7F24B, F9629D,
FB077F, FCB933, FE6F98, 000D5A, 01808F, 02BA18, 03A8D2, 045C04,
04CFE4, 051C63, 055B50, 058F23, 05CCF1, 061617, 066A00, 06C472,
072623, 07797F, 07BF3D, 07FA41, 08241B, 0856E9, 08929E, 08ECED,
09776F, 0A337A, 0B2DB3, 0C5819, 0D93B7, 0EC7F3, 0FD549, 1091D5,
10FB22, 110CA7, 10BA0B, 102D9E, 0F6D8B, 0E9313, 0DCEE2, 0D2143,
0CA9DC, 0C5F92, 0C4673, 0C4CC6, 0C5AFE, 0C6D17, 0C573A, 0C1AA1,
0B97E1, 0AD533, 09D17E, 089F4D, 0756A7, 060C37, 04C9CE, 03B5A6,
02D415, 023559, 01F5C4, 01F759, 024F12, 02D1BC, 036D19, 040C87,
04822A, 04C00F, 04AEE1, 044614, 039459, 02B320, 01C5F5, 00F39C,
00550F, FFEEDD, FFC634, FFB261, FFB4E1, FF97F5, FF5B28, FEE45F,
FE2C09, FD44C9, FC2A81, FB0D78, F9E86C, F8EE18, F817B0, F78239,
F72CE4, F715EF, F73C75, F78A14, F7FDC0, F8868D, F9105B, F99665,
FA0419, FA4695, FA6497, FA47EA, FA07C5, F99A6E, F9143B, F8750C,
F7C081, F709A2, F650DD, F5AC24, F51B45, F4B7A4, F477B4, F464BB,
F4811C, F4C020, F51BC0, F58A4C, F5F639, F663F1, F6DB33, F761AC,
F80DF2, F8E1B5, F9E660, FB1617, FC69A0, FDD6E2, FF4E1E, 00BAA3,
020F74, 033F3A, 0437A9, 0502E9, 059E4D, 06078F, 0653D1, 06765B,
066D4B, 0637F5, 05D17E, 05372D, 046E8C, 037B6F, 0262B8, 013234,
FFEDB9, FEA50B, FD5D0A, FC1F89, FB0A09, FA1A8C, F976A4, F92208,
F921BF, F97E5B, FA1E62, FAFC08, FBF71F, FCF443, FDDB84, FE8ACC,
FEF81A, FF1895, FEE8C3, FE7266, FDB968, FCC411, FBA6FA, FA67B3,
F91E4B, F7E2EF, F6BF9C, F5D0D3, F50C2C, F48383, F42BE6, F406C0,
F41D01, F45948, F4CDA8, F56B61, F637E8, F747D7, F885A7, FA0489,
FBA989, FD5C4A, FF10F4, 009EF4, 01F89C, 0314FA, 03E7DD, 047827,
04DE04, 051FB4, 055072, 058F65, 05CB48, 061764, 066EDD, 06CAAE,
0729E2, 077EB7, 07C8FD, 07F830, 082093, 0849E3, 087EB3, 08E565,
097453, 0A4846, 0B4D33, 0C7F41, 0DBECB, 0EEA8B, 0FE908, 109126,
10DFFF, 10C9DD, 10625B, 0FBE54, 0EEB2C, 0E16B8, 0D47DC, 0CA47B,
0C384C, 0C0224, 0C003F, 0C1AF7, 0C3460, 0C3B28, 0C15D4, 0BB72C,
0B25ED, 0A4666, 093E8B, 080382, 06B7CE, 056A05, 0432A8, 032425,
0254F4, 01D3AF, 019B9F, 01C100, 021F91, 02B903, 035DC4, 03F446,
045D49, 047BD4, 044B59, 03C374, 0304D9, 021E2C, 013798, 0079C6,
FFE144, FF8CF1, FF6464, FF583C, FF5117, FF2FA6, FEDECC, FE57C9,
FD902B, FC9703, FB7E32, FA5B3C, F94B43, F8552D, F79B5D, F70C82,
F6C4ED, F6B8B0, F6E3BD, F7442C, F7C0FD, F8503A, F8DC4E, F959D7,
F9B83C, F9EFCC, F9F535, F9CCA8, F97F82, F905FA, F881CE, F7E540,
F73A1E, F68D10, F5D749, F531E3, F4A79A, F4488F, F415EA, F41E1B,
F445B0, F4984F, F4F842, F56553, F5D9E7, F64A8E, F6CD23, F758B3,
F80753, F8DFCA, F9E5EE, FB237C, FC84AE, FE064F, FF859E, 00FB37,
024891, 036476, 0452C1, 05055E, 059272, 05F395, 0632C4, 064C3B,
06399E, 05FA31, 0585FE, 04E2A3, 040BB4, 0311B8, 01F230, 00C07E,
FF8108, FE34DB, FCFD77, FBC532, FABFD5, F9E46A, F94F96, F91588,
F93508, F9AC46, FA6ECB, FB5FE6, FC5E53, FD5911, FE28A5, FEC757,
FF224B, FF3354, FEF434, FE6A62, FD9CE8, FC9AF9, FB7222, FA380B,
F8F875, F7C5C4, F6B820, F5CCD9, F52101, F4A727, F46584, F45928,
F4770C, F4C758, F5414D, F5E909, F6C755, F7DC99, F92B97, FAB15F,
FC5F4B, FE174A, FFC441, 014BEA, 028DC8, 039658, 0450C1, 04CD25,
0527EC, 055B4F, 05923D, 05CD95, 060DDB, 06605B, 06B6F4, 071145,
076D22, 07C225, 080478, 083A4B, 085CAD, 087FB8, 08BD91, 091E43,
09C7B0, 0AA575, 0BBF86, 0CF867, 0E2E7F, 0F5361, 103B90, 10CC1B,
1104B6, 10D152, 104928, 0F8A94, 0EA51D, 0DCE6D, 0D0C8A, 0C8410,
0C2A7B, 0C0C1C, 0C184B, 0C30B3, 0C4D4A, 0C4188, 0C08B5, 0B95E8,
0AE23A, 09FD48, 08E51D, 07AC45, 066352, 051629, 03E69C, 02E047,
0222FC, 01B8E0, 01A1F1, 01E168, 025877, 02F862, 0394A5, 041A6F,
046809, 046560, 041DE8, 037E62, 02B21A, 01CEE5, 00EC17, 003B5F,
FFB53A, FF7000, FF551D, FF4D16, FF3BF8, FF1003, FEA909, FE12A5,
FD3DA8, FC3AB6, FB2768, FA04F0, F902C3, F81A6D, F764A4, F6EC3A,
F6A6C7, F6AAC5, F6E67F, F75245, F7E2AC, F8758E, F8FD99, F96BE7,
F9B168, F9D0E6, F9CB7B, F99B22, F952F4, F8DF97, F855C9, F7B6D5,
F7049F, F651A9, F5A050, F4FEB4, F47CE0, F42683, F3FEE2, F40FB2,
F443C0, F4A350, F50B9A, F58085, F5F2FA, F65F9B, F6D942, F76267,
F813DD, F8F2BC, FA0DDC, FB5673, FCC78E, FE4D31, FFC7F5, 012F23,
026B04, 037102, 044B11, 04F378, 0571B9, 05CD85, 0604FF, 061735,
05FDB3, 05B54E, 0532DB, 048AAC, 03A9D1, 02AE37, 01966B, 005DDF,
FF1FB8, FDD0D1, FC8B93, FB5B44, FA6106, F99FD0, F9343B, F91B3D,
F95805, F9E799, FAB7B1, FBB0F9, FCB845, FDACE3, FE6E86, FEFA8E,
FF3563, FF284C, FED42E, FE36A0, FD5FD4, FC568E, FB2F45, F9F5DD,
F8BBAA, F79DD2, F69898, F5C57E, F52EDC, F4BFDF, F4959C, F49359,
F4BCAC, F51A3B, F59867, F64F7B, F73E1E, F8655D, F9CC1D, FB6367,
FD177F, FECB7C, 006BC2, 01D2E9, 0303CE, 03E96F, 04931A, 0506C0,
055426, 058C32, 05B802, 05F86E, 063A2A, 069B29, 070174, 0766D9,
07C84E, 0811C9, 0845C1, 0869C8, 08848B, 08ABA1, 08F118, 0964FE,
0A1AE5, 0B0F26, 0C3B60, 0D8330, 0EC558, 0FE047, 10AE0B, 1123DE,
112B62, 10D394, 102E80, 0F51A7, 0E729D, 0D9F96, 0CFF8B, 0C91F0,
0C5806, 0C5281, 0C5C67, 0C787B, 0C80EB, 0C6922, 0C2626, 0BA023,
0AE74A, 09E8D4, 08C366, 077ABA, 0628EE, 04E237, 03BE62, 02D87A,
02390D, 01EF99, 01FB9A, 024BD0, 02CC5D, 036B0D, 040064, 046CAB,
04A6A0, 048ABC, 0422B4, 037C18, 02A741, 01C802, 00F849, 0051B1,
FFDF12, FFA2E0, FF8A32, FF7B75, FF5C39, FF1888, FEA118, FDF552,
FD1B77, FC1CB3, FB0CF5, F9F75E, F8F32B, F8104D, F760AA, F6FA4B,
F6CAB5, F6EA73, F7397F, F7A27E, F82C43, F8A8BD, F91E1D, F97FCE,
F9B9F4, F9D613, F9C4ED, F994A8, F93A27, F8C4B3, F83721, F792AB,
F6E597, F6278B, F574EB, F4D16E, F44F85, F40996, F3EF7A, F414C8,
F46093, F4C6E2, F534BE, F5A1A7, F6086E, F67377, F6EA40, F77D70,
F8414C, F9313B, FA6008, FBB9BD, FD2BE9, FEB0CB, 001F7D, 0170D9,
029B39, 038B40, 0453FB, 04F250, 0564D9, 05B852, 05E107, 05E3AE,
05C097, 056BEB, 04EE97, 043D1D, 035C4C, 02521D, 0122D7, FFE3D4,
FE946C, FD47A9, FC0EFD, FAEB3F, FA0053, F95C62, F90284, F909AA,
F969BC, FA0FE5, FAF31A, FBF113, FCED18, FDCDC4, FE7B02, FEE481,
FF04D5, FEE2C2, FE6F70, FDC82C, FCE0C5, FBD03C, FAA5A2, F96AD4,
F83C7F, F72418, F632D2, F5710B, F4E7FF, F48EB5, F470B1, F47A3D,
F4B00F, F514C9, F59FE0, F66CD5, F76C10, F8A353, FA1998, FBA8B3,
FD56DB, FF00F9, 008617, 01E652, 02F6D3, 03C6CC, 04570F, 04AF3A,
04F39E, 052944, 056627, 05AF04, 0605B4, 066C57, 06D80A, 07436E,
079E4E, 07E2AA, 080AAA, 081EE8, 083695, 085BC9, 08ABB1, 093B68,
0A09AA, 0B1BF7, 0C5F6F, 0DB28E, 0EF761, 10092B, 10B5B1, 110738,
10E4AA, 106EF1, 0FC2FD, 0EEDE4, 0E2713, 0D68BF, 0CDDAB, 0C7770,
0C4A58, 0C406A, 0C5517, 0C6F7D, 0C78CB, 0C613C, 0C0B3F, 0B7E86,
0AAB5D, 09A409, 0875D0, 072895, 05E02D, 049F8B, 03918F, 02C1A7,
023D63, 0216A4, 0237B5, 029B07, 0323EF, 03B941, 043E32, 0498BC,
04BA95, 0484AE, 041192, 035A07, 027DE9, 01AB6B, 00E49E, 004FE1,
FFEAE6, FFAC16, FF8EE1, FF7580, FF51A7, FF09F7, FE94FE, FDE940,
FD0893, FC0004, FAE34A, F9CA14, F8C7FB, F7FA97, F762FF, F70A8B,
F6F74C, F710AA, F76403, F7D59E, F84E09, F8CFD5, F93CB2, F98D1A,
F9C1A7, F9CFF0, F9B6D9, F97F7B, F92D19, F8B31A, F8206E, F775AE,
F6AD27, F5ED82, F5320D, F493FE, F4300D, F3F826, F400AC, F43246,
F482E4, F4E971, F54920, F5AE14, F60C2E, F66E37, F6F05F, F78D39,
F861F7, F96E91, FAA732, FC0D50, FD8329, FF020D, 006E62, 01BA44,
02D2C5, 03B5FA, 0463B1, 04E52D, 054449, 058522, 05AB55, 05A889,
057EF3, 0520D1, 04962F, 03D717, 02EDC6, 01E061, 00B1F4, FF71AE,
FE2789, FCE51E, FBB4C8, FAAAB7, F9D9F6, F94AE6, F91656, F939ED,
F9A9CE, FA6CE4, FB4D71, FC48CC, FD3917, FDFAD9, FE93D4, FEDF83,
FEEE35, FEB25A, FE364A, FD78F1, FC86DD, FB70CB, FA3FCE, F90FED,
F7EBED, F6E315, F602C3, F54FC2, F4CF66, F4805B, F46C98, F48260,
F4C675, F53598, F5CE64, F69C23, F7AA54, F8F1EF, FA6E8A, FC14CD,
FDBF82, FF5F3E, 00D764, 02179D, 0314B6, 03CC1D, 044E47, 049A32,
04D87D, 05162B, 0555B3, 05B36B, 061770, 06824F, 06EDD8, 074789,
079387, 07C788, 07E2FA, 07F463, 08082A, 08378D, 08A090, 094DC7,
0A4002, 0B7414, 0CC47E, 0E104C, 0F3E9B, 101EEE, 10AFDC, 10D9DD,
10ABBE, 10352D, 0F81A1, 0EBA2E, 0DEB69, 0D3A0D, 0CB27B, 0C5C84,
0C3D3E, 0C4198, 0C5EBB, 0C774A, 0C7953, 0C4D19, 0BECC2, 0B4C0E,
0A692B, 095CCB, 081F94, 06D945, 05999A, 0472B9, 038131, 02CF34,
026B81, 025399, 0288F2, 02F23F, 037938, 040C55, 047CF4, 04C9C3,
04D4C5, 0490D7, 04145E, 035B7D, 0284DC, 01B694, 00F245, 006297,
000875, FFD428, FFC920, FFB9CA, FF98B7, FF48CB, FEC167, FDFD02,
FD099C, FBF635, FAD71F, F9C5C7, F8D096, F81042, F78ABE, F74760,
F74453, F77557, F7D1E0, F84541, F8BCB5, F93440, F9944A, F9DE2E,
FA1180, FA1AC8, FA08C1, F9CE48, F9664E, F8E1EC, F8346F, F77686,
F6AA7D, F5E5FC, F53B0C, F4AFFF, F46361, F44691, F45BC5, F49A9C,
F4E615, F545C0, F5A338, F60594, F66FFE, F6DF5F, F766AB, F814B8,
F8F05E, FA047C, FB51AA, FCBF84, FE3D50, FFB3CC, 010AF4, 02398D,
03373D, 0405BA, 04A1F5, 0519A5, 056F30, 05A67F, 05C3D3, 05B5DD,
057FD7, 0514AB, 047428, 03A6BF, 02AFA3, 01912C, 006351, FF1F30,
FDDA3B, FC9FD5, FB77D5, FA85C7, F9C6AD, F9584E, F93B8F, F96EB5,
F9EEAC, FAA7E8, FB8589, FC70FA, FD4D24, FE07FB, FE8A39, FEC987,
FEC2DB, FE71A6, FDE63C, FD1CC7, FC2F6C, FB1425, F9EC2A, F8B8FA,
F79442, F690BF, F5B428, F51272, F49A99, F45F2A, F447F4, F46744,
F4AF8C, F52749, F5DED1, F6BEA4, F7E522, F93FA9, FAC5AF, FC7598,
FE1F9E, FFB878, 0118C7, 023E04, 031BC7, 03BC4C, 042C12, 0477DA,
04B8AC, 04FC73, 0547E2, 05A7E6, 0613D6, 067F12, 06E866, 0734AF,
076D15, 078980, 079B3B, 07AA6A, 07D0A1, 082456, 08AD3C, 097CF8,
0A8507, 0BBAFA, 0D0334, 0E3BD6, 0F501E, 1020BC, 1095B0, 10B228,
106A87, 0FDA09, 0F1B50, 0E4524, 0D7EBB, 0CD4F4, 0C5F25, 0C1EC2,
0C0C9B, 0C2106, 0C43E2, 0C5B90, 0C5833, 0C1A39, 0BA215, 0AE7A5,
09F11B, 08D598, 079590, 0658EA, 0525A2, 04137F, 033C56, 02A27D,
025624, 0252D0, 028E75, 02F949, 037F8D, 040A80, 047A00, 04BDFC,
04BA4E, 046841, 03D197, 0308B0, 022A5A, 015608, 00A8FC, 0028B4,
FFDFC5, FFC2F1, FFB6B2, FFA936, FF79E5, FF1C83, FE7CA4, FDAB94,
FCA5BC, FB8991, FA6E53, F96217, F887C5, F7DCEC, F7724B, F74A32,
F75280, F78D79, F7EDDC, F85C93, F8DBB0, F953A0, F9B81D, FA0908,
FA3AB9, FA4000, FA2372, F9D630, F9535B, F8BE28, F7F77A, F73383,
F66AAD, F5B35E, F518AB, F4A2A0, F45E2D, F44C4B, F473E8, F4B900,
F51CFF, F580CF, F5E6C7, F642DC, F6ADE8, F720A3, F7B712, F87A80,
F96770, FA8ECA, FBDDBC, FD4F97, FEC563, 002F9D, 017A78, 02916C,
03801D, 043834, 04CCE4, 0541E2, 05943C, 05CCF3, 05DD3C, 05C3C4,
057BE9, 04FEB5, 044F29, 0379A5, 027109, 015680, 001988, FED363,
FD916D, FC58EF, FB4751, FA5ED1, F9BC6C, F95F1B, F95676, F99C7B,
FA2BEB, FAF146, FBD65A, FCBFC8, FD8CAD, FE35FC, FE9CB4, FEC838,
FEB578, FE5100, FDBB3F, FCDED1, FBDC02, FABCBD, F990F3, F868C1,
F75210, F65652, F58691, F4E806, F47982, F447D7, F43B28, F46241,
F4B3EA, F53B80, F5F88D, F6F8DE, F832C5, F9A0DD, FB3C39, FCE559,
FE877B, 000705, 0152A2, 025499, 031B9A, 03A69E, 0406F7, 045953,
049AAC, 04EB1B, 0545D6, 05A2EE, 0612BD, 0671C9, 06C245, 0708DE,
0731F3, 074E5B, 076C6D, 078CB0, 07C8F7, 083064, 08C7C9, 099E41,
0AAE8E, 0BE388, 0D2D0A, 0E6461, 0F6631, 10273B, 1081DF, 108128,
102262, 0F7DBB, 0EB4FA, 0DDC5B, 0D223D, 0C8BD1, 0C2CF0, 0C0901,
0C0879, 0C2AE7, 0C4A58, 0C5F54, 0C42F9, 0BF4FE, 0B6607, 0A92CE,
099334, 086949, 073697, 060217, 04E60D, 03E771, 031F4E, 029811,
025B22, 026736, 02B4A4, 032FE8, 03BD73, 0446C7, 04ACA6, 04D9B8,
04BED2, 045882, 03ABD2, 02DAA0, 01F97F, 012CDC, 008C8F, 001EEF,
FFE503, FFCDAD, FFC1A0, FFA50B, FF6140, FEE727, FE384B, FD4DE9,
FC5023, FB38B9, FA28FF, F93D22, F86BDF, F7DD97, F78926, F76559,
F77AF6, F7B633, F80DE2, F87EBF, F9017B, F977D4, F9EA42, FA3482,
FA5488, FA4A42, FA0C81, F9AE84, F92373, F886F4, F7C90E, F70951,
F6441F, F59306, F503B0, F4A08B, F470D5, F471A3, F4A382, F4ED9C,
F54ED6, F5B149, F60FEB, F66E97, F6D39A, F75154, F7EF3A, F8BD5D,
F9C0AC, FAF235, FC4BCD, FDBAC7, FF2999, 00844B, 01C125, 02D0F6,
03B28C, 046D45, 04FBD6, 056D37, 05BA9C, 05E6DE, 05EE62, 05C26A,
056B55, 04DC47, 041DA7, 0334F6, 0226A6, 00FF37, FFCCA5, FE92F4,
FD5D50, FC37C8, FB32E7, FA604E, F9CED7, F98FF2, F99D8B, F9F734,
FA949F, FB58DE, FC3AE7, FD1831, FDDED2, FE71F8, FECAD3, FEE484,
FEB2AA, FE4B94, FD9E98, FCC231, FBC0B6, FA9CA1, F9739A, F84F27,
F73BB6, F64C35, F583A7, F4EC1A, F488BC, F45C17, F46409, F4995E,
F503B5, F59DAA, F674CF, F78308, F8D211, FA48BC, FBE16D, FD8323,
FF0C86, 0076B9, 019D97, 028EEA, 033E46, 03C557, 042BF4, 04827E,
04D9F8, 052B2A, 058364, 05D9D5, 062F99, 068279, 06CA7B, 070CE5,
0736AC, 075A47, 077722, 07A0AC, 07E0A8, 085A65, 08FE48, 09E5E0,
0B08E1, 0C3E3F, 0D91B9, 0EB9AD, 0FAFAC, 1050F7, 108CE9, 106DBD,
0FFA10, 0F4F23, 0E82FA, 0DB8D5, 0D0744, 0C825D, 0C3237, 0C1615,
0C2619, 0C3711, 0C545B, 0C443C, 0C1183, 0BAAE1, 0B029B, 0A2E3A,
09264D, 08018D, 06CD91, 059FDA, 048753, 039736, 02E1FC, 02718B,
024AB1, 026FA3, 02C9ED, 034981, 03D76F, 045191, 04A76B, 04BCAD,
048809, 04096A, 034902, 0271D5, 018D63, 00D34A, 003F47, FFE401,
FFB56B, FF9F02, FF980D, FF6E0C, FF26B8, FE9CEF, FDDFE2, FCEEE4,
FBE904, FAD8A0, F9D544, F8F6FE, F838E2, F7B17C, F75E06, F742AD,
F76121, F7A992, F81C6D, F89CF6, F925B7, F9A580, FA063E, FA4A9A,
FA5E9F, FA4645, FA00A4, F98FCB, F8FEA6, F84C4C, F791D4, F6CAA8,
F6137A, F5725A, F4F516, F4A5E4, F48653, F499BB, F4CD48, F5207F,
F57C5B, F5D6EA, F63810, F695B9, F70B47, F792EF, F8476B, F92283,
FA327D, FB67B5, FCBC5E, FE2829, FF8339, 00DC4E, 020422, 03067E,
03DCF5, 04832A, 050B54, 057242, 05B559, 05D9F0, 05CB0A, 059023,
0527DD, 0485DA, 03C2CD, 02D045, 01BD9B, 0095BB, FF5C6E, FE2101,
FCF4F4, FBD783, FAE040, FA1F5B, F99745, F966DA, F984FE, F9EC11,
FA966D, FB61B9, FC3F05, FD0C89, FDC28A, FE41EE, FE87A7, FE91FB,
FE519C, FDDF87, FD2DAC, FC4BBE, FB45D1, FA253E, F8FE7C, F7DC6D,
F6D3C5, F5E866, F52923, F4A027, F447A2, F4285D, F43EB2, F48658,
F500B5, F5B5C6, F6A162, F7CABB, F92D4B, FAB71F, FC53CA, FDEFF0,
FF6DB9, 00C184, 01E209, 02C585, 037A65, 03FB2B, 04687E, 04BF41,
05112D, 05624F, 05B07F, 0601AA, 0653E2, 06A59F, 06EC86, 072BA8,
075A44, 077E85, 079CC2, 07CDE9, 081C95, 089DD2, 0962A9, 0A587C,
0B8539, 0CCAEF, 0E0964, 0F2FAE, 100D87, 109702, 10BABA, 107EF0,
0FF0C2, 0F3402, 0E62D6, 0D9C2F, 0CFCE0, 0C843C, 0C45A7, 0C3360,
0C3CB8, 0C574C, 0C5DDB, 0C4D95, 0C0779, 0B910F, 0ADED4, 09FB47,
08EBE9, 07C035, 068EA4, 055E63, 045560, 036CEF, 02CAB1, 026A82,
025A8B, 029634, 02FC67, 0388C5, 041115, 047CA3, 04BE85, 04BC6B,
047429, 03E83D, 032932, 024941, 0176D8, 00C2B1, 004561, FFFE93,
FFDDBD, FFD0BD, FFB616, FF7C10, FF13A5, FE76FA, FDA8EC, FCBCB8,
FBB586, FAAE25, F9B7E6, F8DB3D, F82ABD, F7B347, F77373, F76EF8,
F7A344, F7FA88, F873F1, F8F970, F979DE, F9F6AD, FA479B, FA8269,
FA8544, FA57EA, FA0711, F98147, F8E743, F82DE2, F76DF4, F6AAE0,
F600D6, F56BAD, F4FDF6, F4C2D4, F4A905, F4C415, F4FB21, F5440F,
F5A46C, F60374, F669EA, F6D42D, F74D3C, F7DC61, F88A94, F96D11,
FA76F8, FBAFB0, FD0555, FE63C5, FFBE46, 00FECA, 0221EC, 0313E9,
03E343, 047F17, 04FF70, 0555F9, 058DBD, 05A1EF, 0585C1, 053DBE,
04BB0D, 041029, 03349C, 02399D, 0126B5, FFF5DD, FEC8CB, FD8F5F,
FC6B03, FB5C84, FA74DF, F9CB3E, F95D8F, F946EF, F9757E, F9F13F,
FA9FD3, FB6ED0, FC4D00, FD1127, FDB805, FE28B0, FE59B2, FE4F63,
FE0369, FD7E2E, FCC3A2, FBDB08, FACB00, F9AC25, F87E1E, F75E5D,
F65A4B, F577B8, F4CBA4, F451C7, F40EAA, F40650, F431E6, F49438,
F52C21, F5F968, F6FCED, F83446, F99785, FB1907, FCA835, FE32ED,
FFA484, 00EC62, 020453, 02E66D, 0393EA, 041892, 047AD8, 04CAB7,
0517D4, 0563AB, 05B9A1, 060D14, 065CCF, 06A61E, 06DCE5, 070CA4,
0731C8, 0754A1, 077C07, 07B786, 0815D1, 08A43C, 096C6E, 0A7006,
0BA1B9, 0CE976, 0E265A, 0F3505, 0FFAEB, 106169, 106475, 100E39,
0F736A, 0EB324, 0DECED, 0D3862, 0CA883, 0C496A, 0C179B, 0C0F65,
0C2364, 0C3618, 0C3877, 0C179F, 0BBE70, 0B3A61, 0A7F6F, 099009,
08850D, 075980, 0626D3, 0508DF, 04084A, 033F02, 02B846, 0278C5,
02809B, 02CB31, 0343E6, 03D639, 0469C6, 04DB74, 0511E3, 04FF07,
049984, 03F3CD, 032B78, 02545E, 019903, 0101E5, 009AB7, 006055,
003F16, 002AFF, 00084F, FFC8E6, FF60ED, FEC107, FDF6AF, FD085A,
FBFD96, FAFDD8, FA028C, F931A1, F88E12, F81E04, F7EC43, F7F0A9,
F82FE2, F88BE4, F90DCA, F9980A, FA1774, FA8F44, FADA04, FB001A,
FAF652, FABA1A, FA531D, F9C6DD, F9226B, F86B2B, F7B443, F6FA31,
F657BE, F5C5B1, F55953, F5168A, F502F8, F51E97, F557B5, F5A9DE,
F605B9, F664E4, F6C8C7, F73347, F7AC54, F8462A, F90094, F9E5F8,
FAFEAD, FC3C1D, FD9962, FEF9A2, 004F49, 018BDD, 029A56, 0384FA,
043B23, 04CB0A, 053672, 057CDA, 05A458, 059D57, 057363, 051440,
048519, 03CB16, 02E4F4, 01E87C, 00C72A, FFA5B5, FE6FAB, FD432F,
FC2649, FB1FDE, FA4CEC, F9B050, F95E53, F956CD, F99CB0, FA2195,
FAD51B, FBA92E, FC72E4, FD362A, FDC9FD, FE2A12, FE5143, FE311A,
FDDE96, FD48BF, FC8120, FB8E0B, FA7252, F94FA7, F81ED6, F6FE24,
F5F839, F51743, F46ACE, F3FB12, F3C288, F3CA0F, F41042, F483B1,
F5342F, F60D21, F71657, F84E3E, F9A9DC, FB2458, FCB23E, FE35B7,
FFA474, 00E4DF, 01E968, 02BCEE, 0353A7, 03CAE3, 042B8B, 047AC1,
04CA69, 0513A9, 055BA9, 05A451, 05E798, 062A45, 066387, 068EFF,
06B582, 06D392, 06F243, 073180, 0796D0, 083855, 091C46, 0A4086,
0B7DDA, 0CCC22, 0E00B7, 0EEC9C, 0F9D58, 0FE466, 0FCC21, 0F62C7,
0EBEBD, 0DF59C, 0D39AE, 0C8E96, 0C0BC3, 0BBE2A, 0B9423, 0B93D7,
0B9F7D, 0BB16F, 0BB23E, 0B87F9, 0B344D, 0AA4EC, 09E17E, 08F52A,
07E0A5, 06C317, 05A260, 048E88, 03A22E, 02E437, 027040, 024578,
026472, 02C6EA, 0349F7, 03DF19, 046067, 04B2D6, 04CD20, 049E86,
042F44, 038D5B, 02CB25, 020533, 015A8C, 00D04E, 007AA5, 00463C,
0032CB, 0022A8, 000450, FFC539, FF514B, FEB161, FDD6CA, FCE2D8,
FBD6A2, FAD49D, F9DE3D, F9185E, F87A93, F81F48, F8005A, F81709,
F86EAE, F8DDC0, F97544, FA05E9, FA8B1D, FAF7A9, FB2EF6, FB43F8,
FB1F56, FAD577, FA67F4, F9D899, F93D0D, F88565, F7D0A2, F71D8E,
F676D3, F5F1CF, F58AF3, F5547F, F55094, F577CA, F5C1FB, F62030,
F68564, F6EC41, F754C5, F7C35B, F849AA, F8EA6C, F9B6E7, FAAD9C,
FBD5DC, FD1E86, FE7EA1, FFDE3E, 012958, 025956, 035B0F, 04346E,
04E0D8, 05685C, 05C378, 0608D8, 062065, 06158D, 05E290, 05748C,
04E0EB, 041AB3, 0330D3, 022B10, 010A1C, FFE1A8, FEAF4F, FD87B2,
FC6F09, FB776D, FAAFC1, FA240A, F9E054, F9E78F, FA3820, FAC72C,
FB82F9, FC4E4C, FD202A, FDCEFE, FE5946, FEAEAF, FEC04A, FEA25E,
FE3A16, FD9DB5, FCCE37, FBC725, FAAD04, F96E20, F836F8, F70A8B,
F5F89D, F523F4, F47CF1, F42005, F40469, F42190, F47AEA, F4FA95,
F5ABEF, F68457, F78E8C, F8C6ED, FA29E3, FBA931, FD3176, FEAEB8,
0009DC, 013B2B, 0236C5, 02FB6B, 0390E9, 03FF95, 0453C1, 049411,
04D543, 050C8F, 054C7D, 0591D0, 05D1B8, 060D60, 063AA9, 065D19,
067393, 068E22, 06B940, 0702E0, 07814F, 083D5B, 093306, 0A5CF4,
0BA0A6, 0CDDC9, 0DF60F, 0ECE68, 0F4DF4, 0F6E7D, 0F3D4D, 0EBAFB,
0E0D06, 0D4E6D, 0C8BFA, 0BECCE, 0B736C, 0B295E, 0B0A9B, 0B0AF3,
0B1BCC, 0B2206, 0B1A62, 0AE0BC, 0A7BD7, 09E6B7, 0914FB, 082483,
0705E0, 05E056, 04B86D, 03A843, 02CB15, 021FEF, 01D126, 01B6F0,
01F39A, 02582E, 02D65C, 036137, 03C83E, 040F62, 0418D0, 03DFD6,
0370BF, 02C4E3, 020898, 014AE9, 009CF1, 0024D6, FFCBF7, FFA8A9,
FF9547, FF8A6B, FF6900, FF17FB, FEA2EA, FDE866, FD0E95, FC122D,
FB065F, FA0C90, F92000, F866CF, F7E220, F79D8A, F7A1A4, F7DACE,
F846F9, F8CCDA, F96114, F9EE23, FA606E, FAB966, FAE337, FAE1CC,
FABC9E, FA6BF6, F9FEAF, F97618, F8D4B6, F82245, F7680A, F6B6AD,
F6184A, F59DFC, F54ABA, F53110, F53DF4, F57AD9, F5D30F, F63497,
F6A155, F708CA, F773BD, F7EC8C, F87AF8, F9256F, FA041D, FAFF4D,
FC3548, FD86C4, FEE520, 0049E9, 0190BA, 02B70B, 03B5FE, 0486B8,
05295A, 05AE50, 06055A, 064421, 065671, 064397, 060301, 058EE0,
04F00A, 0425DE, 03381D, 022CC1, 01142D, FFE80D, FEBED8, FD9C19,
FC8FC3, FBA4A0, FAEF32, FA7936, FA4B63, FA6A4D, FACEAB, FB6DDE,
FC3130, FD06CC, FDCC49, FE79EC, FEF8EA, FF4112, FF52F8, FF2433,
FEB987, FE1237, FD32BA, FC210D, FAEF2F, F9AC41, F86687, F74621,
F6486B, F58D0D, F50E7C, F4D26A, F4D29A, F50226, F56A14, F5EF82,
F6A845, F78EF7, F898A4, F9DDC8, FB3A31, FCB40C, FE3C0A, FFAD14,
0108DA, 022EE4, 031D79, 03D1FE, 0452DA, 04B407, 04F3C2, 05344B,
056778, 05A5C6, 05E11E, 061F9F, 065A69, 0688C8, 06B256, 06C9FC,
06E3E3, 0701CC, 0736FF, 0798EF, 082B83, 08FA3F, 09FD64, 0B2374,
0C55C1, 0D78CB, 0E7090, 0F2593, 0F8798, 0F8DBF, 0F4082, 0EB0CA,
0DF990, 0D3589, 0C800C, 0BE9F8, 0B7675, 0B37A3, 0B13EC, 0B0DC6,
0B1747, 0B10BE, 0AFBF6, 0AB528, 0A443E, 099454, 08B508, 07A904,
0681FA, 05547B, 043548, 033A63, 026B29, 01E32D, 019AA1, 019516,
01D1BA, 023275, 02B10E, 032B4A, 0390A5, 03CC99, 03CA41, 0384D9,
02FEA7, 02485E, 017AA1, 00B7B8, 000FFD, FF9C71, FF5427, FF2F31,
FF22FF, FF0C83, FEE173, FE8B17, FDFF1C, FD3F70, FC505F, FB4DC2,
FA3C00, F93E77, F86845, F7B7DB, F7540B, F72BAA, F743A7, F798E9,
F80879, F892B0, F91B3D, F993CE, F9FA94, FA4176, FA60FC, FA5B4D,
FA2FFF, F9D84D, F96B78, F8D88B, F830E4, F77FED, F6C5B4, F62257,
F58B2A, F52033, F4DD0F, F4CC74, F4EBC8, F52C4A, F58C99, F5F03B,
F65C11, F6C6D3, F72F91, F7ACB3, F83C4E, F8F65D, F9D8DB, FAEC72,
FC266C, FD7B47, FEDF2A, 0033E6, 017A08, 029317, 037E10, 04452D,
04D6A2, 054F2A, 05A2C2, 05D547, 05E442, 05C9AA, 0580D7, 050AE5,
046312, 03985B, 02A858, 019CC6, 008886, FF5D8A, FE3D50, FD2226,
FC1FA7, FB4861, FAA3FC, FA41F2, FA2D92, FA5D07, FAD6E6, FB8269,
FC49CB, FD21E9, FDDF2E, FE8F41, FF02F3, FF4BB9, FF5851, FF1D4E,
FEA5DE, FDE200, FCE490, FBBC77, FA77BB, F931BF, F7FE9B, F6ECDA,
F61671, F572F9, F51B7B, F4F802, F51809, F56128, F5D086, F66DF1,
F720AE, F80CD8, F91C0F, FA5E8E, FBC60F, FD50A3, FED36B, 004BA6,
019BDD, 02B4DD, 039730, 043EB9, 04BB3D, 0510AB, 05584B, 0590AB,
05CE31, 0605EF, 0648D0, 067ECF, 06B0BA, 06D979, 06F39C, 071662,
07340F, 0766DC, 07B51E, 082755, 08CF12, 09A310, 0AAD98, 0BCC5F,
0CFCD9, 0E0CBE, 0EEDFA, 0F8A6A, 0FCA06, 0FBFF4, 0F5DE6, 0ED1C1,
0E1971, 0D6029, 0CB467, 0C2365, 0BBA59, 0B796F, 0B6090, 0B5ED1,
0B6C21, 0B6A27, 0B44B9, 0AF499, 0A6651, 09A75C, 08B4DA, 079F3A,
06836D, 055FAE, 0453C4, 036B2A, 02AA00, 022D2A, 01ECF9, 01EEC2,
022E61, 0292B2, 031354, 038B7C, 03EA13, 041930, 0402FD, 03B148,
031B65, 0258C5, 018EC2, 00C862, 002A79, FFC065, FF7FE6, FF6B08,
FF5D9F, FF446A, FF0E0C, FEA000, FE01E4, FD2C17, FC2A56, FB1D92,
FA0D90, F9195E, F85795, F7C9B7, F77FFE, F77277, F79A21, F7ED2E,
F85951, F8D2B7, F94D37, F9BAF2, FA11D4, FA4DCD, FA6038, FA4DE2,
FA14C3, F9B5A9, F93A03, F8A23D, F7F56B, F741C1, F6899C, F5E4AD,
F55CEC, F4F5B9, F4CD98, F4CAC7, F4F586, F544CD, F5A1E6, F609A0,
F66E15, F6D458, F73FAE, F7B68E, F84E72, F90C10, F9F71F, FB16DB,
FC59C2, FDB34A, FF1462, 006540, 019791, 02A038, 037E30, 042D41,
04B734, 051E42, 055E34, 0586B3, 057F8D, 055A05, 050202, 048028,
03D365, 02FDE9, 020DE6, 0100F9, FFECF5, FEC980, FDAABF, FC9A2F,
FBA03B, FAD49E, FA4524, F9F325, F9F081, FA34BC, FAAFD6, FB6438,
FC2F3B, FD01A3, FDCE66, FE7051, FEEBFB, FF2808, FF1923, FECAB5,
FE3012, FD5422, FC4911, FB12A6, F9CDD6, F88EDE, F763B3, F669FD,
F5A7DE, F52A2D, F4ED85, F4E8A2, F513FC, F560F2, F5D5E5, F66AD5,
F72B54, F81ED6, F93D2B, FA9392, FC089E, FD9499, FF1B7F, 0089E7,
01CC4D, 02D303, 03A0BD, 0436B8, 04A56D, 04FA9F, 054026, 057E01,
05B79F, 05EED5, 06209A, 065247, 0681CD, 06A761, 06CE3B, 06F7A2,
0720CF, 0760DF, 07BC7E, 08391E, 08EABB, 09C9B6, 0AD450, 0BF16D,
0D0C9B, 0E0DD0, 0ED4AA, 0F5B10, 0F9006, 0F73A9, 0F14D5, 0E7F1B,
0DCD61, 0D130B, 0C7089, 0BEBF3, 0B9651, 0B687A, 0B5BCC, 0B6481,
0B62CC, 0B4D2E, 0B0E1F, 0AA112, 0A0795, 093CD9, 08558F, 075419,
06485F, 05420D, 0443ED, 036F90, 02C58E, 025193, 02232C, 022C8D,
0270F5, 02DC3F, 035E95, 03D57E, 042FD0, 04509C, 042A52, 03C4B2,
031EA9, 0259B8, 018D49, 00D13B, 00478D, FFE981, FFBB3A, FFB032,
FFA3AA, FF8AC8, FF481E, FEC7F4, FE15A9, FD316F, FC31E4, FB2E5B,
FA37E9, F964F3, F8BD4D, F84D95, F80D66, F80BA4, F82FC6, F88178,
F8EBB4, F95DB2, F9D8FB, FA3EB1, FA926A, FABFC8, FACD9E, FAB245,
FA6D69, FA093C, F97E77, F8E3EA, F82EA8, F77A0F, F6CD31, F62E80,
F5BE50, F568F0, F54C4D, F55734, F58D2B, F5DB08, F63AA8, F697A9,
F6F946, F75907, F7BD81, F842FC, F8DFD4, F9B038, FAADE2, FBD397,
FD1C66, FE773A, FFCE9A, 011508, 02394D, 032EC5, 03F55F, 048EDE,
04FC24, 054CB4, 058168, 0590E1, 0588AE, 05500A, 04ECB2, 04621D,
03A87F, 02D025, 01D9CC, 00CABB, FFAD87, FE85EA, FD642C, FC56A1,
FB66A9, FAA7C1, FA2340, F9E048, F9E863, FA3283, FABDC1, FB7BE0,
FC519C, FD2D9C, FDF0DE, FE86A0, FEE733, FF089B, FEE17B, FE7361,
FDBFB9, FCCC60, FBA864, FA67BC, F92400, F7EE0F, F6DE74, F604BB,
F55F8C, F4FB30, F4CADD, F4CAD7, F4F390, F53D7B, F5AD10, F63E8C,
F6FDD2, F7F6E9, F9261B, FA81D7, FC0267, FD8F00, FF07D4, 0071AE,
019D0D, 0294F2, 0356F7, 03E13F, 044979, 0492BF, 04D32C, 0500BF,
0531E5, 056368, 05935C, 05CC61, 06033A, 06384E, 066A3B, 069FF6,
06D8C0, 0720D4, 0786B2, 080CC0, 08C5E7, 09A164, 0AA41A, 0BB9DD,
0CC936, 0DC3DF, 0E83CB, 0EFE39, 0F26CB, 0EFAE2, 0E8CFC, 0DEB4E,
0D35D3, 0C8660, 0BF3F3, 0B81BA, 0B3E8F, 0B1AC7, 0B0A59, 0B07DC,
0AF653, 0AD473, 0A8D8F, 0A1D3C, 09866D, 08BEEA, 07E468, 06E7A2,
05E59A, 04E4F8, 03ED4E, 031F1B, 0277C6, 020FEE, 01F128, 020B13,
026430, 02E0F6, 035FB8, 03D9C8, 042324, 042E69, 03F32F, 037076,
02BB46, 01E8DD, 012036, 0074EB, FFFC40, FFB980, FF9A86, FF96BF,
FF8184, FF5828, FEF5CD, FE6333, FDA412, FCBC20, FBCD6C, FAD8FF,
F9F9A9, F937A8, F89E87, F8383A, F80AEC, F810C7, F8485A, F8A329,
F913C4, F99030, FA06E6, FA7154, FAC087, FAEBA2, FAEDEB, FAC190,
FA713B, F9FAAE, F96E9D, F8CEAF, F821C6, F7754B, F6CFE4, F64129,
F5D87B, F59C4E, F58EF5, F5B217, F5F07B, F64D84, F6AADB, F71444,
F7766F, F7DD3F, F852B4, F8D4E1, F9855F, FA54FF, FB5925, FC8AD4,
FDD937, FF3BC5, 0091E3, 01D55D, 02E639, 03CE86, 0488A2, 050D95,
057CA9, 05C288, 05EEB8, 05FCFB, 05E28C, 05A88C, 0538D7, 04A633,
03E70E, 03001B, 020629, 00F15C, FFD407, FEB600, FD9D78, FC94AC,
FBAD6A, FAF70E, FA78C3, FA4B42, FA6155, FABFFD, FB6079, FC21C9,
FD0087, FDD7A0, FE8ED2, FF1D05, FF6524, FF674B, FF1DB3, FE8B3E,
FDB713, FCAED5, FB7FB6, FA4216, F90540, F7E922, F6F448, F62C06,
F5AB37, F5496E, F527BC, F52AA8, F54ABA, F59BC0, F60605, F69CE4,
F76B9A, F868FF, F99FE3, FB01EC, FC7A1C, FDFF29, FF7020, 00C03E,
01DB62, 02BF0B, 036803, 03DE52, 0433CF, 0468EE, 0496D2, 04BEC2,
04E332, 05131A, 0540DF, 057A18, 05B410, 05F22A, 0628D9, 066603,
06A658, 06EE99, 075F94, 07E7DF, 08A161, 0989E9, 0A8F29, 0BAE02,
0CBAA1, 0DAABA, 0E5695, 0EB00A, 0EC00A, 0E7B38, 0DFEEE, 0D5E25,
0CB1E2, 0C0DA7, 0B805B, 0B1C7C, 0AD028, 0AB03A, 0A9AD8, 0A8F59,
0A7B75, 0A4FAB, 0A0710, 0991C6, 08FF59, 0838EB, 075E90, 0663D5,
055CC3, 045D5A, 036AAD, 02A36A, 02103B, 01BD2A, 01B469, 01E823,
024E1A, 02D385, 035BD3, 03C9F8, 04051F, 03FCFF, 03A3B9, 0313EE,
024D42, 017E9B, 00C38A, 0026D6, FFC517, FF8412, FF689A, FF5122,
FF3392, FEF6EF, FE946D, FE028F, FD4B3F, FC7099, FB8295, FA9B07,
F9C07B, F90A89, F87E15, F82504, F7FB8A, F8115B, F84A21, F8B2FA,
F9297F, F9B08D, FA2A36, FA8FA7, FADE02, FAF6A5, FAFBCD, FABCD4,
FA6CF2, F9ED37, F95ECF, F8BD56, F80FF3, F76BF6, F6CEEE, F6506E,
F5F234, F5C3BE, F5BCD5, F5E6BE, F6331C, F687FB, F6F288, F75391,
F7B03A, F81B20, F88A5C, F91AFB, F9D116, FAB674, FBCEF7, FD0808,
FE663F, FFBFF4, 010B3F, 023E1B, 033A1F, 040D97, 04B04E, 052A59,
058A44, 05C95F, 05F030, 05F222, 05D16F, 0588EC, 051144, 047506,
03AE5C, 02CA2C, 01CBA0, 00B7F5, FF9E00, FE82F1, FD7582, FC7B09,
FBA33F, FAFBFE, FA93DE, FA76C1, FAAA30, FB2203, FBDA3B, FCB355,
FD9696, FE6BB9, FF1616, FF8D90, FFB84E, FF9BB2, FF31B7, FE8614,
FD9A7E, FC8B36, FB5DEB, FA283E, F909B0, F805A6, F72FB0, F688B4,
F6143D, F5CC13, F5AC4C, F5B662, F5E37A, F6337E, F6AFC1, F7560C,
F82E7A, F93E66, FA7B1D, FBE55D, FD641D, FEDD3D, 004A31, 018702,
0290F2, 036693, 03FABF, 0464FC, 04A64A, 04D3AC, 04F528, 050DF2,
053293, 0556C9, 058C95, 05C83E, 060EBB, 064909, 068C8A, 06C053,
06F5CF, 074843, 07A35B, 083EB6, 090238, 09E8EB, 0B03E3, 0C1336,
0D175C, 0DF708, 0E877E, 0ED130, 0EC70F, 0E737E, 0DEE32, 0D485F,
0C9BD7, 0BF6AE, 0B6A93, 0AFAE1, 0AAAE9, 0A7A38, 0A5A23, 0A4293,
0A270C, 09F750, 09A4CF, 092FA0, 088E37, 07C3E6, 06DEAC, 05D863,
04D35F, 03C86C, 02DDBA, 021B1A, 019168, 015AD3, 01613E, 01B204,
022BCF, 02B23F, 03380A, 038A07, 03A917, 038164, 031417, 0278E1,
01B5BF, 00F2DE, 003C37, FFAB48, FF4840, FF0960, FEF138, FED762,
FEBF76, FE813D, FE1C00, FD8C2F, FCCC85, FBF4A1, FB0AA3, FA22FE,
F950FE, F89F89, F81B6B, F7CA38, F7B07B, F7CC25, F81492, F88510,
F902D6, F9894C, FA026E, FA5D97, FA9BF8, FAA9C7, FA9380, FA534D,
F9EF43, F9777B, F8DAE8, F83B3C, F78EB4, F6E5F0, F65525, F5DB1F,
F58E26, F56B2E, F579F4, F5AC49, F5F700, F6521E, F6AB5B, F7082F,
F76650, F7CCD5, F84B92, F8E50B, F9AFEE, FAA5B7, FBCB77, FD1898,
FE6DBB, FFCF38, 01084C, 022C1E, 031998, 03D8BC, 047185, 04DFAC,
0536E0, 056D26, 058C5D, 058B56, 056223, 050B5F, 048FC4, 03DEB6,
031AF2, 023155, 0136CF, 003099, FF1843, FE0C4C, FCFBCC, FC0B78,
FB3F8F, FAA0EC, FA583D, FA4FA9, FA9F46, FB3973, FBFE48, FCE590,
FDCCFE, FE95DD, FF35E0, FF974F, FFA72E, FF7394, FEEE33, FE2A6E,
FD3B5E, FC2454, FB07C9, F9EC12, F8DBC1, F7EFE2, F72ABC, F68FA6,
F62693, F5ED7B, F5D919, F5F0F9, F62D13, F68ECE, F71865, F7D07C,
F8BD6E, F9DD6B, FB2F8B, FCA53B, FE2917, FFA3D3, 01083A, 024090,
033BB2, 04074E, 048EAD, 04E6BD, 051F25, 053B9E, 055229, 056E7A,
0598F9, 05CC46, 060F07, 065071, 06924E, 06C85C, 06FC5E, 072503,
075D3F, 07A99B, 081676, 08BCE1, 098673, 0A83D3, 0B96A0, 0CA588,
0DA165, 0E67A5, 0EEDBA, 0F255B, 0F0CD1, 0EB785, 0E27F2, 0D80AD,
0CCFB2, 0C2291, 0B9967, 0B2622, 0ADD21, 0AAE87, 0A9481, 0A84A3,
0A6768, 0A36D0, 09E6E0, 096836, 08C4F4, 07F48A, 06F829, 05F289,
04D537, 03CB33, 02E862, 02375A, 01D0A6, 01B3CF, 01D4E0, 022EFC,
02A1D1, 031C47, 038F1D, 03CDEB, 03E1D3, 03AA2B, 032EF9, 0288B3,
01B935, 00EFDA, 003C72, FFACFF, FF52CB, FF22A1, FF08AC, FEF32B,
FED437, FE8414, FE18B5, FD73A5, FCAC1F, FBC705, FAD6E6, F9EBB4,
F916CB, F86B29, F7E886, F7AF4B, F79D3A, F7D2CF, F82871, F89BB9,
F9207C, F99D27, FA0D69, FA5F67, FA8DC6, FA9225, FA6F32, FA2242,
F9B0E9, F9252A, F881B0, F7D292, F72667, F6847A, F5FC74, F5964E,
F5566C, F541C4, F557D3, F58E1B, F5D9C2, F63508, F68923, F6E18B,
F73F4B, F7A72F, F82C1A, F8D5A0, F9A860, FAAD3C, FBDD3D, FD27F0,
FE81C2, FFCD19, 00FC4B, 020553, 02E096, 039213, 042067, 048D28,
04D9DD, 050F2B, 051F92, 050EB9, 04DA85, 047494, 03F471, 0346B8,
027EEB, 019E0A, 00A7A1, FF9FF7, FE8BEA, FD7930, FC6D96, FB7FDE,
FAC0ED, FA3FF6, FA0696, FA26F9, FA8EAE, FB3BD6, FC1C6D, FD040E,
FDE8B4, FEA394, FF287C, FF69DA, FF5DF9, FF1396, FE794D, FDB922,
FCC3A0, FBBB3B, FAA58F, F98F15, F892D1, F7AA35, F6F29C, F66552,
F6034C, F5D403, F5C627, F5E4BD, F6271D, F68E38, F72793, F7EBE0,
F8E7A1, FA18EE, FB7352, FCF5C3, FE7FEE, 00028F, 0167C3, 028F1D,
0382A3, 042930, 049AFD, 04DEB5, 0508E2, 052805, 054D03, 057A54,
05AD36, 05F308, 0631BD, 067C73, 06B577, 06F1DB, 072428, 0757A4,
079F9F, 07F4BD, 0879F8, 092B10, 0A02A2, 0B0A02, 0C1D13, 0D2AA6,
0E2214, 0ED8B0, 0F4FBA, 0F781B, 0F4DC3, 0EE9B2, 0E52F3, 0DA0F4,
0CF10D, 0C48AA, 0BC034, 0B5E45, 0B1342, 0AF56F, 0ADF1F, 0AD882,
0AC552, 0A956C, 0A4136, 09B4A2, 08FA58, 080F61, 0708EE, 05F351,
04E6A5, 03F10B, 03251D, 0291B7, 0241CB, 022C8B, 025CCA, 02B5D0,
0325A2, 03A527, 0402D3, 043B97, 0436E7, 03E8F0, 035DC3, 02A6B2,
01D3A8, 010D5C, 006627, FFE3C9, FF978F, FF6C43, FF5659, FF4567,
FF1BD8, FED168, FE4FED, FDA5E3, FCCD12, FBD935, FAE5AD, F9F32B,
F92890, F8894D, F81B08, F7EBD1, F7ED79, F8263B, F87F5C, F8F7EA,
F976C8, F9F112, FA6044, FAA511, FAC973, FABF1D, FA830D, FA263C,
F9A39F, F90D91, F8657A, F7BB9E, F70EC1, F67D4C, F601BC, F5A4D0,
F57677, F56666, F583E1, F5BDF2, F6099D, F660C6, F6B469, F70C70,
F76699, F7D5E8, F861B8, F9166A, F9F9C4, FB05ED, FC3BD6, FD83BD,
FECF3C, 000F6D, 0130F0, 022A8F, 02FCD8, 039EBC, 042145, 048066,
04C021, 04E33A, 04E3EB, 04C782, 048264, 041C0C, 038E72, 02DD8D,
021331, 012984, 002D7E, FF2096, FE040C, FCEEF8, FBE6A8, FAFCB9,
FA5116, F9E071, F9BFA0, F9FD88, FA7588, FB39F9, FC16AD, FCFC0D,
FDCCDA, FE6E05, FED9FA, FEFB80, FEDD8E, FE7ADF, FDE02B, FD0C24,
FC1F76, FB0ECD, F9FC24, F8F32A, F7F241, F71F4A, F6697B, F5E285,
F5902F, F56287, F56821, F58B8C, F5D8DB, F64673, F6E177, F7B0EB,
F8B595, F9F98D, FB6752, FCF47E, FE8653, FFFEA3, 014D75, 025B7C,
032D56, 03C07E, 0424D4, 04650E, 049398, 04B7F3, 04E099, 051028,
054445, 0586AA, 05C7F3, 060D7D, 065001, 068DF7, 06C546, 070695,
074E11, 07B48E, 084674, 08FEAC, 09E9BA, 0AF497, 0C0EF1, 0D1DBD,
0E0969, 0EBAF9, 0F18EE, 0F327A, 0EF895, 0E82E0, 0DE53E, 0D2EB8,
0C789C, 0BD354, 0B559C, 0AF8E2, 0ACD56, 0ABEA8, 0AC1EB, 0AC4E0,
0AAE92, 0A764E, 0A0A64, 096CA3, 08A4A4, 07B394, 06ACA6, 05A1C9,
049CCD, 03B18C, 02F8AE, 02709D, 0232E0, 02367D, 027466, 02E142,
035A37, 03D3D7, 042E6D, 0452BB, 043D3A, 03E1A2, 0347C3, 028BCE,
01B7DF, 00F46D, 004F86, FFD9AD, FF9B5A, FF7C33, FF77F4, FF6D6A,
FF4296, FEEFBC, FE6692, FDAC35, FCCBB4, FBDDB5, FAE9A3, FA0DCB,
F95313, F8BD09, F8674D, F840B1, F8551A, F8A125, F907DA, F98B86,
FA10E9, FA8B81, FAEDAD, FB2B2B, FB3738, FB1965, FAD064, FA5ED0,
F9DBF2, F93DAA, F89D5F, F7F714, F75CC3, F6CEAB, F660A0, F61583,
F5EC2A, F5ECDB, F60C9E, F64544, F68DF8, F6E2A7, F73503, F7911D,
F7F5B4, F86E8C, F90511, F9C7D6, FAAEC3, FBBF44, FCF54A, FE326D,
FF7B2B, 00ADED, 01BBC3, 02AB03, 0363E7, 03FB68, 046E97, 04C03F,
04F8E6, 05178F, 0514A8, 04EF7C, 04AA0A, 04352D, 03A268, 02E959,
020EFE, 011E38, 000DE5, FEFC1A, FDD31C, FCBE27, FBBA96, FADCA0,
FA4C2A, F9ED10, F9FB11, FA4524, FAD9A1, FBA833, FC7C15, FD606A,
FE19A5, FEA426, FEF692, FEF906, FEC58A, FE4CEC, FDA433, FCCD77,
FBD454, FAC94E, F9B07F, F8A2E2, F7A9AF, F6D3B5, F62E4E, F5B526,
F5756C, F55A13, F5615D, F594A1, F5DABE, F65320, F6FCB5, F7D96A,
F8FA68, FA497B, FBC17C, FD47EC, FEC306, 0025EC, 015188, 024825,
0306C6, 038A8E, 03E5A9, 04254A, 044621, 047332, 0495E1, 04C554,
05057F, 053B47, 0589F9, 05C93D, 060803, 06420E, 06745C, 06AF83,
070125, 076D47, 0807D9, 08D221, 09C099, 0AD1F1, 0BEB05, 0CF3F9,
0DD864, 0E7A5C, 0ECBC3, 0ECD62, 0E786B, 0DEB87, 0D35FB, 0C72A4,
0BC31C, 0B2B08, 0AC1BC, 0A8308, 0A6845, 0A6948, 0A6A06, 0A64F1,
0A3E0C, 09F4AA, 097E88, 08D13B, 07FF61, 0707B2, 05FC5D, 04F22C,
03F412, 0318F4, 027179, 020780, 01E4CD, 01FD99, 024FDD, 02C1B1,
033F59, 03B4E4, 040366, 042355, 03FB73, 039183, 02F359, 0227B9,
01593A, 00A32D, 000CC5, FFB782, FF88BB, FF750F, FF723E, FF554E,
FF23BA, FEC126, FE2E09, FD78DA, FC999A, FBB545, FACE50, F9FA5B,
F9514F, F8D1F1, F891A6, F88596, F8B198, F90CC5, F97ECD, FA0826,
FA85F9, FAF654, FB4AE9, FB75C2, FB79F4, FB50C1, FB0458, FA9465,
FA0E7B, F97A90, F8D9FF, F841D8, F7AB6A, F72BA3, F6C512, F67F58,
F65D14, F662AB, F68849, F6C44F, F71870, F7695C, F7C70E, F82B80,
F891D4, F91B51, F9BB35, FA8491, FB7E18, FC9486, FDCC92, FF10A7,
004F0A, 01785B, 027E98, 035A53, 04060B, 048ECB, 04EE02, 0532E4,
056203, 057342, 056C26, 054399, 04F591, 048360, 03E8B6, 0326E5,
0247CA, 0147C2, 00304B, FF1450, FDEAB3, FCD8C9, FBE003, FB144E,
FA9499, FA55CC, FA77E7, FAE103, FB8704, FC5E25, FD37A1, FE0636,
FEB228, FF2310, FF5C36, FF4EAA, FF03F5, FE8225, FDC4B5, FCDE22,
FBD4B9, FABCD2, F9A085, F89AD8, F7AF40, F6EA86, F6579D, F5EE46,
F5ADB6, F59589, F5A0D5, F5CC6B, F6282D, F6ADC8, F76788, F85865,
F97E56, FAD0AD, FC3DEE, FDBF02, FF29B9, 007912, 019A5C, 0275BF,
03268B, 03921B, 03DE44, 040D46, 042E2D, 0454FE, 04799E, 04AF1B,
04E5E1, 051F63, 056096, 05953B, 05CB64, 05FF71, 06314C, 066F8F,
06C1D2, 073355, 07D18C, 08A331, 099C9F, 0AB900, 0BD929, 0CDF21,
0DB8CF, 0E3D16, 0E72FC, 0E4D48, 0DE1E9, 0D45CF, 0C88F5, 0BD175,
0B2A59, 0AA277, 0A4A06, 0A13E2, 09FFA4, 0A02B5, 09FCE4, 09F00A,
09BABE, 09607C, 08D1DD, 081673, 072FB2, 06318F, 052A82, 041FDF,
033D29, 02708B, 01DF7A, 0188B0, 016BDF, 019169, 01E700, 025C04,
02DBD8, 0347C9, 038770, 038DE6, 034C25, 02CB42, 021D67, 0150B8,
008CDA, FFDD98, FF5D4E, FF086C, FEE0F2, FED1D9, FEC762, FEAFB2,
FE6F82, FE0D39, FD6E14, FCAE3B, FBCC7A, FADED7, F9FB00, F93663,
F89A7D, F83291, F80CA7, F81593, F85731, F8C2BC, F93CAF, F9C9CA,
FA4B84, FAB329, FB0006, FB22AB, FB192A, FAECEB, FA9B93, FA2B82,
F9AAC8, F917E1, F87FDA, F7EB06, F75D95, F6EA1B, F68910, F64FA6,
F63C5B, F64903, F67890, F6BBA0, F70B65, F76145, F7C096, F82570,
F89CF5, F931BF, F9E60A, FAC1E6, FBCE0B, FCF4B8, FE38B2, FF8549,
00BDBB, 01E595, 02DACC, 03A2ED, 0445BC, 04B8D0, 051576, 055671,
058616, 059A88, 05942F, 056B21, 05156E, 049E99, 03F723, 033355,
024D16, 01490C, 0033EE, FF13C1, FDF337, FCEA3D, FC06A1, FB5EF3,
FB0255, FAF3F0, FB362B, FBB6B8, FC6CF0, FD3BC6, FE0AB0, FECD1F,
FF64BA, FFCAE7, FFF484, FFD4DD, FF7D02, FEE229, FE1301, FD277B,
FC1854, FB0930, F9FFC2, F9000C, F82302, F76736, F6D8DF, F67446,
F63DE7, F62CE1, F63E85, F67E4C, F6DBBB, F771AA, F831D7, F9292F,
FA58F6, FBA9CE, FD1D63, FE94A5, FFF850, 013A68, 02405A, 030E62,
03A37A, 0406C0, 044CEE, 0479B6, 04A1E6, 04C1F3, 04EB32, 051445,
054789, 0585F3, 05BE88, 05FCE2, 062E85, 065AC6, 068143, 06BC27,
070241, 07863A, 082FC4, 091594, 0A2A74, 0B4495, 0C68F3, 0D5CE7,
0E18CA, 0E86C9, 0E9F97, 0E6047, 0DE694, 0D3D07, 0C7A07, 0BC5E9,
0B212B, 0AA269, 0A5820, 0A287D, 0A1F73, 0A22C6, 0A14F8, 0A019F,
09B3B3, 094878, 08A80B, 07DB49, 06F80F, 05F4A3, 04EF57, 03EF39,
030536, 024357, 01BBBC, 016CD5, 01686C, 019ADD, 01F99D, 0273F3,
02E598, 03428D, 0370E4, 036070, 030FD0, 0281A7, 01C994, 00FAAB,
003924, FF95CB, FF1D4A, FEDB90, FEB9DE, FEAE3D, FEA53A, FE7E0F,
FE303A, FDB4F5, FD066C, FC3127, FB4C42, FA5A76, F97D95, F8C269,
F83184, F7DC55, F7BED2, F7DADD, F8260E, F890A3, F91007, F98F89,
FA030C, FA613E, FA9933, FAAEFB, FA99B0, FA6322, FA0D24, F99B2A,
F9178F, F8861A, F7F06D, F75792, F6D28C, F655C7, F5FB6A, F5BED0,
F5A93F, F5BA3D, F5E7CC, F63369, F6843D, F6E3ED, F747DF, F7AFD1,
F835CF, F8D06E, F99731, FA83C0, FB9C11, FCCED5, FE15B6, FF5B53,
0088FB, 019D52, 027CF2, 033A65, 03CC44, 043E72, 049EFD, 04E387,
051713, 052BB4, 051FD7, 04EF62, 04974C, 041801, 036A5E, 029C74,
01A448, 0093E0, FF7810, FE5818, FD49DB, FC6175, FBA11B, FB2171,
FAE927, FAF091, FB44D8, FBD409, FC8BE0, FD613A, FE369C, FEEEA2,
FF8209, FFD56D, FFEAC1, FFC30F, FF56C3, FEBC08, FDEE9E, FCFB74,
FBFC2F, FAEACD, F9E1B7, F8F48C, F8169C, F76C8C, F6E7B1, F68EE2,
F6641B, F65949, F67E64, F6BF2C, F7314D, F7D654, F8A90E, F9BCC6,
FAFA9A, FC5C5A, FDD0FA, FF3E6E, 009B0F, 01CA33, 02C7E7, 038CF9,
04183A, 04774E, 04AD7D, 04D68B, 04EEFF, 050F9B, 0536EA, 056741,
05A535, 05E473, 0624F9, 065B30, 06890E, 06B0C2, 06DBBE, 0717A5,
0777FA, 080362, 08C67B, 09B849, 0ACFE8, 0BF18B, 0D0317, 0DEED2,
0E8D05, 0EE64D, 0EE82B, 0E937E, 0E151C, 0D5CFF, 0CA64D, 0BF812,
0B63C2, 0AFE78, 0AB7F9, 0AA0E8, 0A937A, 0A913D, 0A8A4C, 0A5CAB,
0A1A08, 09A318, 08FE04, 08334D, 074278, 063B06, 05316A, 04302F,
034AD6, 029B56, 021D35, 01E623, 01EB01, 022845, 028E25, 030492,
0379E6, 03C982, 03E993, 03C9EA, 03617B, 02C714, 01FFD3, 012E53,
006EF9, FFCC95, FF65FF, FF284C, FF0D85, FF07E2, FEEF29, FEBF9A,
FE6415, FDD16E, FD14E1, FC34C0, FB437C, FA557D, F982F6, F8CE39,
F8554E, F80DE0, F7FD7F, F824DB, F87117, F8E112, F955FA, F9CF16,
FA377D, FA825E, FAAA81, FAB24E, FA8926, FA4971, F9EB30, F970F0,
F8EECC, F8571C, F7BC12, F71D3C, F68E16, F61419, F5B5D3, F58912,
F574BC, F59385, F5C9B6, F60EAA, F669DC, F6BDA1, F7233B, F78F0E,
F814A2, F8BCBF, F9862C, FA849E, FB99C2, FCD47B, FE1037, FF46D9,
006C2B, 016380, 02442A, 02EC27, 037857, 03E843, 043922, 0483A6,
04AE63, 04C181, 04B02D, 047290, 0409A2, 036D88, 02A904, 01BE1B,
00BC56, FFA772, FE9493, FD82E5, FC8A66, FBB018, FB035D, FA95FC,
FA6AA3, FA8812, FAEE05, FB8BAC, FC4ECC, FD271C, FDEDD9, FEA069,
FF18FE, FF5E3F, FF6151, FF2524, FEB524, FE0C40, FD3AF6, FC47A3,
FB410F, FA2F98, F93006, F84081, F774CB, F6D3A6, F652FC, F6070B,
F5DB2E, F5DC75, F60A9C, F65DB0, F6E79F, F79772, F883F5, F99CDC,
FAE6FB, FC4A72, FDC2DC, FF3023, 0081D6, 01AD38, 0292DA, 0348AD,
03C3F8, 040EE3, 044716, 046A30, 048E61, 04B982, 04EDB5, 052996,
0572A3, 05B677, 05F847, 062CD9, 06526B, 06807B, 06A6C8, 06F33A,
075D82, 07FAF3, 08CFD3, 09D05E, 0AECD1, 0C1323, 0D223F, 0DFCDA,
0E92FF, 0ECC84, 0EB8F2, 0E5849, 0DC21A, 0D118F, 0C5DFF, 0BBD06,
0B3B26, 0ADF74, 0AA9BB, 0A90A9, 0A8ED4, 0A90A0, 0A84F1, 0A63DD,
0A1377, 099AA6, 08EC77, 081621, 071FAD, 06184B, 050EE7, 041845,
0345C8, 02A14C, 024468, 022048, 023FC2, 0293B7, 0303BA, 038304,
03F54A, 043AD2, 044A31, 0413C7, 039743, 02EA71, 021D81, 015083,
009B02, 00125B, FFBD2B, FF9356, FF8E9E, FF846C, FF715B, FF3218,
FEBCA5, FE2285, FD4F04, FC6B33, FB7AEB, FA9364, F9CA0E, F929BB,
F8BE36, F88C43, F8904D, F8C9FA, F9255C, F9989C, FA146B, FA80BC,
FAE11D, FB1FD8, FB4251, FB41A9, FB1970, FAD71B, FA70F0, F9F424,
F967FA, F8CBF2, F82BF4, F79111, F70707, F692A2, F64669, F61D0C,
F61F3D, F64287, F67B8B, F6C4AF, F715F1, F77192, F7D5D6, F84A4E,
F8D8B3, F9875A, FA5AB2, FB5B6E, FC74FD, FDAA8F, FEE710, 001280,
012B2C, 021987, 02E0BD, 038421, 040393, 046F1A, 04C4DD, 05074A,
05307A, 0533E6, 050B77, 04B54D, 042EFD, 037CFA, 02A9CE, 01B6EB,
00AEA0, FF9F4A, FE8B84, FD80F9, FC8FAF, FBBA35, FB1B5A, FABB01,
FA9C3D, FACD9B, FB3DC0, FBE131, FCA739, FD7008, FE29EC, FEC10B,
FF2940, FF5662, FF4C92, FEFE65, FE7F20, FDC81B, FCE8EB, FBF3D2,
FAE3DA, F9DE8F, F8D84A, F7EF26, F722F5, F681A4, F60AAD, F5C006,
F5A9A6, F5B75B, F5F1BD, F65631, F6DFBE, F79CB9, F88D65, F9AF49,
FAFC6B, FC671E, FDD951, FF3CED, 007D59, 018DB4, 026067, 02F75F,
03603A, 039E60, 03C97E, 03F1B8, 041854, 044C2E, 048AB3, 04C942,
0510BD, 054C8F, 05842A, 05AFDA, 05CF94, 05F6EC, 0622CB, 0678C3,
06F11C, 07A27E, 08877A, 0992BB, 0ABBB0, 0BD96E, 0CDADF, 0D9E6B,
0E1241, 0E3754, 0E063A, 0D9B68, 0D0176, 0C54F8, 0BAB8A, 0B1161,
0A9978, 0A437C, 0A19EE, 0A0AC8, 0A0E35, 0A1944, 0A0725, 09DF70,
098531, 08F54C, 08406C, 075A58, 065C52, 055887, 045249, 036693,
02A23E, 02115D, 01C6B9, 01C042, 01F515, 025BF2, 02DC1B, 0357F4,
03C423, 03FDF2, 03F489, 03AB5E, 031D0E, 026253, 0196ED, 00D2DD,
003209, FFBFDB, FF80BC, FF6942, FF62AA, FF5CA5, FF3D24, FEF2F4,
FE7A1E, FDCF16, FCFDC8, FC1718, FB28CB, FA4AC1, F98FF6, F8FF91,
F8AAAE, F88F1F, F8A1A2, F8EA38, F94799, F9BA08, FA3691, FA9FB1,
FB01FE, FB3EE8, FB5F99, FB589B, FB3244, FAE73A, FA83C6, FA086D,
F978EA, F8E2B8, F844E5, F7B380, F73007, F6CA05, F68661, F66932,
F671D9, F69AFB, F6D7E8, F72475, F77A63, F7D44A, F83D80, F8B83A,
F94B19, FA0554, FAE844, FBEF9F, FD1883, FE50B0, FF8606, 00AA47,
01B1E3, 0297F3, 03573D, 03F864, 047C35, 04E5BB, 053D12, 0573D5,
0591EC, 05848A, 054DAD, 04E8F6, 045539, 039D50, 02C363, 01D1FA,
00CB03, FFBE95, FEAD85, FDA664, FCC097, FBF5EC, FB6DC7, FB2395,
FB1C09, FB6098, FBDB54, FC839E, FD44CB, FE0A1D, FEB4F0, FF408D,
FF989D, FFB32C, FF9728, FF3CDC, FEAA8B, FDEEBD, FD0915, FC0A25,
FAFE88, F9EDA8, F8EEEE, F8090D, F7493B, F6B98B, F65334, F61BD4,
F60C9C, F622F7, F65F2B, F6C198, F75312, F81659, F910D6, FA3C64,
FB920D, FCFFBB, FE6D3F, FFC5E1, 00F207, 01E8C2, 02A712, 032AB2,
03833B, 03BF50, 03E633, 040D05, 043C9F, 046B5E, 04A5FD, 04E2EA,
0514E8, 054CF4, 0572C9, 05930B, 05B1C9, 05D11B, 06101E, 0668C9,
06FA4D, 07B807, 08AA45, 09BE85, 0ADA44, 0BEAEE, 0CD153, 0D776E,
0DD39C, 0DE05E, 0D9E9C, 0D274C, 0C87B2, 0BD4AC, 0B2AB1, 0A9512,
0A1F9B, 09DFBF, 09BB7E, 09BA18, 09C810, 09C285, 09B080, 097033,
09078F, 086E8A, 07A413, 06BDE7, 05B43C, 04AE76, 03AD30, 02C702,
0217BB, 01990B, 01692A, 017476, 01B9D3, 022B08, 02A37A, 032036,
037809, 039A6A, 0385FD, 032554, 028D85, 01D086, 0104F4, 004C8F,
FFBA3E, FF57A3, FF2080, FF1543, FF0ED1, FF06F0, FEE197, FE89D7,
FE0123, FD4A91, FC6E27, FB7E96, FA9D0A, F9C550, F919A1, F89FD2,
F8578C, F84A42, F86C08, F8B58E, F919D3, F9915D, FA08B5, FA74EE,
FAD0F6, FB0610, FB2028, FB131F, FAE220, FA9360, FA279B, F9A877,
F918BC, F87FDC, F7E827, F758C0, F6E098, F686F4, F64DF0, F64198,
F657B0, F688EB, F6D137, F72395, F779B2, F7DD35, F84E70, F8D4D9,
F97FBF, FA48A0, FB379A, FC4A0F, FD6E13, FEA059, FFCFFC, 00E5DA,
01E6A6, 02C456, 037B7A, 0419E9, 049C11, 050385, 0551E0, 058784,
0595B2, 05802B, 054362, 04D238, 043ADD, 037E6D, 029C07, 01A928,
00A150, FF9244, FE8BD8, FD8DBA, FCB8AD, FC0520, FB8F49, FB5AA4,
FB6786, FBB8FC, FC44CF, FCF5B3, FDBC6D, FE7EE2, FF2095, FFA510,
FFE53C, FFFDAE, FFCEBD, FF6B8F, FED636, FE0BB8, FD2184, FC1C2E,
FB0EC7, FA017F, F90F03, F8364E, F78A6F, F70DE3, F6B52A, F68D25,
F67DFD, F69A25, F6DBCB, F74821, F7E5EB, F8B835, F9C6CA, FAF4A3,
FC5B73, FDBE24, FF23BC, 006DC4, 018700, 026A22, 031600, 038F2E,
03DA86, 0416D2, 043E12, 0465A7, 04956A, 04C46C, 04FA11, 052BE4,
055ACF, 058432, 05A2AF, 05C3C2, 05E13C, 060BFC, 065495, 06BA9A,
075744, 0821CB, 091434, 0A27D3, 0B3E9A, 0C3DB9, 0D196B, 0DAA27,
0DEF71, 0DE7D5, 0D8E51, 0D041D, 0C5502, 0BA25A, 0AF87B, 0A7393,
0A1071, 09D8FA, 09C339, 09C344, 09C920, 09C05D, 099F88, 095351,
08E080, 0835FF, 07636B, 0671C6, 05665E, 0463EA, 036975, 02993B,
01F7CF, 01904B, 0171A5, 018547, 01D6FE, 02429A, 02BB0F, 03261D,
036E72, 037F95, 03524E, 02E29C, 023F49, 017CDD, 00B6BB, 000A34,
FF82D9, FF33AE, FF0ABE, FF0057, FEFDC6, FEE76B, FEB0B0, FE4908,
FDAFE5, FCEF82, FC0F64, FB2716, FA4A1B, F98354, F8E743, F87B75,
F84356, F84016, F869D1, F8B8E7, F9252D, F99770, FA1324, FA7B41,
FAC75C, FAFFD9, FB0260, FAF01B, FAB24F, FA5F02, F9E680, F96279,
F8CB21, F8251A, F79788, F70696, F69AB7, F650D7, F62111, F621A6,
F637FC, F67072, F6B33F, F70C04, F768E0, F7D3A7, F8524A, F8DFD2,
F994E4, FA6060, FB570E, FC6204, FD8721, FEB385, FFD82C, 00EF1F,
01E67A, 02BDD8, 037403, 040C1A, 0486A8, 04E85C, 0530E4, 055B4B,
0569BE, 054781, 0505CD, 04888D, 03ED01, 032419, 023FB4, 014B94,
003DDD, FF3EB0, FE338E, FD4806, FC78EB, FBD5E8, FB7614, FB5145,
FB72E9, FBDC21, FC699D, FD233C, FDEB1B, FE9A7E, FF3E65, FFAAA3,
FFE14F, FFEAA8, FFAC14, FF3DA8, FE9440, FDBE9A, FCC714, FBC092,
FAB84B, F9B385, F8D1A2, F80774, F76A50, F6F3AC, F6A9CD, F6845E,
F68695, F6AC39, F6FA22, F77709, F821EF, F90654, FA1D5E, FB5E62,
FCBD6F, FE2903, FF81B5, 00BCBB, 01C65F, 0294D9, 0332FA, 039F37,
03EC0E, 0422AA, 044CFE, 047AFB, 04A60A, 04D858, 0509E4, 053B96,
056A4D, 0590EF, 05B9B6, 05DB98, 0603C2, 063E75, 068B92, 070370,
07A6F8, 087A02, 0978FC, 0A8A40, 0BA66A, 0C9D3F, 0D6296, 0DE2FE,
0E09A5, 0DE734, 0D7DF3, 0CE5DA, 0C3390, 0B8410, 0AE999, 0A6CA4,
0A1CF9, 09F159, 09E6B2, 09EE3B, 09F4B5, 09EA0C, 09BEBF, 0967C5,
08DFE9, 082AFE, 074576, 064DE0, 0542CE, 043F4A, 0356FE, 028E27,
01FDFB, 01ABE2, 019555, 01BD59, 021565, 028708, 0301C6, 0366FE,
03A1EF, 039BE9, 0358F3, 02D67A, 0223AA, 016279, 009F90, FFFE1D,
FF894E, FF3DEF, FF2024, FF1333, FF09D2, FEE9BD, FEA195, FE2D84,
FD89CC, FCC19C, FBE75B, FB0287, FA2C32, F9743B, F8DA0E, F87B04,
F8491E, F84ACB, F88058, F8D314, F93E34, F9B818, FA23F6, FA8AF6,
FAD722, FAF9D0, FB06F0, FADF30, FA9E88, FA38FC, F9BF63, F92D7C,
F8975E, F7FC1E, F765A4, F6E61C, F67852, F63199, F60721, F609FC,
F62798, F665EE, F6B4E9, F713AD, F77BD2, F7F32F, F875B3, F90EB7,
F9C62E, FA956D, FB8E7F, FC9C64, FDC40F, FEEC35, 0014FD, 012440,
0216A5, 02EB33, 0392BE, 0422ED, 049669, 04ED28, 052FCC, 054E5A,
054938, 051E88, 04C384, 0443E3, 0394B7, 02C770, 01E0CD, 00DEEE,
FFDD8D, FED5F6, FDD6D8, FCF650, FC3404, FBA636, FB5A00, FB4BD5,
FB7F24, FBEDD4, FC876F, FD3DF2, FDFBA5, FEAD8D, FF3E99, FF9DC3,
FFC8F6, FFB470, FF64AC, FEDFA0, FE2729, FD4632, FC4DB8, FB4952,
FA418F, F94B3B, F86DC4, F7ADA7, F71C24, F6B2E5, F6703B, F65C4B,
F66745, F69949, F6F6CF, F77E29, F83CD2, F930DC, FA5436, FBA16F,
FD0207, FE62BA, FFB60E, 00DC0C, 01D5D5, 029A5C, 032600, 0390D6,
03D5A6, 040A5B, 04363C, 045725, 048355, 04AB7E, 04DDC7, 0514C2,
0545DC, 057A67, 05A396, 05CC75, 05FB9E, 063478, 069297, 071626,
07CB69, 08B580, 09BD1D, 0ADBD4, 0BEE6B, 0CDCBE, 0D91D6, 0DF3DA,
0E09AB, 0DCF5E, 0D55DA, 0CB47A, 0BFFD9, 0B54A0, 0ABDBC, 0A542F,
0A08EA, 09EE59, 09EDBC, 09F2F5, 0A01B0, 09ECFF, 09B631, 09572A,
08BD36, 07FF5F, 071A8C, 061BDC, 051A17, 041D19, 033B19, 0282F5,
020309, 01C3B2, 01C4E2, 0201A1, 026054, 02D5B0, 0348DA, 0398E6,
03C1D5, 03A87F, 0354ED, 02C3AE, 021113, 015277, 009B4C, 000DDC,
FFA751, FF6B04, FF5164, FF48DB, FF2F9C, FF0952, FEB514, FE367F,
FD9257, FCC5AA, FBEA13, FB077A, FA3483, F9829A, F8F5BF, F89EEB,
F87F33, F88A64, F8CAF1, F9237D, F996A6, FA0EEA, FA7D47, FAE0B5,
FB1C81, FB3BBD, FB31DE, FB02CA, FAB7B9, FA4A10, F9D10A, F93CAA,
F8A6D6, F812FC, F779E1, F701E5, F69802, F65180, F63C78, F64053,
F674A7, F6BF57, F71AEF, F787E0, F7EFBF, F86741, F8E49E, F97896,
FA31B2, FB03DE, FC023C, FD1618, FE3A6C, FF6880, 0085AB, 018E3D,
027D47, 033ADF, 03E243, 0465F8, 04C74F, 051E65, 054A58, 056076,
0553EB, 0513D2, 04B907, 04260C, 037601, 029C5C, 01ACE7, 00A9BC,
FF9CDF, FE9C3A, FDA397, FCCE2C, FC1620, FB9F47, FB50F1, FB58EA,
FB9382, FC0E03, FCB626, FD7090, FE3440, FEDB95, FF602E, FFAA12,
FFBD74, FF8D9F, FF3103, FE97C0, FDD634, FCF209, FBF0DF, FAE731,
F9E4AE, F8F08C, F818F7, F76DE1, F6E192, F684D7, F64FF5, F63F0F,
F65B0A, F6947D, F70352, F79DB3, F86B1F, F977B0, FAA2BF, FBF5B1,
FD55CD, FEABDB, FFF5EC, 0110F7, 0202AC, 02C0E3, 0342E8, 03A1F4,
03DDC3, 0402F6, 042578, 044630, 046C62, 0499FC, 04CB7C, 04FF69,
052F22, 055872, 058069, 05A391, 05D0CA, 0616FB, 067A8D, 070DEF,
07D10A, 08BD38, 09CCC4, 0AE3FE, 0BEC78, 0CC98B, 0D6623, 0DB097,
0DADFC, 0D6107, 0CDA92, 0C344D, 0B7E8F, 0AD944, 0A4DFF, 09EC83,
09B5BA, 099FA6, 09AA70, 09B33F, 09B5F6, 09A049, 095CAE, 08F538,
085690, 07890D, 069EBF, 059D4A, 049B0C, 03AA9C, 02D560, 0231F8,
01C5FE, 019A23, 01AD95, 01F1A6, 025A2A, 02D05E, 033CC6, 0384A0,
039C52, 037682, 030F9B, 027FE1, 01C66A, 010B98, 005EF0, FFD175,
FF71B2, FF35A8, FF224E, FF11BE, FF052E, FED6B0, FE811E, FDFE0E,
FD4CA4, FC7F19, FB9FE9, FAC3B4, F9F83B, F94DB8, F8CEFE, F88430,
F8726F, F89103, F8DC7D, F943F2, F9BCE6, FA38B8, FAA6EE, FAFCCD,
FB32D4, FB428E, FB2D14, FAF613, FA9EDE, FA379F, F9B567, F92AD7,
F893DF, F7FA9C, F768F1, F6EE13, F6922B, F66003, F66158, F67F04,
F6C668, F71BF4, F77A68, F7E426, F84C9D, F8BF8E, F947D9, F9E343,
FA9E1E, FB823F, FC7E7D, FD9B03, FEC9F8, FFECD4, 0111B1, 020EE8,
02ED38, 03A95F, 04352B, 04AF52, 050469, 054873, 057936, 057E91,
056AA7, 052058, 04ADC3, 041141, 03512C, 0272E9, 01814D, 00831E,
FF80D5, FE83B1, FD93A2, FCC3EA, FC1A19, FBA8CF, FB7579, FB8852,
FBDB35, FC633A, FD10D4, FDCD23, FE7F7C, FF19DC, FF88C6, FFC0EB,
FFC3BE, FF873A, FF1897, FE77A4, FDAAF5, FCC5BD, FBC5D9, FAC0E0,
F9C499, F8D87A, F80EA7, F764C0, F6E4CF, F68ACA, F6556F, F6522F,
F6703A, F6BFAE, F740CE, F7E718, F8C928, F9D2E0, FB0673, FC5B9B,
FDB596, FF0F29, 0047F8, 015E00, 023773, 02E313, 035663, 03A5E8,
03DC3E, 0402EA, 0429DF, 044C28, 047952, 04A3F9, 04D68C, 050833,
05338B, 0562CF, 057EAF, 05AADC, 05D79A, 061C7F, 069115, 0727C7,
07F6C7, 08EA69, 09FAA9, 0B05F9, 0C0552, 0CD00B, 0D5710, 0D92A8,
0D71DC, 0D1422, 0C809D, 0BD283, 0B2A27, 0A8963, 0A128A, 09C1E7,
0995C6, 09934C, 099BDD, 09ACF2, 09A890, 09818F, 09369C, 08B3B9,
080723, 0731E1, 063EA9, 05421E, 044390, 035AD9, 0295D7, 01FF70,
01ABD9, 018EF4, 01AF8A, 01FC8E, 02600E, 02D328, 032FF4, 036EFE,
037CAB, 034B95, 02DDF0, 023BF0, 017CC2, 00BD14, 001052, FF902F,
FF394C, FF0B1A, FEFB90, FEEBE1, FED6F4, FE9B95, FE3BA1, FDAA59,
FCF2B7, FC1DF3, FB3B21, FA5FCF, F99623, F8F7D8, F8867F, F84E8B,
F84FAD, F87D6B, F8DABC, F9494F, F9CA57, FA424A, FAAD7B, FAFA55,
FB2917, FB33CD, FB15F6, FAE6D0, FA8558, FA1B8E, F990D5, F8F326,
F8596F, F7B7CC, F73010, F6C178, F6769A, F65BB9, F66548, F6980B,
F6E465, F74152, F7A477, F81356, F87D9B, F8FD35, F9831B, FA26B9,
FAEAB8, FBCF3D, FCE19C, FE0148, FF39A9, 005F25, 0170EC, 026665,
032F4C, 03DAA7, 0466B9, 04D72C, 052CFC, 056ECB, 058D34, 0588D7,
056199, 0502A8, 048ABF, 03E0DF, 031EC4, 0243A1, 014DFD, 00575F,
FF508C, FE5855, FD746F, FCAA23, FC17A5, FBB3BE, FB9408, FBB6ED,
FC1A0C, FCAAE3, FD5F56, FE1B6D, FEC4DD, FF5476, FFAF84, FFD7CD,
FFC899, FF7AC6, FEFCFF, FE4D7A, FD7CF1, FC8E9E, FB93A4, FA9473,
F99AB2, F8B887, F7EE63, F7495D, F6D24F, F68456, F66341, F67009,
F6A039, F6FDA3, F781FC, F837DB, F91BFC, FA2CD7, FB6B1A, FCBD41,
FE196E, FF6A70, 0095A7, 019427, 0261EC, 02F6C2, 036338, 03A70A,
03D7BD, 03F9A9, 041A1C, 044268, 046BCB, 049F52, 04D011, 0503BD,
05300D, 055EE0, 05874A, 05B80E, 05EEF5, 0646AD, 06BEFF, 0769A1,
084816, 093E7D, 0A5A07, 0B5F9E, 0C4DB0, 0D0504, 0D6D9B, 0D89D8,
0D5652, 0CE3E4, 0C45F4, 0B98F6, 0AF267, 0A6073, 09F96F, 09B8A5,
099BAA, 09A220, 09AC5C, 09B5A1, 09AB3A, 09775D, 091AAC, 088E7A,
07D2BD, 06F486, 05FDF6, 05014A, 040F14, 032FB4, 0280F8, 01F673,
01AD4E, 0199B3, 01C063, 0214AD, 027FD7, 02F424, 034EBC, 0387B2,
037D9A, 033F9A, 02B837, 020FF5, 014E87, 0093B1, FFF8CB, FF7FFD,
FF3A2C, FF136E, FF0678, FEFCCD, FEDC7E, FE9C3C, FE2E9B, FD8CE6,
FCCAD0, FBE9AA, FB04D2, FA2D0A, F96DF9, F8E1AD, F8811A, F85E4C,
F872B9, F8ACED, F91667, F987AD, FA0585, FA7B67, FAE03E, FB2AE9,
FB5031, FB564C, FB2F34, FAEC2C, FA8A33, FA07F8, F977EC, F8DACA,
F83A6C, F7A919, F72A5E, F6C8BC, F68F2F, F67D6F, F69255, F6CEAE,
F72022, F77EC7, F7E729, F846EE, F8B8EF, F92613, F9B9C1, FA644B,
FB3454, FC3018, FD3ED5, FE6CE9, FF9020, 00B3C7, 01B66D, 029D21,
03657D, 0408B2, 0492C7, 04FBF9, 054C8C, 058018, 0592A2, 058340,
054A54, 04EC2F, 0460F1, 03B464, 02E561, 020001, 010A08, 00071E,
FF0B01, FE0E85, FD2E16, FC7628, FBE6C5, FBA1F5, FB9566, FBC958,
FC3EA3, FCD739, FD8DBA, FE461E, FEE82D, FF67C0, FFB230, FFC9D9,
FFA597, FF4A6F, FEC373, FE0BA0, FD375C, FC46E9, FB44CB, FA4217,
F94887, F8637B, F7A5D9, F70FE9, F6A8BD, F67208, F65FCA, F67C73,
F6B82F, F7229F, F7B493, F87B52, F96AA1, FA8CB6, FBCFDE, FD2319,
FE8017, FFBD07, 00DD1D, 01C7C5, 02823B, 0309E0, 03697E, 03AAA8,
03D2DD, 03F3D5, 04138E, 0436B8, 046092, 0493AD, 04C753, 04F993,
052D1C, 05516C, 057AF4, 05A774, 05E8F4, 0648F9, 06D3C6, 079030,
08741E, 097D3A, 0A8C15, 0B8EB6, 0C68DA, 0D04A1, 0D5698, 0D4F65,
0D09A1, 0C8677, 0BDFC4, 0B3AD2, 0A97F7, 0A15E1, 09BB78, 098391,
0973A2, 097905, 098676, 098686, 096F5B, 092902, 08BEB3, 0820E2,
075DD6, 067FC9, 0586CE, 0497EE, 03A41D, 02D58E, 022942, 01AEAD,
01740E, 017359, 01AAAF, 020AA7, 027AAE, 02E849, 033878, 035CFE,
034CA4, 02F37D, 026DAD, 01BC45, 00F7AF, 0046D0, FFAC6F, FF41BF,
FF0676, FEE94F, FEE29A, FED3C5, FEAE99, FE6274, FDE359, FD3C40,
FC6E88, FB8F1F, FAB3C9, F9E959, F93E43, F8C287, F87A5D, F86420,
F8838E, F8CBA0, F930AA, F9A5E2, FA24F0, FA959A, FAFA7E, FB3C10,
FB5A47, FB549A, FB2099, FAD257, FA6599, F9DF54, F94CF6, F8B95D,
F81776, F79615, F71E75, F6C9A1, F6A8CD, F69F9C, F6CA3F, F70F55,
F75F8A, F7BF2B, F81B6B, F87B10, F8E82B, F961A7, F9FB73, FAB1A4,
FB8E1B, FC8A3B, FD9E49, FEC624, FFEB49, 010792, 020BCC, 02F04A,
03A9F0, 044F3F, 04C5BB, 052AD3, 05733B, 059799, 05A7A9, 058713,
05476E, 04DD34, 044802, 03951B, 02BFD8, 01D570, 00DF50, FFDCF4,
FEE1F4, FDF277, FD1BFA, FC6F1B, FBF877, FBBD4C, FBC430, FC1342,
FC8A9F, FD3267, FDE5E6, FE8E62, FF2A3E, FF8F18, FFCDDA, FFD6B5,
FFA425, FF4985, FEB44C, FDFB47, FD18B4, FC246D, FB1DBE, FA18F4,
F929C8, F84E84, F79CE0, F71A42, F6C010, F69469, F69312, F6B339,
F6FF04, F7745F, F8151F, F8E870, F9E8E1, FB114D, FC582D, FDAB37,
FEF7A4, 002F68, 013F4B, 021BDD, 02CA61, 0343A7, 03922B, 03CA76,
03EBF9, 040A47, 043168, 045917, 0489A2, 04C02B, 04F073, 052204,
054DEA, 056F8B, 059C8A, 05C9BB, 061252, 067C9C, 070FC0, 07D75A,
08C5CD, 09D062, 0AD9E0, 0BD158, 0C9773, 0D18D7, 0D52EA, 0D332E,
0CE08E, 0C4C76, 0BAACA, 0B058E, 0A6952, 09FC15, 09A5AB, 097DD6,
097213, 097942, 097A5D, 097196, 09449E, 08F722, 087C4E, 07D89F,
071142, 062976, 0534C9, 043CBD, 0357E3, 028BA2, 01F3FE, 018BD7,
0165F7, 017519, 01BBD8, 021993, 02898F, 02EF11, 032F97, 0347B2,
03196C, 02BCC9, 0217B7, 0164AA, 009D7B, FFE940, FF64CD, FF0502,
FED975, FEC91F, FEBFFC, FEAC44, FE798B, FE1D36, FD916B, FCDFF7,
FC1194, FB323B, FA643E, F9A0E3, F903F8, F895C4, F84D97, F847FA,
F8685A, F8B4A9, F92659, F99984, FA1EF6, FA8DA4, FAE771, FB229C,
FB31F5, FB225E, FAE888, FA8F6A, FA1F04, F9941F, F8F8C9, F861B2,
F7C6A6, F74375, F6E1BE, F69878, F682B8, F68CDE, F6B808, F701CB,
F75511, F7B6A8, F816FD, F88458, F8F636, F97C3F, FA1B3D, FADAF3,
FBBB5A, FCBF35, FDDB08, FF012A, 002B7F, 0141EF, 023FE2, 031878,
03CD1B, 045DDB, 04D1F6, 05299D, 0566F7, 058861, 05884A, 056302,
051333, 049AB8, 03FF78, 034326, 026BA1, 018621, 00895A, FF9169,
FE9705, FDACFA, FCE94F, FC4ABE, FBEDD4, FBCC83, FBEA66, FC440F,
FCC556, FD6AB0, FE1728, FEB7D4, FF4662, FFA690, FFD8A0, FFDBB7,
FFA29E, FF3A1F, FE9FF1, FDD9F1, FCF565, FBF5B1, FAF627, F9F2AF,
F90C68, F840FF, F79E2E, F72872, F6DAB5, F6BDD9, F6C1C4, F6F6C8,
F74B80, F7CADA, F87922, F953AC, FA59F9, FB8D1A, FCD4CC, FE29DE,
FF748F, 009CA7, 01A0C3, 026A94, 030658, 03752D, 03BBE6, 03EE2B,
041525, 043627, 045AEA, 0489D5, 04B547, 04EAC7, 051D7D, 0544BF,
0573D2, 059378, 05BF9B, 05F5F0, 064955, 06BE5C, 07645B, 0832C7,
0927D9, 0A3071, 0B2F49, 0C1A0C, 0CC6B8, 0D36C1, 0D4F35, 0D2310,
0CB6EB, 0C26DC, 0B869F, 0AE7D1, 0A6381, 09F986, 09B39E, 09918A,
0984CB, 09848A, 098510, 096DB7, 093F25, 08E8EA, 0864C6, 07BAD8,
06E9AB, 05FD9E, 050865, 0415BD, 03363B, 027D41, 01F1C9, 019C8E,
0183E9, 01A331, 01E882, 0251AB, 02BC65, 0315A1, 03544A, 034FB7,
0315CA, 029EC6, 01EDD7, 01343F, 006E70, FFCC96, FF50C9, FF0022,
FEDBD1, FEC956, FEB6AF, FE97B0, FE55BE, FDE79B, FD5E4D, FC9EF8,
FBD7C3, FB01CF, FA29D3, F97740, F8D72D, F86E10, F83D54, F83865,
F86EA5, F8C5FE, F935D8, F9B3DE, FA3448, FA9D10, FAFAB8, FB2B68,
FB3BEA, FB203E, FAD98B, FA783A, F9EFF3, F961A9, F8C20B, F825CF,
F796F0, F71941, F6B95F, F68274, F66D94, F685BC, F6BFBE, F70D64,
F76E5E, F7D06D, F835FC, F8A085, F914C9, F99897, FA3B2C, FAFACF,
FBE0E8, FCEDE9, FE0C1B, FF37B0, 005D23, 016830, 025AF1, 0325D4,
03CC1D, 045922, 04BE5B, 051279, 054504, 055B22, 054E4C, 052052,
04C749, 04475E, 03AB07, 02DC81, 0207A2, 011092, 001AF0, FF1F4B,
FE3156, FD5F22, FCA0FD, FC2626, FBD0B1, FBBC3F, FBF126, FC4561,
FCDA75, FD79AB, FE2274, FEC36F, FF4136, FF9E6D, FFC4D5, FFB8CE,
FF71B1, FEF634, FE5056, FD7B23, FC960D, FB9AB4, FA98BF, F9A94B,
F8C6D1, F80A2B, F77AD4, F7114F, F6DBB4, F6C9FE, F6DEE1, F71BF8,
F77906, F80714, F8BB1C, F9A40A, FAB3C1, FBEA1D, FD36B4, FE841E,
FFC8D0, 00E967, 01DF33, 02A289, 0330B1, 039507, 03D8B1, 040474,
042D69, 044B62, 0478BD, 04A4AF, 04CEBD, 0504DD, 052C4D, 0556EF,
05808B, 05A7C1, 05D891, 0616DE, 067242, 06F6E0, 07A2FC, 0884A1,
097F56, 0A8807, 0B85F1, 0C534F, 0CEF83, 0D3BD4, 0D4025, 0D0445,
0C9567, 0C0654, 0B6882, 0AD582, 0A4F3F, 09EB46, 09AAE7, 09847D,
097E3E, 09802C, 0982A9, 096C83, 0934F7, 08D924, 084B4A, 0797E5,
06C11D, 05CFBA, 04D7F2, 03E4F9, 0308EA, 0254A5, 01D4D5, 018CCD,
0184E3, 01AFE0, 0205C6, 027284, 02DEA4, 033521, 035DD2, 034DDA,
030010, 02758C, 01C6E3, 01099F, 004DA9, FFBC50, FF4431, FEFE00,
FED9AD, FEC21D, FEB300, FE8C42, FE48A9, FDD96F, FD40E9, FC80BC,
FBAB4A, FACEDD, F9F883, F94A45, F8B744, F86287, F83B6F, F84351,
F88516, F8DB54, F958A8, F9D5D1, FA5671, FAC2F8, FB1113, FB394C,
FB38A9, FB10AE, FAC459, FA5A13, F9D339, F93F1B, F8A1E2, F807D8,
F77EE4, F7095A, F6B61D, F68397, F67F61, F6A28D, F6E0E1, F73AAE,
F798E1, F7F789, F85B5B, F8BF61, F93336, F9C3CD, FA6B45, FB3CC1,
FC325D, FD3CA3, FE6503, FF8B24, 00A6DC, 01B063, 0291C4, 035484,
03EEAE, 046B55, 04C890, 0511F0, 053A42, 054C0B, 0539F0, 04FD0E,
049C7E, 040B59, 035C87, 028F04, 01AF09, 00C357, FFC999, FEDB81,
FDF2BD, FD27DF, FC8681, FC0CB8, FBCCF1, FBC8AE, FBF85B, FC5E82,
FCF0DA, FD91D1, FE4264, FED97A, FF507F, FF9EC9, FFAF3C, FF96A8,
FF445F, FEBDEE, FE12E6, FD38CD, FC4873, FB4705, FA4444, F953C8,
F87B0D, F7D005, F74EB4, F6F8F5, F6D0B7, F6CCA3, F6EF1D, F7346D,
F7A1BB, F8383C, F8FACB, F9EB4A, FB030C, FC3A35, FD8D5B, FED6F5,
001365, 012DBB, 020B6B, 02BCD8, 033CDA, 039435, 03D322, 040746,
042A77, 045747, 047B66, 04A623, 04D317, 04FF7F, 053082, 0556FB,
058444, 05ABAE, 05E1FA, 062DF0, 069A77, 073379, 07F0E5, 08DA4C,
09CF4D, 0AC8A2, 0BB066, 0C6340, 0CE8E8, 0D27A5, 0D21B0, 0CDFAD,
0C6BF2, 0BD44A, 0B3749, 0AA04C, 0A214A, 09C495, 098B8F, 097334,
096BA8, 097265, 096C6F, 094E4E, 0915C0, 08A8BA, 0816F7, 0759FD,
067AE7, 058AE2, 04955A, 03A84C, 02D5D2, 022FF7, 01B8E2, 01888E,
018E4F, 01CA2B, 022C3E, 029742, 0305AD, 034C17, 0368F5, 034E47,
02ED6F, 02638B, 01AF09, 00EFE0, 003BAB, FFA951, FF3DF4, FF0063,
FEE57E, FEDAF4, FED0A4, FEAD70, FE62A4, FDE6A6, FD4075, FC7A3C,
FB9F7C, FAC773, F9FCA3, F94D04, F8CBB3, F87805, F860EB, F87C66,
F8C168, F92E20, F9A4C2, FA2898, FAA365, FB01D7, FB4B13, FB5ECD,
FB550D, FB1EAF, FAC5F0, FA57B5, F9CC2A, F93593, F894C1, F7FBA3,
F76E85, F707BE, F6BEE8, F6A828, F6ADB4, F6DF4D, F7217D, F77142,
F7CD6F, F820AA, F8850E, F8E74B, F95FAB, F9F123, FAA0BC, FB72AD,
FC6AF9, FD80E6, FEA5FF, FFD119, 00E7F5, 01E364, 02B973, 0368AE,
03FCFA, 046C5C, 04CAC7, 050C50, 052C2F, 05328C, 050FA8, 04C50C,
04577D, 03BF65, 0307A7, 0236B0, 0150F4, 0064B6, FF7481, FE8E76,
FDB551, FCF474, FC5C75, FBEDC1, FBBC47, FBC4EC, FC0643, FC7C5E,
FD139F, FDBF0D, FE5F44, FEF60C, FF6104, FFA280, FFB3E6, FF87F3,
FF2CA8, FE9975, FDD5B1, FCF1A8, FBF31D, FAEF22, F9F719, F90E38,
F849CB, F7A9A5, F730AF, F6EDD2, F6C9E4, F6D7C0, F7065C, F74FDD,
F7CD58, F8671E, F9379F, FA3577, FB5F2E, FC9F33, FDF039, FF368A,
005C4B, 0164FD, 0234B7, 02DA3B, 03527C, 03A075, 03E165, 0407AC,
043270, 0456D4, 04811C, 04AC9F, 04DBF1, 0507A1, 0532F4, 0559FE,
057C83, 05AF8C, 05E7DC, 0644CD, 06B4CC, 075909, 081163, 08F4D1,
09E42E, 0AD0E9, 0BB393, 0C624F, 0CDFA8, 0D0E30, 0CFEA2, 0CA961,
0C27B8, 0B8FD3, 0AEBE7, 0A58ED, 09E3C6, 098D42, 095E21, 094D4B,
0947FA, 094956, 093FA0, 091823, 08D0C7, 085D79, 07BBCA, 06F800,
061379, 0520D5, 042BF5, 034A43, 028635, 01EEEB, 0198A6, 0174D2,
019021, 01D82F, 023CC8, 02A9EF, 030F72, 035030, 035EBF, 0335BD,
02C430, 02230F, 0162CD, 009BA0, FFF23D, FF6D17, FF1C57, FEEF52,
FEE9B4, FEE0F0, FED934, FEAE8C, FE54CD, FDDA63, FD1FEB, FC5B81,
FB7D39, FAA3E8, F9E69A, F93E64, F8CEF1, F89044, F88367, F8B46C,
F905D1, F978D3, F9FA46, FA725A, FAE305, FB3847, FB704B, FB80B2,
FB6E4E, FB2934, FACD3F, FA4EC6, F9B6C2, F92077, F87E31, F7EF2B,
F775F3, F71C36, F6E130, F6D45E, F6E4B1, F7132F, F7611F, F7B416,
F80DAA, F869F3, F8C191, F924D3, F99AB7, FA2CD7, FAEA1A, FBC959,
FCCD2E, FDE8F2, FF07B6, 002B8A, 013674, 0226D3, 02F612, 03997B,
042222, 0487BC, 04DB43, 050DC4, 052771, 051D68, 04EBDB, 049736,
041836, 037996, 02BD89, 01EBB4, 010CDB, 0024C5, FF3D42, FE5BDE,
FD8C03, FCD8FF, FC4BD4, FBF239, FBD0D1, FBEBA8, FC3971, FCB345,
FD4EF7, FDEFD4, FE92A1, FF2085, FF814D, FFBC41, FFB935, FF8152,
FF1481, FE715F, FDAC4E, FCC0D9, FBC5FC, FAC724, F9CEC6, F8F71D,
F83B80, F7A8AD, F74112, F6FD8C, F6E228, F6F054, F72076, F77770,
F7F965, F8A18D, F97CFE, FA82B7, FBAB0B, FCEF47, FE331F, FF70C6,
008D55, 0184FB, 024CC3, 02E29F, 03548A, 039938, 03D3B6, 0400ED,
042497, 04524B, 0474C8, 049BBC, 04C0A4, 04E9FC, 051176, 053D8F,
056E0B, 059CE7, 05E7F4, 0639B2, 06B6FF, 07579A, 0816B7, 090202,
09F1BF, 0AE716, 0BC2E9, 0C6924, 0CD325, 0CF0B3, 0CC74B, 0C6205,
0BDD3A, 0B3655, 0AA6B5, 0A17BC, 09AD98, 096604, 093700, 093012,
092B69, 092CD8, 091D0E, 08EF51, 089D47, 081D88, 0774C1, 06A628,
05BEDB, 04D089, 03E461, 0311C7, 025C1F, 01D707, 0189AD, 0173F3,
01A048, 01EC30, 02616A, 02CC07, 032BE6, 035BC0, 035472, 031222,
029085, 01E660, 011F7F, 00697E, FFC2FD, FF531B, FF11D0, FEF71E,
FEF56A, FEF71E, FEE11C, FEA915, FE4DD4, FDB830, FCFE45, FC2DBC,
FB44AB, FA6DE7, F9B1C0, F918A0, F8BC4D, F88CA8, F898CB, F8D159,
F929A9, F9A4A6, FA1B03, FA98FC, FB07D3, FB51C4, FB8B47, FB88DB,
FB656C, FB1AF2, FAA77E, FA2C14, F9951A, F8FDB1, F867EC, F7D67B,
F765A7, F70B1D, F6E024, F6DB4A, F6FC64, F732BE, F7815E, F7D0AA,
F82640, F8839A, F8DFA9, F95164, F9D2FD, FA77F7, FB3F25, FC2DF3,
FD39B8, FE5C68, FF804A, 009B27, 019E00, 02809E, 034101, 03DCE3,
0458D0, 04B321, 04F920, 051EBD, 052B2C, 051441, 04D70E, 047A80,
03F731, 03589F, 029E66, 01CD83, 00EF14, 0004EF, FF21C3, FE459E,
FD7DF6, FCD6DE, FC5417, FC01A9, FBE90E, FC09E1, FC62BA, FCE8FD,
FD8620, FE2D9D, FECABC, FF48E1, FFA4C3, FFCC5B, FFBBF8, FF769F,
FEF670, FE4BB3, FD7858, FC8F08, FB9747, FA9937, F9B2C1, F8D9F7,
F8298C, F7A00D, F73D7B, F70724, F6F71A, F70D1D, F749D9, F7AC90,
F83400, F8E7CF, F9C763, FAD320, FC056D, FD46A1, FE8E30, FFBCAE,
00CC67, 01B112, 02666C, 02F195, 0356A3, 039E52, 03CC1D, 03F2D6,
040EDD, 0431FE, 0453DA, 047B44, 04A601, 04D01E, 050322, 0531CD,
0563E4, 059C2D, 05DC51, 06395B, 06B5FE, 075C33, 082987, 09142E,
0A1059, 0AF7A2, 0BC635, 0C5C8C, 0CA700, 0CB406, 0C7417, 0C05A9,
0B78FB, 0AD8C4, 0A48B9, 09C57B, 0963E4, 0928DA, 090A94, 09094A,
09117E, 0911FE, 08FAED, 08C333, 086200, 07D89B, 072E65, 065FFE,
057ECA, 049529, 03AABC, 02DE09, 02359F, 01C0B5, 018BA0, 018AD9,
01C464, 021F0A, 028A83, 02FEB7, 0347A4, 036D67, 035314, 02F5EE,
02691C, 01B1E3, 00F70B, 004328, FFB52F, FF546E, FF1C39, FF0C93,
FF0D9D, FF0A73, FEF124, FEA8BE, FE380B, FD9007, FCC1F8, FBE4CE,
FAF9A3, FA2A0F, F976C4, F8F418, F8A19E, F8877E, F8A08C, F8E364,
F952FA, F9CC28, FA5662, FAD29D, FB2D37, FB79E7, FB8AA4, FB8252,
FB51B2, FAFAD1, FA8A61, F9FE1F, F9681D, F8C959, F836DE, F7B69E,
F74C75, F708D4, F6E5B1, F6EC21, F712C1, F751CB, F79DED, F7F306,
F84832, F8A2BC, F90ACF, F97E24, FA0F03, FABED2, FB8D61, FC828A,
FD9456, FEB0A7, FFCF47, 00E4EC, 01DA9A, 02B63C, 036FB1, 03FF31,
047406, 04C37F, 04FAF8, 051C53, 051B93, 050686, 04C44F, 045F3D,
03D772, 032CF9, 026C38, 019B75, 00BC50, FFD913, FEFC2C, FE1FC9,
FD6947, FCC1BA, FC4F19, FC10F2, FC0079, FC36C8, FC9893, FD23EE,
FDCC2C, FE706B, FF077C, FF7E97, FFC4F4, FFD9F9, FFBBCB, FF5E00,
FED5FF, FE230F, FD484B, FC601E, FB6712, FA6D36, F985CE, F8B64A,
F80DC2, F790F4, F740D3, F7161D, F712C1, F730BD, F77223, F7E0A7,
F874E2, F9377C, FA28F3, FB3A0E, FC69B8, FDA8EC, FEE1DC, 000D5F,
0110AB, 01EC08, 029797, 031170, 036AAA, 03A0A1, 03C4CB, 03E0F5,
03FBB0, 041E2A, 0444E3, 0475C0, 04A581, 04DD71, 050EB7, 05410F,
05703D, 05A3A2, 05EC0E, 0647D5, 06D648, 077FCD, 085CAC, 094AA9,
0A3F4B, 0B2019, 0BDA4A, 0C584C, 0C95F5, 0C8B8A, 0C3DD6, 0BC65B,
0B23D1, 0A8BCE, 09EF63, 097AB4, 0929BF, 08F2B8, 08E3A5, 08E0C7,
08E68F, 08E28A, 08C965, 088E8A, 08250B, 079A68, 06DF57, 060A12,
051F46, 043636, 0352E9, 02926A, 01F9BF, 0193BE, 0173FD, 018557,
01CD5E, 02307E, 02A1DC, 030604, 034D27, 035E9E, 033370, 02CE5D,
02342A, 0183DA, 00C713, 0023DC, FFA85A, FF502B, FF3672, FF2CC4,
FF329F, FF2E38, FF01C2, FEAB85, FE22BF, FD6FD4, FC9C98, FBBD2C,
FADD44, FA113E, F96EDD, F8F47B, F8B84C, F8B539, F8DD58, F936EA,
F9A2B5, FA21DB, FAA000, FB1082, FB6B9C, FB9AC2, FBAF43, FB8DA2,
FB546C, FAF59F, FA7B08, F9F0EA, F955D1, F8BFD9, F82FAB, F7B61F,
F75BE2, F71B9B, F7059F, F712A0, F7353A, F77B79, F7C74B, F819D2,
F87708, F8D2EA, F93C88, F9B9ED, FA4ED0, FB00F6, FBD75D, FCCC2B,
FDDA50, FEFDB2, 001827, 0128E8, 021CCD, 02E810, 039385, 04182E,
048034, 04CBCD, 04FA8D, 0512F6, 050A78, 04DFC5, 0497B2, 042171,
0392C2, 02E1F8, 021DF2, 014BEE, 006825, FF8B8C, FEA900, FDD7CE,
FD1CEB, FC84C7, FC1E74, FBE892, FBF3EF, FC325E, FCA5E7, FD4127,
FDE921, FE8FAB, FF18DD, FF7F01, FFB447, FFBA9F, FF8982, FF2BD1,
FE92E5, FDD6CE, FCFA46, FC0031, FB115F, FA1C25, F93D88, F88509,
F7E39A, F7786D, F72F18, F714A6, F71904, F74892, F799E6, F80D35,
F8B52B, F97BCB, FA7489, FB91C5, FCC43F, FE07D3, FF4283, 0065AC,
0162FA, 0230B7, 02CB86, 0333C2, 038011, 03A93D, 03C59F, 03E2A2,
03F770, 04221F, 044975, 0480CE, 04B35D, 04E996, 051803, 05458D,
057346, 05AAFB, 05FF13, 066512, 06FFC7, 07B4F3, 088D33, 097EE2,
0A6D50, 0B4587, 0BF3C8, 0C6086, 0C801F, 0C60A4, 0C0268, 0B7813,
0AE133, 0A4378, 09B6A0, 094A7D, 08FF84, 08D6E2, 08D14B, 08D5F5,
08D9EF, 08D7A9, 08AFAF, 0867CA, 07FB4D, 075851, 06994B, 05BD33,
04CE5D, 03ECCC, 0314C1, 026014, 01DDC7, 0189D9, 017714, 019DF0,
01E67D, 02535C, 02C62F, 031AF7, 035F04, 035328, 031C73, 02A1F7,
01F812, 014971, 008DFD, FFFB8D, FF8C90, FF4A42, FF2EA0, FF2AAD,
FF2EC6, FF1B0A, FEEE16, FE89A6, FDF4A8, FD3CEC, FC6172, FB8392,
FAAFAB, F9F157, F95BDB, F8F89C, F8C538, F8CFC5, F90463, F9632E,
F9D35F, FA4E4E, FAC97A, FB2B8E, FB7DF0, FBA4F0, FBA3CC, FB828A,
FB3459, FAD08B, FA5987, F9C9AF, F93E49, F8AD53, F82662, F7B96E,
F760F3, F73123, F71E24, F72CBE, F75D23, F79CDB, F7F43D, F8509F,
F8A8A1, F90F19, F9711E, F9EFB5, FA8B09, FB4025, FC2871, FD2098,
FE37ED, FF545A, 006DF3, 017186, 0259ED, 031D4C, 03B6D2, 043667,
049167, 04D52C, 0502CF, 050EED, 04FFCA, 04CD37, 0477FB, 03FDFD,
0365C8, 02B1A8, 01E500, 01101E, 0031B7, FF4E6E, FE71EA, FDA1BE,
FCED78, FC5FB1, FC04A0, FBE8E8, FC03F1, FC5595, FCD64A, FD6C9B,
FE15EA, FEB453, FF37C0, FF9BFE, FFC487, FFC12E, FF8452, FF10B0,
FE7363, FDAAF1, FCC59D, FBD348, FADB10, F9EE69, F91766, F85CBC,
F7CF0A, F7695F, F7301A, F7245E, F735C4, F77015, F7CB3D, F84793,
F8F31C, F9C65C, FAC4AF, FBE718, FD1CAE, FE5C87, FF92DE, 00A8A9,
019B58, 0259B2, 02E1A5, 0346C8, 037E95, 03A64C, 03C6D5, 03DD6C,
0403DB, 04245D, 045191, 04854C, 04B1A9, 04EBA4, 05122A, 05411B,
057063, 05A4F4, 05FCDC, 066BB0, 070A6A, 07CC2D, 08AF8F, 099BEB,
0A880A, 0B54EA, 0BF1A0, 0C4B3B, 0C5E60, 0C2F13, 0BC18A, 0B3991,
0A9D5D, 0A0708, 098C25, 09227C, 08E4E0, 08C5C9, 08BF8A, 08C842,
08C897, 08B9A9, 08877A, 082FE4, 07B04A, 0707FD, 064425, 056967,
048776, 03A5ED, 02DEF2, 0236F9, 01C1F1, 0185F9, 0182AE, 01BACE,
02144B, 028276, 02EC4E, 033AE2, 035C78, 034C2C, 02FA14, 02785E,
01CFF5, 011610, 006A0E, FFDB37, FF7A73, FF468B, FF364E, FF33F0,
FF3006, FF1228, FED09D, FE5C4F, FDC1F4, FCFCCF, FC2453, FB49AE,
FA7525, F9C7F6, F93F11, F8EB64, F8CB2B, F8E169, F91EE4, F984D9,
F9F80B, FA70C8, FAE25D, FB3AFE, FB7CA6, FB96BC, FB8A77, FB5B61,
FB0EC8, FAA34F, FA2F6B, F9A87B, F91BA1, F8939A, F80D00, F79D27,
F74B4D, F71BB4, F7183A, F7362E, F76D9E, F7C012, F81123, F86BAC,
F8CCF4, F925C6, F9984C, FA1B2E, FAB6D7, FB839D, FC6847, FD6C5D,
FE87BF, FFA137, 00B51E, 01B63D, 028EEF, 034D4D, 03DCA0, 0452CF,
04AD00, 04E850, 05135D, 0512C0, 04FCCC, 04BB30, 045D2F, 03DFBC,
034139, 0290E1, 01C76A, 00EC26, 000D6A, FF2A66, FE4E13, FD8C20,
FCE2C3, FC61A5, FC1ADC, FC03A7, FC2F2A, FC89D8, FD13C8, FDB3A5,
FE5AAC, FEF8D2, FF6FD8, FFC7E8, FFE353, FFCB54, FF80A4, FF0106,
FE575D, FD8701, FC9DD1, FBA601, FAB01F, F9C9C3, F8FD76, F85462,
F7D551, F78439, F75448, F75251, F76E06, F7A434, F80986, F88755,
F93618, FA175C, FB19C9, FC4875, FD8591, FEC517, FFF25A, 00FE13,
01DFAB, 028A99, 030B6C, 035AB3, 038D73, 03AD0E, 03C06B, 03DE48,
03FBF9, 04286C, 045A0C, 048900, 04BD0C, 04EB67, 051651, 05429D,
056E69, 05AC61, 06032E, 067DC4, 072630, 07EEC8, 08D8D0, 09CAD2,
0AAA94, 0B718B, 0BF37F, 0C3AB9, 0C39F3, 0BF397, 0B836C, 0AED74,
0A51F5, 09C01D, 094900, 08F185, 08BE27, 08AA1F, 08ACF6, 08B13A,
08AD9D, 089433, 08529A, 07F3EF, 076BE8, 06BD8D, 05F5DC, 05146A,
043403, 0354E0, 029DEF, 0206C1, 01A532, 018585, 018FD8, 01CF3D,
022BFE, 0291B8, 02F3C9, 0339DC, 034E4D, 032A70, 02CE4D, 02417F,
019114, 00E521, 00417A, FFC25A, FF75D6, FF4367, FF378A, FF3277,
FF20A1, FEF644, FEA487, FE2341, FD7E9E, FCB224, FBDBEB, FB00BE,
FA3902, F99A5B, F91C1F, F8DC40, F8C7A6, F8E8FD, F92A6F, F99393,
FA0499, FA76D2, FAE636, FB313A, FB6621, FB79B7, FB6854, FB3B7D,
FAEE20, FA8801, FA0922, F97DE5, F8EA23, F85B48, F7D816, F7738B,
F72AA9, F70BB8, F717E9, F73B6E, F785C0, F7CE15, F824EF, F87BE6,
F8CFA2, F93140, F99FE2, FA23CC, FACF67, FB9F62, FC8E30, FDA434,
FEBE15, FFD62A, 00EBCB, 01D7A9, 02AF74, 0362AB, 03ED93, 045905,
04A869, 04DA56, 04F161, 04F775, 04D606, 049956, 04380A, 03B6FC,
0316DD, 025FAA, 0192D8, 00B6A5, FFD278, FEF32A, FE1A9C, FD5706,
FCBDE5, FC4773, FC127F, FC1644, FC511F, FCC514, FD54E2, FDFC6C,
FEA357, FF305B, FFA2A3, FFE5E3, FFF124, FFCE7C, FF744F, FEE187,
FE33A9, FD5696, FC67E7, FB76E1, FA7E3A, F9A3F8, F8E859, F84E91,
F7E2FF, F79D9F, F779D2, F775DC, F7969E, F7D6FC, F83F46, F8D311,
F9938B, FA7E13, FB9069, FCC222, FDFDD8, FF37A6, 0059DB, 015617,
0223FC, 02C170, 032ABA, 037344, 039DB1, 03C156, 03DC6D, 03FDE8,
042A8B, 044E60, 0487F4, 04B2BC, 04DF05, 050CF1, 053092, 055779,
05882B, 05C59F, 062491, 06AB18, 075798, 082F5E, 091A6B, 0A09C5,
0AE4F9, 0B92CE, 0C0BB6, 0C3450, 0C21A5, 0BCB6B, 0B4929, 0AB78F,
0A1BC6, 099A4C, 093152, 08EA14, 08BFA9, 08B577, 08ABE5, 08B796,
08A574, 0883E8, 084268, 07CB4F, 073B9F, 067DF4, 05AFF1, 04D213,
03F932, 0328EE, 027E7D, 01F416, 01A63D, 018BB8, 01A58E, 01EF47,
024AE8, 02B3D6, 030959, 034180, 03434F, 0310A9, 02A657, 020BC0,
01655D, 00B972, 0020B1, FFB742, FF67EE, FF438D, FF3E7F, FF31B7,
FF23DA, FEEF64, FE8E02, FE06C7, FD50E2, FC85DA, FBAE61, FAD956,
FA1F35, F98587, F91AAF, F8E571, F8E03C, F90561, F950F2, F9B114,
FA1CEB, FA8ABA, FAECB6, FB35E2, FB6737, FB760E, FB632A, FB315E,
FADD83, FA7669, F9F165, F96AE6, F8D6E0, F84F2E, F7D7CE, F77885,
F73EDD, F72507, F73B84, F767D6, F7ADB1, F7FE26, F84434, F89B32,
F8EC4E, F94FF9, F9C7CD, FA580A, FB0C77, FBE058, FCDBE2, FDECE2,
FF1177, 002EB7, 01388E, 0229E9, 02EB33, 038EED, 040BD9, 0468D2,
04B0EC, 04DC44, 04F407, 04EB0C, 04C54B, 047D46, 040EC5, 038680,
02D936, 0220F2, 014C09, 0071DB, FF93A8, FEACC0, FDE152, FD28F0,
FC9698, FC3A27, FC1284, FC2040, FC6C8F, FCE175, FD762D, FE1D6D,
FEBDE7, FF483C, FFB02B, FFE501, FFE7FC, FFB63F, FF4829, FEB275,
FDEC1C, FD0D3D, FC1D86, FB29D9, FA4347, F9732E, F8C22D, F8358D,
F7D0A7, F790CB, F77715, F77F06, F7AE78, F7F5F2, F86F5B, F907A4,
F9CFAA, FAC678, FBDC23, FD119E, FE4BCE, FF814F, 009509, 0184C8,
0241FF, 02D006, 033A06, 0378D5, 03AC3C, 03CC57, 03E927, 0411F2,
043021, 04609D, 049158, 04BA1E, 04EC79, 0510AA, 0532C8, 055FCC,
058D64, 05D4DC, 064003, 06CEA6, 078945, 086A32, 095B5B, 0A4447,
0B174E, 0BB1F8, 0C0890, 0C2445, 0BF61B, 0B9727, 0B16EA, 0A7FA6,
09ED3E, 096A59, 0907D6, 08C4C0, 08A3C7, 089AB8, 0894D3, 08940D,
087ED8, 084FEF, 08077C, 079091, 06F7B4, 06426A, 057086, 0495FE,
03C0A6, 02F8A9, 02507D, 01D9D1, 0192DB, 0182D7, 01A927, 01F066,
0246E9, 02A7F1, 02F130, 03168A, 03178C, 02D06E, 026171, 01C841,
011D1B, 007952, FFF2C5, FF8EF9, FF4F09, FF39F0, FF3115, FF2961,
FF13D7, FED5FF, FE674A, FDD405, FD137A, FC3C2B, FB685D, FA93FC,
F9E2E7, F95A38, F8FA61, F8D759, F8DA9B, F90A58, F95BCE, F9BD43,
FA30B0, FA9B4E, FAFD5E, FB433C, FB6945, FB726A, FB52D3, FB1876,
FABEAF, FA4B8E, F9C4E6, F936AA, F8A424, F823B6, F7BB23, F7682A,
F740F6, F73532, F74A20, F7818C, F7BE1D, F80DF9, F85DCD, F8A986,
F904AF, F95F6A, F9DCDE, FA737A, FB32F0, FC1875, FD1DA5, FE3E24,
FF5883, 0077DB, 016E1B, 024C09, 03044E, 039263, 040B64, 046216,
04A494, 04CC42, 04DCAC, 04CFC6, 049E39, 04551F, 03DDD6, 035067,
02A395, 01DFB1, 010ABF, 0031EE, FF4E14, FE7805, FDB35F, FD0031,
FC821A, FC2BAB, FC139D, FC35AA, FC87B2, FD0D71, FDA76F, FE53E9,
FEF055, FF77B4, FFD12F, FFF696, FFF071, FFA3DF, FF3546, FE93AB,
FDD0AF, FCF69A, FC08C2, FB1BDE, FA3880, F96B86, F8C175, F83B10,
F7E0C8, F7AD94, F79CD4, F7B2D3, F7E4EE, F83EDB, F8BFFE, F9679C,
FA443D, FB3F81, FC639E, FD9AE3, FECE90, FFFDD1, 010154, 01E395,
029397, 030FB6, 036E98, 03A5AD, 03D36B, 03F20F, 0413BB, 0436E4,
045C53, 048F15, 04BAE2, 04F3CD, 051BAF, 0545E2, 0568FB, 058B19,
05C9A0, 06173A, 069047, 073170, 07F165, 08D054, 09B478, 0A93EB,
0B4CF3, 0BD645, 0C1A89, 0C19F6, 0BDC41, 0B6CCD, 0AE30C, 0A5157,
09C4F3, 09517B, 08FA02, 08BFE3, 08A7C6, 0899A9, 0897F3, 088F68,
087473, 084102, 07E8AA, 076A20, 06C688, 0601C9, 052CFF, 045259,
037E68, 02C638, 022909, 01BE88, 018439, 017F5D, 01ABD9, 01F53A,
0253A6, 02AA6E, 02EB74, 0309A9, 02F173, 02A724, 022B5D, 018D43,
00E54D, 004B66, FFCAB8, FF75CD, FF4904, FF35F5, FF351A, FF2C76,
FF07F2, FEB8B3, FE3DEC, FD964E, FCCCBF, FBFD2F, FB263D, FA618F,
F9BDDF, F93C05, F8EE99, F8D059, F8E226, F91926, F96ED7, F9D973,
FA3DAC, FAAB15, FAFDB1, FB3E3F, FB5D42, FB55B4, FB2D56, FADEE2,
FA800C, FA01C1, F97FD6, F8F0AF, F86DCE, F7F055, F78F29, F74A12,
F7242D, F727E0, F746AC, F78311, F7C8E9, F813F4, F861CF, F8AE0E,
F902A0, F96DF9, F9EAE6, FA9530, FB5D01, FC4997, FD5581, FE690D,
FF8AAC, 0091F8, 018738, 025E8B, 030478, 0396C5, 040118, 045432,
0492F9, 04B7AD, 04C0D0, 04AD2B, 047568, 041708, 03A20D, 03000E,
02545C, 018E82, 00B892, FFDF66, FF0662, FE2FC9, FD7331, FCD16D,
FC55BA, FC1541, FC0820, FC40E1, FCA401, FD3ABE, FDDE0E, FE887A,
FF1F46, FF9333, FFDEAD, FFF114, FFD854, FF85CB, FF0715, FE6283,
FD9791, FCBB26, FBCE7B, FAE4E0, FA09BF, F948EA, F8ABB8, F83728,
F7EA55, F7C235, F7C3E4, F7DF24, F81E44, F8834F, F906A2, F9BE11,
FA9CFA, FBA544, FCCCCC, FE04A5, FF3795, 0057DF, 0157D0, 02225D,
02CA7B, 0338B9, 03882F, 03BED8, 03E04B, 0406F0, 042D2D, 0456A4,
048691, 04B737, 04E697, 0514CB, 0541EB, 056728, 05915F, 05C27B,
05FD9D, 066159, 06D9AE, 07821F, 084DAB, 09229F, 0A0DD7, 0AD8A2,
0B842D, 0BFB3B, 0C2448, 0C1567, 0BC96C, 0B52B6, 0ACE2C, 0A3E70,
09BF86, 095258, 09028E, 08D58D, 08BBFB, 08BF74, 08BB04, 08AF83,
088CDF, 08488B, 07DF41, 0754E8, 06A542, 05DC7D, 05095F, 042E72,
03673F, 02B70F, 022C05, 01CE83, 01A7AF, 01AF91, 01E4B7, 023477,
02907C, 02E072, 031806, 03280F, 02FBD2, 02A61C, 0219F1, 017424,
00CC4F, 0037CA, FFC7D6, FF8336, FF6333, FF57F6, FF4F3F, FF3CB5,
FF0B84, FEAFDD, FE30D6, FD80A5, FCBB4B, FBE551, FB107B, FA553E,
F9B492, F9410F, F8FA30, F8E325, F8F8CD, F931DA, F98E47, F9F291,
FA5F1F, FAC464, FB129E, FB44D5, FB59F5, FB4243, FB1142, FAC0ED,
FA5255, F9DDFF, F94E26, F8C569, F83E42, F7C95E, F7729F, F738BF,
F722FD, F72EC3, F75521, F78B5B, F7D181, F8165B, F85C68, F8B011,
F90516, F9775D, FA00EA, FAAFE2, FB824D, FC77E1, FD865B, FE9C72,
FFB83A, 00B766, 01A245, 02699A, 030381, 038C86, 03E9CB, 043793,
046D7B, 048591, 048B5D, 046332, 04259D, 03C0BE, 0339DB, 02A37F,
01E4F2, 0124B4, 004913, FF6FCC, FE90DF, FDBBB1, FD029C, FC6642,
FBFF79, FBCE21, FBDB47, FC1D16, FC97A5, FD29AC, FDD095, FE7473,
FEF7AA, FF64F6, FF9A0B, FFA0CC, FF79A9, FF1725, FE9051, FDDA8A,
FD0C7D, FC28EC, FB3D53, FA5D4D, F989AC, F8DDC0, F850D2, F7ED7F,
F7B56F, F799B0, F7A2E9, F7CA3B, F812FE, F87A9B, F9133D, F9CB52,
FABAB9, FBC835, FCF497, FE2F7C, FF5B2C, 0075D4, 0161BB, 022500,
02B667, 031F6D, 036ADE, 039F45, 03C777, 03EE3E, 0411CC, 043CBF,
0467FD, 049604, 04C4FF, 04F023, 051DBA, 054290, 057438, 05A55C,
05EC4A, 06545B, 06DAFD, 079026, 085F8E, 0940BC, 0A1C7E, 0ADF88,
0B7C49, 0BD951, 0BFF95, 0BDE21, 0B8E76, 0B124C, 0A848A, 09FFF6,
097C5B, 091F95, 08D979, 08B1DF, 08AD6C, 08A738, 08AE7F, 08990D,
0874D3, 08280E, 07BE30, 072E15, 067D18, 05BBB3, 04E5D9, 041879,
035953, 02B7E0, 023AAC, 01F086, 01CDAE, 01E62A, 021C7E, 027349,
02D393, 031FFA, 035168, 034E7D, 0319E8, 02B209, 02273D, 018453,
00EA7E, 00606F, 000281, FFC033, FFA947, FF9CDB, FF90AF, FF7915,
FF375F, FEDA31, FE4431, FD9E99, FCCDD1, FBFDC0, FB3808, FA7B7A,
F9EA88, F9846E, F946DB, F93DD0, F9647A, F9A429, FA06D6, FA7325,
FAD523, FB3E3B, FB807D, FBACBA, FBB9EC, FB99DB, FB6457, FB0720,
FA9615, FA154C, F983C7, F8FBED, F87B0A, F80EFA, F7C192, F797C2,
F7853A, F79A5D, F7C71B, F7FD91, F846A1, F88D50, F8D67B, F92805,
F9859F, F9F127, FA87F4, FB3791, FC0F55, FD0E93, FE1423, FF2C36,
00386E, 0128C6, 020599, 02B890, 034BE7, 03C14B, 041738, 0457BB,
0482F0, 04909C, 048A5E, 045FCB, 0415C2, 03AF18, 032340, 0281B2,
01C24E, 00F56E, 001464, FF3421, FE52DC, FD8323, FCD258, FC42D3,
FBEE3F, FBCAA2, FBE6AA, FC3948, FCAF54, FD4DE2, FDE7E4, FE84D0,
FF0249, FF578E, FF885F, FF7F91, FF4815, FEDD64, FE452A, FD892D,
FCAE35, FBC940, FAE331, FA01BA, F93EE8, F894B9, F81048, F7B866,
F7811C, F76E0B, F77B0E, F7A66B, F7F5EF, F86FB9, F911D4, F9E2FA,
FADB3E, FBF64F, FD22F7, FE5702, FF7ACE, 0083D3, 01616E, 0212FF,
029B93, 02F352, 034264, 036A11, 03943B, 03B75E, 03D7DC, 04047C,
042FD4, 046201, 0492F7, 04C221, 04EE64, 051CDC, 05499E, 058441,
05D736, 06402F, 06D6CA, 078967, 085856, 093AD0, 0A0905, 0AC418,
0B5066, 0B9C67, 0BB116, 0B81A9, 0B1EB1, 0AA20B, 0A1281, 098A31,
091A36, 08BD15, 088426, 08639D, 08586E, 085D5D, 085539, 084795,
0812FE, 07C67F, 075019, 06BEC1, 060EDC, 05495C, 047FC6, 03B285,
02FC3C, 025EBC, 01F067, 01AC16, 01A13D, 01C3A9, 020847, 02683C,
02C3DA, 030E92, 03391E, 032C8E, 02EC75, 0281E7, 01F1A4, 01545A,
00C41D, 004421, FFE826, FFB651, FF9C52, FF930D, FF8AEA, FF6B03,
FF2B25, FEC36B, FE3279, FD8144, FCB789, FBEC88, FB29AD, FA7C64,
F9F84D, F99CC9, F96F9A, F9769C, F9A2D9, F9EF47, FA5445, FABEE0,
FB2810, FB8371, FBC8B6, FBE898, FBE950, FBC3C1, FB7ED8, FB1FB2,
FAAA11, FA27A0, F99ECE, F91D1A, F8A1CE, F84687, F7FD6C, F7DBD2,
F7DA1F, F7F135, F82749, F86191, F8A6C7, F8EFFD, F93432, F98742,
F9E6F3, FA5CC3, FAF895, FBB7FD, FC98BB, FD999D, FEA92D, FFBCB3,
00C661, 01B76C, 028604, 0333A2, 03BCD1, 041FED, 047625, 04A599,
04C926, 04D311, 04BD8A, 048D87, 043B3B, 03C822, 033087, 0284FC,
01BCC5, 00E6AA, 0006C7, FF25C3, FE4B3F, FD85D0, FCDC24, FC61BB,
FC1803, FC0536, FC309D, FC84BC, FD07A2, FDA28B, FE3E37, FED302,
FF46CC, FF90EC, FFAD9B, FF938F, FF4A25, FED283, FE294B, FD62A3,
FC8564, FB988C, FABA2C, F9E337, F92388, F88BAA, F80A02, F7B974,
F78AFD, F77A28, F79874, F7CD16, F8295D, F8AF00, F959D1, FA3314,
FB2F0F, FC4A65, FD756F, FE9E03, FFBA8A, 00B385, 01884C, 022D97,
02AADF, 0304A8, 033AC0, 036FCD, 03863B, 03ABFC, 03C999, 03EDFF,
041FFB, 044857, 047E65, 04A830, 04D464, 05029A, 052F96, 0571CC,
05C1E5, 06368F, 06CF93, 0788EA, 085E80, 093907, 0A07DE, 0AB4BB,
0B2FBD, 0B6DCB, 0B6E9F, 0B33CD, 0AC985, 0A494E, 09BB92, 093543,
08CA60, 08701D, 083BCB, 081F3B, 080F9B, 081089, 08018F, 07EB01,
07B5D5, 07613A, 06E982, 065304, 059DFE, 04D962, 040D1A, 034278,
0291BC, 01FF99, 019B59, 016B11, 016EE1, 019ABA, 01E98A, 0244A7,
029BE9, 02DC92, 02F971, 02DE68, 02965C, 022047, 0185A5, 00EEC0,
0051A4, FFE30D, FF8EDB, FF61DC, FF5763, FF5004, FF4BAC, FF2921,
FEE55E, FE73BB, FDD978, FD231F, FC51ED, FB8EE5, FAC54E, FA2A34,
F9A979, F95900, F93ECC, F949D8, F98914, F9DC05, FA4A30, FAB8AF,
FB1F29, FB76DC, FBA9E2, FBC2DB, FBB2DB, FB87EE, FB384B, FAD3C0,
FA5F4D, F9D765, F9576A, F8D75C, F86C20, F81529, F7E1B6, F7C6CC,
F7D191, F7F212, F821BD, F86662, F8A7F8, F8EFE3, F93D6E, F99071,
F9F87F, FA7BE2, FB2371, FBEB7A, FCDDD5, FDE476, FEF907, 000C79,
010F00, 01F320, 02B384, 035407, 03CACB, 042E22, 047375, 04A669,
04C3DF, 04C942, 04B5DA, 047C6E, 04296C, 03AF6F, 031333, 02641F,
0195A8, 00BEAD, FFE25A, FF020C, FE2DC5, FD6D94, FCCE5C, FC5B38,
FC1EE3, FC1E55, FC5195, FCB8C3, FD45F4, FDE25B, FE8473, FF1442,
FF7FBE, FFC0FC, FFCF45, FFA6D0, FF5024, FECA7D, FE216C, FD58A6,
FC7A9E, FB9A4B, FAB71E, F9EB26, F93208, F89E96, F82CB9, F7E105,
F7C220, F7BF14, F7E10B, F827B2, F88D19, F91BDB, F9D6C9, FAB5CE,
FBBA80, FCDA25, FE0362, FF2B39, 003FD3, 013201, 01FC85, 0295F3,
03085C, 035584, 03859C, 03AF0E, 03C5E5, 03E761, 040963, 042E04,
046208, 048E59, 04C0A9, 04EBBE, 05128F, 053E45, 056A82, 05B142,
0604B6, 06851C, 072256, 07E247, 08BA06, 0991A1, 0A593C, 0AF762,
0B625B, 0B8AEF, 0B7A81, 0B333F, 0AC1C1, 0A3A96, 09AE70, 092C0D,
08C0D3, 087061, 083C8E, 08249B, 081A49, 0817AB, 080E2D, 07F1DE,
07BC60, 075B2F, 06DDB0, 06367F, 0573BA, 04AAB6, 03D254, 03137E,
02698F, 01E220, 0194DE, 0168D2, 017B05, 01B077, 02014C, 0261E8,
02B56C, 02F10A, 02FEDF, 02DA03, 028397, 01FD80, 016621, 00C7F6,
00390A, FFD415, FF87CB, FF6D0D, FF6235, FF5FBF, FF52FC, FF2390,
FECEEF, FE4C33, FDA6C2, FCDFDB, FC11B1, FB429F, FA8A28, F9F286,
F9830C, F949A2, F93E41, F962A1, F9AB6E, FA0C05, FA78D5, FAE401,
FB4726, FB8B96, FBB949, FBC3A0, FBA335, FB6B4C, FB1279, FAA3D5,
FA2A5A, F9A9DA, F9285F, F8AFC5, F84E93, F7FB1F, F7CD44, F7BE4F,
F7C605, F7F3DC, F82872, F866F6, F8B2E1, F8F388, F942AF, F99DA9,
FA07FF, FA996D, FB47C6, FC205F, FD12E8, FE1CD9, FF3111, 00376F,
013111, 0205F0, 02B844, 0349FB, 03B56E, 040E95, 044E99, 047D1F,
0497A4, 049845, 047871, 043A4E, 03DA5B, 03551D, 02B8B7, 020147,
01362F, 006057, FF80EE, FEA897, FDD642, FD1F86, FC8B9C, FC20A7,
FBF546, FC0281, FC4907, FCC193, FD57FD, FDFA1C, FE96DF, FF21A3,
FF7DE3, FFB707, FFB594, FF83C3, FF2650, FE98A7, FDEBC1, FD1E34,
FC425C, FB5B5A, FA7DA4, F9B754, F9024D, F88087, F81E38, F7DD79,
F7D321, F7DA8C, F80BA0, F861FA, F8CDF1, F96CB4, FA2A25, FB10E7,
FC1EA6, FD3EC7, FE6B62, FF8E61, 0096A8, 018256, 0238CC, 02C74F,
032D37, 036926, 039E33, 03BDD3, 03DB67, 03FFA1, 042017, 044AD1,
047B33, 04AC69, 04DCBB, 050956, 053243, 055B5C, 05909C, 05D6A5,
063A33, 06C01D, 0767D9, 082AE9, 08FEDE, 09CD08, 0A872E, 0B157F,
0B6F15, 0B891D, 0B6404, 0B1423, 0A9837, 0A1599, 0988C2, 090A45,
08A5A2, 085A3B, 0833F2, 0822B1, 0821B8, 082464, 081784, 07F581,
07AF54, 074139, 06B358, 060320, 053EF8, 047257, 03A1F4, 02E6BA,
0243A3, 01C7A8, 0181A6, 016AC0, 01865E, 01C457, 021E34, 027734,
02C73E, 02F652, 02F22A, 02C003, 025967, 01CC7A, 012F4E, 0093C5,
0010D3, FFB392, FF7C44, FF683E, FF63F2, FF64A0, FF4C01, FF1356,
FEB1F8, FE1D50, FD6B00, FC9A80, FBC128, FAFA6F, FA48C8, F9BCEA,
F96648, F937F8, F941E3, F97453, F9C2D1, FA3033, FA9A64, FB03E5,
FB5D82, FB9341, FBB3E2, FBAA1A, FB82F5, FB3EF3, FADFF6, FA75E8,
F9FAF4, F97E78, F906D6, F895A8, F837B9, F7F22D, F7CAD1, F7BE67,
F7D1CA, F7F7FA, F828D5, F866A2, F8A40D, F8E8A6, F936BD, F990F6,
FA0BE8, FAA195, FB5D44, FC420A, FD380D, FE49F8, FF5631, 005A29,
014469, 020CD5, 02B8CB, 0337CB, 03A45D, 03F37B, 042C81, 045B7F,
046B9D, 0467DF, 04447F, 03F95A, 0394B5, 030864, 0267E1, 01AE1B,
00DDA0, 000907, FF2492, FE4DBA, FD7EDC, FCCFF8, FC476C, FBF36E,
FBDCCB, FBFDB5, FC5C8C, FCE035, FD7EDC, FE25FA, FEB95E, FF35CE,
FF875B, FFAC45, FF9EB6, FF602A, FEF3DC, FE5ADE, FDA749, FCD40C,
FBF534, FB1719, FA3B82, F97FB1, F8DBC9, F864AA, F8141E, F7E6CA,
F7E5F6, F7F8C3, F8329D, F88E9E, F905A7, F9AB9B, FA768F, FB6B43,
FC7F75, FDAC23, FED5E1, FFF256, 00F49B, 01CB6C, 027860, 02F684,
034B41, 0385C9, 03A7E6, 03C81F, 03EAE3, 04073A, 0439E2, 045F2C,
049455, 04C536, 04F0F5, 052319, 054885, 057BF6, 05B12C, 05FCB6,
06681B, 06EECE, 079B45, 08606E, 092B05, 09F392, 0AA203, 0B1E31,
0B6C1B, 0B77F3, 0B4577, 0AEB42, 0A66C8, 09DAD2, 095051, 08D9D5,
088139, 0847A7, 082AE3, 08273D, 082944, 0824D8, 08130B, 07DF01,
078C8F, 0716C3, 067DD0, 05C780, 0503C1, 0431BD, 036C4B, 02B60C,
022072, 01BA43, 017B6F, 017B1B, 01A0F3, 01E7B7, 024776, 029CD2,
02E62D, 03090D, 02F56C, 02B70A, 024331, 01AE3A, 011540, 007D58,
0007BD, FFBCA1, FF8DAD, FF8809, FF84C6, FF7ABB, FF5C11, FF12A3,
FE9B13, FDFF41, FD4304, FC6F41, FBA44B, FADF1E, FA39B8, F9C367,
F97275, F960F5, F971DB, F9B04C, FA0AC9, FA6EA8, FADB6E, FB3748,
FB81F9, FBAE4A, FBBF70, FBA90E, FB8307, FB33A4, FAD8A3, FA6D15,
F9F5B8, F97D7E, F90AD1, F8A376, F84894, F81449, F7ED5F, F7EF91,
F8052B, F82E48, F8617D, F89A15, F8D98F, F91C6C, F9711D, F9D5B6,
FA5891, FAFC3D, FBBE38, FCA6BA, FD9F84, FEA773, FFAE6A, 00A30A,
01809A, 023E2E, 02D9D3, 035A45, 03BD9C, 040919, 04440C, 046452,
047207, 0462AE, 04360D, 03E678, 037724, 02E67A, 0239D4, 0179F3,
00A121, FFC042, FEDDF7, FE0132, FD3C29, FC99AF, FC2556, FBE86F,
FBE76D, FC2105, FC8704, FD163A, FDB4DF, FE50FB, FEDF87, FF480B,
FF8DE8, FF9F77, FF899C, FF3D8E, FECB60, FE2AEA, FD6E2A, FC9C2A,
FBB9D5, FAE382, FA1192, F9620F, F8CD6B, F86342, F81E1F, F7F611,
F7F7A2, F80FF4, F84B14, F8ADFB, F92E65, F9E06D, FAB7C0, FBB2A4,
FCD173, FDF832, FF2317, 0039FF, 012C95, 01F414, 0290EE, 02FDC5,
03485A, 037EFD, 039D89, 03C027, 03E064, 03FFD3, 042F64, 045847,
048B28, 04BDD5, 04E92B, 0519C9, 054205, 057187, 05AEB7, 05F8A1,
066912, 06F7D5, 079F85, 086F4D, 0937FE, 09FF43, 0AA7CF, 0B144F,
0B533E, 0B4807, 0B065E, 0A9DF2, 0A14C8, 098A8B, 090479, 089AE8,
08494C, 081927, 080764, 080233, 080478, 07FECA, 07E5C5, 07ABF6,
07537F, 06D602, 063289, 057EF4, 04B287, 03E9A7, 0326C4, 027A83,
01F42F, 019701, 016E1F, 01743C, 01A885, 01F434, 02526A, 02AAC5,
02E64C, 02FB81, 02E00E, 0286EB, 020ECB, 01789E, 00DC4C, 005C5D,
FFEFE8, FFB2D4, FF934C, FF88E4, FF8A9E, FF75F8, FF4F17, FEF6D8,
FE7982, FDD5D3, FD0FEF, FC48EE, FB778B, FAC615, FA3221, F9C46B,
F99580, F981CC, F9AA75, F9EE96, FA45E9, FAB502, FB151A, FB6FCA,
FBB1BC, FBD50E, FBDC35, FBC389, FB8E38, FB423A, FAE427, FA7731,
F9FFEC, F98B7C, F91633, F8B574, F86966, F82ED1, F81A14, F8167C,
F831C7, F85AD8, F88FBF, F8CA0E, F90FC8, F95A89, F9B4CC, FA2441,
FAAC27, FB5946, FC1F4F, FD092B, FDFD14, FF000F, FFFE92, 00E975,
01BCE4, 026F63, 0301C0, 03780D, 03D3ED, 041994, 044E42, 046B75,
047413, 045FED, 042992, 03D603, 035BA6, 02C42D, 020D37, 01412D,
0063E0, FF7C49, FE9CF7, FDC514, FD0FFA, FC79C3, FC1A06, FBF2B3,
FBFED5, FC48AB, FCBC12, FD4734, FDE7F6, FE7E0C, FEFB65, FF6293,
FF97ED, FFA358, FF8027, FF26B8, FEA72C, FE0103, FD3904, FC679D,
FB892D, FAB32A, F9F2D0, F944EF, F8C097, F859E6, F81BEF, F7FDB0,
F7FF83, F82223, F8664A, F8CF31, F95DA5, FA1916, FAFCBD, FC0321,
FD22D7, FE49CA, FF6522, 006C4A, 014B4E, 0202FD, 028DEB, 02F2D7,
0337E7, 036771, 038D0C, 03A8CE, 03CDD1, 03EF71, 04173C, 044DF2,
047BA0, 04B405, 04E4BE, 050D6E, 05397D, 05612B, 059BBE, 05EBE6,
065E21, 06F787, 07AC75, 087B3D, 094AF0, 0A07BF, 0AA1FF, 0B043C,
0B25C8, 0B0EBF, 0AC14E, 0A49FF, 09C553, 093AC4, 08BCD3, 085CCF,
081710, 07EB0F, 07E55A, 07D92D, 07E189, 07D4A1, 07AE82, 077747,
07089A, 068B6D, 05DA79, 052541, 045446, 038ED2, 02D0BC, 022D58,
01B406, 0162C4, 014D97, 016436, 01A252, 01F8E2, 025880, 02A07D,
02D89F, 02D879, 02A81E, 024E66, 01C9BF, 0132BC, 00A609, 002436,
FFC341, FF924A, FF6F12, FF6DDC, FF67D0, FF5084, FF1C6D, FEBB66,
FE335B, FD8847, FCC64A, FBFD46, FB3FCC, FA9693, FA118C, F9B964,
F98AF6, F990E7, F9B8C1, FA03BF, FA5D7B, FAC2C6, FB2624, FB7479,
FBB3DD, FBCFD0, FBCFCD, FBB2FD, FB7962, FB2B97, FAC9CA, FA5CDC,
F9E6F0, F975E4, F90835, F8AA11, F86287, F82E44, F81AEA, F81D4F,
F839D6, F86453, F8A0B0, F8DED7, F92B40, F97B43, F9DD36, FA55AD,
FAE41A, FB979C, FC62C8, FD5201, FE4BBC, FF506D, 004CA4, 013197,
0200AE, 02A900, 03334D, 03A02A, 03F423, 043397, 0461A5, 047BA2,
0478C5, 04645D, 041CC5, 03C3CC, 033992, 0298C4, 01D96A, 010713,
002DBC, FF469B, FE76B6, FDA7E1, FD0379, FC81FB, FC321C, FC1A1B,
FC3737, FC83C6, FCFE08, FD8E47, FE28A6, FEBFC4, FF3787, FF90B3,
FFBB2C, FFB70D, FF82BE, FF1E62, FE961B, FDE1F6, FD1FA5, FC4A87,
FB6F87, FAA6E1, F9E74A, F94B2B, F8CEAE, F87233, F83C23, F8265E,
F830AD, F85EB3, F8ADDE, F91FB2, F9BFC1, FA833A, FB6F32, FC7D06,
FD9446, FEB8C6, FFC971, 00BF99, 0198BB, 0243B1, 02C4FE, 032A26,
03661C, 039179, 03B416, 03CC27, 03F0BC, 0418D2, 0449A0, 0478FC,
04B2C3, 04DC2D, 05091F, 052EE0, 054DE1, 057BE9, 05B974, 0612E4,
0691A7, 073B2F, 07F58C, 08CABD, 09979D, 0A4ABD, 0AD899, 0B2AAC,
0B3B1E, 0B1270, 0AB8C4, 0A3A3C, 09B3E1, 0929D6, 08AFFF, 08553A,
080EC6, 07F354, 07E290, 07E359, 07E144, 07CD2B, 07A567, 075B9E,
06F080, 065D4B, 05B636, 04ED8C, 0422B4, 035685, 029D53, 0207C5,
01958B, 015D9B, 01516B, 017537, 01BCF3, 020FF3, 026886, 02A951,
02D14D, 02C0CD, 0289A6, 021F19, 019559, 010273, 00712D, FFFF8C,
FFABE7, FF7F4A, FF6DEA, FF67D9, FF5DA4, FF3F37, FEFB25, FE90DE,
FDFAE1, FD4A27, FC823C, FBBB85, FB0608, FA6399, F9EDA3, F99BF1,
F97F33, F98B0E, F9BC14, FA104C, FA6B04, FAD1F2, FB3294, FB7761,
FBB307, FBC4CA, FBB993, FB9D46, FB518C, FB04D8, FA9DDB, FA2E2C,
F9BCDA, F94930, F8E091, F883C0, F83F25, F81250, F8011D, F80AF7,
F82CA6, F85CCE, F89CE3, F8E0DD, F92972, F97F1C, F9E3C5, FA5E6C,
FAF722, FBB1B0, FC869C, FD7752, FE7AEC, FF77A2, 006F70, 01520E,
020678, 02AD3F, 03270F, 0389C6, 03DD8E, 0415DB, 0442A8, 0453CB,
0454C4, 0429BE, 03E91F, 037C34, 02EB6E, 0247F2, 017F53, 00B005,
FFD66A, FEF8BB, FE2F1C, FD7049, FCD301, FC6001, FC1BF1, FC0FFE,
FC3C67, FC946D, FD15A5, FDADC0, FE48D9, FEDA26, FF4C8E, FF99A3,
FFBA89, FFA930, FF694B, FEFC97, FE6807, FDB701, FCF048, FC1C7C,
FB4ADA, FA84D3, F9CD99, F93850, F8C6CA, F86F73, F8439D, F83885,
F849DC, F886B9, F8E21E, F9676E, FA140F, FAE396, FBD809, FCE4DC,
FDFF84, FF1C92, 002C97, 011738, 01EA8F, 0286C5, 02FEDD, 03520E,
03834E, 03B055, 03C82D, 03EDAF, 041530, 0439DF, 047469, 049C12,
04D17C, 04F7E4, 051BE8, 053F86, 055F19, 059490, 05D59F, 063F48,
06CB39, 07767F, 084284, 090C5F, 09D7EE, 0A77C7, 0AF5D4, 0B32D3,
0B2EF0, 0AFA7A, 0A9050, 0A10E6, 098687, 09055E, 08962D, 0842B4,
080C22, 07EF78, 07E5E1, 07E5EC, 07E4E0, 07CB75, 079C74, 074D75,
06CF0D, 063615, 057E7F, 04B15E, 03E78A, 0324CA, 0275B0, 01EE54,
019092, 01603B, 0165DB, 018FBE, 01DA35, 0233BA, 02824C, 02BFD0,
02D286, 02BD0C, 02706F, 0203E8, 0175B9, 00E353, 006239, FFF4CC,
FFB5C6, FF9254, FF852E, FF814F, FF6BEF, FF3E65, FEEE75, FE72C6,
FDD745, FD1CEE, FC59F1, FB9646, FAE3C0, FA538C, F9E164, F9A383,
F98EE3, F9A41A, F9E093, FA31C4, FA957A, FAF71B, FB504A, FB9558,
FBBF0D, FBCB47, FBB667, FB8A2C, FB4019, FAE863, FA8154, FA0FFE,
F99617, F926E1, F8B825, F85EE0, F82085, F7F4DB, F7EF83, F7FFEA,
F8288D, F85FAD, F8A0C5, F8E34F, F92DE5, F9811E, F9E378, FA6326,
FB0015, FBC123, FC9E4C, FD9279, FE93DC, FF8D3B, 007CAF, 014C15,
0201AE, 0291DF, 030478, 0366EA, 03AB39, 03E91B, 041003, 041906,
0410EB, 03DA2D, 03883A, 0312BD, 0277D1, 01D129, 01078F, 003C41,
FF668A, FE8DAA, FDC8B8, FD0FF3, FC81B0, FC1645, FBE51A, FBE731,
FC20C7, FC8A98, FD1857, FDB4E1, FE511F, FEE224, FF4A0A, FF8C54,
FFA1FC, FF7F2D, FF353D, FEBEE1, FE22BD, FD6BE8, FCA51F, FBD382,
FB0B61, FA4AD0, F9A247, F916DF, F8AA40, F866A4, F83D7C, F84647,
F85F93, F8AA9E, F910E5, F9992C, FA5073, FB2701, FC2278, FD3744,
FE5655, FF6F9B, 007A64, 015C3A, 021BC5, 02AA8F, 0316AD, 035F39,
0393C1, 03B6DE, 03D850, 03FA34, 041ECA, 045010, 0476B6, 04ADA1,
04D3B9, 04F9BB, 052194, 053FD3, 056A93, 05A328, 05F2A4, 0662EB,
06F89B, 07AFB0, 0878BC, 0948F3, 0A053D, 0A9CE2, 0B00C5, 0B2BE6,
0B1882, 0AD366, 0A6ADE, 09E764, 096208, 08E78F, 087F34, 08352B,
0808D7, 07F483, 07F605, 07F90C, 07F2CE, 07D89C, 0799D1, 073E46,
06BC04, 0615AA, 0560BF, 049599, 03CDAA, 0317C8, 0270E3, 01FCBF,
01AC95, 018E08, 01A055, 01CDD5, 021E65, 02730A, 02BBD4, 02EE2E,
02F382, 02CA11, 0276BA, 01FC40, 0172CE, 00E844, 006F92, 0015FA,
FFDBF9, FFC02F, FFB42E, FFAC86, FF8FA6, FF5645, FEFF32, FE7410,
FDD637, FD1A0A, FC528C, FB9B9A, FAEBEA, FA65CE, FA042F, F9CB9E,
F9C68F, F9E080, FA21A1, FA7460, FAD21B, FB3204, FB7E3B, FBBE3C,
FBDD1E, FBDEEE, FBCACC, FB9330, FB4B22, FAEEDB, FA8454, FA116E,
F99A96, F9228B, F8BEE7, F863BA, F82983, F81005, F8072C, F828CE,
F8503F, F88421, F8C4FE, F8FE2A, F94B08, F998E6, FA0600, FA8919,
FB2DC3, FBFAEB, FCDB91, FDD9BC, FED44C, FFCA77, 00A96F, 016F4D,
0211C3, 029FDB, 030B6B, 036B0D, 03B59D, 03E75F, 040F0A, 040EDB,
03F637, 03BBBC, 035A22, 02DD34, 024221, 018FE1, 00CA7D, FFFC70,
FF288F, FE55FE, FD938F, FCE3D2, FC5BF1, FC01D1, FBDA29, FBEFCF,
FC3418, FCAC6A, FD3D8B, FDE00A, FE79E5, FEFC6A, FF5C57, FF8B58,
FF904D, FF6237, FF0A81, FE89C1, FDF047, FD32D2, FC6FED, FBA0E6,
FAD2B7, FA1A47, F97025, F8ED37, F88B80, F84CF8, F834EE, F83B1B,
F86682, F8AC75, F920AB, F9B2FA, FA74FE, FB568B, FC5A63, FD7147,
FE8A93, FFA679, 0098E5, 0178A6, 02231D, 02ABEB, 0309E3, 0350ED,
037F14, 03A7DA, 03C95F, 03E7EB, 04111E, 043119, 04618D, 048BFA,
04B51B, 04DB35, 04FC9E, 052283, 054A93, 0590C1, 05EB4F, 0669DD,
0712BB, 07CBA0, 089B15, 09630B, 0A1537, 0A9CA2, 0AF2D8, 0B0DC6,
0AED7A, 0AA2A6, 0A2B32, 09A932, 09255C, 08AE03, 085592, 081157,
07F560, 07E3D2, 07E695, 07E932, 07D6A0, 07BA65, 077216, 070A06,
0685B4, 05D933, 0522E5, 045EE3, 039D76, 02EF5C, 0258E5, 01EDAE,
01ADC6, 019ED2, 01B82F, 01F4A7, 024407, 029320, 02DB38, 02FD80,
02FC80, 02CD32, 026D1B, 01FC07, 016B4C, 00F049, 007F58, 0029FE,
FFFCCA, FFDDBA, FFD5D9, FFC42F, FFA65B, FF6188, FEFD00, FE7469,
FDC198, FD0EDB, FC4351, FB91A2, FAF366, FA7177, FA24E1, F9F214,
F9F932, FA180E, FA5FDD, FAAEEC, FB0FD7, FB63C8, FBAF90, FBE500,
FBF9B4, FBFCE4, FBD827, FBA21E, FB547E, FAEF5B, FA7F3C, FA0361,
F98D80, F91936, F8BBDE, F8727C, F83D8D, F83317, F838C1, F857C1,
F88C89, F8BBD1, F8F7E7, F93870, F97C3E, F9D3C6, FA4673, FAD166,
FB8229, FC5225, FD370D, FE2C16, FF20BB, 000A33, 00DF00, 019F4E,
023B1D, 02C46A, 033292, 03880D, 03D1EF, 03FF88, 0415C0, 041212,
03E7B4, 03A11F, 033979, 02AF93, 02132D, 015AD0, 0097CE, FFC6FD,
FEF600, FE278D, FD6532, FCC3EF, FC3E04, FBEED9, FBDA60, FBF825,
FC4EAB, FCD1D4, FD6407, FE04BD, FE9487, FF0738, FF54F5, FF76FB,
FF6B3C, FF30A3, FED465, FE4AB2, FDA970, FCEA3F, FC1C65, FB4EAD,
FA8460, F9CE96, F93455, F8B43C, F85C80, F82907, F814AB, F82AF5,
F85B32, F8AFED, F92B47, F9C77D, FA9374, FB7BAE, FC86A1, FD9BE1,
FEB1AB, FFBF08, 00A76A, 017A0B, 0216A0, 029552, 02F020, 032A6F,
035C67, 037C41, 039D44, 03C112, 03E1A3, 040D22, 04349C, 045B2A,
0483C8, 04A26E, 04C648, 04EFBA, 052330, 05751F, 05D943, 066358,
070E16, 07C836, 08952E, 095405, 09FBB4, 0A76C0, 0AB99A, 0AC4C5,
0A9543, 0A3AFB, 09C7E9, 094268, 08C5E8, 085FEF, 080BDA, 07D966,
07C417, 07B964, 07B881, 07B729, 07A020, 0771AD, 0729CA, 06B53D,
06250A, 057DF4, 04C009, 04016E, 0348B0, 02A47B, 021BAD, 01C136,
018BDE, 0189A0, 01AF3A, 01ED14, 023E9B, 02877F, 02C61E, 02E294,
02D351, 02A2EB, 023F52, 01C874, 0148CC, 00C983, 0064FE, 001EE8,
FFEEC7, FFDDA0, FFD15F, FFBC5E, FF9831, FF4650, FEDB1D, FE45EC,
FD9900, FCDFF2, FC2337, FB796A, FAE344, FA733C, FA2C18, FA0CDF,
FA1863, FA45BD, FA8D15, FADF00, FB3FEC, FB8FE5, FBDA12, FC0CD0,
FC1EBE, FC1CF2, FBF28B, FBB6E8, FB6093, FAF2B5, FA8479, FA04AB,
F99345, F92726, F8CFC6, F89269, F86E26, F864EC, F87624, F8995E,
F8C1CA, F8FC10, F93445, F97632, F9C847, FA288E, FAAA1C, FB3EA3,
FBFDC2, FCCEEE, FDB048, FEAAF7, FF936C, 0077D7, 0148A8, 01FAEF,
0296A4, 031B2E, 038163, 03D57F, 04133C, 043715, 04474F, 04350B,
0402DA, 03B484, 03413F, 02B673, 02141C, 015863, 009503, FFC675,
FEF114, FE2957, FD6B6D, FCCFD2, FC6368, FC2373, FC2211, FC54D9,
FCB6FF, FD3A41, FDCEE7, FE6332, FEE63E, FF4F37, FF9218, FFA5C7,
FF8F7D, FF4DC9, FEDE7A, FE5190, FDA4F3, FCDFED, FC17FF, FB4293,
FA7F38, F9CE1B, F9342A, F8C581, F8737A, F846EF, F83D6C, F857B8,
F893B8, F8EF51, F977B6, FA1A6D, FAE9D4, FBDD39, FCDD95, FDF911,
FF0859, 000857, 00F0E7, 01A9C2, 024517, 02AEE7, 03010F, 0336CA,
035FA4, 0384BE, 03A0EA, 03C3F9, 03E2F6, 0404F6, 0429FA, 044B67,
0472A0, 049378, 04B945, 04E90A, 05216C, 057949, 05E814, 067595,
072396, 07DFE0, 08A509, 095D73, 09F50E, 0A602F, 0A9320, 0A8593,
0A514E, 09EAB7, 09742B, 08FA71, 087BD6, 081F7A, 07CFE2, 079FA8,
078F81, 078010, 07888F, 077EDD, 076291, 073455, 06DC7E, 0668F0,
05D4A5, 052766, 046E56, 03B0EB, 030332, 02662D, 01EA40, 01990C,
016C5A, 01737D, 0198C8, 01DB88, 022694, 0272EC, 02A8B9, 02BCFC,
02B089, 026B7D, 0211E3, 018E26, 011124, 009770, 003A3C, FFFD45,
FFD42C, FFC5B6, FFB390, FF9AF3, FF6AF7, FF17D7, FEA0E0, FE081D,
FD5D02, FCA139, FBF087, FB4973, FABFB6, FA5B21, FA1746, FA01FB,
FA1094, FA410B, FA8A9C, FAE410, FB3D51, FB982A, FBDC85, FC0BFB,
FC22AC, FC0EAE, FBE597, FB9ED2, FB3C86, FAD231, FA5596, F9DC5B,
F96BE5, F900F7, F8B603, F879DE, F85CF5, F85DB5, F86E0F, F89565,
F8C6F5, F90187, F941C5, F98D78, F9E4FD, FA52B3, FAD995, FB7912,
FC3660, FD0B0F, FDEFEC, FEE013, FFCD8F, 00AD95, 017A76, 022C0A,
02C022, 033A37, 039B7B, 03E5A5, 0417DE, 043695, 04351D, 041B5E,
03E412, 03893F, 031875, 0285AB, 01E025, 0123B8, 005500, FF81F5,
FEAEAB, FDE757, FD3A65, FCB013, FC4C0B, FC2516, FC3092, FC6B4C,
FCDD76, FD5DF9, FDF979, FE8983, FF0970, FF6927, FFA243, FFAF18,
FF8DBA, FF4203, FECA69, FE36BC, FD7E88, FCC104, FBEE9A, FB261F,
FA68C2, F9BD24, F9362D, F8CB5F, F888F6, F86A4D, F86B42, F8901F,
F8D240, F93981, F9C516, FA715B, FB5029, FC3E41, FD518B, FE67DD,
FF6F03, 006D6F, 014082, 01F5AF, 027B2F, 02E4D8, 032E76, 035C98,
038988, 03A1CA, 03BF29, 03DE86, 03F9E6, 041C91, 043F79, 0463AA,
04891D, 04B36E, 04D625, 050D27, 05451E, 05A1F7, 061481, 06AAEF,
075C43, 0818E1, 08DAA7, 0980C7, 0A0E12, 0A629C, 0A8A4E, 0A70C4,
0A2FE8, 09C4BB, 094893, 08CC99, 08523C, 07F81F, 07AAC7, 0782AA,
0773F1, 076A57, 077841, 07654C, 075078, 071360, 06B6F9, 06405F,
05A29B, 04F959, 043D37, 038746, 02DA0A, 0244D6, 01D6DB, 018217,
0167A2, 016B17, 019999, 01E08E, 022DC6, 027BD6, 02AC68, 02BB7A,
02A24F, 025C82, 01F098, 01768F, 00EEEA, 007CAC, 002447, FFE420,
FFC6A7, FFAEAF, FF9A4F, FF796C, FF3A7C, FEE00E, FE6156, FDC923,
FD181A, FC693F, FBB4C9, FB1BB3, FA99E2, FA3915, FA02C2, F9F27E,
FA0B69, FA3D76, FA91EE, FAE8BB, FB4692, FB9FD6, FBDEB5, FC0B66,
FC0FBB, FBF941, FBC2F5, FB7308, FB126A, FA9F2C, FA2CC1, F9B00E,
F94776, F8E641, F89B5D, F86CDC, F8552B, F853EE, F8701A, F89456,
F8C7FC, F90A23, F94952, F99F9D, F9F75B, FA69A0, FAF43A, FB93EE,
FC593E, FD2FA8, FE17ED, FF098F, FFF36E, 00D027, 0194E0, 023E51,
02C87C, 033A12, 038DB8, 03D097, 03F856, 0410BC, 040DD2, 03F049,
03B52F, 035700, 02DBC5, 023FAB, 01930A, 00C8A1, 000112, FF291B,
FE5CF1, FD9E97, FCF88C, FC7CFD, FC2CDF, FC1111, FC2A9F, FC7856,
FCE8C4, FD7D7A, FE11A9, FEA548, FF1B09, FF75A3, FF9F74, FFA13F,
FF7706, FF1DBA, FEA771, FE054B, FD55AF, FC8BDF, FBC04E, FAFDB0,
FA4286, F9AC1D, F92CD4, F8CE6D, F89CB4, F881ED, F88C54, F8B9C1,
F90199, F972A8, FA0B3F, FAC674, FBA747, FCA7F0, FDB0FE, FEC6A1,
FFCBA6, 00B697, 0189D8, 0227D5, 02ABAB, 030AFE, 03451D, 037B39,
03963F, 03B3C0, 03CFAB, 03E93E, 040FB7, 0430B1, 0459D3, 0481E4,
04A6C5, 04D199, 04FC18, 0532EF, 057694, 05D803, 064F8B, 06EA14,
079C1E, 085625, 09101F, 09B0A6, 0A31E5, 0A7C4F, 0A95CE, 0A7926,
0A2651, 09BE9C, 093927, 08BC19, 084617, 07EA2B, 07AB7D, 078387,
077F05, 077808, 077E21, 07708A, 074C1D, 070D7F, 06A8EA, 062DC2,
058DAF, 04E093, 042955, 036CD0, 02C71B, 023288, 01C814, 018435,
016B92, 0180DC, 01B4A5, 02033E, 02589B, 02A27F, 02D180, 02D8E5,
02B187, 025FFB, 01EF30, 016B5D, 00EF41, 007B0C, 0029B7, FFEFB9,
FFCE19, FFBB08, FF9FEF, FF7CE7, FF3707, FED5C4, FE5583, FDB0DE,
FD0822, FC52D6, FBA761, FB13BC, FA947A, FA4057, FA105B, FA0A02,
FA2D05, FA6AF3, FAC124, FB1F49, FB7DF8, FBCCCB, FC09AE, FC257E,
FC24F6, FC03D2, FBC378, FB703D, FB04CF, FA94CD, FA1EFA, F9A77C,
F940D5, F8E357, F8A194, F873F4, F86285, F86D65, F8856D, F8B5CE,
F8EBA4, F9284B, F97174, F9BE1C, FA1EFE, FA9146, FB1E80, FBC70A,
FC8BFB, FD66C8, FE5375, FF4581, 002C64, 010466, 01BEF3, 02593E,
02DA0B, 033F9B, 038B91, 03C783, 03EFA5, 0400AD, 03FA92, 03D77C,
038F15, 0329B7, 02A417, 01FF13, 014CD7, 008487, FFB476, FEE8A8,
FE1CFA, FD667A, FCCB7B, FC58AE, FC133F, FC03DD, FC2EAC, FC7FA2,
FCFE1C, FD9088, FE20CF, FEB05E, FF1CCC, FF68CB, FF8E94, FF8046,
FF4803, FEE93D, FE5DC1, FDB873, FCFFDA, FC32EC, FB7153, FAAEA6,
FA0488, F97396, F8FDA9, F8AD54, F87BBF, F8704B, F8823D, F8BA5C,
F9156D, F98EEB, FA3874, FAFD35, FBE554, FCE697, FDF338, FF007E,
000257, 00E5B3, 01AB70, 024665, 02B732, 0310FF, 03432F, 036F63,
038D9E, 03A68A, 03C437, 03E1A1, 04039F, 04296D, 04530B, 047A84,
04A483, 04CE57, 04FADA, 053685, 057DC8, 05E56C, 0661A0, 07026C,
07B30F, 086D59, 09265E, 09BDC3, 0A35B1, 0A7669, 0A818F, 0A570E,
09FF8E, 098AD2, 090837, 0889B1, 081BAA, 07CA68, 078FE9, 0774C2,
076C22, 07675C, 076A24, 075704, 07305F, 06E936, 068225, 05FA78,
055AD1, 04A858, 03EC20, 0336B4, 028C90, 020117, 0199FD, 015DE0,
015465, 017421, 01B8FC, 020C8E, 0262A5, 02ABFE, 02D05D, 02CE6A,
029DAC, 02416A, 01CA0F, 014632, 00C872, 005BB3, 001084, FFDCDE,
FFC296, FFAFE4, FF9366, FF69A3, FF1E45, FEB45E, FE2ED2, FD8B58,
FCDC75, FC2C4E, FB8137, FAF1AF, FA7A48, FA2BF1, FA09B7, FA0C4E,
FA3A95, FA83F8, FADD10, FB4399, FB9E72, FBE72F, FC22C1, FC2B06,
FC2449, FBF943, FBAA72, FB5950, FAE8AA, FA76A2, FA052E, F98EEB,
F93038, F8DA8A, F8A00B, F88052, F873D1, F88689, F8A8D0, F8DB5E,
F915C2, F9532F, F998D0, F9E4AC, FA43CE, FAB731, FB4B6E, FBFBB4,
FCCB15, FDB193, FEA02B, FF91BB, 0074A6, 013FED, 01EE59, 027D1C,
02F4B8, 035141, 039A07, 03D526, 03F4EA, 04038A, 03F254, 03C1EF,
036D63, 02FC4D, 026ED1, 01C6FC, 01101C, 00424F, FF7A66, FEA63C,
FDE7A4, FD368D, FCA7C0, FC42F1, FC0FB1, FC138E, FC45E1, FCAADB,
FD2CC1, FDC1D4, FE55BA, FEDEAF, FF3DC8, FF85D7, FF9108, FF79CB,
FF3254, FEBDD7, FE31FE, FD7FCF, FCC7B5, FBFF06, FB3DA1, FA82CB,
F9DF02, F95628, F8E56B, F8A342, F8794D, F878A3, F89CF5, F8DAE1,
F9433B, F9C8CA, FA75D5, FB433D, FC370D, FD356D, FE4A42, FF52C1,
004742, 01294B, 01D6BA, 0269A6, 02D6DC, 031CE7, 0354C9, 0374FF,
03920E, 03ABCA, 03C54F, 03E839, 040926, 04321A, 045E58, 048427,
04AECA, 04D99C, 0504FF, 053F58, 058DFF, 05F2DA, 067701, 071A31,
07CF3F, 088AD4, 093D5D, 09D08C, 0A388D, 0A6A66, 0A64EE, 0A2FFB,
09CE81, 095849, 08D96E, 085D95, 07FC63, 07A9BF, 077C98, 0765F5,
075B86, 076263, 075967, 07481F, 0719D7, 06CF7E, 0662B2, 05D811,
053059, 0477B4, 03B9D2, 02FE62, 025DD3, 01D8DB, 017FE2, 0157A1,
015B3C, 018ED4, 01D324, 023692, 028591, 02CAF6, 02E650, 02D2A0,
029766, 0228C4, 01B344, 01237D, 00AB5B, 004926, FFF95B, FFD8B0,
FFB723, FFA9C0, FF8F5B, FF5922, FF1329, FE9C6B, FE125A, FD6D44,
FCB9EA, FC0C58, FB6371, FAD8E6, FA6B4F, FA2741, FA0F73, FA1F28,
FA52A2, FAA277, FAFFBE, FB5E6E, FBBA0B, FBF701, FC212E, FC2AF0,
FC11C7, FBDF32, FB926C, FB363E, FAC875, FA5B5F, F9E5B7, F976A7,
F91D0E, F8C67B, F89B4E, F87B1B, F87E56, F89758, F8BB8F, F8F2FC,
F927B2, F9679D, F9A8CD, F9F6D1, FA5BF3, FAD515, FB77FD, FC310B,
FD0D27, FDF910, FEE98D, FFD669, 00AEDA, 01700F, 02153E, 029EEF,
030EF8, 0369B7, 03ADD0, 03E1EE, 03FB82, 040012, 03E4E5, 03AB64,
034CA4, 02D551, 023D8A, 018EAF, 00D632, 000838, FF4210, FE7455,
FDBF05, FD14A2, FC9654, FC3D44, FC1983, FC2A6F, FC6E8C, FCE1F6,
FD657B, FE064D, FE9216, FF0F75, FF6C33, FF9829, FFA196, FF73C1,
FF23BB, FEADCA, FE14DA, FD6CD7, FCACF8, FBE7CE, FB2567, FA70A6,
F9CFCC, F95228, F8F223, F8B405, F89E5E, F8A4CB, F8CE58, F9195B,
F9857F, FA166C, FACB85, FBA7DC, FC97DA, FD9F98, FEAFB2, FFAD28,
00A04C, 016E84, 0214DC, 029E18, 02F968, 033EB3, 03717B, 038FA8,
03ADF0, 03C6A8, 03E3FD, 040681, 042B8B, 045542, 047D6A, 04A635,
04CB26, 04F2F1, 051C5F, 05553A, 05AA5E, 060F41, 06A524, 0744A5,
07FE6F, 08BA6B, 095D5E, 09ED1B, 0A416B, 0A664B, 0A5676, 0A0F9D,
09ADAC, 09355E, 08B617, 0843C2, 07E608, 079AF5, 07726A, 075D1A,
075551, 075A26, 074FFE, 073D8B, 070D1A, 06B6EE, 0648AD, 05B006,
0501BE, 0446CB, 038154, 02CC24, 022EF2, 01B1BC, 01683A, 014E0D,
015E31, 019AC8, 01E87F, 0244F4, 0296AF, 02CD4C, 02DA86, 02BD16,
0271FE, 01FD82, 017D11, 00F28A, 007749, 001A98, FFD516, FFAF4D,
FF9778, FF85CA, FF633B, FF2C1B, FED7D9, FE5CD7, FDC8D0, FD1C9D,
FC68C0, FBB3AF, FB13EE, FA9201, FA2B7C, F9FA8C, F9EAF8, FA066D,
FA47B4, FA97B4, FAFA30, FB554A, FBA623, FBE2AA, FBFEFC, FC00ED,
FBE411, FBAA6B, FB5D10, FAFBB7, FA8F10, FA1EE5, F9AB0B, F9426A,
F8EC48, F8A592, F87E0E, F871AA, F876A9, F89896, F8BDF6, F8EE8C,
F925F6, F95F78, F9A54B, F9F9E5, FA673D, FAF192, FB9ECC, FC6159,
FD444A, FE2BCB, FF1BA6, 0003F6, 00CFD2, 018FD6, 0228C1, 02A715,
031374, 035EE8, 03A00F, 03CA53, 03DD4F, 03D494, 03B37E, 036F8A,
030613, 028AEA, 01E9EE, 013BE4, 008228, FFB6DF, FEF50D, FE2B93,
FD7CAE, FCDBC6, FC6810, FC1C09, FC0825, FC2955, FC7A76, FCF776,
FD84B5, FE209B, FEA6E4, FF1A8E, FF6816, FF88EC, FF828B, FF51F4,
FEF8D0, FE7D9C, FDE081, FD2FD2, FC7029, FBAC96, FAF3EE, FA4487,
F9B509, F93FA7, F8EBA8, F8BBC6, F8A93D, F8BE50, F8E9A0, F94077,
F9B5C1, FA4D91, FB163E, FBEBCA, FCEF0E, FDF507, FEFC2B, 000283,
00DF9C, 01A880, 02456B, 02BA73, 0316BE, 034C48, 037C0B, 039DED,
03BAA5, 03DEAD, 03FD1B, 042884, 044A9B, 0478B6, 049F78, 04C237,
04EC7F, 050DA9, 05400E, 057C87, 05D4A6, 064781, 06DD52, 0789CA,
084418, 08FC9E, 099D56, 0A198A, 0A6803, 0A7C65, 0A5E52, 0A16E0,
09A7DF, 093171, 08B3A1, 083CAB, 07E6E7, 079F08, 077B0A, 076DBA,
0768C0, 076EEA, 076780, 074DD2, 0714EA, 06BCE2, 063CBE, 05A073,
04ECBF, 042876, 036A1B, 02B83E, 0222C2, 01B646, 017764, 016A39,
0185B6, 01C8E2, 021D95, 027298, 02C30B, 02E940, 02E8CC, 02BF4E,
025F70, 01EB35, 01638C, 00DBF8, 006B7B, 000E70, FFD9B2, FFB532,
FFA18F, FF9151, FF6618, FF2C33, FECA8E, FE4816, FDA9D8, FCF73B,
FC4312, FB8F04, FAFA1F, FA77B2, FA2ABA, F9F89A, F9FF47, FA2238,
FA6521, FABF8E, FB185F, FB79CB, FBBDE8, FBF79D, FC0D6D, FC0700,
FBE664, FBA3B6, FB520A, FAE8A6, FA7A55, FA04A6, F99066, F931BD,
F8DA79, F8A560, F885B1, F87883, F88B40, F8A11C, F8CA7F, F8F702,
F92BA4, F96C87, F9B547, FA175D, FA88E1, FB1DAF, FBCF1E, FC95F3,
FD7B0B, FE62BD, FF4DB9, 002C7A, 00F3AC, 01A344, 023560, 02AED2,
030DCD, 035B10, 03942E, 03B5D3, 03C3E1, 03B313, 0383E2, 0335A6,
02C614, 02407A, 019D5F, 00EDF9, 0031FF, FF6A4D, FEA992, FDE520,
FD39FA, FCA7FB, FC3BE6, FC06F3, FBFEF4, FC3107, FC8DF4, FD0C0E,
FD9BD3, FE2E67, FEB375, FF17CA, FF62D0, FF7460, FF6B88, FF2AD9,
FEC7F6, FE454E, FD9FC6, FCEF64, FC2E85, FB6FD3, FABA80, FA1656,
F98BE3, F924FE, F8D610, F8B101, F8AC7C, F8C20C, F902BD, F95F78,
F9DF6B, FA87D8, FB4E01, FC385D, FD37BA, FE4127, FF4B3E, 0040E7,
01198A, 01D2DB, 025F85, 02CD28, 031B43, 035147, 037D99, 039E7C,
03C177, 03E15D, 04083D, 042F55, 045AE1, 048605, 04AD69, 04D3D5,
04F7E9, 051E87, 0551F5, 059852, 05F476, 067612, 070F43, 07BAC3,
0879F2, 092766, 09C00E, 0A3938, 0A7469, 0A8334, 0A5D1C, 0A06DF,
099B03, 0919C4, 089B50, 082AA0, 07D5F5, 079453, 0776EC, 076D19,
076D1F, 077553, 076A23, 074A89, 070BDF, 06A937, 062025, 057D5D,
04C2AC, 03FF67, 0342D3, 029713, 0209CE, 01A990, 017508, 0174A4,
01A033, 01E44A, 024319, 0295EE, 02D909, 02FC89, 02EDFA, 02B2FD,
024FCB, 01CEB7, 0143AD, 00C432, 0055A8, 0005A3, FFD878, FFBAD1,
FFAC3B, FF9821, FF694D, FF26D9, FEB9EE, FE2B8A, FD8BC6, FCD31D,
FC2029, FB792A, FAE4E5, FA7889, FA2DF7, FA1256, FA1A7E, FA49CC,
FA9372, FAEAFD, FB4B15, FBA0A6, FBE906, FC1623, FC2818, FC1A25,
FBEA6F, FBA4AA, FB4247, FAD6EC, FA64FC, F9F24B, F98AE7, F92F78,
F8EB0C, F8B743, F89CDE, F899C3, F8A419, F8C617, F8EEAE, F91CB0,
F95840, F997A1, F9E3FF, FA4BE8, FAC4BF, FB5CF4, FC19A7, FCE2D8,
FDC6A1, FEB04A, FF908F, 00697F, 012912, 01CC2A, 025870, 02C9E9,
0324D9, 036C1C, 039E26, 03B9AD, 03BB02, 03A10A, 0366FF, 031242,
029BE1, 0210FA, 016C30, 00B65B, FFF721, FF2F2E, FE6CE8, FDAE74,
FD0C7D, FC85A2, FC291C, FBFF66, FC0652, FC3FB5, FCA233, FD2734,
FDB458, FE438A, FEC420, FF1D19, FF56F1, FF60EA, FF4345, FEF61C,
FE8BC0, FDFA64, FD54AC, FC9F52, FBDEED, FB23B1, FA7052, F9D382,
F94DCC, F8EFC1, F8A75A, F891E2, F88EB7, F8B222, F8FDBA, F95C4C,
F9ED56, FA9FE6, FB6DAA, FC63FE, FD66B3, FE6AE2, FF743A, 005A36,
012C88, 01D6BB, 025C37, 02C35A, 030A51, 0340E9, 0368B9, 038EE0,
03B174, 03D772, 03FF83, 042B40, 045552, 047ECD, 04A2A7, 04C7EB,
04E8B7, 051623, 054A6F, 0592C8, 0601E6, 067CAB, 0722B1, 07D27E,
088AFD, 093A2F, 09CC78, 0A31E8, 0A651C, 0A6454, 0A2CEB, 09D2A8,
095AE2, 08D96D, 085CFA, 07F147, 07A1FD, 076F9A, 0756EA, 0756F1,
075BD7, 075E8F, 07532C, 07293A, 06E071, 06718E, 05E1C5, 0533A2,
0474BC, 03B2B1, 02F54A, 025315, 01D0F5, 017E02, 015CEC, 0169AC,
01A375, 01F32B, 025118, 02A6DF, 02E249, 02F5AB, 02DDB8, 029227,
022504, 019CB6, 0111EF, 00958F, 002D6B, FFEF00, FFC49C, FFB136,
FFA496, FF88A3, FF5998, FF0587, FE95AB, FE03AB, FD58ED, FCAD00,
FBF8DD, FB58C0, FAD7D9, FA707A, FA35F7, FA259C, FA3921, FA6DF3,
FAC0BD, FB1DBA, FB7D6F, FBD6F0, FC19D2, FC3DE6, FC422A, FC26E0,
FBE5AC, FB97B1, FB32A8, FAC2A2, FA573C, F9E723, F98452, F9324D,
F8EDFD, F8C55F, F8B263, F8B2B5, F8CA02, F8EAD2, F915A3, F94AD7,
F9818D, F9C8BE, FA1B7D, FA842B, FB0977, FBAA2F, FC68E8, FD3961,
FE1FAE, FF02E5, FFE257, 00B36F, 016CFF, 020938, 02914B, 02F8EE,
034CAD, 038E72, 03B2A9, 03C9F4, 03BF0B, 039EA7, 035CB3, 02FDFD,
028454, 01ED7D, 014314, 008D74, FFC70C, FF029D, FE45FC, FD8A13,
FCF430, FC7A2D, FC2365, FC0B95, FC1D9B, FC635B, FCD377, FD5CB6,
FDF11F, FE7C64, FEF423, FF457D, FF6EF7, FF6D16, FF42C8, FEED36,
FE778F, FDE178, FD34E0, FC7AC0, FBBCED, FB00F5, FA542C, F9C1BD,
F94647, F8F167, F8BB59, F8A6F4, F8B366, F8E2FA, F930E2, F9A30B,
FA39F0, FAF1BF, FBCC2C, FCBE16, FDC0C9, FEC425, FFBD0E, 00A03D,
016038, 0201BF, 027B3B, 02D85F, 031C80, 035232, 037D4B, 03A1DB,
03CD04, 03EF43, 041AFF, 04457A, 046AF8, 04940E, 04B655, 04D70F,
04F82E, 05221E, 0558CB, 05A60D, 0616A7, 069FF2, 074492, 07F9ED,
08B155, 09550C, 09E237, 0A38E2, 0A5A0F, 0A49FD, 0A050C, 099BB1,
091F02, 089D7F, 081F8F, 07C01A, 07747E, 074C08, 073BF2, 073C9F,
074510, 074185, 0730BB, 06FB1F, 06A5FE, 062CD9, 058E79, 04DFBA,
04175C, 035D3F, 029F7A, 020E63, 019B0B, 01563D, 014D56, 0164DC,
01ADD0, 02046F, 0263F7, 02B2E3, 02E41C, 02E99C, 02BDD0, 02675C,
01ED44, 01622A, 00DB99, 0064F9, 000DAB, FFD37D, FFB394, FFA662,
FF9424, FF7A91, FF3DAD, FEE76A, FE6D87, FDD653, FD31F2, FC8003,
FBD750, FB407D, FAC103, FA66F3, FA350B, FA2813, FA4CDC, FA853B,
FAE6FD, FB4330, FBA6E4, FBFBC2, FC2C2C, FC52F8, FC431C, FC2228,
FBE149, FB87F2, FB26C4, FAB88B, FA48CC, F9E1B4, F98230, F931FE,
F8F6F3, F8D24E, F8C433, F8C9B7, F8E0AE, F902A2, F92D73, F963CF,
F99D9B, F9E6E8, FA40F8, FAB305, FB3E62, FBE8A1, FCAD8A, FD822D,
FE6A85, FF4D20, 002C29, 00F1C4, 01A6DD, 02398A, 02B225, 031394,
035A96, 039316, 03B3E8, 03C28D, 03B362, 038902, 034143, 02DA2B,
02564F, 01BD71, 010E67, 0055BF, FF9153, FECE38, FE122E, FD5E38,
FCCF2C, FC5C56, FC18AD, FC0D1D, FC2FBB, FC85BF, FCFD2A, FD8DE8,
FE1DA7, FEA32A, FF0F67, FF5213, FF7192, FF5D4E, FF290F, FEC812,
FE4693, FDAE1B, FCFD3B, FC4522, FB8D64, FAD8D5, FA37D2, F9AE81,
F93E2E, F8F5A2, F8C83C, F8BA72, F8D70A, F9069B, F95ED7, F9DCF8,
FA723F, FB3A6C, FC17A6, FD0B11, FE1387, FF0B58, 000046, 00D5B5,
0189FD, 022012, 028FE9, 02E718, 03230B, 03582C, 037F4B, 03A3D6,
03CF99, 03F18D, 041E59, 0443A5, 046C25, 048B21, 04B07C, 04CBFA,
04ECC1, 051BE0, 0552B2, 05ABAA, 061E73, 06AF4E, 075D67, 08158F,
08C7E6, 096BBB, 09E499, 0A2F25, 0A4473, 0A2048, 09CEB5, 095F40,
08D922, 085636, 07E3F6, 0781BC, 074A7C, 0723FF, 071F49, 07242C,
072CA4, 072865, 070B26, 06D371, 066C7D, 05EB93, 05497F, 048BF8,
03CBBE, 030E3B, 025AC7, 01D516, 016F1B, 013F0E, 01410C, 016AB3,
01B9B1, 021346, 027209, 02B6A5, 02DA24, 02CF78, 02982B, 023048,
01B692, 012C9F, 00AAA0, 004779, FFF56B, FFCA2D, FFB402, FF9F4D,
FF8EED, FF678B, FF2156, FEC56B, FE3E79, FDA95A, FCFD2F, FC4CF0,
FBA8C8, FB0FA7, FA9EA8, FA4BC7, FA29B1, FA2EB0, FA5B79, FAA764,
FB039D, FB6A37, FBC417, FC1365, FC4287, FC53E1, FC4B27, FC1A1E,
FBDB84, FB7FDE, FB1B46, FAB204, FA461D, F9DED5, F988A9, F93BA2,
F9061E, F8E830, F8D9EB, F8E8AB, F8FD1B, F9247C, F954E5, F985FE,
F9CE08, FA1522, FA7B57, FAF05A, FB888D, FC3C48, FCFFA6, FDE9BA,
FEC432, FFACC9, 0082BD, 013E24, 01E68B, 027138, 02DF42, 033A94,
037D81, 03AE91, 03CC65, 03D2D7, 03BD75, 0389E4, 033ED3, 02C961,
024C24, 01A530, 00FC32, 003F6C, FF7818, FEBBBC, FDF9E1, FD5481,
FCC7EA, FC663F, FC2FAB, FC353B, FC6381, FCC2AE, FD4181, FDCD62,
FE5F2E, FED807, FF39FE, FF746F, FF7F09, FF6470, FF1EBF, FEB6D3,
FE296B, FD929F, FCDA43, FC24CA, FB7100, FABCA4, FA2813, F9A009,
F93D29, F8F7CC, F8CBE3, F8CB14, F8E3F8, F9216D, F98309, FA05C9,
FAAE33, FB78EC, FC5DE8, FD5738, FE578C, FF50F8, 003A2A, 01034E,
01AFDA, 0232F0, 029C98, 02E96C, 031F76, 035323, 0376EC, 039E23,
03C5B7, 03E8B4, 04120B, 0435FC, 045F6D, 047B04, 049D26, 04BA07,
04D823, 050BB3, 054A08, 05A772, 0627DB, 06BDDF, 07712A, 082E67,
08DBF9, 097936, 09E2D7, 0A2015, 0A216D, 09ED12, 0994AD, 09126C,
0892B5, 080FFD, 079D9D, 07514A, 071319, 07046A, 06FC2F, 0708E0,
070B9E, 0700A9, 06E0C2, 0694BD, 062C8E, 059DC1, 04F049, 043298,
037398, 02B0EF, 021286, 018FD9, 013C6A, 011E6B, 012A09, 0167E9,
01B7C4, 021757, 026FE1, 02A685, 02C171, 02A2CC, 025DE2, 01F2DF,
017445, 00EF9C, 007A0D, 001AF2, FFD59B, FFB14C, FF97F5, FF88ED,
FF7438, FF470F, FEFEBB, FE99EA, FE0D9D, FD704F, FCC4EE, FC1267,
FB6ED3, FAE1DC, FA748E, FA3134, FA1A98, FA28C5, FA6075, FAB051,
FB10B7, FB76DB, FBCF30, FC18C7, FC41F6, FC4BF9, FC396D, FC0412,
FBBE7D, FB6447, FAFF5A, FA97FC, FA2B8B, F9CDDA, F9753E, F93096,
F904EA, F8E6B4, F8E80F, F8FA0A, F9175A, F9455E, F975E3, F9B006,
F9F7AC, FA44DB, FAB468, FB32B4, FBD0A7, FC8DEE, FD585C, FE3C47,
FF1CBC, FFFCD7, 00CA8A, 017DBD, 021DA2, 029CE4, 0309E0, 035F59,
039F69, 03CEAD, 03E69F, 03E729, 03CBB7, 03945E, 033D36, 02CD6B,
023CF1, 019DA0, 00E878, 002975, FF68DC, FEA68D, FDF030, FD522E,
FCD2D0, FC7C3D, FC5BC7, FC6764, FCAA68, FD0FDF, FD97EE, FE242C,
FEAE6B, FF2475, FF7449, FFA526, FFA469, FF7B89, FF294C, FEB67E,
FE2890, FD8177, FCD3C7, FC1AEF, FB642E, FAC338, FA2801, F9AA76,
F94FE4, F90731, F8EB1F, F8EFE4, F9110C, F95D05, F9C323, FA4FBB,
FB041F, FBD283, FCC09D, FDBD06, FEB741, FFB00C, 008D65, 014B97,
01EFC9, 0265D6, 02CCAD, 03109D, 0347FB, 037A02, 039B73, 03C6FE,
03EC19, 040FBA, 043BE0, 046094, 04857A, 04A944, 04BEC5, 04DFF9,
04FD4F, 052F13, 0575D9, 05D928, 066049, 06FD78, 07B8FE, 086C81,
091A92, 09A78F, 0A009C, 0A2EAF, 0A1620, 09DB50, 096CA2, 08EC38,
086B28, 07E4D1, 078757, 07357B, 070D71, 06FE8A, 06FD62, 07081E,
070BBA, 06F906, 06CE95, 0679B1, 060203, 0568DB, 04AF01, 03F01A,
03275C, 026B31, 01D0FE, 015C3A, 01102D, 010935, 01201F, 016104,
01BEDD, 021003, 0260E8, 028ED7, 029450, 0270D0, 022212, 01B010,
013151, 00AD66, 003D64, FFE6A5, FFA71B, FF89EB, FF7492, FF6346,
FF4F43, FF1865, FECA1E, FE5B35, FDC4C8, FD271C, FC6F4F, FBC97B,
FB29D2, FAA207, FA4A70, FA09A3, FA04F3, FA1F10, FA5EEB, FAB552,
FB19D1, FB7AE0, FBD098, FC0DA0, FC2CFE, FC2D97, FC0D5B, FBD90F,
FB8836, FB2BAF, FAC6B5, FA561A, F9F4DE, F98F32, F94305, F90686,
F8DB5F, F8D093, F8CF68, F8E92E, F90D0F, F9375F, F96EAC, F9A8EE,
F9F4AB, FA4B75, FABE7B, FB475B, FBED5B, FCAF19, FD806A, FE6165,
FF3FB6, 0019CC, 00DDD1, 018D48, 022564, 029DD1, 03061A, 035398,
038DE3, 03B8A6, 03C7BE, 03C2FC, 03A155, 035E45, 030150, 028468,
01EC8E, 0149AC, 008CED, FFCD67, FF0DF7, FE4D8B, FDA01A, FD0C61,
FC9A9D, FC52EE, FC440E, FC60AF, FCA9ED, FD22D3, FDA3B8, FE33A8,
FEBAA6, FF1FE0, FF6DFD, FF8C04, FF7D55, FF4E52, FEF1BE, FE7886,
FDEC7C, FD44EE, FC9818, FBE390, FB3249, FA909C, F9FE53, F98F2B,
F93459, F8FF5C, F8EDC9, F8F50C, F92F08, F97926, F9F762, FA8B74,
FB4A63, FC23EE, FD1035, FE1137, FF0247, FFF1A4, 00C2F3, 017694,
020D5B, 028042, 02DBE9, 031D32, 0354BF, 038129, 03A974, 03D30A,
03FA97, 042243, 0449B9, 047028, 048D8D, 04AEA4, 04C32F, 04DBE1,
05022A, 05341D, 058731, 05F928, 0689F1, 0738B9, 07EFFA, 08AA22,
094E17, 09C8DB, 0A1AD0, 0A28A8, 0A0B80, 09B6AB, 09467D, 08C1CC,
083DC5, 07C8CD, 0766A5, 0730ED, 0708A4, 07081F, 070E62, 07186C,
071B65, 0702C2, 06CC85, 066FA6, 05EA89, 0545FE, 04885A, 03C09A,
02FE46, 02501B, 01C575, 015E9D, 0131EF, 012C6F, 0156CC, 019FBB,
01F42F, 024D6D, 028CF9, 02B2B9, 02AECD, 027AF7, 0221AB, 01AB5C,
0124EA, 00A7B4, 003A7F, FFE927, FFB616, FF9B4C, FF8B90, FF78CD,
FF5A03, FF1D44, FEC443, FE4A4E, FDB3FF, FD0C71, FC5DEE, FBB3AC,
FB1F0A, FAA21A, FA4EF2, FA2451, FA2106, FA4DE5, FA8F27, FAEB0A,
FB4AB5, FBA747, FBF4C7, FC282F, FC43D3, FC3960, FC15EC, FBD9B8,
FB838B, FB23BC, FAB8E1, FA5032, F9E865, F98CE6, F945DC, F9084E,
F8EA37, F8DE79, F8E39D, F90014, F924A8, F953F4, F98820, F9C984,
FA1493, FA75D3, FAE99C, FB7D46, FC2505, FCE90F, FDC2E4, FE9D11,
FF7E66, 0051E8, 0110BB, 01B863, 02462E, 02B5A6, 031346, 035C8E,
038F17, 03B3FC, 03BFBC, 03AEF5, 038824, 033AFE, 02D30F, 025353,
01B50A, 01121A, 0051F3, FF9762, FED70F, FE1FD2, FD7A91, FCEDD2,
FC8D68, FC4DED, FC4B1D, FC7519, FCCA90, FD45A9, FDD23D, FE5866,
FEDC66, FF363D, FF76AD, FF8B80, FF7107, FF3B33, FED628, FE5DFC,
FDC29D, FD1F21, FC691D, FBB515, FB06A2, FA63BC, F9DDD6, F96E55,
F92172, F8F7AD, F8E9DD, F90568, F942D2, F99D9E, FA2738, FAC654,
FB8B00, FC68B6, FD56DB, FE5030, FF40BC, 00250F, 00EC21, 01962E,
022045, 028D1F, 02E0A8, 031EEF, 0351E8, 037EFE, 03A5BC, 03D21D,
03F9D6, 041E9C, 044502, 0461F0, 047D93, 049497, 04ABD4, 04C64E,
04F135, 052F6A, 058BC4, 060D6D, 06A817, 075D21, 0818CA, 08C9AA,
096510, 09D46A, 0A1092, 0A0F52, 09E14C, 098207, 090AE0, 0888A6,
080620, 079B1E, 074497, 0711B6, 06FB4C, 06FB73, 070B99, 07117C,
070EC9, 06EA0A, 06A417, 063A6C, 05A5F9, 04F8F9, 043A34, 037556,
02BD5D, 022024, 01A1AE, 015145, 01305F, 01392C, 016CDF, 01BA30,
02102A, 02646E, 029E1B, 02B800, 02A558, 026471, 0205C8, 018373,
0103D1, 008C71, 0025FC, FFE804, FFB8AE, FFA50D, FF98C1, FF7DB6,
FF5AD1, FF14FC, FEAFF9, FE2BA7, FD922F, FCDFC0, FC3595, FB9022,
FB0150, FA9620, FA4C47, FA339B, FA3B6B, FA6CCE, FAB771, FB0D34,
FB72B5, FBC40A, FC0F5E, FC39D0, FC461E, FC3B3E, FC0B9A, FBCA17,
FB745A, FB112F, FAA889, FA4055, F9DC11, F98646, F942BD, F90F74,
F8F443, F8F0D8, F8FA17, F91BBD, F946BA, F974E2, F9B323, F9F599,
FA4823, FAAB57, FB2CED, FBBDC1, FC7232, FD3C14, FE0D58, FEF29B,
FFC7AB, 0092F1, 014D09, 01E561, 026C20, 02D597, 032ED6, 0370CE,
03A218, 03C254, 03C238, 03B2A8, 037BC5, 0325EB, 02BA18, 0227CC,
018D45, 00DB02, 002083, FF64F8, FEA228, FDF36F, FD52CB, FCCD47,
FC78A2, FC4995, FC4F5D, FC8B34, FCE869, FD6610, FDF39C, FE751C,
FEEB18, FF438B, FF714C, FF7E0D, FF5E55, FF1709, FEB0CF, FE2947,
FD8BAF, FCDEA3, FC2CFE, FB7785, FACBDD, FA3126, F9AD31, F948D4,
F90675, F8E4BD, F8E4B4, F90C42, F953F4, F9BD0F, FA4C9C, FAF94C,
FBC3C7, FCA90B, FD9884, FE904E, FF8196, 005D13, 011D99, 01BF62,
023EC9, 02A270, 02F415, 03290B, 0360DA, 038A59, 03B2A0, 03DCD8,
03FF26, 042411, 0441C5, 045E1D, 047518, 048AAF, 04A274, 04C19A,
04F322, 053A22, 05A357, 062C83, 06D0D5, 0788DF, 08440C, 08ED30,
0978A3, 09DA86, 0A0076, 09F72E, 09B60D, 09502B, 08D306, 08519C,
07D4CE, 0772E4, 072C17, 07002D, 06FB43, 0700A0, 071150, 071573,
070544, 06D40D, 06809E, 0601C2, 056978, 04B179, 03F396, 0334E9,
027DEF, 01EFED, 017526, 0139CA, 0121F2, 013A48, 0175C7, 01CB3D,
0220CD, 026F09, 02A72A, 02AB7A, 028FEF, 0246BC, 01D822, 015EB9,
00E239, 006B27, 001AD4, FFD985, FFB6C1, FFA726, FF923F, FF7A33,
FF4745, FEF7D0, FE86B7, FDFBA0, FD59CB, FCACED, FC058B, FB69BE,
FAE7B5, FA8A26, FA4F40, FA3FFF, FA5628, FA8B94, FADBE1, FB3469,
FB9288, FBE40C, FC21EF, FC47DC, FC4CAD, FC36EA, FC03AA, FBBD04,
FB63E8, FAFCBC, FA95DF, FA28B7, F9C86E, F97642, F93308, F90A76,
F8F5B9, F8F5B6, F90DCA, F93143, F95F4C, F9953A, F9D232, FA19FC,
FA6E0A, FADA91, FB59EF, FBF6CC, FCACF4, FD7595, FE4D75, FF295C,
FFFE0E, 00C511, 017148, 020798, 02876E, 02E796, 034489, 037DA9,
03AEF2, 03C665, 03BDDE, 03A337, 035F35, 030419, 028A2D, 01F8CF,
0157BE, 00A44A, FFEFEA, FF30C5, FE7B47, FDCFA8, FD3760, FCC5D6,
FC76DA, FC5C27, FC7160, FCB074, FD1B58, FD9AB3, FE247C, FEAA73,
FF1526, FF648E, FF8BF0, FF8B5E, FF6156, FF13A4, FEA220, FE14A1,
FD74D7, FCBDD2, FC0ED3, FB55FE, FAAEEB, FA1A6C, F99C8D, F940CC,
F906B1, F8F2A1, F8FD46, F930E6, F9801B, F9F094, FA8A5D, FB37E2,
FC0C24, FCEEDC, FDE048, FED302, FFB999, 008CE3, 014025, 01D8F0,
024E32, 02AE25, 02F79E, 0332B2, 0365B6, 038F3B, 03B703, 03DDF9,
03FD4D, 041E12, 04390D, 044C80, 0461C4, 047217, 048B2C, 04B00C,
04E69E, 053E69, 05AE5A, 063FF4, 06ED10, 07A1BE, 085800, 08FA9B,
0975B5, 09C4BF, 09DE4E, 09BDFA, 097528, 090463, 088676, 080505,
0795C7, 073E05, 07046A, 06ECD7, 06E931, 06F76F, 07012E, 070070,
06E1FA, 06A7EB, 064733, 05C046, 0523E8, 0466FA, 03AB99, 02F3CD,
02463B, 01C27E, 015F65, 012EFB, 012778, 0150A3, 019234, 01E729,
02406C, 028241, 02AC20, 02AC91, 028113, 022D69, 01BE0D, 0144E4,
00C777, 00643D, 0016AF, FFE0C2, FFC775, FFB561, FF9E2B, FF80D7,
FF402B, FEE6DD, FE707B, FDD557, FD3C2A, FC88EB, FBEB50, FB5896,
FADDE2, FA8CE0, FA5BFC, FA573E, FA74EE, FAB254, FB02B7, FB5DB4,
FBB642, FC01BD, FC3BFB, FC573E, FC577B, FC3982, FBFEC4, FBB31A,
FB531E, FAEAAB, FA7E49, FA12AD, F9B499, F96364, F92AF0, F90515,
F8F599, F901FB, F916FD, F93FE3, F97119, F9A6B5, F9E902, FA2FBA,
FA8BBF, FAF803, FB8061, FC2486, FCE12D, FDAFE0, FE8B3D, FF64D8,
003588, 00F86B, 019E47, 023074, 02A95B, 0308E8, 035CE3, 03952B,
03BA56, 03CA0F, 03B668, 03908E, 03436D, 02DC80, 026259, 01C69C,
0125FF, 00733A, FFBA62, FF0465, FE50A8, FDAD4C, FD22A0, FCB612,
FC7A68, FC6C00, FC8C94, FCE1A1, FD4FA4, FDD6AD, FE6580, FEDFD1,
FF4ECB, FF8F4A, FFAE7D, FFA61A, FF6D2A, FF1AA5, FE9E29, FE0A6F,
FD6653, FCAC98, FBF6CB, FB4481, FA9D77, FA121C, F9A148, F94B12,
F924C1, F915BB, F92C70, F96D2D, F9BDA4, FA3E23, FAD966, FB900A,
FC65A7, FD4A86, FE374F, FF2473, FFFFB6, 00C77A, 01714B, 01FDAE,
026FC5, 02C62E, 030D16, 0344BE, 037A85, 039F19, 03CBE2, 03E8C9,
0405C1, 04246C, 04335E, 044A5C, 045B9F, 046EA4, 048BF5, 04B897,
04F77F, 055620, 05D2A5, 06682F, 0717AF, 07CC32, 087B7C, 0911CC,
098102, 09BE3D, 09C1C6, 099722, 093A83, 08CDA5, 084A05, 07D726,
077155, 0723A3, 06FBC0, 06E4EF, 06EB55, 06F2AB, 06F6F6, 06EE0A,
06C127, 067C8E, 060DBC, 057EE7, 04D7CE, 0418D3, 0360B0, 02A771,
020959, 019401, 013812, 011ABA, 012497, 014DF6, 01A05F, 01F291,
024339, 0280B3, 0298F9, 028DBC, 025415, 01F9E6, 01878E, 010B70,
00991A, 003B0B, FFF79D, FFC812, FFB60E, FF9B22, FF877D, FF5DE9,
FF1394, FEB81A, FE2F6B, FD9CF1, FCF6D2, FC4DB8, FBAD9B, FB2603,
FAB42A, FA6D4E, FA4792, FA4AD0, FA7177, FAB153, FB09EB, FB5CF8,
FBBA6D, FC00C5, FC2E8B, FC4F82, FC4099, FC1F40, FBE7B3, FB8C67,
FB32EC, FAC8EF, FA5BDE, F9FACA, F99C68, F9564F, F91F05, F9047E,
F8F878, F90819, F92144, F94971, F97D51, F9AF99, F9F584, FA3EC5,
FA9C2F, FB15F4, FBA592, FC4FCF, FD15CC, FDE732, FEC0EA, FF9B56,
0066EC, 012173, 01C730, 02546E, 02C6EC, 0323BD, 036D31, 039CE0,
03BCC7, 03C130, 03A57E, 03761E, 031E90, 02B2F6, 0231FF, 0193B2,
00F041, 003C22, FF856B, FECF00, FE2306, FD8432, FD0343, FCA5DE,
FC7376, FC782D, FCA5A5, FD01BD, FD7A06, FDFD18, FE8B99, FF0067,
FF5F3C, FF9DBD, FFAE3B, FF989A, FF5C32, FEFC67, FE7849, FDE28C,
FD35CB, FC7CC1, FBCCE5, FB174D, FA816B, F9F88D, F993E6, F95188,
F92B06, F92D54, F94F70, F99132, F9F432, FA7B1F, FB1A1A, FBDA02,
FCB2F7, FD9698, FE817C, FF6869, 003C50, 00FDEE, 01A176, 022645,
0295A3, 02EB02, 03320C, 036AED, 0398A5, 03C412, 03E3FC, 040381,
041996, 042EB4, 044421, 0450AE, 046593, 047B93, 049B64, 04D1D7,
0519E1, 057F6E, 060662, 06A3E3, 075821, 080BA4, 08B3A1, 093C5F,
099B00, 09C5B7, 09B643, 097F8E, 091B74, 08AA62, 082F8A, 07BF2E,
076687, 071BE7, 06FD3E, 06E8CF, 06E9FF, 06F6C8, 06EA65, 06DF4E,
06A726, 065446, 05E07D, 054978, 049EA6, 03E48F, 032A11, 027C0F,
01E8FD, 01794E, 01316C, 011BB5, 013005, 0162E9, 01B28E, 0201A9,
0249AB, 027F55, 028810, 027190, 0231F6, 01CC19, 015F1A, 00E2F8,
007630, 0023E4, FFDD91, FFC1BA, FFA2F9, FF92F4, FF74E0, FF3F28,
FEF754, FE8698, FE04CF, FD6682, FCC10F, FC1C73, FB82FA, FB014D,
FA9BF1, FA58A2, FA4196, FA49CA, FA78ED, FAC1D3, FB14A2, FB76EC,
FBC87F, FC0CBB, FC3D0E, FC472E, FC3E5F, FC0F75, FBCF87, FB7815,
FB1415, FAB067, FA4189, F9E3F6, F98D08, F94869, F91C6F, F90371,
F904EF, F9147A, F935CA, F9602E, F98FBE, F9CAD3, FA0DC2, FA5EA0,
FAC3F2, FB407F, FBD503, FC88E4, FD4C60, FE2274, FEFE9D, FFCF4A,
009DBE, 015293, 01EEC1, 0274E0, 02DDAC, 033339, 036F5C, 039C84,
03ACBD, 03AC5E, 038769, 034E81, 02F751, 028211, 01FFAE, 016256,
00BBE7, 000A59, FF545F, FEA11D, FDF79C, FD60CB, FCEAEC, FC9517,
FC72D3, FC810D, FCB8E6, FD1DCD, FD9ACE, FE2377, FEAAC6, FF1FDD,
FF74D0, FFAB06, FFB33E, FF91F2, FF4CF2, FEDCFF, FE5A40, FDB7C2,
FD090E, FC5834, FB9BA3, FAFC16, FA61D9, F9E937, F98D6D, F95329,
F93BA0, F945C8, F97248, F9BC41, FA2A54, FAB54E, FB5D6E, FC1F8B,
FCFB1F, FDDE87, FEC752, FFA8F0, 0079DC, 012F2F, 01D040, 024F46,
02B5BA, 030B05, 034911, 038166, 03A674, 03D22B, 03EAB7, 040764,
041FA5, 042F03, 0443B6, 0450E8, 0462C6, 047DC5, 04A271, 04DBCC,
0531E5, 059FE9, 06301D, 06D4D8, 0789E9, 0835EB, 08D4DF, 094D87,
0997CC, 09B55E, 09977E, 0957C1, 08F35E, 088139, 080C75, 07A404,
07507E, 07183E, 06F92C, 06F100, 06F22F, 06F7FD, 06F1A6, 06D219,
069DC6, 0639F8, 05BE57, 0523B2, 046E15, 03B91A, 03001C, 02584D,
01D126, 016ECE, 0136A1, 012C40, 014A1D, 017EC9, 01CF39, 021AF1,
025B7A, 02882B, 028872, 0266E0, 021E0C, 01B591, 014552, 00CDC3,
006775, 001A8F, FFDD43, FFBF16, FFAA68, FF8E60, FF724F, FF32F5,
FEE0FB, FE6DF0, FDE30B, FD4B03, FC9E84, FC05DD, FB6811, FAF456,
FA93B6, FA5D2D, FA4EA1, FA5FEB, FA9951, FAE2AC, FB4032, FB9BAD,
FBEB5B, FC2B70, FC4C2C, FC54A7, FC3D87, FC0AD4, FBC484, FB65F2,
FB031A, FA97DC, FA2B98, F9D1C4, F97C0C, F93FB7, F91A5E, F9032E,
F90F79, F91FD2, F94648, F974BD, F9A39E, F9E543, FA299E, FA8154,
FAEC49, FB6D42, FC0C62, FCBF39, FD8B82, FE6150, FF39D6, 000BD1,
00CF4A, 017A11, 020E46, 028938, 02E8FE, 033500, 0369F4, 038D3E,
0394AB, 038E3B, 0362ED, 0323E3, 02C612, 024EA9, 01C618, 01239E,
007DE8, FFC9B5, FF14E4, FE6686, FDC0F0, FD3530, FCC385, FC8385,
FC6504, FC833D, FCC903, FD2EE8, FDB8A4, FE3C86, FEC707, FF3205,
FF8287, FFAB5C, FFA4E4, FF816B, FF2A12, FEB929, FE2D03, FD83A9,
FCD6BB, FC2077, FB70CD, FACCAF, FA417B, F9CFB2, F97D81, F9524C,
F94076, F959BA, F98AEB, F9E023, FA5448, FAE093, FB92D2, FC50C5,
FD2E83, FE0E85, FEF576, FFCFAE, 009BC1, 014B7A, 01E371, 025DDB,
02BD0D, 030B9D, 034425, 0378F1, 039D97, 03C181, 03D9FD, 03F2A7,
0406FD, 0412D0, 0425D8, 043285, 044521, 046566, 048F6D, 04D3A8,
053287, 05AD1F, 063FC0, 06E968, 079928, 083CD4, 08D551, 093ADB,
097B9E, 098AA5, 095F7E, 09201A, 08B45D, 08441E, 07D687, 076EF5,
072632, 06F1E6, 06D9EE, 06D271, 06D820, 06DB45, 06CEAC, 06B0F9,
06693B, 06079B, 058041, 04DE00, 042FB6, 037BE5, 02CADF, 023416,
01B5DD, 015D04, 0135AC, 0130B4, 0154A3, 019483, 01DF3D, 022A7C,
026CD6, 0287CD, 0287C8, 025BE5, 020937, 01A37A, 012B7B, 00BF2F,
005B98, 0012FB, FFE5A2, FFBE9D, FFAFED, FF91B5, FF6A8C, FF2E96,
FECDE0, FE5889, FDC87A, FD281C, FC84FE, FBE786, FB5568, FAE385,
FA90C0, FA633D, FA5F79, FA7F54, FABADD, FB0D67, FB6B05, FBC3B8,
FC15C3, FC4CE1, FC6657, FC6A80, FC46B6, FC1156, FBC3E5, FB66CC,
FAFC85, FA95A7, FA2C8F, F9CF1D, F9895A, F9499C, F92DC9, F91EFD,
F92A58, F94636, F96B7E, F99DCE, F9D12C, FA1243, FA5920, FAB639,
FB2553, FBAA10, FC5538, FD04CF, FDD859, FEAF85, FF814E, 005438,
010F03, 01B1BD, 023C9D, 02AC20, 030461, 0348BF, 03789B, 03944D,
039BF9, 0388F3, 035C20, 031721, 02AE35, 023785, 01A761, 0104E1,
005D2F, FFAA57, FEF9D2, FE4A5C, FDAFA0, FD22BB, FCBF6A, FC8638,
FC7381, FC9EA8, FCEC50, FD5AF4, FDE702, FE6E39, FEEEF2, FF56C8,
FF99EE, FFB703, FFA762, FF73FD, FF18BA, FE9B87, FE0997, FD5DAF,
FCAE13, FBF9F8, FB49E3, FAB363, FA29A7, F9C5E6, F9807F, F958DC,
F95A66, F976E6, F9B447, FA0ED9, FA8445, FB1AAE, FBCA9C, FC92BC,
FD6E16, FE53DC, FF34D4, 000D98, 00D482, 017A41, 020C8A, 027BB3,
02D4B4, 031BDA, 034F02, 037E77, 039E31, 03BE70, 03D0D9, 03E40F,
03F53C, 04030E, 0414EE, 04280F, 04409A, 046682, 049CF9, 04EAA0,
05519B, 05D0DA, 066D87, 071220, 07BD53, 085F38, 08E034, 093D31,
096D76, 096A0C, 093DB8, 08EC02, 0881F7, 08107D, 079F35, 074558,
06F9FF, 06D3D7, 06C098, 06C3F4, 06C65F, 06C60D, 06B746, 068423,
063ED4, 05CD35, 0544F6, 049EDA, 03F518, 033C7D, 0297AA, 02050C,
018DA5, 0144D4, 011E2E, 0126BD, 015225, 019687, 01E564, 02325C,
0268AD, 028549, 0276F6, 02421B, 01EDEC, 017F60, 010F7C, 00A0CB,
0044D9, 00034A, FFD384, FFB942, FFA050, FF889D, FF57F7, FF157B,
FEB2C2, FE327A, FDA3DB, FD00D5, FC5F89, FBC408, FB3E05, FAD30D,
FA88D1, FA69F0, FA6EAF, FA951E, FADF05, FB323F, FB923B, FBECE5,
FC324D, FC6764, FC795B, FC6F3E, FC47DA, FC0BC8, FBB23A, FB5812,
FAEB4F, FA8056, FA2145, F9C705, F9846D, F954F5, F93E12, F93955,
F94FAD, F96B4F, F99D11, F9C810, FA0286, FA41F3, FA85DE, FAE86A,
FB55DF, FBE29E, FC8A33, FD4708, FE17D0, FEEEC2, FFC490, 008C4D,
014135, 01DE9C, 026016, 02C82E, 031D2D, 035C25, 038551, 03A025,
039C9F, 0380EF, 035058, 02FAE4, 0290D5, 0213E2, 017CF1, 00DC16,
0032D8, FF7E46, FECD35, FE241E, FD87A2, FD0A26, FCAE3C, FC7FFD,
FC7F08, FCB5DB, FD0B8B, FD8AE3, FE1616, FE9A42, FF1CFE, FF73E6,
FFB069, FFBE6C, FFA54C, FF6203, FEFCD0, FE78A7, FDDA05, FD301B,
FC7836, FBC43C, FB1D5B, FA869D, FA0F74, F9B56E, F97D73, F96623,
F96E36, F997F7, F9D7DB, FA3E28, FAB7AB, FB50C5, FC08AE, FCCF2C,
FDB29D, FE8F65, FF71DB, 004065, 00FDAC, 019D8F, 02267A, 028C58,
02E178, 032382, 0351E5, 037A4D, 03950E, 03B13E, 03BA99, 03D63E,
03D89F, 03F13C, 03FEFE, 0413FB, 043612, 04588D, 049CF2, 04EAF6,
055B9A, 05E02E, 0678D2, 071EA0, 07C273, 085856, 08D489, 092670,
0949AC, 093DA0, 09051F, 08AD67, 084240, 07D2A7, 076CEC, 071850,
06DB8E, 06BCC8, 06B34E, 06B1B8, 06B739, 06B060, 0692F1, 066033,
060BA8, 0597BD, 05073E, 0462B5, 03B3DE, 0300AC, 026193, 01D381,
0167CB, 0129F2, 010F02, 01263C, 015BC0, 01A27B, 01F8C5, 024022,
0271C6, 028250, 026D9C, 022C76, 01D183, 016096, 00E940, 007F1A,
002731, FFEB42, FFBFAB, FFA8D0, FF9356, FF7591, FF4728, FEFBD8,
FE95AC, FE1346, FD7D84, FCDF61, FC393C, FBA4A1, FB253D, FABB48,
FA8064, FA6539, FA743A, FAA6AB, FAF0BF, FB49FA, FBA9B2, FBFD61,
FC4030, FC6DA2, FC759D, FC64D1, FC3527, FBEF56, FB9606, FB324C,
FAC64C, FA5EB3, F9FF3C, F9AC7E, F972BB, F9498C, F93B18, F9433C,
F958DA, F98233, F9AD09, F9E075, FA1761, FA54EE, FAA26B, FB00C0,
FB7933, FC1012, FCBC8E, FD802D, FE5696, FF27CA, FFFD1E, 00BDDC,
0169A1, 01FDA3, 0277A6, 02DA53, 03243E, 035E68, 037F7A, 038DF8,
038668, 036140, 03296F, 02D1A2, 0261E6, 01E759, 014A36, 00B027,
0003F4, FF4EC7, FEA4AC, FDF736, FD6B6E, FCEE2D, FCA4FD, FC8132,
FC928A, FCD4E8, FD3921, FDBD25, FE4C6C, FED056, FF458F, FF9AF1,
FFC272, FFCDC9, FFA4A9, FF5796, FEE767, FE5A1C, FDB533, FD0475,
FC5273, FB9F58, FB00C7, FA786D, FA0B62, F9BFFA, F992F8, F987D5,
F99427, F9C74E, FA0DB0, FA6FC9, FAF637, FB8D4D, FC46AA, FD12E7,
FDEABB, FECC9C, FFA308, 00714C, 0123BA, 01C12A, 023F8C, 02A433,
02F2C0, 032CC0, 035A1C, 03788F, 03945D, 03A717, 03B7DF, 03C774,
03D280, 03E47A, 03F7DD, 0411E5, 0436EF, 0463B3, 04A89A, 050013,
057200, 05FE06, 0695A4, 0740EF, 07DDBD, 086D4A, 08E15E, 09209F,
093914, 091E71, 08DAB8, 0881B4, 0813C6, 07AC5E, 074FC5, 070354,
06D588, 06B7E1, 06B0BD, 06B480, 06B1D7, 06AA02, 068907, 064DEE,
05F4A7, 057879, 04E546, 043D86, 038DFC, 02DDEC, 024453, 01BD21,
015FE9, 012FD5, 0121F2, 014106, 017F26, 01C9E9, 021B36, 026223,
02852F, 0290D1, 026E7E, 0222CF, 01C1FE, 014AEE, 00D459, 007002,
002088, FFE7AB, FFC8BA, FFB58A, FF9CB1, FF8198, FF4D0D, FEFBCA,
FE90A3, FE09C4, FD6D23, FCCC39, FC2C15, FB97E5, FB1E87, FAC1A5,
FA8E0F, FA7E87, FA9A5F, FAD19E, FB23A2, FB7F21, FBDCE7, FC2CD0,
FC6AFF, FC8E0D, FC8E2B, FC783B, FC3A96, FBF296, FB93DD, FB2B80,
FAC2DD, FA5930, F9FFFD, F9B25A, F97EF3, F96163, F956F0, F96603,
F97EDB, F9A698, F9CE91, FA01E3, FA3591, FA76BF, FACB5E, FB2F72,
FBB474, FC5026, FD04C9, FDD1A9, FEA225, FF776F, 00468B, 00FD53,
01A4AC, 022FBE, 029AB3, 02F7E6, 033514, 03630D, 037DC2, 038001,
037229, 034392, 030AF7, 02AA30, 024196, 01BAF1, 0125C2, 008361,
FFD298, FF276B, FE70E8, FDD0D9, FD43CB, FCD229, FC95F8, FC7FFE,
FC9CB0, FCEBB4, FD5963, FDDCF1, FE6EBE, FEEE2C, FF5842, FFA697,
FFC509, FFBF2D, FF88FF, FF3058, FEB27B, FE1A39, FD73F1, FCBCA0,
FC0C0C, FB6442, FACDCC, FA51C7, F9F099, F9B3EC, F98E98, F98BC8,
F9A58C, F9D73C, FA2476, FA90AB, FB13AB, FBB460, FC6DDF, FD3BB7,
FE182E, FEF668, FFD2A1, 00943A, 014793, 01DB13, 025114, 02B1EC,
02F709, 032BC4, 035189, 036B5B, 03800B, 038F9E, 039D7B, 03AD32,
03BE39, 03D114, 03EB0C, 0409F8, 043392, 046760, 04B063, 050DEC,
058376, 061636, 06B220, 07585D, 07F25F, 087525, 08D73A, 090BF7,
091266, 08EF5F, 08A617, 0848A0, 07E14B, 077C31, 07243A, 06DD15,
06B3BC, 0697C6, 069418, 0695A3, 069115, 06866E, 065F20, 061DE0,
05BE88, 053C88, 04A413, 03FAB2, 034B3D, 02A284, 020D32, 019322,
01408C, 011736, 01160F, 013DCD, 017AD2, 01CBEB, 021AE8, 0253E5,
027A6D, 026E58, 024275, 01F128, 0183B3, 010F8B, 009CAD, 003D3F,
FFF433, FFC63B, FFA9C8, FF9744, FF8525, FF5FD3, FF2967, FECE38,
FE5C2B, FDD0BD, FD3107, FC8FD3, FBF349, FB657B, FAF7AA, FAA94B,
FA7E59, FA8593, FAA2AD, FAED0D, FB3E7D, FBA073, FBFB00, FC4680,
FC8046, FC9353, FC94AA, FC6CF5, FC2E23, FBDCF4, FB7A60, FB143F,
FAAA48, FA4900, F9F7EB, F9B693, F98CBA, F97A10, F9777D, F989C1,
F9A624, F9C7E8, F9F72F, FA2195, FA6157, FA9FA6, FAF93A, FB69C8,
FBEE5B, FC99A0, FD4D21, FE1D4C, FEF229, FFC14F, 009149, 013E0A,
01DE8E, 025DEC, 02C154, 031250, 03490B, 036ED0, 0381A9, 038178,
03698E, 033E7F, 02F9A6, 029D6B, 022A95, 01A3CE, 010655, 00637B,
FFAD81, FEFEF0, FE515F, FDAD79, FD315E, FCC6A8, FC9711, FC8F44,
FCBB1F, FD1349, FD8736, FE1217, FE9DC2, FF185E, FF80D4, FFBD24,
FFCFB8, FFBDA2, FF7592, FF14A3, FE8A6F, FDEE8C, FD44B8, FC9041,
FBE9E6, FB4625, FABA13, FA49B6, F9F0C3, F9BB61, F99F05, F9A47F,
F9C17E, F9F840, FA4C34, FAB653, FB416E, FBE99E, FCA822, FD7AF2,
FE5AF8, FF394E, 000D3C, 00D369, 0177F6, 020559, 02763F, 02C754,
030A2C, 03332C, 03512A, 036B9F, 037648, 038A98, 039B7D, 03A964,
03C532, 03D4F0, 03F326, 041425, 043DDE, 0477A9, 04C650, 052919,
05A770, 063C2D, 06D3B9, 077ADC, 0808BD, 08818E, 08D7C7, 09000F,
08FC33, 08D532, 08885D, 082669, 07C29A, 0758ED, 0706F0, 06C60A,
069824, 068BCF, 067F1A, 06856E, 06804F, 066743, 063DC7, 05F0A5,
058538, 04FF8E, 0462D0, 03B636, 030BBB, 0265A3, 01DA8A, 016853,
0121C5, 01061C, 010CBB, 014261, 01845C, 01D395, 0224DE, 02548C,
026DCA, 025ADE, 0220A5, 01C572, 0153D5, 00E000, 006CFE, 001462,
FFD5AF, FFAA24, FF9734, FF86B5, FF70AD, FF4944, FF06D4, FEA790,
FE2974, FD9A01, FCF52B, FC5967, FBBDA3, FB37E1, FAD80E, FA8C80,
FA78F1, FA8083, FAAF79, FAFD1F, FB523F, FBB69C, FC0E08, FC557E,
FC842B, FC9478, FC8401, FC54B0, FC1317, FBB4DA, FB556C, FAECA1,
FA8741, FA2D60, F9E1E4, F9AAAF, F9859B, F97901, F97A7B, F98ECE,
F9AE3F, F9D183, FA0355, FA30C7, FA70EE, FABA41, FB11AB, FB8E99,
FC185D, FCC54C, FD8726, FE546C, FF2D56, FFFA95, 00C2A3, 016565,
01FF66, 027056, 02D026, 0315D8, 03476E, 036AC9, 0375D7, 037790,
035A69, 032B58, 02E1E9, 02809D, 020A92, 017EA9, 00E51B, 003A95,
FF8E0A, FEDD77, FE339E, FDA0FE, FD20C8, FCCEE8, FCA8C8, FCAEA6,
FCECC0, FD49CD, FDCB32, FE5552, FEE41B, FF5ADF, FFB3B1, FFE908,
FFEA16, FFC9F2, FF77F1, FF0A03, FE7DAD, FDDEA0, FD33FD, FC890C,
FBE149, FB4B71, FAC7CE, FA5FB2, FA15EE, F9E4F3, F9D63F, F9DA9D,
FA001F, FA3AE7, FA9024, FB051B, FB921F, FC3FEE, FD02F5, FDDBA5,
FEBB43, FF95E9, 006BE3, 0122D2, 01C338, 02466A, 02A873, 02F13D,
0325EB, 034BC7, 036228, 037A8F, 03896E, 03980A, 03AF60, 03BE24,
03D7AA, 03EC00, 040ACF, 042B03, 045B05, 049937, 04EC5E, 05552C,
05D578, 066919, 0700A6, 079F47, 0826BB, 089B16, 08E5D3, 0904AD,
08FA8D, 08C5A7, 08748E, 080E3A, 07A4A0, 0743AD, 06EE59, 06B898,
0694E4, 0680FC, 0687CB, 067F15, 067AA2, 065DA0, 062A90, 05D674,
0563D0, 04D989, 043182, 038BAB, 02DA01, 023F56, 01B6E4, 0150AB,
0118E1, 01012C, 011CF0, 0151AE, 019B91, 01F08B, 023297, 02657D,
026BAF, 024E87, 020CC0, 01A1C3, 01324C, 00B814, 004F32, FFFE4C,
FFC62D, FFA660, FF91B8, FF88FE, FF6A50, FF3C5F, FEF4D9, FE86A5,
FE08C9, FD6FD1, FCCCB1, FC30B9, FB998A, FB1E09, FAC28F, FA8744,
FA7903, FA8FD4, FAC529, FB1A2B, FB7558, FBD3FE, FC2B39, FC6725,
FC8A70, FC9392, FC71D0, FC3AA9, FBF160, FB8C61, FB2CED, FAC595,
FA61BE, FA1170, F9C7F7, F9965A, F97588, F969DC, F971C5, F9862B,
F9AA72, F9CD2C, F9FC4C, FA3184, FA6BA3, FABB6B, FB1EE5, FB99D5,
FC32A7, FCE648, FDAA33, FE7BD8, FF5350, 001A7C, 00D4A8, 01784B,
01FA49, 026912, 02B993, 02F918, 0325AD, 034065, 034E66, 0341EE,
03253A, 02EDE8, 029E4F, 023B98, 01BC51, 0132F2, 009146, FFE99B,
FF3EA4, FE8E04, FDEE5C, FD5D0C, FCEBE4, FCA592, FC8AC2, FCA404,
FCE97E, FD5787, FDDCAD, FE6ACA, FEF2C5, FF5F27, FFAF06, FFD1E8,
FFC827, FF9964, FF3EAA, FEC5D1, FE35F2, FD951F, FCE7A7, FC483B,
FBA064, FB136C, FA9F12, FA3B2A, F9FD09, F9D702, F9CDF1, F9DCBD,
FA0AF8, FA4A04, FAA920, FB223D, FBBA51, FC6D3A, FD386E, FE1541,
FEF54E, FFD5FF, 00A0C2, 015449, 01EAFC, 025DF7, 02BAFD, 02F950,
032909, 034B1D, 036355, 0378CC, 0388FD, 039DEA, 03AFF2, 03C4D4,
03DFE6, 03F88D, 041AC6, 04463F, 0476B9, 04BD13, 051401, 0580FE,
0604C2, 0697C5, 0734B8, 07CCF8, 085514, 08BDDE, 09023A, 09130B,
08FDF4, 08BFA0, 0866BB, 0800F5, 0796B1, 07395B, 06EC00, 06B7C1,
069B5F, 0690E3, 068FBE, 06908F, 06833E, 06643C, 0627F9, 05CAD5,
0553AC, 04BD30, 041A2B, 036C63, 02C13C, 022E5B, 01AAAE, 0155D3,
0123DE, 011C20, 013F4E, 017CA8, 01CB12, 0219AD, 0259F4, 027CAC,
027B20, 024E92, 01FDA5, 019340, 011A5B, 00A729, 004657, FFFA3D,
FFCDA8, FFB13F, FFA24E, FF90E1, FF6EEF, FF3BC4, FEE274, FE7734,
FDE990, FD4EB1, FCB072, FC0D2B, FB8278, FB1170, FAB97B, FA931E,
FA9097, FAADF5, FAF795, FB486E, FBA671, FC08BF, FC4C60, FC85DF,
FC9947, FC8F56, FC69B1, FC2853, FBD914, FB75E7, FB18C4, FAB133,
FA5A54, FA08BE, F9C91A, F99EC8, F983A8, F98039, F9896B, F9A26C,
F9C216, F9E628, FA15F6, FA4664, FA86B5, FADB79, FB4182, FBC928,
FC69CA, FD245D, FDEDBB, FEC257, FF93C5, 0053B7, 01091C, 019AE3,
02180D, 027A53, 02C14F, 02FDBA, 0321C8, 033B90, 034061, 03308F,
031099, 02CF18, 027F54, 0213BB, 019003, 01022B, 005CD6, FFB046,
FF047B, FE5176, FDB731, FD2B72, FCC398, FC8EBE, FC7C3A, FCA95E,
FCFA7A, FD6DA5, FDFA65, FE8205, FF02D5, FF663D, FFA476, FFBA72,
FFA3F4, FF6698, FF02B8, FE8435, FDED64, FD4BD5, FCA3CF, FBFD41,
FB6960, FAD949, FA71DF, FA1865, F9DE8A, F9CA0A, F9BE7D, F9DEA4,
FA07F0, FA53D9, FAB749, FB384D, FBD908, FC9512, FD677B, FE4A12,
FF2A65, 000353, 00C931, 016E85, 01FDF2, 0267C7, 02BA9D, 02F576,
032169, 034023, 03591F, 036C9D, 037D36, 038F79, 03A380, 03BD18,
03D8B6, 03FB52, 041DA2, 044B82, 0481E2, 04C6AD, 052719, 059696,
061F2F, 06B87B, 0752EE, 07EB2A, 086A80, 08CC27, 090328, 090BA0,
08ECB6, 08A6D5, 084B1E, 07E526, 077FA1, 072996, 06E137, 06B652,
06A0FC, 0696B9, 069E0F, 069587, 068418, 065CE2, 061181, 05B389,
052C0D, 049709, 03EFDE, 033F2D, 02A512, 020CBD, 01A003, 015384,
012EEF, 013958, 0164D8, 01A5EA, 01FA18, 024272, 027921, 02922B,
027D08, 0247FF, 01E9FB, 017ADD, 010186, 009336, 0037BC, FFF5CF,
FFD214, FFB5F9, FFABD9, FF9779, FF6EE6, FF374C, FED7AA, FE6573,
FDD39F, FD3BC4, FC982F, FBFD96, FB7D02, FB0D3C, FAC951, FAAE41,
FAB418, FAE54F, FB2FE0, FB85E2, FBE624, FC38CA, FC7A11, FCA2B5,
FCAD38, FC9849, FC6AC1, FC2660, FBD142, FB7340, FB0EBC, FAB32A,
FA5812, FA0E74, F9DB01, F9AB76, F9A1A4, F9A0E3, F9A8F7, F9C948,
F9E333, FA0A56, FA3469, FA684F, FAAF2F, FAFFCD, FB7B92, FBFFA3,
FCAD42, FD6C99, FE33B4, FF0AA5, FFD0D8, 008F09, 013184, 01BCE1,
022B60, 028375, 02C741, 02F5CA, 031AC4, 032A6F, 032DEF, 031AA1,
02F0EE, 02B598, 0258D3, 01ECC1, 01673A, 00CED6, 002CA2, FF7CE8,
FECA95, FE229E, FD85CB, FD09A6, FCB08F, FC846D, FC8C8F, FCBE9D,
FD1E77, FD9810, FE2410, FEA837, FF2296, FF75A2, FFA800, FFAFDB,
FF8A60, FF4301, FED534, FE51E2, FDB5C9, FD15A3, FC6E98, FBCF8C,
FB3E3E, FAC0C0, FA58FD, FA10E5, F9DECA, F9C673, F9CAD8, F9E22D,
FA16E4, FA61F3, FAD166, FB58A8, FC0162, FCCABF, FD99D4, FE816D,
FF5E8A, 002ECB, 00F0B8, 018D38, 021160, 02750B, 02C603, 02F354,
0323CE, 03364C, 034D1C, 03625F, 036E92, 038862, 039D9D, 03B89C,
03D429, 03F5DA, 041812, 044610, 047BD5, 04C93E, 0524BF, 059EEF,
0628DC, 06C395, 0760F8, 07EF22, 086E20, 08BCC6, 08EFDF, 08EA9F,
08BFA3, 08792C, 0813D1, 07B063, 074F02, 06F97E, 06BD77, 069611,
06847C, 067F17, 067FD5, 0677D0, 065E91, 062ED1, 05DDFB, 057311,
04E9CF, 044C91, 03A918, 02FC31, 026402, 01DE40, 0174AA, 013FFB,
0125D2, 014075, 017331, 01BBF5, 020D8D, 02529B, 027FB4, 028C00,
026BD8, 0226D2, 01CA49, 014C6B, 00E1EE, 007342, 002403, FFEDD2,
FFCC12, FFBCB3, FFADB7, FF9A38, FF7034, FF2CF0, FECA79, FE4F07,
FDBA2D, FD1DC9, FC7BFC, FBE86E, FB6A6C, FB0E12, FAD71C, FAC7C9,
FADF73, FB159E, FB675D, FBBCBE, FC16FF, FC6677, FC9BE7, FCBC69,
FCBDAB, FC9F5B, FC6E75, FC2375, FBCB5C, FB6E73, FB0A84, FAAE9C,
FA5B07, FA16B3, F9E1C0, F9C377, F9B4AC, F9B2FE, F9C60D, F9DB9E,
F9FA89, FA21B3, FA4B67, FA85CF, FACE84, FB3074, FBA951, FC42B0,
FCEEBE, FDB24E, FE7ED2, FF4980, 001054, 00BF1E, 015972, 01D92C,
023D69, 028D08, 02C8D1, 02F288, 031441, 031F5E, 03212F, 030835,
02DC53, 029A92, 023522, 01C561, 01356B, 009832, FFF0EF, FF3E4A,
FE8FBA, FDE7CD, FD59FE, FCE2AD, FC9C46, FC80CA, FC92AB, FCDCB2,
FD3BB7, FDC07E, FE46FF, FEC81D, FF3456, FF7E76, FFA113, FF9AE5,
FF6B6C, FF1648, FEA386, FE162E, FD7C70, FCD8A8, FC37CC, FBA28E,
FB1655, FAA30A, FA4458, F9F9EC, F9D05D, F9BAE8, F9BDF8, F9DFC4,
FA15B1, FA6AD7, FADF59, FB6F61, FC226C, FCE8AB, FDC068, FEA524,
FF7A73, 004CD7, 010143, 019853, 021809, 026CD9, 02B858, 02E2E5,
0306A0, 032018, 033246, 03471D, 035805, 037219, 0388C7, 03A37D,
03C45F, 03E047, 04085C, 043609, 047129, 04C24B, 0529DA, 05A61C,
06395C, 06D6F2, 076FC2, 07FE94, 086E03, 08B5A0, 08D4E2, 08C623,
0890C7, 083D04, 07DC18, 07755D, 0715DC, 06C96D, 0696C2, 067323,
066824, 066B74, 066308, 0660FD, 0641FC, 060767, 05B4A3, 053E87,
04AF72, 0412B4, 036A61, 02C68C, 02315F, 01B6E4, 0160C0, 012F34,
012E32, 014A55, 0188CF, 01D709, 022087, 026097, 02826B, 027F6D,
02569F, 020A3A, 01A265, 012F31, 00C018, 005CDB, 001820, FFE8E9,
FFCDBD, FFC46A, FFB6E7, FF9F0C, FF7149, FF235F, FEB904, FE340B,
FD9B96, FCFC90, FC6311, FBD598, FB667E, FB15E4, FAEBC0, FAEA28,
FB0B75, FB487F, FB99DF, FBF23B, FC43B8, FC901C, FCBA4C, FCD570,
FCCC06, FCA92B, FC7166, FC24C8, FBCCC4, FB6F9C, FB152D, FAB876,
FA6F88, FA2F10, FA0286, F9E672, F9DC77, F9DF58, F9EC74, FA05EF,
FA2455, FA4865, FA7CCD, FAB90B, FB0882, FB7770, FBF261, FC993C,
FD4B20, FE0D21, FEE03D, FFA534, 0063AF, 01111A, 019C41, 02122E,
027268, 02B5D2, 02F12D, 0317CC, 0334B8, 0340E3, 033D2C, 0322A5,
02EDAC, 02A30D, 0239D0, 01BC67, 0129D1, 0084E2, FFD646, FF22FF,
FE7407, FDD42D, FD4AF7, FCE335, FCA8E4, FC9C3F, FCC014, FD0F96,
FD7D52, FDFFCB, FE86F6, FF0313, FF6187, FFA2A1, FFB4D2, FFA072,
FF6302, FF03D3, FE8722, FDF8CF, FD5FD1, FCBABA, FC264B, FB8C59,
FB0C5D, FA99CB, FA3AAF, F9FA31, F9CE5B, F9BF29, F9C94C, F9EFF5,
FA2EF9, FA8B58, FB08D4, FB9D58, FC54CD, FD2410, FDFB6A, FEDE19,
FFB534, 0079A6, 0126D2, 01B50B, 0223C8, 02767E, 02B2C5, 02D8B5,
02FA93, 030CA8, 032330, 0335C0, 03479A, 03636A, 03791D, 039647,
03B427, 03D265, 03F91F, 042817, 046CFE, 04C011, 0531E3, 05B735,
064A23, 06EC8C, 078164, 080728, 086E48, 08A798, 08B9CE, 089EC9,
08615A, 0808B6, 07A3FF, 073F0B, 06E618, 069C43, 066EB9, 065491,
064854, 064CC2, 0647B7, 063861, 06164F, 05D573, 05759D, 04FE45,
046810, 03CA12, 032379, 028446, 01FB38, 018912, 01416A, 011E88,
012733, 014D35, 0190BB, 01D982, 021FA8, 025833, 026B45, 025FBB,
022AB4, 01D6ED, 016C24, 00F7AE, 00924A, 0031D7, FFFB1D, FFD425,
FFBF95, FFBAD8, FFAA2E, FF8B75, FF52A5, FEFF22, FE89AA, FDFD46,
FD680C, FCC6E7, FC3425, FBB421, FB4C1C, FB07FD, FAEC85, FAF31A,
FB1DB4, FB6041, FBB32E, FC0CFC, FC58A2, FC9C11, FCC2A9, FCD09B,
FCC20C, FC9C16, FC5DF8, FC10D1, FBBDEA, FB6217, FB0C43, FAB885,
FA72FF, FA3AE6, FA0C12, F9FD71, F9ECD1, F9F30F, FA09B2, FA1A91,
FA40E3, FA6CA4, FA9CB3, FAE383, FB3CBF, FBAC76, FC3AF1, FCDFC6,
FD986C, FE6214, FF2A10, FFF1C7, 00A74E, 01439A, 01CC09, 0237A9,
028D85, 02D386, 0309F1, 032FD3, 034FB2, 0355DC, 035388, 033084,
02F700, 02A661, 0233D2, 01B22D, 0114F8, 006F8D, FFBC6E, FF09B9,
FE6228, FDC625, FD46C8, FCF057, FCBCE1, FCC2DC, FCF38A, FD492C,
FDC42D, FE429B, FEC823, FF3A57, FF8DB7, FFBC6F, FFC41B, FF9E12,
FF5881, FEF269, FE743A, FDE5BA, FD4D23, FCB171, FC136A, FB8920,
FB00D2, FA975A, FA3F4E, FA0017, F9DE6C, F9D492, F9E53E, FA10C6,
FA58FF, FABB42, FB415B, FBE181, FC9FD5, FD707E, FE4EDA, FF2A74,
FFFB9E, 00BA5C, 015789, 01DA8E, 023DC2, 028410, 02B6C1, 02D9AA,
02F63C, 030777, 031E96, 03322C, 034780, 036180, 037810, 039339,
03AFFF, 03CE9A, 03F718, 042C0C, 047152, 04D0D7, 0542CB, 05CCDC,
06646F, 06FE60, 07928E, 080D6F, 0864EB, 089557, 0898F3, 087140,
082D69, 07CE52, 07658F, 070778, 06AA72, 066C8B, 0642A3, 062832,
0626ED, 062320, 061C20, 060A5E, 05DF3A, 059515, 053255, 04ADBF,
0419BF, 0377BA, 02D276, 023E5A, 01B686, 015701, 01189F, 00FEAA,
011488, 013A43, 0182AD, 01C860, 020AB7, 0236D9, 024260, 022AAF,
01E998, 0191E3, 0121D8, 00B0D8, 004E9C, FFFF77, FFC9F8, FFAD16,
FFA1B9, FF9390, FF83CA, FF5C61, FF1C80, FEBDBB, FE4461, FDB729,
FD1A84, FC894A, FBF179, FB8240, FB20FC, FAED92, FADACB, FAEF96,
FB1F4A, FB65AA, FBBE6A, FC0D1D, FC5EEF, FC90D5, FCB8DE, FCB5CB,
FCA7D3, FC77A3, FC38D6, FBEE02, FB98D0, FB42E5, FAEBB2, FAA0AD,
FA599B, FA28CC, F9FE70, F9EE01, F9E7A0, F9EFC6, FA0732, FA24B7,
FA44DC, FA7730, FAAE87, FAF8F8, FB5F3E, FBD26E, FC6DA2, FD12FB,
FDD5C8, FE98CC, FF60DF, 001F6B, 00C965, 0162F6, 01DF3A, 024749,
029953, 02DB4E, 030D78, 033601, 034F7A, 035768, 03479E, 0324FD,
02E22B, 028343, 02105D, 017FC6, 00E5AC, 003BA0, FF86EC, FEDF3A,
FE3653, FDA6AF, FD3A28, FCE684, FCCE74, FCDDF8, FD1B97, FD8233,
FDFA05, FE80D4, FEF906, FF6281, FFA52B, FFCA55, FFC128, FF95C5,
FF4BEA, FEDBC2, FE5F94, FDD008, FD33B0, FC9A7B, FC0247, FB75B4,
FAF965, FA95C5, FA453E, FA0CB6, F9F510, F9F043, FA07A0, FA4094,
FA8D0C, FAFE5B, FB8E0B, FC35FA, FCFED6, FDD109, FEB349, FF88D4,
005598, 0109DC, 019CE7, 021588, 026D00, 02AD7E, 02D9D7, 02FC16,
031388, 032B65, 033DC8, 0354AF, 036C71, 037F43, 039CA7, 03B400,
03D08E, 03F607, 041DA9, 045B2B, 04A602, 050992, 058274, 060E4E,
06A67D, 073F30, 07C8AA, 083A06, 0886ED, 08A5FD, 089F9A, 086E44,
081E75, 07C19A, 075857, 06F907, 06A9E9, 066BD3, 0647DA, 0637D1,
06307C, 0632C6, 06273F, 060B13, 05DBFC, 058498, 051C4C, 048F95,
03F795, 03570A, 02B1E5, 0225C9, 01A86A, 014E23, 011D4F, 010C67,
012515, 01575B, 019A4B, 01E101, 021B18, 023E4C, 023FFB, 02192B,
01D42B, 0172B7, 01024E, 009911, 0037C2, FFF054, FFC396, FFA661,
FF9C4D, FF8E2B, FF753E, FF4925, FEFE1E, FE9A1C, FE1AE5, FD8954,
FCF300, FC5C63, FBD5EF, FB698A, FB1551, FAEE57, FAE269, FB00E1,
FB389F, FB7EB4, FBD888, FC23D7, FC69EF, FC9D84, FCB19D, FCB1BB,
FC9805, FC65C9, FC2460, FBD859, FB832F, FB2E0C, FADBD2, FA8D4B,
FA4FA1, FA1C2D, F9FA4B, F9EE98, F9E7A6, F9F7E9, FA0DCF, FA2990,
FA55C0, FA8405, FAC55C, FB18EC, FB7FE7, FC03D0, FC9BC4, FD4BBD,
FE088B, FECCD3, FF8E89, 00448A, 00E7F4, 017635, 01EADF, 024C6B,
02994F, 02D700, 030960, 032ACC, 034606, 034136, 03347C, 02FD76,
02BA57, 025247, 01D226, 014604, 009A8E, FFF844, FF4252, FE9A43,
FDFB15, FD7184, FD107F, FCD0EA, FCC685, FCE7FC, FD2ED4, FD9D85,
FE1692, FE9447, FF0A0F, FF62A2, FF9ED7, FFB66C, FFA644, FF7257,
FF1C30, FEB0DC, FE2807, FD99E9, FD04A0, FC6558, FBD952, FB509E,
FADB1D, FA7E5A, FA36EB, FA0579, F9F51A, F9F72E, FA1921, FA5717,
FAAE4E, FB2A60, FBBE67, FC7423, FD3D41, FE15D3, FEF564, FFC760,
008D5A, 0134F7, 01BFBD, 022BAE, 027CE4, 02B8F3, 02E1DF, 0305E2,
031BAA, 03348B, 034A27, 035CC2, 037694, 038B81, 03A3B5, 03C3D4,
03DD1A, 040314, 0432E7, 046BF9, 04C355, 052918, 05A70C, 063748,
06CBB6, 076224, 07E617, 084A7B, 088CEB, 08A14E, 088D3C, 08544D,
07FDE5, 079E27, 0735CF, 06DA05, 068F34, 06583A, 063CF8, 062C4D,
062D1A, 062979, 061856, 05FB68, 05B8A6, 056323, 04EE5E, 045E3C,
03C8EC, 032429, 028A64, 01FFD9, 018DE4, 013D20, 0113E3, 011390,
012EC8, 016BFF, 01AC68, 01EF8A, 022663, 023D5D, 0234FE, 0208D9,
01B923, 015576, 00EA05, 007E3F, 002911, FFE8E9, FFBC95, FFAB61,
FF9801, FF8B03, FF6BF4, FF33F6, FEE817, FE785D, FDF4CD, FD65C2,
FCCD63, FC3CE2, FBBF8C, FB586F, FB1254, FAF12F, FAF5E5, FB11B3,
FB5383, FB9ACE, FBE95C, FC398F, FC7171, FC9F0D, FCAAE6, FCA6DC,
FC8603, FC53B4, FC10EA, FBC106, FB6DDB, FB16FC, FAC5F4, FA7CB4,
FA3FD4, FA1221, F9F30E, F9E5EE, F9E77B, F9F4FB, FA0C87, FA2EA1,
FA58D6, FA8F97, FAD7E9, FB2EA3, FB9FFF, FC27B6, FCC4C4, FD78E5,
FE3225, FEF655, FFAE9C, 005EC3, 00F7A7, 017D99, 01EDC3, 024512,
02939A, 02CD07, 02FB2E, 031E50, 032E79, 03289D, 030F38, 02D8CE,
028621, 021E75, 01978C, 01047A, 005DA4, FFAEC9, FF02F7, FE56AA,
FDC79E, FD45A0, FCF7E2, FCC4F2, FCC9F0, FCF548, FD46F7, FDB57C,
FE2E37, FEAEDF, FF13FE, FF6CC4, FF9BC3, FFA7A2, FF8E34, FF5438,
FEF60E, FE8635, FDFD4F, FD6D07, FCD66B, FC3D95, FBB4BD, FB2E9B,
FAC3CE, FA67DC, FA2719, F9FF6B, F9F25A, FA0001, FA28BA, FA6EFD,
FACF57, FB5665, FBF3D5, FCAECA, FD83F0, FE5538, FF3440, FFFDD1,
00B9EE, 0156AB, 01D664, 023D7D, 028434, 02BF01, 02E769, 0303EE,
031F90, 0336EE, 034AA6, 03654B, 0379A0, 03929A, 03AE9B, 03C8D9,
03E818, 040DA3, 043FC4, 04816E, 04DAF6, 054842, 05C8E9, 065D53,
06F112, 07863D, 07FBF2, 085F75, 0890A2, 089A08, 088104, 0835AD,
07E4CA, 077AD7, 071966, 06C0DC, 067D79, 064E81, 0636EC, 062F6B,
0628E8, 062726, 060FBF, 05E81F, 05A830, 05427A, 04D001, 043D3B,
03A27C, 030501, 02702E, 01EBDD, 0183EF, 01422C, 011E96, 01263F,
014DA8, 018622, 01CAFF, 020AA0, 023863, 024712, 02373B, 01FF16,
01ABAE, 014A2D, 00DB47, 0078F7, 002B73, FFEDBB, FFCB89, FFBC58,
FFA86C, FF966F, FF75A9, FF32D4, FEDF90, FE6E4E, FDE2D6, FD58D9,
FCC455, FC3812, FBC74A, FB66A7, FB2D05, FB18D7, FB1DEB, FB49EF,
FB87EF, FBCFB3, FC21BE, FC6398, FC9BAE, FCC267, FCC77A, FCBCF0,
FC97B0, FC5AF7, FC187F, FBC363, FB6FB1, FB1B26, FAC6C3, FA83A1,
FA474A, FA1DF5, FA03DC, F9F717, F9FDCB, FA0B4F, FA2A21, FA48CA,
FA7BF2, FAB035, FAFEF9, FB5D15, FBCE44, FC6309, FCFA42, FDB5E3,
FE6ABB, FF2754, FFE252, 0081B8, 011B3F, 0199D1, 020167, 025CF6,
02A0E5, 02DAE0, 0304C1, 031F49, 032CA0, 031F48, 02FE15, 02C4CE,
0265C8, 01F929, 016C01, 00CEDF, 002B2A, FF77DD, FECF2B, FE2E64,
FDA16F, FD328B, FCEB14, FCC63C, FCD84C, FD0BE9, FD6484, FDD9F6,
FE4FF9, FEC9DB, FF30E2, FF75BD, FF9E7E, FFA121, FF7911, FF3B97,
FED4CC, FE6180, FDD580, FD44D5, FCAF16, FC1774, FB90A7, FB0F59,
FAAAB3, FA5290, FA1C16, F9F6F4, F9F4FE, FA0552, FA3921, FA8A2C,
FAF349, FB855A, FC2C99, FCED06, FDBE26, FE973B, FF698B, 002EA7,
00DED6, 01713A, 01EA9F, 02435A, 02893A, 02BA5B, 02DDEF, 02FCB9,
03112F, 03290B, 033C33, 0355DB, 0368C8, 038376, 039C32, 03B6B8,
03DAE4, 0400FE, 043931, 047E99, 04DDE9, 0552A0, 05D4F6, 06713B,
07017B, 078F8F, 080587, 085571, 087F6F, 087CE2, 0850AF, 080583,
07A9D8, 0743CF, 06E640, 069166, 0655EF, 062CE8, 06188A, 06126B,
060E85, 060324, 05E8A9, 05B875, 056BE6, 050689, 04883C, 03F7C3,
035B38, 02C3E2, 023416, 01B7A0, 015C10, 012231, 010A5D, 011E07,
0148F3, 0184FA, 01CF5F, 0203A4, 022CED, 023560, 02173F, 01DD52,
018423, 011E05, 00B5FC, 0059E7, 0010DE, FFDC36, FFC169, FFAE4E,
FF9EE8, FF886A, FF5A02, FF1832, FEBC96, FE44F4, FDBFDF, FD308C,
FCA2B9, FC2257, FBB4A4, FB631F, FB3116, FB23D2, FB3594, FB6311,
FBA515, FBF098, FC3D89, FC8025, FCB38A, FCCEEA, FCD27D, FCC006,
FC9369, FC5A97, FC1097, FBBE44, FB6A00, FB149E, FAC7CE, FA84EE,
FA4DD1, FA28D2, FA1301, FA0B68, FA1687, FA28E2, FA4388, FA6F32,
FA9D80, FADA24, FB2F2C, FB8F1C, FC0A7D, FC9E7D, FD3F02, FDF397,
FEABE8, FF6393, 00171D, 00B851, 0147A0, 01C0C9, 0226DD, 0276FB,
02BAA5, 02EF8D, 0313D2, 032ECD, 033353, 0323C3, 02F7EB, 02B5C3,
0250B4, 01DA38, 0148A0, 00A9C2, FFFF7A, FF519D, FEACA6, FE0D91,
FD90D8, FD28B0, FCECC1, FCDC69, FCF52B, FD35AD, FD98F6, FE09F8,
FE8653, FEF899, FF5379, FF96CA, FFAEAD, FFA7F3, FF7AA9, FF2F4D,
FEC72C, FE4C0D, FDBF52, FD2D49, FC96FE, FC0784, FB7F4C, FB04A5,
FAA403, FA4FDC, FA1F77, FA02DD, FA0284, FA2382, FA5A65, FAB766,
FB2DCC, FBC025, FC73FC, FD33F9, FE07E0, FEDE38, FFA7BA, 006A7E,
010D5D, 01978C, 020952, 025B5B, 02985A, 02C7BA, 02E6C5, 02FE14,
0318D2, 032918, 033EBC, 0358A8, 036774, 038797, 039B62, 03BA43,
03DB61, 04059A, 04417F, 0489A9, 04F1B5, 056633, 05F614, 068B07,
071DEB, 07A52F, 080DA8, 085371, 086E38, 085B43, 082AF3, 07D889,
0777A0, 071AB7, 06BA22, 0673B2, 063ED0, 0617DE, 060C42, 06022E,
05FBD7, 05EE50, 05C8F0, 0594C1, 053E25, 04D405, 045325, 03BA81,
0328DE, 028AA9, 0209BE, 019170, 0142A7, 0112F9, 010501, 012175,
014BB9, 019067, 01CECF, 0204FD, 0221FB, 0220D1, 01FB91, 01B983,
015B58, 00F857, 009042, 00392D, FFF8BF, FFC5A9, FFAFC7, FF9C2E,
FF88EC, FF69A3, FF38F0, FEEAA1, FE8A51, FE11D8, FD8828, FCFF78,
FC748F, FBFA6D, FB957B, FB4CE2, FB256E, FB1C63, FB3ABC, FB667B,
FBAF65, FBFB3D, FC40DC, FC82B6, FCAD9F, FCC26E, FCC1AE, FCA849,
FC75C9, FC3BE7, FBEC00, FB9BB4, FB4428, FAF2EA, FAA5BF, FA664A,
FA363C, FA1104, FA0460, F9FFA0, FA0E03, FA25D4, FA454D, FA73B2,
FAA95D, FAEAFC, FB4320, FBAA4C, FC2924, FCBEAF, FD6468, FE1807,
FED08E, FF8AAC, 0035D4, 00D33A, 015A74, 01CD89, 022C79, 027C2B,
02B980, 02ED28, 030F97, 0321EF, 03270A, 0309D4, 02DD1E, 028CBB,
02285B, 01A50F, 011617, 00723A, FFC82E, FF237F, FE7D32, FDEF31,
FD7455, FD1E43, FCEFCA, FCED8D, FD1198, FD601F, FDC42D, FE3D02,
FEB801, FF21F1, FF77BC, FFB03A, FFBF8C, FFAA70, FF7BFB, FF1FC0,
FEB9DF, FE399A, FDAC9D, FD1DB2, FC8714, FBFE1E, FB76D4, FB056B,
FAA83F, FA5CC3, FA34A2, FA1D20, FA2C74, FA4D75, FA967A, FAF200,
FB756A, FC0D51, FCBE4B, FD8BE7, FE5355, FF2ED9, FFF1E1, 00AA75,
0149FA, 01C9BE, 023149, 027FBC, 02B5C4, 02E0B0, 02FF07, 0315E6,
032B9C, 033F79, 035659, 036ABE, 038623, 039B42, 03B4AF, 03D1EB,
03F354, 04223A, 045FB1, 04B00E, 051785, 059672, 0624AE, 06BB1E,
0749B1, 07C526, 0823BC, 085B23, 086722, 084FBD, 080F0E, 07C031,
0762AF, 070169, 06B24F, 06670D, 063DDE, 061CAE, 060EED, 060970,
05FD08, 05E94A, 05C46E, 0580C7, 052816, 04B875, 042BA0, 039E81,
030486, 026FD1, 01F407, 0183F8, 013E2E, 0118E7, 01165B, 013347,
0167F3, 01A858, 01E232, 0217BD, 022A7B, 0222FC, 01F674, 01AEF7,
014BED, 00EBE5, 0086C8, 003573, FFFC57, FFC949, FFB7F3, FF9E41,
FF85F3, FF67CF, FF24D5, FEDC22, FE70B2, FDF4E4, FD7079, FCE317,
FC615B, FBECCA, FB8F82, FB4F3E, FB31B8, FB2F12, FB5131, FB82AA,
FBC8D4, FC1299, FC5430, FC90F1, FCB31E, FCC4C7, FCBC3F, FC9B28,
FC69F2, FC2303, FBDA73, FB7FC8, FB33B7, FAD7E4, FA93B2, FA54EA,
FA1FDA, FA082B, F9F5EE, F9FB27, FA0888, FA278C, FA4748, FA7C55,
FAAF94, FAFBCF, FB51FA, FBC0BA, FC4586, FCDA68, FD8A13, FE37EE,
FEF476, FFA7D3, 004ADB, 00E3CC, 0162CC, 01CD43, 022888, 027285,
02ACDB, 02DC94, 02FD82, 030968, 030406, 02E4FE, 02A97A, 0254EA,
01E6D7, 016156, 00C967, 00274B, FF7CED, FED754, FE3DEB, FDB1EB,
FD45E4, FCFC9B, FCD7C9, FCE1E3, FD135D, FD64F3, FDD2D9, FE4A34,
FEBF82, FF23C1, FF70F9, FF9932, FF9F05, FF867C, FF42BD, FEEFC6,
FE8175, FDFCAB, FD7A04, FCE260, FC5708, FBCD10, FB4C6E, FAE469,
FA86E6, FA4AFF, FA25B5, FA1C00, FA2B15, FA5E3E, FAA35E, FB0D27,
FB9602, FC30BB, FCF044, FDB683, FE889D, FF5E4C, 001D73, 00D2F6,
0165FD, 01E25D, 0240F7, 028564, 02BAF1, 02E168, 02FC23, 031A1A,
032C0C, 0341DB, 035DC7, 036D14, 038FB9, 03A0C8, 03C01B, 03DD1B,
03FFC9, 04366D, 0472C5, 04CF08, 053C3E, 05BBDD, 0650D3, 06DF2B,
076A48, 07DDC3, 082CE6, 085F2F, 085BED, 083E6C, 07FDBB, 07A30B,
074EF5, 06ED29, 069EFE, 066384, 06330C, 061FDC, 060E37, 0609AE,
05FB22, 05E1EC, 05B660, 056F55, 05118F, 049828, 041133, 037C6B,
02E859, 025BDE, 01E078, 017DBB, 013CE1, 0121FA, 0122B1, 014AE9,
017E43, 01BBBE, 01FB2C, 021D0B, 0232D8, 021EA5, 01EB3F, 01A0D7,
0140C7, 00DCB1, 008129, 0032F6, FFF7D0, FFD360, FFB74B, FFA258,
FF87D7, FF5AE7, FF2305, FEC939, FE6011, FDE383, FD5912, FCD4FD,
FC53C4, FBE7E3, FB9486, FB592C, FB44A2, FB4AFE, FB6C2D, FBAA4F,
FBEA04, FC349F, FC7ADE, FCAD92, FCD1E1, FCDB5C, FCCDFF, FCAB91,
FC7543, FC310B, FBE07C, FB8AD3, FB31F0, FAE132, FA9402, FA5A8A,
FA2C68, FA11E2, FA0C0B, FA100D, FA2749, FA42AA, FA6CB7, FA9D2B,
FAD90E, FB238B, FB822A, FBF218, FC79F2, FD170F, FDBD8E, FE7452,
FF2844, FFD237, 00757A, 010102, 017BAB, 01E378, 023691, 027EF0,
02B523, 02E1BE, 02FBB7, 0304EF, 02F801, 02CE25, 028DAB, 022A87,
01BAE7, 0127FE, 0095C7, FFEC7D, FF4462, FEA7B3, FE0962, FD8C99,
FD28CA, FCE728, FCD15D, FCE7B8, FD1E6C, FD79AF, FDE802, FE5DD3,
FECD04, FF28F4, FF6AE0, FF87BE, FF84B4, FF5F97, FF1965, FEBD63,
FE4AC3, FDC7C8, FD3CCF, FCAE4D, FC1BFF, FB9866, FB1D56, FAB57D,
FA6715, FA2AB5, FA0FA0, FA0964, FA24B6, FA5BC6, FAA8BF, FB1E87,
FBA46B, FC5026, FD0DDA, FDD899, FEB0DB, FF77EA, 003A73, 00DFD9,
016B3F, 01DC70, 0233B8, 027260, 02A60F, 02C556, 02E4DD, 02FB67,
03140F, 032E78, 034202, 036225, 037536, 039585, 03AC94, 03D201,
03F714, 0431F4, 047A4D, 04D8A9, 054EC2, 05D135, 06657A, 06EFDE,
0779CC, 07DE45, 082AD6, 084B03, 084254, 081AA8, 07D424, 077C5C,
07200F, 06C7C6, 067B31, 064411, 061E32, 060C19, 0601BF, 05F8B8,
05EDCA, 05CD8B, 059DC5, 055126, 04ECFF, 047551, 03E7BD, 035806,
02C558, 023CA4, 01C8B5, 017477, 01367F, 012A04, 0133F3, 015A2B,
019928, 01D365, 020DAD, 0231E0, 023BBA, 02235E, 01EC1D, 019D09,
013CE0, 00DCAC, 00869F, 003B72, 000626, FFE75C, FFCBDF, FFB912,
FF9D27, FF69E2, FF2CF2, FECDEE, FE61F2, FDE52E, FD5DCD, FCDD17,
FC628F, FBFA31, FBAE3A, FB7D56, FB6AEA, FB7C4D, FBA2EC, FBDD6F,
FC25B4, FC6C69, FCA87D, FCDEF2, FCF74F, FCFE4C, FCED67, FCC4A6,
FC8D62, FC3EF0, FBF30A, FB931F, FB3D0B, FAED32, FA9EC5, FA6D68,
FA4009, FA2D83, FA2CCB, FA34D1, FA544B, FA71BD, FA9FCF, FAD3FF,
FB133D, FB635D, FBC55E, FC3971, FCC6C6, FD60AD, FE0D0C, FEBBC1,
FF6A42, 00142D, 00A66C, 013517, 01A1FB, 020850, 025884, 029AC0,
02D295, 02F73A, 030E8E, 030FA5, 02F78F, 02C67A, 027B60, 02127A,
0198A7, 01082F, 006D2E, FFC8CB, FF22C8, FE85A6, FDF4E2, FD7D23,
FD2516, FCF008, FCE5C2, FD0668, FD4756, FDA65F, FE14E0, FE84DE,
FEEB7B, FF3FE2, FF745A, FF8BD2, FF7DE9, FF4FCC, FF0A5D, FEA218,
FE2FB0, FDABC4, FD1BA5, FC9166, FBFF4E, FB7C12, FB07BE, FAA471,
FA5A48, FA27DC, FA13A6, FA139F, FA3779, FA72EE, FAC7FD, FB47BF,
FBD4F8, FC8722, FD47A2, FE1350, FEE3F7, FFA706, 00604D, 00F5C0,
017D2E, 01E095, 022C1C, 026C3E, 028EB3, 02B552, 02CEF4, 02E69D,
030042, 03146C, 032F21, 0345BE, 036373, 037963, 039AA6, 03BC1E,
03E792, 0422B7, 047168, 04D2F3, 054A2C, 05D3E9, 065F45, 06EBA7,
076962, 07CAE8, 080668, 081D59, 080D1D, 07D65C, 078EBF, 0731BD,
06D620, 06837B, 063B1B, 060B60, 05E8CE, 05DB4D, 05D149, 05CA77,
05BC7F, 05988F, 056368, 0514D8, 04AB67, 042E1C, 03A689, 031228,
028203, 0205E5, 019393, 0147AF, 0118C9, 010B5D, 012446, 014E0E,
018D28, 01CAF4, 01FE24, 02214C, 021F8E, 02041A, 01C534, 016EDF,
011362, 00AEFE, 005AB5, 00199E, FFE69A, FFC917, FFB3B4, FF9C38,
FF7BBB, FF4CBE, FF0665, FEA8AD, FE3D4C, FDBD06, FD3A6E, FCBC8C,
FC455B, FBE4E9, FB9FFB, FB773F, FB6E87, FB8472, FBAFFC, FBEEEE,
FC361A, FC7ADA, FCB993, FCE65D, FD0115, FD0158, FCEC76, FCC036,
FC7F23, FC3651, FBDA95, FB81AE, FB2BE0, FAD61F, FA96FE, FA6219,
FA3FF8, FA3533, FA34AD, FA4C12, FA6739, FA8E2F, FAC208, FAF255,
FB3DDB, FB8D65, FBF55D, FC6E20, FD001C, FD9BA6, FE48D7, FEF7ED,
FFA07E, 0049CB, 00D661, 016146, 01CCB5, 022C82, 027F10, 02BB78,
02EFE1, 0311DF, 031CAA, 031AF5, 02F96D, 02BF26, 026F54, 01FDB9,
018142, 00EC41, 004E53, FFAB22, FF0738, FE6E7D, FDE817, FD77C7,
FD2D03, FD06D7, FD0510, FD3104, FD76D9, FDDAF2, FE4804, FEB385,
FF17BF, FF5BEB, FF8B5C, FF98CD, FF817D, FF4EDA, FEFE1E, FE991A,
FE1BB3, FD984F, FD0B01, FC7974, FBF282, FB73BC, FB0066, FAA77D,
FA63B4, FA3628, FA2AEA, FA3401, FA5AED, FAA385, FB0117, FB8568,
FC1CB5, FCD11F, FD94FF, FE6151, FF2DE1, FFED08, 009984, 0129DC,
01A428, 01FF1D, 024952, 027936, 02A5C3, 02BF79, 02DBA8, 02F391,
0309AE, 0321E8, 03375B, 035482, 0369A3, 0388E4, 03A330, 03C928,
03F71C, 04359B, 04885A, 04EDA1, 056A40, 05F3FB, 068402, 070C12,
07814F, 07DA6F, 080BED, 0817C6, 07FD0F, 07BFFC, 076FA5, 071162,
06B71B, 066549, 062353, 05F537, 05D86C, 05CD6F, 05C5DB, 05BFDD,
05A9ED, 0589E5, 05491D, 04F510, 048BFB, 040382, 037DAC, 02E797,
0259DD, 01E0DA, 017179, 013280, 01057A, 0104BC, 012352, 01514B,
019525, 01D02B, 02013E, 021A64, 0212BE, 01EB8F, 01A4F0, 014E3C,
00E718, 008B3A, 00375B, FFF79E, FFCA73, FFAEDA, FF97CE, FF8099,
FF6158, FF277B, FEE20F, FE7DFA, FE0AA9, FD8D3B, FD0911, FC88F6,
FC1C5A, FBBE7B, FB7EDB, FB61BA, FB5B01, FB783A, FBAA31, FBE8BF,
FC336B, FC7A08, FCB362, FCE06F, FCF311, FCEF45, FCD35F, FCA2C3,
FC5F00, FC0F20, FBB797, FB591C, FB087C, FAB6D1, FA7D1D, FA4FEA,
FA34BB, FA30D5, FA3962, FA51F7, FA7364, FA9C2A, FACF98, FB0AC8,
FB5231, FBAEEA, FC13F3, FC9A01, FD274C, FDCB10, FE7352, FF236B,
FFCB45, 006A62, 010205, 017486, 01EF45, 023EFB, 028E33, 02C947,
02F554, 03114B, 0319F1, 030D5B, 02E7C7, 02A960, 024E74, 01E16E,
01566C, 00C56C, 0023D9, FF85D6, FEE3E8, FE5750, FDD4D2, FD7275,
FD31A2, FD13EE, FD23F4, FD4D23, FDA434, FE00FC, FE71D6, FED9B9,
FF3110, FF7811, FF9830, FF9E9D, FF82E3, FF454B, FEF240, FE8521,
FE07B0, FD7FC6, FCF287, FC6441, FBDF95, FB6172, FAF94A, FAA3AC,
FA66B1, FA44F3, FA3BF7, FA50C5, FA7FCA, FAD1A0, FB3949, FBC306,
FC649D, FD1792, FDE367, FEA956, FF7192, 002A1E, 00CA4D, 01590D,
01C3BB, 021D6E, 025BAE, 028B03, 02AF3D, 02CC58, 02E2F4, 02FD38,
031178, 0327AC, 0342D9, 0359C9, 03751E, 03905D, 03B107, 03D305,
040932, 044C2F, 04A098, 0513D3, 058E80, 061DCD, 06AADB, 072DAA,
079F1B, 07E863, 081706, 080F35, 07F003, 07A754, 075561, 06F62E,
069BA7, 064B63, 060D8D, 05E7EF, 05CABC, 05C8E5, 05BEC8, 05B71F,
05A273, 057807, 05385E, 04DE8C, 046D85, 03E824, 035A80, 02C887,
023D78, 01C4AD, 016314, 0124D9, 0105D1, 010CE2, 012DF7, 01674F,
01A37C, 01E121, 020D72, 021B07, 020FA7, 01DCFD, 0191D7, 0132C9,
00CF77, 00727D, 0023E5, FFE8FE, FFC453, FFA862, FF96BD, FF7FDC,
FF54EF, FF20B1, FECE51, FE6640, FDF520, FD6EAB, FCED59, FC75BB,
FC04D1, FBB3F8, FB7C43, FB5E32, FB6954, FB8800, FBBEBF, FC0799,
FC4A5C, FC94D6, FCC950, FCED16, FCFD37, FCEE5F, FCCCF5, FC9635,
FC4B7E, FBF8D0, FBA035, FB4452, FAF21F, FAAB38, FA736F, FA4CF2,
FA3A9F, FA38F7, FA4435, FA6074, FA8316, FAADDC, FAE205, FB1E3C,
FB6ADE, FBC4D0, FC3560, FCB478, FD482B, FDEB7F, FE91BD, FF43C0,
FFE635, 0082A1, 0111F3, 018502, 01F15A, 023FE7, 028815, 02BE42,
02E3B7, 02FDB0, 02FF5F, 02ED9A, 02C1F2, 027B5E, 021B32, 01A489,
011D76, 0085E3, FFE9C3, FF4AA8, FEB273, FE2965, FDB0EA, FD5B12,
FD20FC, FD0FA0, FD2747, FD5A56, FDB1B2, FE148F, FE8053, FEE752,
FF3947, FF754F, FF90F0, FF8AFF, FF6A69, FF26A4, FECB31, FE5EAD,
FDDAAD, FD53AB, FCC77E, FC3850, FBB8AD, FB3DF5, FADC63, FA8B35,
FA546C, FA3A50, FA3920, FA57B3, FA8EAE, FAE99F, FB58F1, FBEAFE,
FC93E6, FD4AAF, FE1520, FEDBA8, FF9DA0, 005035, 00EA4C, 016F22,
01D34B, 022438, 025E4F, 028579, 02AB1C, 02C331, 02DBE9, 02F2C7,
03094B, 0323BE, 033A80, 03566D, 037107, 038D10, 03B0FB, 03D8A4,
040EC1, 045958, 04B53B, 052AB4, 05AAB5, 063B68, 06C4AA, 074468,
07ADD7, 07ECE8, 081003, 08012B, 07D845, 07863F, 073431, 06D0EC,
0677DE, 062F3E, 05F39F, 05D305, 05BD98, 05B8F5, 05B189, 05AB5B,
0590EE, 056459, 0520C6, 04BF08, 044C5B, 03C524, 0332F0, 02A336,
021BFB, 01A7DD, 014FAA, 011864, 01031A, 0113B1, 0139B5, 017854,
01B42B, 01F112, 0215F5, 021C3E, 0208DA, 01CA24, 017B11, 011B43,
00B71F, 005B48, 00166A, FFE11C, FFBDFE, FFACD4, FF9499, FF7C10,
FF5570, FF116D, FEC0DF, FE54C1, FDD84C, FD5C98, FCD75E, FC5FFF,
FBFEDB, FBAACF, FB8023, FB6ED9, FB7B75, FBA99A, FBDFF9, FC2D81,
FC74DB, FCB346, FCECCB, FD012D, FD0DCE, FCF560, FCCBB0, FC8EB0,
FC3D0A, FBEC6E, FB8E50, FB3AE5, FAEA2A, FAA87E, FA7630, FA58D2,
FA4BD3, FA4E4E, FA6103, FA7DB8, FAA552, FAD555, FB0AA7, FB4A63,
FB97A4, FBF581, FC662D, FCE88C, FD8214, FE2136, FED064, FF7923,
001B9A, 00B45C, 013675, 01ABCE, 02088C, 025B0F, 029851, 02CB71,
02F063, 02FE47, 030107, 02E383, 02AF69, 02638B, 01F985, 017F5B,
00F10A, 005A5D, FFBD17, FF237D, FE8D71, FE0A97, FD9B7D, FD4D67,
FD1D82, FD1662, FD3549, FD7198, FDCF5A, FE323A, FE9E3E, FEFFA3,
FF4B31, FF7D98, FF914F, FF81CA, FF5576, FF0BA4, FEAC67, FE3830,
FDB470, FD2DA0, FC9CA3, FC14BF, FB92A6, FB1E8B, FABF5A, FA74B7,
FA45FE, FA3449, FA399E, FA6218, FAA662, FB012D, FB81EB, FC1422,
FCC095, FD8375, FE44A5, FF0F47, FFCC79, 0077F2, 010BC0, 0185BC,
01E4A4, 0227A0, 026212, 0283A5, 02A4A6, 02BDE7, 02D33C, 02ED69,
03051F, 031DF0, 033878, 035428, 036D44, 038DDB, 03B395, 03DC51,
041E4B, 046A65, 04C983, 054616, 05C627, 065687, 06E167, 075626,
07B88B, 07EFE1, 08026A, 07EEC0, 07B717, 0767FC, 070AE3, 06AD1D,
0656D2, 060E3B, 05DE31, 05BF23, 05ADA3, 05AD65, 05A807, 059A44,
0583F4, 054DAF, 05039E, 04A136, 04253C, 039BF0, 030BB0, 027B22,
01F7E2, 018AC5, 0139F9, 010D41, 01034E, 011BD8, 014A38, 018A82,
01C93E, 02021C, 021D44, 021E56, 01FBCE, 01B58D, 0162D0, 00F9F2,
009931, 0042D9, FFFDC6, FFD019, FFB1CA, FFA0FB, FF881E, FF7166,
FF40B4, FEFD56, FEAB05, FE34A2, FDC2F3, FD3D7B, FCBE8C, FC4EAB,
FBEB30, FBA8A9, FB8147, FB78BB, FB93A1, FBC206, FC0392, FC4FA4,
FC9742, FCD59D, FD0090, FD1711, FD11A3, FCF604, FCC5FD, FC80F1,
FC323E, FBDC52, FB8510, FB2EE0, FAE5EC, FAAB7A, FA7B77, FA6905,
FA5DBD, FA6981, FA8449, FAA4E5, FACEE8, FAFFFB, FB3666, FB770E,
FBC73B, FC25C4, FC9FAE, FD22D1, FDBFC1, FE6457, FF0BA1, FFB83F,
005429, 00E71B, 0162DD, 01D15A, 022BE9, 027146, 02B62F, 02D9E7,
03006E, 030732, 02FEB8, 02DE08, 029DF5, 024DE5, 01DBA8, 015D87,
00CDE9, 00330B, FF9A8B, FEFE24, FE6F75, FDF212, FD86DF, FD43DA,
FD1F22, FD1D9F, FD4AC4, FD8F39, FDEAC6, FE5908, FEBE52, FF182F,
FF5F7E, FF84B6, FF8ED2, FF7A15, FF4132, FEF6EC, FE8EE7, FE15E7,
FD9382, FD0408, FC7B50, FBED5E, FB7199, FB02C5, FAA41A, FA6AAE,
FA3F3F, FA352E, FA49DC, FA755B, FAC1A5, FB27CB, FBABA4, FC4317,
FCF72D, FDB4DD, FE7BF4, FF4147, FFF73F, 009C34, 0126CD, 019757,
01EE33, 022D1D, 025F99, 028442, 029F92, 02BC90, 02D06A, 02EA76,
0300C4, 031B85, 0333CA, 034C1E, 036C04, 038674, 03ADEF, 03DDF9,
041CB5, 046F0D, 04D6F3, 055433, 05D999, 066A1A, 06EF03, 076088,
07B75A, 07E523, 07EC80, 07CBAF, 079028, 0737C7, 06DB1A, 067E5B,
06284F, 05EB0E, 05BB0E, 05A164, 059860, 059421, 058FF4, 0581BD,
05631D, 05271D, 04DB20, 046C67, 03EF54, 0363DB, 02CF60, 024241,
01C30C, 015FAE, 0116AC, 00F4C1, 00F721, 0116DC, 0150F2, 019177,
01D02D, 0202E8, 02174B, 020D10, 01E319, 019499, 0138AF, 00D416,
006CE9, 001F9D, FFDD3B, FFB017, FF9B4E, FF81A7, FF71FE, FF5121,
FF1DE9, FEDD15, FE7D02, FE1193, FD961E, FD1470, FC9A33, FC2CDE,
FBD104, FB9808, FB7779, FB7B72, FB9D6B, FBD2DB, FC1999, FC6411,
FCAA1D, FCE07D, FD0838, FD11F4, FD0B7E, FCE7A3, FCB2E9, FC6E7B,
FC1B15, FBC804, FB6E0D, FB1D0A, FAD80F, FA9FAB, FA7DBC, FA6BD3,
FA6D96, FA7EBA, FA9CF8, FABCF3, FAEB21, FB19CF, FB4F38, FB9A03,
FBE6F7, FC5022, FCCCC8, FD5553, FDF6C1, FE9CB9, FF4443, FFECE5,
008562, 011179, 018ACA, 01F023, 02475B, 028A10, 02BFF3, 02E8DF,
02FE7D, 0301F7, 02F1E8, 02C565, 0285A1, 022879, 01B843, 01391C,
00A3D8, 0010B8, FF7465, FEDBD5, FE5674, FDD770, FD7BC1, FD3F7C,
FD2035, FD360F, FD62A3, FDB1BC, FE1598, FE76DF, FEE225, FF3135,
FF7022, FF916F, FF8DCD, FF7572, FF3564, FEE626, FE7A91, FDFDFA,
FD7D68, FCEA7B, FC627D, FBDB4B, FB615C, FAF9AB, FAABF2, FA6FAA,
FA5441, FA556B, FA680A, FAA461, FAF18D, FB5D55, FBEC02, FC8243,
FD3C86, FDFAF0, FEBD62, FF7F32, 002C6E, 00C95B, 014AC8, 01B30B,
02047D, 023DFC, 026DA3, 028FB9, 02AA40, 02C5DD, 02DBA6, 02F44E,
030A11, 032426, 033CCF, 0353F6, 037123, 038B4C, 03B156, 03E64B,
042689, 047F16, 04EDC3, 056A5B, 05F8C9, 06880C, 070747, 07781A,
07BEDF, 07E376, 07E184, 07B4F9, 07744D, 0715D7, 06BC50, 065D2F,
060FCD, 05D7F9, 05AA64, 059B9D, 059321, 059065, 058F8A, 057831,
0554B8, 051835, 04BDA2, 044E8F, 03CA79, 0337DC, 02A904, 021A5F,
01A1AC, 0145DF, 01075F, 00F2B3, 00FD19, 012790, 0161A2, 01A549,
01E231, 020809, 0219B3, 0202B4, 01CAC6, 017C21, 011824, 00B18F,
0052AF, 0005C8, FFC9A6, FFA686, FF90AB, FF7B0B, FF698E, FF455A,
FF0FFB, FEC75C, FE64C3, FDF259, FD747D, FCF333, FC76DD, FC1094,
FBBB39, FB8B97, FB7865, FB8661, FBAEE2, FBEB2D, FC34C0, FC7AB2,
FCC023, FCF0DA, FD0FA7, FD1923, FD05AF, FCE48F, FCA7AE, FC6040,
FC0B59, FBB297, FB5DEC, FB0D82, FACF2D, FA9976, FA7E20, FA7336,
FA7785, FA8E20, FAA929, FACB0D, FAF8CF, FB2698, FB63C1, FBAA96,
FC0206, FC71DE, FCECB7, FD83AA, FE1F99, FEC71B, FF724B, 001319,
00A840, 0132BE, 01A3ED, 020683, 0257B8, 029328, 02C7E7, 02E55A,
02F828, 02F176, 02D9AD, 02AB41, 0260AC, 020296, 019089, 010A65,
007AB7, FFE3A4, FF47FE, FEB6FE, FE3013, FDBF32, FD68EC, FD3B78,
FD2949, FD446D, FD7CBC, FDCC7B, FE316B, FE9656, FEF4EC, FF409E,
FF7BE9, FF8C61, FF9031, FF64FE, FF288B, FED021, FE5E88, FDE419,
FD59C6, FCCE30, FC42AC, FBC4C9, FB4C4D, FAF147, FAA559, FA76E6,
FA5D8A, FA66C8, FA8536, FAC29E, FB1D60, FB8CCA, FC2014, FCC00D,
FD792E, FE3825, FEFA13, FFB4C3, 005E23, 00F28E, 016D6D, 01CE20,
021A9B, 02511A, 027B48, 029D2C, 02B5B2, 02D14F, 02E523, 02FF28,
0315DB, 032E17, 034641, 035E50, 0377B0, 03950A, 03BE1C, 03F1CD,
043B57, 0499E6, 050E0D, 0591E2, 062380, 06AAD4, 072A15, 078BEB,
07C66E, 07E23B, 07CE9B, 079AE8, 074EF0, 06F171, 0694A6, 063B78,
05F0DA, 05BD7F, 059731, 058CBC, 058811, 058503, 0582B0, 056A3C,
0540A3, 04FB77, 049D42, 04249F, 039DDF, 0308A0, 027AC4, 01F071,
0180BA, 012CCE, 00F839, 00F234, 010092, 013252, 01720B, 01B145,
01ED3D, 020A8F, 021077, 01EF6C, 01B1E8, 0159A5, 00F5E8, 009278,
003473, FFF2DD, FFB919, FF9FBF, FF8D35, FF7AA1, FF686E, FF43B3,
FF07DB, FEB772, FE4D53, FDD54F, FD5260, FCCF80, FC5CB4, FBF325,
FBAFEA, FB85DD, FB7BB2, FB91FE, FBBF7E, FC01CC, FC4622, FC920E,
FCD012, FCFAC8, FD1A65, FD166D, FD033F, FCD760, FC9608, FC4A83,
FBF69A, FB9A49, FB4D05, FB01BD, FAC382, FAA183, FA82E9, FA8169,
FA8A82, FA9E68, FABD15, FAE3C3, FB0C22, FB40D4, FB7D9D, FBC979,
FC2774, FC95FB, FD1B5D, FDAC62, FE503B, FEF3FD, FF9FF9, 00381D,
00CFD2, 014CB8, 01BD0A, 021866, 025F2F, 029D13, 02BF8F, 02E367,
02E47F, 02E2E0, 02BFD8, 028BD1, 023F8A, 01D7B7, 016609, 00D649,
0047DC, FFAF49, FF11C8, FE8AED, FE0548, FD9FC9, FD550B, FD2CE8,
FD268E, FD4A52, FD85B1, FDDA61, FE4101, FEA10E, FEFF8B, FF45A9,
FF7614, FF8818, FF78F0, FF4FA3, FF0526, FEA486, FE3303, FDB15C,
FD27EF, FC9D4F, FC1632, FB9835, FB2C0E, FAD2A5, FA905A, FA6660,
FA5BDB, FA677F, FA90BD, FAD810, FB3430, FBAF5B, FC4416, FCEA23,
FDA3EA, FE65B4, FF2304, FFD9E9, 007D05, 010CFE, 018069, 01DAE3,
0224B2, 02545E, 027DF4, 02A091, 02B573, 02CFC4, 02E86F, 02FF39,
031611, 03313F, 03461D, 035DED, 037963, 039BC7, 03C693, 0401D1,
0456C8, 04B9FD, 0539FD, 05C23F, 065085, 06D71D, 074D78, 07A22B,
07D796, 07E057, 07C386, 078B5F, 073340, 06DA59, 0679C3, 062620,
05E3E5, 05B2AC, 05988C, 058FC7, 0590BF, 058F84, 0588BA, 056BD4,
053A2C, 04F059, 048501, 040DEC, 037D6E, 02ED2C, 025C03, 01DBC1,
0171F8, 01265D, 0102A1, 00FC7A, 011BCE, 014E91, 018EBF, 01CF28,
01FE3E, 0218D2, 021053, 01E6D9, 01A0F5, 014261, 00DC78, 007AB6,
0022DA, FFE4CC, FFB8ED, FF9CDB, FF965F, FF7FBF, FF6D70, FF3E6F,
FEFD8F, FEA30C, FE349B, FDB81A, FD338E, FCBB34, FC42A9, FBF0D7,
FBAA76, FB8C04, FB8F2E, FBA5BB, FBDE2E, FC1FF5, FC67B5, FCB175,
FCE9E4, FD13C7, FD2711, FD1E9E, FD02A4, FCCF8C, FC8912, FC3DE6,
FBE4FC, FB8F61, FB4468, FAF997, FAC926, FAA4CB, FA8CE0, FA91F0,
FA9711, FAB1B2, FAD653, FAF60D, FB2B72, FB5E1B, FB9E2D, FBF110,
FC4E84, FCC586, FD4AA0, FDE234, FE845A, FF2AC1, FFCD7A, 006BBF,
00F334, 0171F7, 01D7DB, 022C4D, 02713F, 02A28F, 02CD8D, 02DE21,
02E6BF, 02DA88, 02B2B7, 0278F0, 0225B1, 01B927, 013B23, 00B569,
001838, FF84F0, FEF4B1, FE62B1, FDF4A5, FD8C2A, FD4F8E, FD2D1E,
FD336F, FD57A3, FD9C3E, FDF49D, FE5726, FEBC7F, FF0DB9, FF5400,
FF7769, FF7EDF, FF68F0, FF3338, FEE3F3, FE7DFA, FE08E0, FD8269,
FCFC3E, FC6EFD, FBEA37, FB7344, FB05B7, FABAC1, FA7827, FA5E0B,
FA5813, FA68A1, FAA115, FAE77C, FB4D46, FBD27E, FC64E0, FD136F,
FDCE53, FE8B8F, FF4C5D, FFF840, 009869, 011F50, 018712, 01E181,
021F0E, 024E09, 0277F0, 0290AA, 02AC4F, 02C684, 02D9C9, 02F435,
030BAE, 031F56, 03363D, 03510C, 03690E, 039050, 03C5C6, 0404C2,
046292, 04CEF2, 054F9F, 05DF45, 066653, 06F155, 0757CB, 07A876,
07D0A6, 07CBBC, 07A97E, 0763E3, 070D4C, 06AD04, 0654B5, 060161,
05C99E, 059FEA, 058ECA, 05899E, 058E71, 058DA2, 057EDD, 0564F0,
052745, 04D73A, 046B69, 03E6BE, 035D72, 02C65C, 0240D5, 01C1F5,
0162FA, 0123E6, 01069B, 010EF0, 0131ED, 016D32, 01AB68, 01EE19,
0214AF, 022B2B, 02158D, 01E461, 01977B, 01318B, 00D098, 006DC1,
00202E, FFE773, FFC397, FFB18D, FF9E3F, FF951D, FF6D59, FF42F6,
FEF796, FE9664, FE26F0, FDA792, FD2A33, FCACC2, FC48B0, FBEE5D,
FBBA43, FBA5B3, FBA69F, FBD12A, FC0590, FC4DF1, FC9876, FCD8DE,
FD10A2, FD2FDC, FD3B0B, FD2A1E, FD0640, FCC8D4, FC8506, FC3355,
FBDD76, FB8D2C, FB3D8D, FAFE0E, FACDE2, FAAF2C, FAA027, FAA37B,
FAB73F, FACD12, FAF6D0, FB1F0F, FB4CCF, FB866B, FBC8D1, FC1A25,
FC7E6C, FCF7E8, FD7FD6, FE1A98, FEBE57, FF61C3, 000418, 009901,
012040, 019153, 01F440, 023FEA, 027EEB, 02B17C, 02CE64, 02E35A,
02E15D, 02CCDC, 02A163, 025E70, 020239, 019414, 011305, 0083C2,
FFF1D5, FF5978, FECC20, FE468C, FDD321, FD7FBF, FD3E32, FD2E34,
FD36E1, FD6485, FDB186, FE0B4A, FE7049, FECE46, FF1E75, FF573D,
FF73EC, FF71FC, FF538F, FF1640, FEBFB1, FE581D, FDD921, FD557C,
FCC95D, FC3CDC, FBBC41, FB46D5, FAE4D8, FA98F7, FA6A86, FA4FAE,
FA56F3, FA70EA, FAAB64, FAFB73, FB68C6, FBF048, FC8A48, FD3C55,
FDF418, FEB4DD, FF6A28, 00142B, 00AAF7, 01253C, 018C6A, 01D886,
0213B1, 024221, 026615, 0282E7, 029C06, 02B5C1, 02C8DA, 02E1EB,
02F61D, 030A44, 0320D3, 03399D, 03586E, 0382AA, 03B98E, 0402DA,
0462C5, 04D4B1, 0559DD, 05E6F5, 0670E6, 06ED7F, 075106, 079233,
07AD1C, 079DA3, 077030, 0723D4, 06C9A2, 066F60, 06133C, 05CFDB,
059A44, 057A89, 0570E6, 056C91, 057347, 056F01, 055E58, 053765,
04F5DB, 049EF8, 04273F, 03A857, 0317AD, 02846B, 0205C8, 018AED,
013918, 010465, 00EF7E, 0102DE, 012DF2, 016CC0, 01AF02, 01EB52,
020B5B, 021726, 01F85E, 01BE54, 016AC3, 0105B9, 00A488, 004AE1,
00054C, FFD4B1, FFB604, FFA55E, FF987F, FF81F7, FF5F2A, FF2B64,
FED626, FE7C42, FE0440, FD8831, FD0CCC, FC92AA, FC3541, FBE1F4,
FBBC0C, FBAB79, FBBBEC, FBEABC, FC28D0, FC6EA5, FCBB5C, FCF7E1,
FD2645, FD43B7, FD40F9, FD2FBB, FD0208, FCC3E5, FC7E84, FC288A,
FBD88C, FB86D7, FB3AEA, FB02FF, FAD5CE, FABDAD, FAB86E, FAC04A,
FAD649, FAF5EA, FB1BA0, FB441C, FB764E, FBAC6D, FBF092, FC49D4,
FCADF3, FD2E07, FDBCE7, FE56F0, FEFFB3, FFA0C9, 0041BC, 00D09C,
01534F, 01BF4A, 021B64, 0264E6, 029D0D, 02CB4E, 02E4AF, 02F1BF,
02EABB, 02CDBD, 029C56, 025078, 01F060, 017BF1, 00FC6E, 006BA4,
FFD9D5, FF4807, FEB793, FE3B10, FDCD2C, FD7CB8, FD4C12, FD3FD8,
FD572D, FD8B50, FDDD36, FE3883, FE9BCE, FEF5E0, FF3D20, FF6F52,
FF82B7, FF79FF, FF4FE9, FF0FF7, FEB060, FE44D1, FDC144, FD3BC8,
FCAF03, FC268B, FBABDD, FB39A2, FAE407, FA9F0A, FA7741, FA6720,
FA7227, FA965B, FAD309, FB2E03, FB9FF1, FC2A99, FCCEC8, FD8003,
FE3AE1, FEF89B, FFA953, 004C25, 00DAF7, 014CD4, 01B030, 01F26E,
022FB2, 025786, 027845, 0298EC, 02AAD9, 02C656, 02D521, 02ED67,
030191, 0313DB, 032FE8, 034254, 0367A3, 039297, 03C943, 041E72,
047C45, 04F5B7, 057EC9, 060529, 068F57, 0705A3, 0759A8, 0794C1,
079B9A, 0785F8, 074EA2, 06FA66, 06A448, 06454E, 05F43D, 05B375,
0585F4, 056BFD, 056528, 0565E5, 056425, 056340, 0544F8, 051AF7,
04D48D, 046C66, 03FF3D, 0370F6, 02E5BF, 025A21, 01D30D, 016DEC,
011C5E, 00F460, 00F0E8, 0106AA, 013D65, 017D2C, 01BD41, 01EFE1,
020B1A, 02063F, 01DE6D, 01A1B8, 01433C, 00E407, 008466, 002D71,
FFF285, FFC54A, FFAA67, FF9AAC, FF8B39, FF721D, FF4ED2, FF1029,
FEBE00, FE5746, FDE182, FD5FB2, FCE78D, FC7447, FC153D, FBD811,
FBABB8, FBAEA0, FBC442, FBF6EA, FC3ACE, FC7BB0, FCC8E3, FCFE63,
FD28A3, FD3F9C, FD36BC, FD20E5, FCEE2F, FCB058, FC62E1, FC1196,
FBBCD2, FB708C, FB2B93, FAF4CF, FAD427, FAC1B0, FABED6, FAD0E0,
FAE8FD, FB053A, FB30A3, FB55EB, FB88AE, FBC1E7, FC0C9B, FC633A,
FCD36A, FD56EF, FDE607, FE89EF, FF29F4, FFCEF9, 006A1D, 00F555,
017080, 01DA94, 022D44, 0274FD, 02A98A, 02CD51, 02E659, 02E9FF,
02DD23, 02B862, 027FC8, 0230F6, 01CA22, 0159A7, 00D225, 004557,
FFB809, FF231A, FE9BD2, FE252A, FDBCE6, FD7775, FD55C5, FD4C4A,
FD7073, FDAE44, FDFBD8, FE5F34, FEBD77, FF1214, FF576E, FF8028,
FF8D4B, FF7D3B, FF4C04, FF024F, FEA3A8, FE26EC, FDAF02, FD1DDF,
FC96AC, FC1445, FB97BE, FB3362, FADE6E, FAA3C1, FA7F0E, FA7C07,
FA835F, FAB819, FAF70C, FB58D2, FBD2DF, FC63C9, FD093A, FDBB0B,
FE78B9, FF2AF3, FFDBB2, 007518, 00FCC3, 016A18, 01C31D, 020842,
023A7E, 0263BC, 028231, 029B1B, 02B1D0, 02C53D, 02D8BF, 02ED27,
030085, 031331, 032A8B, 0342BD, 03657B, 0395C5, 03D4AE, 0428B8,
04941B, 050F06, 05975B, 06244C, 06A253, 07111B, 075D87, 078567,
078659, 07631A, 072407, 06D0FF, 0674BF, 061BCF, 05D0DD, 0593B1,
056F55, 055B73, 0551D1, 055B39, 05534D, 054B68, 052E92, 04F7E4,
04AA98, 04425A, 03C850, 033A08, 02B0B0, 022249, 01A85B, 0145B2,
010596, 00E725, 00E9D5, 010EE7, 014303, 018264, 01BFD2, 01E96E,
01FABE, 01EEC0, 01C199, 01781A, 01218A, 00BEDF, 006340, 001827,
FFDAD7, FFB7EB, FFA123, FF915D, FF8446, FF6736, FF3E16, FEFAF6,
FEA127, FE3879, FDB9AB, FD3FAB, FCC67C, FC5857, FC0754, FBCB35,
FBB178, FBB48A, FBD5AC, FC0AC3, FC49F0, FC961E, FCD5AE, FD089E,
FD345A, FD39D3, FD3331, FD13BA, FCD86D, FC9B2D, FC4440, FBF694,
FB9FB6, FB5678, FB1892, FAE7FF, FACD14, FABFDA, FAC3F9, FAD5A5,
FAF097, FB1038, FB38F4, FB6125, FB9448, FBD2D2, FC1EC9, FC7E56,
FCF24D, FD7647, FE0E77, FEAC77, FF4FAD, FFF4C2, 0085FA, 011370,
01891A, 01EA43, 023E8C, 027D4D, 02AD45, 02CEB5, 02DF32, 02DE51,
02CA58, 02A289, 026363, 020FB8, 01A9A4, 01311C, 00AD16, 001FAE,
FF90ED, FF0289, FE7FD2, FE0F5A, FDB0FD, FD749A, FD59B4, FD5D31,
FD8642, FDCC16, FE1CD5, FE81E1, FEDCF6, FF30AA, FF6D5A, FF9137,
FF9875, FF78D8, FF48D0, FEF1F2, FE8ADA, FE13D7, FD906F, FD04CE,
FC8186, FBFE62, FB89EA, FB2C04, FAD905, FAAA04, FA8C89, FA88C3,
FAA713, FAD224, FB278A, FB8668, FC09AC, FCA01D, FD4482, FDFB74,
FEB15E, FF653B, 000C5E, 00A533, 011E79, 018F3B, 01DCD2, 021BD2,
024EDB, 026F1B, 028E68, 02A761, 02B961, 02CFB2, 02E140, 02F3B4,
030926, 031790, 033401, 03491D, 037373, 03A34F, 03E8B2, 044587,
04B178, 053341, 05B8E4, 0642F7, 06BB2D, 0720A3, 076069, 077FBE,
077226, 074A3E, 070154, 06ADCF, 0653CB, 05FAC7, 05B867, 057D50,
05604F, 05508C, 054C75, 05507E, 054BEC, 053DE1, 051CFB, 04DCC3,
048C0F, 041ABA, 039A2A, 0311C6, 027E22, 01FF2C, 01866B, 013443,
00FB1D, 00E834, 00F67E, 011BFA, 0156E8, 019248, 01CC42, 01EED3,
01F9BC, 01E85C, 01AE38, 016593, 010987, 00A6BB, 005050, 000922,
FFD320, FFB418, FFA494, FF92FE, FF83E3, FF6557, FF3013, FEEAAB,
FE86E5, FE1CD2, FD9A45, FD2406, FCAC2C, FC4578, FBFDCC, FBC7E7,
FBB8AB, FBC0F5, FBEC38, FC1D6D, FC6A60, FCABC0, FCEC65, FD20A4,
FD3A50, FD426B, FD2EB3, FD06D4, FCCA0A, FC8218, FC2FB5, FBDA0A,
FB8CA3, FB45BD, FB0BB0, FAE4F9, FACB9B, FAC53B, FACF8D, FAE12C,
FAFEAD, FB1F7B, FB45BD, FB758F, FBA694, FBE979, FC3A4C, FCA05C,
FD14EB, FDA005, FE3A2D, FED673, FF807B, 001F28, 00AFD9, 013689,
01A6BD, 0202D8, 024CEB, 02899C, 02ADBE, 02CBDE, 02D928, 02CC9D,
02B955, 0287D9, 02450C, 01F007, 018151, 010D7D, 008161, FFFC6A,
FF6A4F, FEE23E, FE653F, FDF642, FDA667, FD6C36, FD5DDE, FD68DA,
FD9995, FDE255, FE3DD2, FE9DCB, FEFBA7, FF47C4, FF7F92, FF9AAB,
FF94E7, FF762B, FF3389, FEDEA5, FE7269, FDF361, FD76B0, FCE76E,
FC693B, FBE992, FB7AC7, FB218D, FADA01, FAB180, FA9895, FAA591,
FAC22D, FAFC70, FB52F2, FBB9A0, FC43AE, FCD70D, FD8302, FE37CF,
FEE901, FF9E5D, 003CC8, 00CCCB, 014674, 01A7B2, 01F3BB, 022FB2,
02574E, 027C67, 02970D, 02AAF5, 02C415, 02D297, 02E577, 02F7C8,
0308D0, 0320DC, 033265, 0355C7, 037BDE, 03B697, 04006A, 04621A,
04D51A, 05557D, 05DFF0, 06605F, 06D80F, 072DA2, 076998, 0775D9,
0764D2, 0731F2, 06E461, 06915D, 0632A2, 05E3DE, 05A008, 05707C,
055809, 05487A, 0550D9, 054B15, 054BBA, 0534BD, 050A07, 04C9E3,
046895, 03F812, 0372ED, 02E695, 025D05, 01DDB6, 0172EC, 01265D,
00F9A0, 00EB97, 0103BC, 012A53, 016863, 01A4D6, 01D361, 01F5C3,
01F4A8, 01D75A, 019A73, 014AC7, 00E612, 008EE6, 003569, FFF766,
FFCB4A, FFAADB, FFA284, FF8E77, FF7C7E, FF5672, FF19AB, FECED1,
FE6385, FDF913, FD7409, FCFF38, FC8D87, FC2AFC, FBEAEF, FBBB20,
FBB78E, FBC825, FBF4F2, FC33CC, FC76E5, FCBF1B, FCFC6C, FD24E0,
FD3FA7, FD384E, FD2099, FCF059, FCACE8, FC6611, FC0C15, FBBED2,
FB6EBD, FB2C08, FAFC3D, FAD4A8, FAC495, FAC253, FACBBD, FAE379,
FAFF61, FB22C3, FB4AAE, FB776C, FBAE99, FBF18D, FC45BB, FCAE1B,
FD2A24, FDB704, FE5623, FEF893, FF9D38, 003B68, 00C908, 0149BA,
01B04A, 020A5D, 024B49, 027DEA, 02A570, 02B532, 02C04E, 02B369,
0292E1, 0264B8, 02186D, 01C03C, 0152F1, 00D706, 0052D6, FFC72D,
FF3CB3, FEB4C2, FE3A5A, FDD40C, FD8613, FD5870, FD4FB1, FD676A,
FD9C62, FDEFA0, FE4B30, FEADA6, FF080B, FF4F49, FF7D92, FF9070,
FF8405, FF576A, FF1221, FEB3B8, FE4320, FDC489, FD3FB3, FCB88F,
FC3667, FBBFA2, FB56A2, FB0451, FAC80E, FAA41A, FA9982, FAA880,
FAD08A, FB10D5, FB6D60, FBDA42, FC6884, FD03BC, FDADE4, FE6685,
FF18C9, FFC5AD, 00641E, 00ED54, 015EB1, 01BA4E, 0201C1, 0236B8,
025D40, 027FC9, 029686, 02AAE6, 02BE78, 02D126, 02E047, 02F2E5,
030776, 03184B, 033A0D, 035673, 038708, 03C60B, 04158D, 047C8C,
04F389, 057765, 05FB87, 067D67, 06E872, 07380C, 07688E, 076AEF,
075202, 071527, 06C8D0, 067142, 061707, 05CDC6, 058ED0, 056922,
055546, 054E7A, 0553CA, 055105, 054B62, 05308A, 04FDC4, 04B779,
044D59, 03DD19, 035317, 02C7C9, 024868, 01C4C7, 016CA5, 01216C,
00FED8, 00FEDC, 0115DD, 014A16, 0183D2, 01BEA4, 01F045, 02036A,
01FE92, 01D92B, 019415, 014195, 00DFFD, 008758, 0037DB, FFFDB2,
FFD553, FFBEE3, FFACBB, FF9D12, FF843A, FF5488, FF1B2B, FEC05C,
FE59B2, FDE4D8, FD6806, FCF087, FC837A, FC2B2C, FBEAFA, FBCC17,
FBCACB, FBE34D, FC19F0, FC572D, FC9D4D, FCE6B9, FD135C, FD43A7,
FD4AEB, FD42A5, FD245A, FCEAD6, FCABE8, FC571E, FC09E7, FBB40D,
FB6B35, FB2E8C, FAFD3D, FADFCB, FAD29A, FAD553, FAE448, FAFC03,
FB1B15, FB3CF2, FB6450, FB9224, FBC802, FC0D80, FC63C8, FCCF61,
FD504F, FDE042, FE7FF7, FF2435, FFC4A9, 00612C, 00E8AA, 015EF1,
01C539, 021008, 02508B, 027E6B, 029C0F, 02AD18, 02AF65, 029D89,
02796F, 02440C, 01F3B1, 019803, 0128F0, 00A8F9, 00287F, FF96A9,
FF1291, FE8AA2, FE14EC, FDB80A, FD6E6B, FD516E, FD4E43, FD70A1,
FDB287, FE0593, FE6830, FEC6A8, FF1E64, FF5CAD, FF867D, FF8D6D,
FF7706, FF468B, FEF58A, FE9489, FE1D00, FD9D6E, FD1542, FC9119,
FC1480, FBA075, FB4375, FAF466, FAC1D5, FAA787, FAA236, FABA00,
FAE6A1, FB2F68, FB8BC4, FC0675, FC92DB, FD3251, FDE22D, FE95C0,
FF48AB, FFEFB9, 0088FF, 010AE9, 017485, 01CB3B, 020B2A, 023D3B,
0260B9, 02803E, 029346, 02AA1F, 02B9C5, 02C951, 02DCF6, 02E9B7,
030155, 03182A, 0332A5, 0358F9, 038DBE, 03C964, 042845, 048D70,
050720, 059003, 060E9B, 068C95, 06F2BC, 073814, 075A7C, 075BA4,
0731CC, 06F4B9, 06A250, 0648F5, 05F7BE, 05AFF1, 0579BF, 055998,
05496F, 054812, 054C41, 0547DB, 053F94, 051A9D, 04E69A, 0494A8,
042B10, 03B383, 032AE0, 02A36E, 0221BC, 01ADBE, 0154C5, 011A74,
00FE4F, 0109C6, 0127BA, 0161FA, 019C37, 01D87D, 020133, 020E46,
02035E, 01D062, 018D90, 013142, 00D685, 007F0A, 0034C7, 0003A3,
FFDCBB, FFC81C, FFBBDD, FFA589, FF8BD8, FF5AE2, FF1631, FEBE93,
FE4DB4, FDDDA4, FD5C09, FCE927, FC7F0B, FC2DEB, FBF6F0, FBDFB5,
FBE83D, FC053A, FC41A2, FC803F, FCC76E, FD064B, FD382D, FD5579,
FD5E37, FD4CA5, FD2668, FCEBA6, FCA413, FC55A6, FBFE65, FBB260,
FB6976, FB2CDD, FB0842, FAECAF, FAE460, FAEF28, FAFC9E, FB1876,
FB3910, FB56FF, FB8047, FBAD8E, FBE4C9, FC2DCA, FC878A, FCF8CF,
FD7A90, FE128F, FEB2F2, FF539B, FFF844, 008719, 010B4B, 017F9A,
01D441, 0222E3, 0259BF, 027EA6, 029F4A, 02A6F0, 02A2BD, 029195,
02637E, 022AC8, 01DC1D, 017594, 01083F, 008679, FFFE77, FF7730,
FEE961, FE695B, FDF8EE, FD9E23, FD6470, FD4A57, FD5540, FD812A,
FDC67B, FE1FE0, FE8079, FEDDD1, FF2FBD, FF679F, FF8904, FF846A,
FF692F, FF2C8C, FED503, FE6E82, FDEFFD, FD726A, FCE79B, FC679F,
FBEF25, FB8083, FB2975, FAE32B, FAB664, FAA1E3, FAA45C, FABEA9,
FAF37E, FB4010, FBA210, FC22E3, FCAF49, FD5653, FE0423, FEB958,
FF662F, 000BCF, 009CD3, 0115A2, 01805A, 01CA71, 020B49, 023696,
025ADF, 02731C, 028912, 0299EE, 02A996, 02BC09, 02CA66, 02DE87,
02F34E, 030B0A, 032BAB, 0353DE, 03890F, 03D094, 042CF1, 049977,
051606, 059D52, 061D5B, 0691FB, 06F2C2, 072B34, 0745E1, 073CF0,
070922, 06CB44, 067494, 061F40, 05D370, 059055, 056150, 0547DC,
053C6F, 053B33, 054137, 0538E3, 052984, 0502B4, 04C502, 046DBD,
0402C6, 038414, 02FD2B, 0274F8, 01F626, 018BA1, 01378A, 010B28,
00F82A, 0107B0, 0136D4, 016BA3, 01A985, 01E26E, 020109, 020B0B,
01F4DE, 01BC5B, 0172E5, 0117FC, 00BBCD, 006AF9, 0022B9, FFF59B,
FFD487, FFC1D1, FFB520, FFA1B4, FF7FA2, FF4DD4, FF0491, FEA044,
FE3786, FDB921, FD3F6F, FCD034, FC6923, FC23E0, FBF558, FBE633,
FBF9AD, FC1D7A, FC5947, FC9F6A, FCDFBC, FD1D1F, FD4C11, FD6001,
FD6482, FD4A7F, FD20AA, FCDEA2, FC9478, FC44BA, FBEB82, FBA548,
FB5E2F, FB2B73, FB0A68, FAF573, FAF721, FAFF11, FB1643, FB31B3,
FB4E33, FB73EE, FB98DB, FBC8B3, FC0493, FC51B6, FCB402, FD2A59,
FDB6A1, FE4C59, FEEF52, FF9303, 002F52, 00BDEB, 013A9B, 01A4E6,
01F865, 023CE9, 026DD3, 0292E3, 02A5A4, 02B231, 02A596, 028D35,
026190, 021DB3, 01CE8C, 01665F, 00F1F3, 00702B, FFE610, FF5B2C,
FED2D5, FE52BE, FDEC6C, FD9727, FD669A, FD59AE, FD681F, FDA171,
FDECE3, FE4794, FEAAA7, FF02ED, FF4F0D, FF7E1D, FF9657, FF889D,
FF5FA4, FF1D7A, FEBD1E, FE4F19, FDD2F6, FD4EAF, FCCAFE, FC4F00,
FBD639, FB74D5, FB1D11, FAE4BA, FAB816, FAAE1E, FAB59E, FAD3F7,
FB1431, FB5C58, FBD113, FC4A47, FCE3D4, FD8841, FE3748, FEEA46,
FF9282, 00349C, 00BAE4, 0131E4, 019455, 01D918, 0213F2, 023B83,
0258CD, 02713A, 0284BC, 029609, 02A575, 02B7E7, 02C8D3, 02DCCE,
02F3DC, 030B41, 032F2E, 035A35, 039297, 03E114, 043E43, 04B122,
053024, 05B3C3, 06325D, 06A088, 06F567, 072762, 073551, 071FE1,
06EE32, 06A3C5, 0653F4, 05FF2A, 05B358, 057ABA, 054DD4, 053AE8,
053226, 053176, 0536BC, 052A84, 051803, 04EA97, 04A42A, 044B32,
03D47E, 035505, 02CE8F, 02462F, 01CE96, 016823, 012160, 00F990,
00F2AF, 010D03, 0136FE, 01774A, 01AD51, 01E2A4, 01FCC4, 01FC82,
01DDAF, 01A02C, 0152D6, 00F181, 009D06, 004692, 000AD2, FFDE30,
FFC7C6, FFB509, FFAA33, FF961C, FF6A70, FF38BF, FEE2D9, FE7E58,
FE116B, FD8DF4, FD19E7, FCAD9F, FC4D43, FC11DD, FBEAD6, FBE656,
FBFEA1, FC2AD2, FC6A56, FCAD96, FCF3D1, FD2BF9, FD538A, FD660E,
FD61D1, FD3F39, FD12CE, FCCB56, FC7D0B, FC302D, FBD8DB, FB9541,
FB56A3, FB26B7, FB0C78, FAFEB8, FB0382, FB104C, FB2833, FB4369,
FB6147, FB86E1, FBAC3E, FBE01D, FC20BD, FC712E, FCDC14, FD5694,
FDE63C, FE83BB, FF24BC, FFC8A9, 005F22, 00EAA4, 01621F, 01C19F,
0213D2, 024E0C, 027B34, 029C65, 02AB6E, 02AF9D, 02A430, 02862E,
0254AF, 021074, 01B70E, 014E16, 00D709, 0051D8, FFCA76, FF3DBA,
FEB86F, FE4136, FDDCAE, FD928A, FD6B4C, FD667C, FD80A9, FDC006,
FE118E, FE6E24, FED2EF, FF2359, FF67FC, FF9344, FF954A, FF8B80,
FF4FA1, FF0829, FEA9FA, FE2FAC, FDBB22, FD3225, FCB36E, FC374F,
FBC908, FB6882, FB1E52, FAE42B, FAC7F9, FABF10, FACD0D, FAF9AD,
FB33F5, FB8DEB, FBFE2D, FC8174, FD1E10, FDC2CD, FE73DA, FF23E4,
FFC906, 00646F, 00E78C, 0154FC, 01B020, 01F065, 022209, 024A5B,
026369, 027A4E, 028D3F, 029CC9, 02AD05, 02C092, 02D1B2, 02E607,
02FCEA, 03166D, 033C47, 036915, 03A99F, 03FB19, 045B2B, 04D444,
055000, 05D3FD, 064E68, 06B33C, 07000A, 072730, 072AE3, 070D0F,
06D630, 0687B3, 0638A5, 05E4B1, 059EFA, 056657, 0544C9, 053201,
052A11, 05303B, 052A90, 052115, 050624, 04D041, 048522, 0420B4,
03AB52, 03243D, 029E14, 021B66, 01A4B9, 0148A8, 0108AA, 00E9AB,
00EAD3, 010CF5, 013A7F, 0178C1, 01B3D4, 01DC75, 01F51B, 01EBF3,
01C104, 0180DA, 0129E2, 00CB8A, 007494, 0027CB, FFEFED, FFCB5B,
FFB8B5, FFA92F, FF9C86, FF81B1, FF5ABD, FF177A, FEC09B, FE5BFE,
FDDD75, FD68D5, FCEF1C, FC85EE, FC3225, FBF839, FBDC7C, FBDFD9,
FC0028, FC33E4, FC7806, FCBCA9, FCFF9E, FD3612, FD53EA, FD63D7,
FD535F, FD2EDE, FCF8B4, FCB0F3, FC6164, FC10C3, FBC130, FB7D43,
FB4637, FB1CB2, FB0AA4, FAFD83, FB0754, FB1AFB, FB29F5, FB4E02,
FB67C1, FB8939, FBB547, FBE61B, FC2E75, FC840C, FCF4CF, FD72B9,
FE0B1B, FEA8E2, FF4AA4, FFEECF, 007C96, 010310, 01738E, 01C994,
02156C, 0248A4, 02726F, 028E8D, 0298A8, 029E50, 028920, 026BCE,
0236C1, 01EB99, 01948B, 012223, 00AC35, 002433, FF98CB, FF13F2,
FE886A, FE1DFD, FDB9EA, FD7C0F, FD5F90, FD6277, FD905D, FDCE1D,
FE2ADA, FE8B7A, FEE4C8, FF3B82, FF71E5, FF9133, FF942F, FF75CD,
FF397F, FEEC04, FE8332, FE0CD2, FD9374, FD0DE3, FC928E, FC1C19,
FBAF42, FB59CD, FB15AB, FAE02B, FACE3D, FAC6E6, FADB64, FB0E21,
FB4C9F, FBAF96, FC21B2, FCACDA, FD4EED, FDF1B9, FEABB6, FF5443,
FFF9B7, 008E34, 010AB9, 017138, 01C17D, 0201A8, 022801, 024EB8,
02675D, 0278AA, 028CF7, 029CB8, 02AD4D, 02BF53, 02D313, 02E88F,
02FEE2, 031ECD, 034514, 0375D2, 03BBBB, 04100A, 047660, 04EFE0,
056DE7, 05EC3F, 06656F, 06BF79, 070373, 072444, 071A36, 06FAEA,
06B967, 066C7B, 061C91, 05C9C4, 058A52, 055788, 0537A2, 052CE9,
05282C, 052B7D, 05281B, 0518A6, 04F6EC, 04BB69, 046C96, 03FED3,
03866D, 030144, 027724, 01FC6A, 018824, 0136AE, 00FE97, 00E6BE,
00F6EC, 011587, 01545B, 018BAC, 01C6AC, 01EDE1, 01F721, 01E94A,
01B487, 016D2A, 0113FC, 00B384, 0063C6, 001B06, FFE887, FFCEF0,
FFB943, FFB1D3, FFA0E0, FF85E2, FF55B8, FF0E11, FEB42F, FE4375,
FDCD75, FD508E, FCDC0A, FC77C7, FC29F5, FBF94C, FBE872, FBF5CB,
FC1A87, FC55AC, FC9B70, FCDE4B, FD20A1, FD4E00, FD663E, FD6DE6,
FD52AA, FD2CBB, FCEB57, FCA46E, FC5398, FC03E0, FBBA5F, FB78BD,
FB4BCF, FB256D, FB19E8, FB1529, FB1DEB, FB3053, FB45A2, FB60D0,
FB7AF1, FBA05B, FBC8A3, FBFDFA, FC4B3C, FCA601, FD1B69, FDA28D,
FE3AF1, FEDBD9, FF7BEC, 001849, 00A400, 012037, 018916, 01DA32,
021CF4, 024D9A, 02706F, 028ABB, 029564, 0292B7, 0280D1, 025BB1,
022441, 01D5B1, 0179FC, 010551, 0088AB, 000273, FF717A, FEEDAC,
FE67BA, FDFF1B, FDA5C7, FD743C, FD5DE2, FD7113, FDA1AF, FDE9CF,
FE4BE7, FEA6B5, FF04A7, FF4F44, FF7FFD, FF97A3, FF8FAC, FF6832,
FF29F1, FECE6E, FE6808, FDEE0B, FD7127, FCF410, FC746D, FC0931,
FBA01B, FB50A4, FB0F06, FAE5D6, FAD15A, FAD4D8, FAEFDD, FB229A,
FB6EF0, FBD0AB, FC4E31, FCDC22, FD8004, FE2E84, FED9E5, FF8B20,
0025B4, 00B1C3, 012D1A, 018546, 01D5DC, 020B29, 0231A2, 025589,
02669E, 027FE2, 028C90, 029E51, 02B1AB, 02BFD2, 02D58A, 02E9EE,
0302AD, 032323, 034BC8, 03824D, 03C7EA, 04235E, 048EEF, 0506F2,
058803, 06045D, 06705D, 06CB17, 07001E, 0715DF, 070B8C, 06D9F7,
069B76, 064B34, 05F609, 05AE63, 056ED8, 05412F, 052B27, 052170,
051E96, 052641, 051B75, 05054F, 04E360, 049B4F, 04496E, 03D927,
035893, 02D887, 024DBD, 01D573, 016F06, 011D8C, 00F44C, 00E8BD,
00FB58, 0129F9, 01659C, 01A178, 01D745, 01F67F, 01F807, 01DEA6,
01A4A4, 015515, 00FB00, 009DEE, 004E26, 00108D, FFE47B, FFCB50,
FFBF93, FFB1BC, FFA384, FF8126, FF4D05, FEFFAD, FE9E90, FE2EC5,
FDAFBD, FD3A8C, FCC802, FC69DB, FC27FD, FBFCA2, FBF5BC, FC0C4E,
FC35BA, FC78F7, FCB9CA, FD0020, FD3C5E, FD5F6F, FD7942, FD6DEF,
FD53B9, FD21E6, FCE0CC, FC94A6, FC4781, FBFA2B, FBB446, FB7B4B,
FB4EA7, FB346F, FB255B, FB28DD, FB30FF, FB4223, FB5CCF, FB6EBF,
FB92DB, FBAFB5, FBDED6, FC1E92, FC65D9, FCD4D7, FD46DA, FDD4EE,
FE73BC, FF0B9A, FFB160, 004485, 00C63F, 01411D, 019AD9, 01E953,
02281B, 025146, 027652, 028B2C, 02938E, 028F47, 027B4D, 025136,
021347, 01C5E1, 015BC3, 00ECE4, 0065A4, FFDBA2, FF548E, FEC31A,
FE5395, FDE2FA, FD9C74, FD704D, FD64D9, FD83F5, FDB718, FE0B48,
FE676A, FEC58A, FF1BFA, FF5C6A, FF8A64, FF90FD, FF83EF, FF5434,
FF0A63, FEB25E, FE416F, FDCBBA, FD4D92, FCD148, FC5BCD, FBEAFD,
FB8ECB, FB3DC4, FB063D, FAE125, FAD34A, FAD9AD, FAFB08, FB347E,
FB843E, FBF0E6, FC70C4, FD050E, FDAC6D, FE5901, FF04B2, FFB005,
0044BB, 00C906, 013E63, 018E80, 01D961, 020C12, 022D91, 025294,
0260A5, 02786A, 028947, 0296D3, 02ADC7, 02BA58, 02CF2B, 02E58A,
02FC28, 031F85, 034AA1, 038322, 03CF73, 042EA3, 049C65, 051A23,
0595EF, 06119F, 0677E2, 06C869, 06F98E, 0700E4, 06EE32, 06B873,
0671B0, 062277, 05CEBE, 058CBA, 055062, 052C47, 051B6E, 050F1A,
0516EF, 0512B1, 050876, 04F3F5, 04BE58, 047C7A, 041CFA, 03AA04,
032B2E, 02A1E9, 02228C, 01A7A7, 0148F4, 0106FF, 00E083, 00E5E5,
00FF13, 01325E, 0172A2, 01A9A7, 01DD2A, 01F111, 01EBD2, 01CB67,
01862D, 01369E, 00DA9F, 008080, 0038C3, FFFD11, FFD9D0, FFC553,
FFB793, FFAF0C, FF98D8, FF6EBA, FF3834, FEE268, FE7C77, FE0BA9,
FD8E2A, FD185B, FCACA5, FC5904, FC1BB6, FBFE42, FC02CF, FC1A4E,
FC53D7, FC92CE, FCD68E, FD1EE0, FD4DE8, FD7307, FD7E55, FD6CE0,
FD4D89, FD1596, FCD1ED, FC8686, FC3A2E, FBECD0, FBB239, FB7969,
FB51E0, FB410E, FB3033, FB38DA, FB4292, FB5501, FB6902, FB843D,
FBA1D7, FBC7CC, FBFA3F, FC3C6C, FC932B, FCFC67, FD8036, FE0D72,
FEA8FC, FF4BB6, FFDE56, 007583, 00ED8E, 015C2A, 01B4AA, 01F82C,
0232C5, 025710, 027C41, 028A80, 029380, 028FA1, 026D81, 024B05,
01FFF2, 01ACF7, 01421B, 00C915, 004853, FFB701, FF325E, FEAAAB,
FE35CF, FDD7FE, FD9741, FD6F7E, FD7861, FD9968, FDD597, FE3056,
FE8789, FEE793, FF3719, FF6CC8, FF9336, FF903A, FF7780, FF4389,
FEF3F7, FE93C4, FE2414, FDAE78, FD2E67, FCB70F, FC43AA, FBD6CD,
FB80CB, FB3458, FB01B9, FAE021, FADAD3, FAE80D, FB1117, FB4F2F,
FBA8B2, FC1AE4, FC9ED7, FD3D3E, FDE0B9, FE8F3A, FF3C2A, FFDA7E,
006E66, 00EC58, 01506A, 01A81D, 01E196, 0212DA, 02376E, 024EAC,
026A15, 02773B, 028E6F, 029DEC, 02ABAC, 02C41A, 02D03F, 02E87D,
0305AD, 0323AB, 035524, 0392E3, 03E391, 04459F, 04B7DB, 053440,
05B1DD, 06296E, 0688F3, 06D1BF, 06F4DE, 06F505, 06D70A, 069A36,
0652CF, 05FF7C, 05B0EA, 05717F, 053B0D, 051CB6, 050C70, 050905,
050AA4, 0507EE, 04FBC7, 04DAA7, 04A730, 0457C6, 03F35A, 037E06,
02F5A9, 0274A0, 01F0D0, 018017, 012AFF, 00F1D1, 00DA85, 00E4EC,
010907, 013F8A, 017EB2, 01B465, 01E183, 01EBF4, 01DF99, 01B3F9,
016842, 0119D4, 00B996, 006A4B, 002575, FFEDE9, FFD7CF, FFBE5F,
FFB9F4, FFA97E, FF8EB2, FF6487, FF204F, FECA03, FE5D77, FDE8FA,
FD6E73, FCF9C2, FC98DC, FC476A, FC1782, FC04DB, FC0C7F, FC344F,
FC6C9B, FCAE3F, FCF322, FD307F, FD5F2E, FD7994, FD7CBC, FD67C0,
FD3CDD, FD03A9, FCBFB3, FC6F22, FC2C8A, FBE060, FBA5CD, FB7A69,
FB52E7, FB4421, FB3CB4, FB40ED, FB4DD0, FB6213, FB7614, FB928F,
FBB17E, FBD916, FC1367, FC58AE, FCB763, FD29C1, FDAA75, FE4311,
FEDB57, FF763D, 001069, 00927A, 010D08, 016FB0, 01C07E, 020390,
02349F, 025DDB, 0278F2, 028AD4, 028F16, 028278, 026338, 022F70,
01EA96, 018D57, 011EE8, 00A5FE, 001B0D, FF9614, FF0C01, FE8A30,
FE2179, FDC2C4, FD900B, FD7760, FD83D4, FDB02D, FDF61B, FE4E5F,
FEA850, FF029E, FF4C8F, FF7C70, FF965E, FF8FC2, FF6B58, FF348C,
FEDEFB, FE7D04, FE0D2F, FD94FF, FD1902, FCA262, FC30C4, FBC873,
FB77DA, FB3119, FB02D4, FAEBD3, FAE7C7, FAFEFC, FB2F07, FB71CE,
FBD671, FC4AC3, FCD602, FD77F0, FE19D8, FECA01, FF70CE, 0009E8,
009829, 010AF5, 016C4B, 01B994, 01EF75, 021E64, 023B89, 02590E,
026D4F, 027BBD, 0294BF, 029A83, 02B1F6, 02C329, 02D259, 02EB68,
0306B0, 032888, 035BA9, 03A016, 03F026, 045BB1, 04CF65, 054A5F,
05CC84, 063420, 069597, 06CD4B, 06E765, 06DF64, 06B6D8, 067832,
062A92, 05DD6A, 058CE8, 055692, 0524EE, 050C90, 05037A, 04FD08,
0502A0, 04FDB9, 04EA61, 04C719, 04876F, 0433D6, 03C6C1, 034A3C,
02C87B, 023D97, 01C840, 015CDD, 010EC3, 00E550, 00D3EA, 00EA1A,
01132C, 014B1D, 018AB9, 01B8C9, 01DE15, 01E479, 01C765, 019AF5,
01486D, 00F6F4, 009D86, 004E65, 00123D, FFE326, FFCF46, FFBAFC,
FFB575, FFA0F7, FF83AA, FF518A, FF06EA, FEA93E, FE396A, FDC38F,
FD4879, FCDBAD, FC7FD3, FC37E3, FC147C, FC0850, FC1DCE, FC49E6,
FC825A, FCCC8D, FD086E, FD43F0, FD6BD8, FD7AB9, FD7C28, FD5B66,
FD2F63, FCF124, FCAAAD, FC6049, FC197F, FBD3FD, FB9F44, FB71FB,
FB53B2, FB470A, FB3F12, FB49EA, FB54C9, FB6691, FB8067, FB964F,
FBBE8C, FBE96E, FC2229, FC76C5, FCD54A, FD4D5F, FDDAB6, FE69D2,
FF06B2, FFA0E3, 002C1A, 00B3B0, 011EC4, 017E93, 01CB85, 0203BB,
023B3B, 02580A, 027682, 028551, 027E69, 0277F3, 0249AF, 0217EB,
01C858, 0166E8, 00F7BA, 007603, FFF1EA, FF6749, FEDF5F, FE6944,
FDFF42, FDB109, FD8820, FD7454, FD9082, FDC27E, FE0E2C, FE66AC,
FEC38C, FF1685, FF584D, FF86D4, FF923A, FF88FA, FF5E2F, FF1B75,
FEC6A9, FE6004, FDEF10, FD7734, FCFD16, FC8835, FC1AF8, FBBAFE,
FB6B0F, FB2B2D, FB0384, FAF213, FAF3E1, FB12CB, FB4A2E, FB9170,
FBFF84, FC7AE8, FD075E, FDAFD1, FE5290, FEFD4A, FFA59F, 0036D6,
00BC36, 012D5F, 01845B, 01CB6E, 020069, 022971, 024659, 025EB4,
027408, 0281AA, 029437, 02A545, 02B3EE, 02C685, 02DA59, 02ED05,
030EAA, 033294, 0368F7, 03B0E1, 0407E7, 0475DA, 04E9DC, 056B1A,
05E204, 064B04, 069EDA, 06CD40, 06E151, 06CD0B, 069ECD, 065E32,
060BB1, 05C22A, 05781F, 053E65, 051CE6, 050294, 04FFD0, 050029,
04FEA5, 04FBB2, 04E161, 04B306, 047219, 0411F7, 03A16A, 0324E7,
029AEC, 021C6F, 01A582, 01459B, 010506, 00DF94, 00DD18, 00F700,
01261D, 015EC8, 019B6D, 01C86D, 01DD9F, 01E171, 01BB33, 018388,
01343F, 00DAE5, 0089AB, 003E70, 000748, FFE207, FFCD93, FFC047,
FFB4CE, FFA352, FF7976, FF4358, FEF398, FE8BB2, FE1E66, FDA392,
FD2D32, FCC736, FC6FC1, FC3523, FC1823, FC1807, FC32DC, FC632A,
FCA101, FCE1D2, FD2299, FD53A3, FD7556, FD80CA, FD74FB, FD5756,
FD2174, FCE4FE, FC9E80, FC531A, FC0F0E, FBD0C3, FB9993, FB7508,
FB5A3D, FB4D63, FB4B7B, FB521A, FB612F, FB70A2, FB8CAA, FBA731,
FBCBA9, FBFFA2, FC3FC6, FC932F, FCFEF9, FD7919, FE0328, FE9C39,
FF3166, FFC684, 005272, 00CAA9, 0136E5, 018D9C, 01D4CD, 021027,
0238AB, 0260E8, 0274A5, 0280E7, 028213, 0264AB, 02422B, 01FEFA,
01AEE9, 014A53, 00D32C, 0054BD, FFCBC1, FF44C3, FEC195, FE4E7C,
FDED8D, FDA7CE, FD8883, FD81A3, FDA34F, FDDF36, FE2B06, FE8809,
FEE326, FF2DD3, FF6EA2, FF90E1, FF959E, FF861E, FF516C, FF0C59,
FEB1B8, FE4585, FDD73A, FD5A4E, FCE5D9, FC730F, FC062B, FBB017,
FB5DE5, FB27B6, FB0531, FAF35A, FB0585, FB21DE, FB61F7, FBB4F9,
FC2339, FCA63D, FD395E, FDDF94, FE83DD, FF2FEF, FFCD7E, 005CDC,
00DD27, 0140A3, 019A96, 01D487, 020A42, 022C84, 0246B8, 0260E3,
026DF7, 0282EA, 028FA3, 02A2D3, 02B2B1, 02C1B6, 02DA4A, 02EA1A,
030FE5, 0338D6, 036FA2, 03BEB1, 041963, 0488D6, 050231, 057EB2,
05F206, 06590C, 069DE5, 06CAB7, 06CED4, 06B4FA, 067FCA, 0639BD,
05EACC, 059B6B, 055C29, 052409, 050705, 04F6F3, 04EFFC, 04F850,
04F260, 04E9D4, 04C9D9, 049874, 044880, 03E6F9, 037472, 02ECD8,
0271AB, 01EBD0, 01869D, 0127DD, 00F461, 00DA06, 00DB35, 0103CC,
0130EF, 016EDF, 01A3ED, 01CB99, 01E072, 01D01A, 01AC7C, 0167FD,
011BB4, 00C16A, 007589, 0030F2, FFFD80, FFE34B, FFCF0E, FFC666,
FFB73A, FFA06D, FF71B1, FF33AA, FEDB9A, FE728F, FE004B, FD8631,
FD196D, FCB2F0, FC6696, FC3965, FC2098, FC2BB0, FC4AF2, FC7F33,
FCBC20, FD0014, FD3782, FD620E, FD81AD, FD8267, FD71CC, FD4EF6,
FD1750, FCD83F, FC91A0, FC4AEA, FC0645, FBCD8F, FB9C02, FB78FF,
FB61E3, FB55F3, FB571D, FB5DC4, FB6BA0, FB8056, FB9A30, FBB789,
FBE2ED, FC184A, FC5E69, FCB91C, FD2677, FDA673, FE31C5, FEC6E2,
FF5D8F, FFEAAF, 0071C4, 00E6E0, 01469C, 019F34, 01DFE4, 021553,
0246C9, 026009, 027B80, 0282DF, 02768E, 026383, 022CBB, 01ECE9,
019410, 0127FE, 00B378, 002C26, FFA78C, FF1F57, FEA106, FE3457,
FDD966, FDA18D, FD8424, FD8D29, FDB538, FDF3F3, FE482D, FEA388,
FEF90C, FF46AD, FF7A04, FF97AC, FF9846, FF7A01, FF4835, FEF721,
FE9AC2, FE2E8A, FDB83E, FD4590, FCCA83, FC5E9A, FBF5E9, FB9CFB,
FB5773, FB2292, FB08A6, FAFDD6, FB1506, FB3AE3, FB8326, FBDCC7,
FC4DCE, FCDA45, FD6D3E, FE15EF, FEBBE1, FF5E96, FFFDB0, 008192,
00FC8D, 015E58, 01AA0F, 01E60A, 021479, 0230B6, 02506C, 02621D,
026F2A, 028565, 028E6E, 02A0F2, 02B253, 02C054, 02D4F4, 02ED2D,
030FB6, 033B30, 037A99, 03C8A0, 042A24, 049D90, 0516C4, 0592FA,
060125, 0660B9, 06A0BA, 06BFF1, 06BBC8, 069B93, 065E53, 0615F5,
05C6B9, 057A87, 053F3C, 050F05, 04F711, 04EA1C, 04E787, 04ECA8,
04E54B, 04D514, 04B0C9, 047170, 042261, 03B580, 033D27, 02BDF0,
02397C, 01C58B, 015D69, 0112AE, 00DE2A, 00D891, 00DDBE, 010AAE,
014262, 01735C, 01B063, 01C95D, 01D54C, 01C230, 018D76, 014BF3,
00F78B, 00A47E, 0059C5, 001B2B, FFF207, FFD894, FFCA80, FFC0DE,
FFAEAA, FF8F32, FF5E58, FF14D1, FEBBEA, FE4DDA, FDDAF2, FD6461,
FCFBD1, FC9D8B, FC5B61, FC360B, FC25CC, FC3BDB, FC5C5C, FC952B,
FCD300, FD119C, FD45F4, FD7032, FD801E, FD8363, FD6852, FD40E2,
FD0C8C, FCC391, FC890A, FC38E0, FC00F3, FBC3B4, FB990C, FB79CD,
FB5FAB, FB5C12, FB5AA8, FB63F0, FB7539, FB8AB6, FBA62A, FBC8C3,
FBF95C, FC3258, FC7CF4, FCE042, FD4C25, FDD0FF, FE6017, FEEEEC,
FF8618, 000FA8, 008C83, 00FEE1, 015C0B, 01A851, 01F0DC, 021EAB,
024ABA, 026BB3, 027979, 02812E, 027329, 0251E4, 021DC2, 01D4D9,
017540, 010953, 008F9A, 000926, FF867E, FF01BE, FE88EC, FE21B7,
FDD1C7, FD9F19, FD8EB2, FDA064, FDCB5E, FE180C, FE6494, FEC6CF,
FF1716, FF5CF6, FF8E3D, FFA144, FF99C2, FF765F, FF3EF6, FEE759,
FE8C72, FE19ED, FDA4F9, FD2F89, FCB8F3, FC4B15, FBE9B4, FB9304,
FB54A6, FB24AD, FB1048, FB138C, FB25BC, FB61C9, FBA13C, FC0B83,
FC7EAA, FD0B8C, FDA928, FE479E, FEF284, FF91A0, 00250D, 00AB1E,
011D34, 0172F6, 01BFC1, 01F3D2, 021BDD, 023C8D, 02512E, 026396,
02737D, 0281A7, 0290D4, 029F1C, 02AFC4, 02C225, 02D543, 02F211,
031252, 034654, 03877F, 03DC2C, 044411, 04B36C, 05333A, 05AA52,
06134C, 066D6F, 06A0A4, 06B609, 06AB33, 067D90, 0641CE, 05F38C,
05A710, 0562B2, 0527A0, 0501E8, 04EC62, 04E4C4, 04E3D8, 04E721,
04D93D, 04C668, 049817, 045482, 03FD14, 038D60, 03149B, 0292E4,
02164A, 01A3EF, 0145BC, 010378, 00DF91, 00D84A, 00EF43, 011B31,
014E8E, 018A86, 01B538, 01CB6E, 01CFD2, 01AE12, 017A47, 0131F6,
00DB04, 008F8F, 004799, 001135, FFEF30, FFD717, FFCDF0, FFBF19,
FFA8A5, FF86B8, FF4B78, FEFF3D, FE9CB2, FE2F2A, FDBAB4, FD4876,
FCE609, FC8DFE, FC53E4, FC35FD, FC2DBF, FC482E, FC6FBE, FCA5AE,
FCE75D, FD1E49, FD5257, FD72A2, FD80CE, FD79E7, FD5CD1, FD36A6,
FCF952, FCB8B0, FC7845, FC2F64, FBF6C7, FBC1D8, FB944E, FB787D,
FB618F, FB5E03, FB5EA0, FB698E, FB7FAF, FB919F, FBB4A5, FBD9C6,
FC0951, FC4DE9, FC9ADA, FCFF7D, FD77DF, FDF758, FE86F0, FF1A6A,
FFA61C, 00303D, 00AA5C, 011218, 01709F, 01B874, 01F642, 022BFE,
024EEE, 026EC2, 027C6D, 0279A5, 026A80, 0240FD, 0207B0, 01B851,
01558A, 00E55A, 00678D, FFE6FB, FF5D05, FEE3A1, FE6971, FE0D95,
FDC70C, FD981A, FD9A62, FDAAE1, FDE692, FE2F2F, FE8597, FEE265,
FF2D71, FF71A7, FF9451, FFA504, FF9727, FF6A5E, FF2ECE, FED362,
FE71B3, FE0049, FD8920, FD1097, FCA223, FC2F05, FBD700, FB854C,
FB48B2, FB26D9, FB13A8, FB2136, FB3BE8, FB789E, FBC58B, FC300B,
FCAA39, FD3AF5, FDD6BF, FE7A7C, FF1E68, FFBB57, 004BB5, 00C832,
0137C5, 0187AD, 01CB6C, 01FF6F, 021F48, 023EA2, 02536D, 026150,
0273FC, 027F52, 028E9D, 029E69, 02AC8B, 02C24C, 02D5C6, 02F54D,
031CAB, 0350D2, 039A30, 03F25F, 045CAB, 04D489, 054EF6, 05C257,
06294D, 06730A, 069E76, 06AE78, 069288, 066994, 0620F4, 05D81B,
058FA1, 054B26, 051B7B, 04F755, 04E7F6, 04E0EE, 04E38D, 04DEF5,
04D2F5, 04B44B, 048464, 04366F, 03DB2E, 0369E6, 02EC91, 027247,
01F501, 018BB8, 013702, 00FCD2, 00DE82, 00E65A, 00FA92, 012ECD,
0161C5, 019416, 01BCC7, 01C9D2, 01C4D7, 019E62, 0164C7, 011786,
00CA8C, 00797E, 003D9B, 000CE9, FFEBA7, FFDDA9, FFCDDB, FFBCFB,
FFA5DD, FF78C6, FF3771, FEE846, FE7FE0, FE106F, FDA199, FD2FA8,
FCD24B, FC836E, FC50A8, FC3955, FC39F8, FC5698, FC81BF, FCBA96,
FCF479, FD2FB3, FD54DC, FD7741, FD7B0D, FD6FAA, FD560D, FD22EA,
FCEE7D, FCABB7, FC6A59, FC29DA, FBEAE5, FBBB49, FB8F0A, FB7436,
FB62B1, FB5D08, FB61E8, FB6D35, FB84C5, FB9B56, FBBFDA, FBEB82,
FC1CE9, FC67B0, FCB84C, FD2201, FD9C5F, FE1E83, FEAF72, FF3DFE,
FFC9C6, 004C01, 00C35B, 012668, 017B99, 01C8E8, 01FA44, 0233DF,
025267, 026BA0, 027C2B, 026F79, 025D65, 022DD4, 01EA78, 019A61,
012FAF, 00BDC5, 004167, FFB834, FF3BBC, FEBBA1, FE4EB8, FDF718,
FDB696, FD9A61, FD9BA8, FDBE8B, FDF90D, FE48BC, FE9F2F, FEF76A,
FF42C0, FF7E0E, FF9C21, FFA4DA, FF8E20, FF5DA7, FF19F6, FEBBB0,
FE56B3, FDE082, FD6927, FCF518, FC7F2B, FC1C8F, FBC075, FB76DD,
FB472D, FB23E5, FB1F52, FB2ED1, FB543E, FB96D9, FBE9A2, FC5927,
FCD8F9, FD6B4F, FE08EE, FEAC18, FF4CD7, FFE6DE, 00713B, 00E8D6,
014D02, 019B15, 01DB83, 0202A5, 02283A, 0241BD, 024E6F, 026741,
026D03, 027E05, 028E68, 0298E8, 02AEEF, 02BD79, 02DB35, 02F6A7,
03281E, 035E0B, 03ACE2, 040AFD, 04779A, 04EFA4, 056537, 05D719,
063356, 06766D, 0698E0, 069B01, 067C00, 064C5D, 0602DD, 05BB1C,
0573C9, 0537B6, 050926, 04EC1E, 04E134, 04D753, 04DDF6, 04D3F6,
04C18F, 04A45B, 0462C5, 041DDB, 03B420, 0343EC, 02CE1B, 024A5C,
01DE02, 0174C3, 01276A, 00F7B3, 00E240, 00EC16, 010CAC, 013A43,
01703D, 019D51, 01BF8F, 01C8A8, 01B56D, 0190CA, 014DA2, 01040B,
00BB20, 006C16, 0036DA, 000B03, FFEC15, FFDFD1, FFCD1C, FFBC93,
FF9C9C, FF6AA6, FF27A2, FECD19, FE69B9, FDF4B9, FD8906, FD1B94,
FCC485, FC7E3C, FC51F5, FC42AF, FC4685, FC6B6F, FC95EC, FCCF14,
FD0B55, FD380C, FD65BD, FD7923, FD7CFA, FD71AA, FD4E33, FD22A1,
FCE863, FCA82C, FC654C, FC24B4, FBEBCE, FBB694, FB92AE, FB7451,
FB68A1, FB6166, FB6AEB, FB7B6C, FB8B88, FBAEC6, FBD041, FBFD66,
FC3A8F, FC8010, FCDB78, FD46B6, FDC0B1, FE4A07, FED3AC, FF6482,
FFEC56, 006932, 00DA67, 013959, 018EF7, 01D047, 020948, 023497,
025781, 026C4A, 02736D, 02677F, 02475A, 02171C, 01CE31, 0175B8,
010B39, 0092F9, 0016CC, FF9231, FF152B, FE9BF1, FE3655, FDE791,
FDB0CC, FD9DF4, FDAA79, FDD212, FE1451, FE674D, FEBD03, FF1427,
FF5870, FF8E2E, FFA5E4, FFA596, FF88DB, FF50E4, FF05ED, FEA439,
FE38DC, FDC363, FD4BB3, FCD600, FC69CA, FC04D5, FBAFE6, FB7161,
FB4025, FB2C3D, FB2A9D, FB3DE9, FB7039, FBB284, FC11AF, FC81F2,
FD0594, FD9C42, FE38D1, FEDEC2, FF7A66, 000F32, 0096EE, 0105A1,
01645F, 01AD9C, 01E3D4, 020B9E, 022C55, 023D7A, 025030, 025E1F,
02686C, 027990, 0285F5, 029460, 02AA7A, 02BC8F, 02D8BE, 02FE9A,
0329F0, 0370DB, 03B8F9, 042238, 048E10, 050270, 057DFF, 05E061,
06375C, 0672B9, 068ABE, 0682FB, 06664B, 0626D3, 05E452, 059E2B,
05540E, 05226F, 04F46E, 04DC7E, 04D372, 04CA61, 04CF31, 04C079,
04ABCF, 0485B6, 044328, 03F522, 038C98, 031A2F, 02A1CB, 0225D9,
01B9B3, 015919, 011454, 00EC3A, 00DD16, 00EE43, 0111BD, 014091,
017463, 019FC9, 01B923, 01BBCB, 01A981, 01786E, 013AFC, 00F225,
00A047, 006426, 00274B, 0004ED, FFEC92, FFD9BE, FFCC03, FFB5B1,
FF91F6, FF5BBC, FF13F3, FEB5F6, FE4DE2, FDDE67, FD70FE, FD09B7,
FCB825, FC79C9, FC5286, FC4C95, FC5631, FC7B5E, FCABE0, FCE11F,
FD1E4F, FD4876, FD71D9, FD80E0, FD85E1, FD6F96, FD524F, FD1D9C,
FCE412, FCA6DC, FC5E1B, FC266C, FBE479, FBB89F, FB92C4, FB7A68,
FB6EFE, FB6E75, FB777D, FB8856, FBA399, FBC243, FBE7EA, FC1AA0,
FC5620, FCA34E, FD0322, FD6EFA, FDF031, FE70B0, FF03E4, FF8B9C,
001093, 008E8A, 00F4E3, 01555D, 01A15F, 01E35D, 02150B, 0241DC,
025B06, 026F58, 026D5D, 025E3D, 023928, 01FE2F, 01B3A9, 015402,
00E784, 006C2D, FFF1B0, FF6C20, FEF354, FE8295, FE2122, FDD868,
FDB0BC, FDA0C3, FDB4B9, FDE765, FE2863, FE8219, FED65F, FF274E,
FF6B3A, FF9627, FFA792, FFA14C, FF78D9, FF3FA0, FEEBB4, FE8811,
FE1C38, FDA117, FD2F93, FCB7A8, FC4F7A, FBF08C, FBA1D7, FB658E,
FB4226, FB2CB4, FB35A8, FB5304, FB84FD, FBD48C, FC2FC0, FCACE8,
FD2ED7, FDCA2B, FE68EC, FF06AC, FFA459, 00375D, 00B179, 012054,
01788A, 01B54D, 01EFC0, 020EF6, 0229A1, 023D6B, 024C5A, 025830,
026676, 027317, 02831D, 029261, 02A331, 02BDA7, 02D73F, 0301C7,
03378E, 037673, 03CE6A, 043356, 04A033, 051A07, 058764, 05E99C,
063B1B, 0666EF, 067AAE, 066E52, 0644B1, 060BFD, 05C30B, 057F72,
053A7C, 050910, 04E6A2, 04CCA8, 04C7B8, 04C151, 04BD50, 04B12C,
0494CF, 0469BB, 042215, 03CF82, 03637C, 02EF35, 02786C, 01FE30,
01980E, 013DB3, 00FEFE, 00DFA9, 00D65A, 00EDEB, 01125D, 0140D5,
017677, 019A03, 01B2E3, 01B18E, 01935D, 0166EB, 01216A, 00D700,
008F0F, 0049CF, 0019BB, FFF6DC, FFDF28, FFD00D, FFBD53, FFA54D,
FF7C94, FF419C, FEF469, FE946C, FE2D49, FDBD30, FD519E, FCF51E,
FCA3D4, FC6F32, FC5003, FC4D56, FC61B0, FC84BC, FCBB51, FCF12E,
FD27E9, FD57AC, FD7645, FD8840, FD8436, FD7039, FD4C63, FD15F0,
FCDD9A, FC99EC, FC5755, FC18F1, FBDE39, FBB44B, FB8DDF, FB7E12,
FB7495, FB7714, FB86DF, FB99DF, FBB5E5, FBD987, FC0164, FC370C,
FC7739, FCC573, FD2AED, FD9703, FE187C, FEA2ED, FF2955, FFB94A,
003A5D, 00AE5F, 011AB5, 017035, 01BB4E, 01F904, 022761, 024EB5,
026711, 027107, 02716A, 025393, 022DAD, 01EF1A, 019B66, 013A00,
00C9D3, 00533A, FFCEF3, FF5A0F, FEDBC7, FE7123, FE1A84, FDD848,
FDB46E, FDB34B, FDCDD3, FE04E0, FE4F94, FEA42E, FEFCAB, FF445B,
FF8743, FFA7CE, FFB414, FFA37B, FF7860, FF33BD, FEDF79, FE784F,
FE05F6, FD92F8, FD187A, FCADF2, FC4227, FBEB55, FBA27D, FB6D83,
FB4D40, FB43B6, FB4F1C, FB6F97, FBADBB, FBFA94, FC60FF, FCDBC0,
FD628C, FDFF95, FE9A56, FF39EC, FFD4D7, 005B8E, 00D83E, 013D33,
018BC4, 01C9CB, 01F80D, 02172F, 022E1C, 0243A5, 024A1D, 025DF0,
026635, 0272E5, 028640, 029072, 02A87F, 02BF93, 02DD6E, 0309E3,
033FCD, 0387BF, 03DF10, 0446C0, 04B288, 052B88, 059287, 05F0D8,
063817, 065C3B, 066828, 064F79, 06287A, 05E675, 05A513, 055CE9,
05222B, 04F332, 04D388, 04C311, 04B894, 04B8C5, 04B01D, 049F43,
048204, 044C57, 040328, 03A909, 033CFF, 02C519, 02513C, 01DD71,
017623, 0128BE, 00EF0A, 00D479, 00D50F, 00EDCD, 011863, 01471E,
017C3F, 019AF2, 01B0CD, 01A8CC, 018715, 015655, 010C4C, 00C40B,
007B95, 003DEF, 000F8D, FFEFD1, FFDA30, FFCB82, FFB589, FF9AB9,
FF6C56, FF2A05, FEDD64, FE77A7, FE0CFA, FDA262, FD3731, FCE076,
FC96EC, FC65F9, FC50D7, FC502E, FC6B2D, FC92EE, FCC5D3, FCFECF,
FD3087, FD5E20, FD7962, FD8567, FD8111, FD62E4, FD3F40, FD06E3,
FCC779, FC86ED, FC4092, FC04FA, FBCE33, FBA3F1, FB85AA, FB7472,
FB7212, FB791F, FB8953, FBA160, FBBEB2, FBE317, FC0E50, FC46D0,
FC8889, FCDC64, FD429D, FDB27A, FE38B4, FEBDDE, FF4EBE, FFD294,
0055D2, 00C879, 0128F5, 018375, 01C3C1, 01FF95, 022C21, 024E83,
0263F3, 02677F, 026257, 02434F, 02150C, 01D100, 017D3A, 011650,
00A691, 00316D, FFACEC, FF389D, FEBEFA, FE5A6F, FE0A79, FDCE74,
FDB84E, FDBB12, FDDF67, FE1C8D, FE6C4B, FEC18C, FF1452, FF6179,
FF90ED, FFB5AB, FFB2B7, FF9D0C, FF6ABF, FF21C8, FEC8D0, FE5D72,
FDEC0C, FD7778, FD03B2, FC94E4, FC37D8, FBDF14, FBA111, FB71EC,
FB58D0, FB5301, FB670E, FB8F2D, FBC959, FC2363, FC899C, FD064C,
FD97D5, FE2E6F, FECCD0, FF6D84, 000014, 00859A, 00FC4C, 0158A7,
01A3DF, 01DDDB, 0201DC, 0222F2, 023627, 02423B, 025658, 025A03,
026D87, 02785E, 02863A, 029BB7, 02AAD2, 02C8B5, 02E976, 031392,
0350E9, 039B1F, 03F250, 04605C, 04C984, 053ED3, 05A3DD, 05FB5D,
0639DE, 06573D, 065C28, 063D22, 061016, 05CD8D, 058C79, 054734,
050EF8, 04E8D2, 04C6E2, 04BE74, 04B591, 04B0EC, 04AADE, 0492CE,
0472ED, 043428, 03EBBE, 038BB5, 031CCB, 02AC40, 0230D8, 01C749,
01630C, 0119CA, 00EBF9, 00D080, 00E01D, 00F900, 0126EE, 015CA2,
01888C, 01AAF8, 01B64E, 01AAA7, 0180E7, 0149EB, 0101E1, 00B5F4,
0073FD, 003325, 000DA6, FFEB7A, FFD97A, FFCB82, FFB164, FF9154,
FF6042, FF1A06, FEC453, FE619D, FDF4B8, FD8973, FD2606, FCCF08,
FC8E75, FC62D7, FC54A1, FC5A95, FC767E, FCA47D, FCD679, FD11AA,
FD4110, FD6892, FD850F, FD8596, FD8150, FD608E, FD3451, FCFB53,
FCBD15, FC775F, FC3559, FBFC1B, FBC452, FBA14A, FB86DF, FB7904,
FB79BB, FB8706, FB938B, FBB49C, FBCE1A, FBF440, FC2645, FC56FE,
FCA566, FCF7EB, FD5FB1, FDDB35, FE57FC, FEE836, FF6FDC, FFF70E,
007382, 00DF6F, 0142B6, 018F47, 01D2B4, 020652, 022ED5, 024F6B,
025C69, 026144, 024D55, 022F51, 01F792, 01B32A, 015AFB, 00F093,
008360, 000591, FF8B1C, FF11BC, FEA0E2, FE4101, FDF571, FDC6B4,
FDB406, FDC485, FDEEA7, FE30F9, FE825A, FED6AC, FF2A03, FF6A32,
FF990C, FFAFC1, FFAA1D, FF89A2, FF54E8, FF0134, FEA5A7, FE3999,
FDC4E5, FD53BF, FCE036, FC7966, FC1A69, FBD0C0, FB923E, FB6D72,
FB59ED, FB5779, FB747C, FB9D28, FBE1FD, FC3D7E, FCA6F0, FD2C40,
FDB9C3, FE5617, FEF63A, FF8E66, 002134, 00A261, 010E33, 016A21,
01AD5C, 01E13D, 0205BA, 021DF8, 0233AD, 023EEC, 024DAB, 0259CC,
026645, 0276E6, 02867F, 0299B9, 02B098, 02CC51, 02F137, 031FBB,
035EBF, 03ADB9, 040A42, 047532, 04E2E0, 055294, 05B4CD, 0604D1,
063B1E, 064EC2, 064C96, 062A2E, 05F2A3, 05B5BD, 056DF1, 053192,
04FF04, 04D5C4, 04BF35, 04B6F6, 04AA9D, 04AA2C, 049C46, 048050,
045D1A, 0418E9, 03CE07, 0369AC, 02FD6D, 0287EE, 0214A7, 01A937,
014B91, 010A13, 00DF77, 00D2B4, 00E11C, 010498, 013458, 01662D,
019553, 01AE51, 01B678, 01A2F9, 0178E3, 01390D, 00F21F, 00A9F5,
00645E, 003245, 000685, FFEDDB, FFDB93, FFC9D1, FFB0F8, FF8E6A,
FF54FA, FF0EDA, FEB6A0, FE4EDB, FDE6EE, FD7A8B, FD1CF1, FCCAE4,
FC8ECD, FC6EF9, FC5FF1, FC7011, FC90D7, FCBD59, FCF3F8, FD2C6D,
FD5899, FD7E8C, FD94AB, FD90BE, FD896C, FD5EF1, FD3851, FCF6F5,
FCB61F, FC75AF, FC2F67, FBF9E2, FBC7D4, FBA5F0, FB8E88, FB874E,
FB8A3A, FB97BC, FBAC64, FBC65E, FBE697, FC0AC0, FC3C1C, FC772A,
FCBEE3, FD1D33, FD8645, FE001C, FE8674, FF0D3D, FF9A6C, 001BCC,
0094DB, 00FFD6, 0158D7, 01A407, 01E32E, 0212F0, 02382D, 0253FD,
02598F, 025AA0, 024614, 021C39, 01E78B, 0198D1, 013E2B, 00D3F9,
005F54, FFE678, FF67D9, FEF5B1, FE86E1, FE2B31, FDEC90, FDC2D8,
FDBC17, FDD4D8, FE02FA, FE4BDA, FE9F69, FEF07C, FF4182, FF7DA8,
FFA3C3, FFB4F2, FFA2FF, FF807E, FF3E1B, FEECA3, FE896F, FE18D7,
FDAA9C, FD34CE, FCC86F, FC649C, FC0CC6, FBC847, FB8F2D, FB6EB6,
FB6213, FB67FC, FB87BB, FBB8DA, FBFF60, FC60D2, FCD028, FD564D,
FDEAFF, FE81CD, FF24AD, FFB96D, 004630, 00C3B2, 012A1E, 017D9C,
01BC3F, 01EA94, 02095D, 022092, 02320F, 023D94, 024B97, 025943,
0265C2, 0274FD, 0288DB, 029B4E, 02B13F, 02D230, 02F653, 032884,
036C9E, 03BB7C, 041DEC, 04896E, 04F737, 0562FE, 05BEE5, 060847,
063499, 064361, 063543, 060CD8, 05D6BF, 059372, 05517D, 0516FA,
04E3D6, 04C42A, 04AE29, 04A3D3, 049BDF, 049812, 048539, 04696C,
043F5C, 03F66A, 03AA14, 0341C3, 02D163, 025F0F, 01EB4C, 0182F6,
012FBC, 00F01A, 00CF30, 00C99C, 00DE08, 0107C8, 013529, 016CFC,
0193DB, 01A9B0, 01AF7D, 0190B0, 0163D7, 0121A8, 00D6DA, 009209,
004D18, 001C0C, FFF82E, FFDEAE, FFCD71, FFBBD2, FF9F75, FF77B1,
FF3F3E, FEF2AE, FE96D8, FE313C, FDC741, FD6038, FD046A, FCB88F,
FC8266, FC66C0, FC6326, FC73F7, FC98EC, FCCB41, FCFF44, FD364A,
FD64B6, FD81C0, FD961A, FD91F3, FD7AFF, FD59BD, FD20B5, FCE8D1,
FCA388, FC5EDD, FC22E7, FBE894, FBBD33, FBA1AC, FB8E88, FB8841,
FB93EF, FB9EB4, FBB7EF, FBD32F, FBF4C4, FC19B6, FC4E94, FC8B4E,
FCD6E7, FD3BA0, FDA478, FE2301, FEA9CC, FF30E8, FFBB4F, 003A4E,
00B0C5, 011164, 016C41, 01B133, 01E7D7, 021ADF, 023520, 024CC6,
0252FD, 024A2E, 02341A, 0203CE, 01CB0F, 017755, 011894, 00AFB0,
00360D, FFBD10, FF42E0, FED0A2, FE6717, FE156C, FDDC9E, FDBAD2,
FDC1F0, FDDCA5, FE14AB, FE61E7, FEB140, FF09A5, FF4EF9, FF86FD,
FFAA19, FFABD4, FF9C73, FF6885, FF28C5, FECF7A, FE68FA, FDFE03,
FD8904, FD1C84, FCB1FF, FC518B, FC00FC, FBBD47, FB8EC0, FB739C,
FB69F7, FB76AA, FB9BD4, FBCF3F, FC211F, FC81CA, FCF7AD, FD83EC,
FE1570, FEB6C1, FF4F22, FFE7D4, 006EEB, 00E1B7, 014A2C, 018F25,
01CC4A, 01F5FE, 020D01, 0227FD, 023228, 024026, 025035, 025B1B,
026BBC, 027F22, 028CB9, 02A4B1, 02BA93, 02DB72, 0302E6, 03388D,
03803B, 03D01C, 0439A3, 04A080, 05121B, 057B00, 05D011, 06147E,
063613, 063E10, 062AD1, 05FDB8, 05C367, 058166, 0541C1, 0506F0,
04DAB7, 04B931, 04A64F, 049F37, 049785, 048E43, 047DC3, 045B60,
042A48, 03E509, 0389AD, 0324D2, 02B2AC, 023D23, 01CFAD, 016991,
011B63, 00E594, 00C9F0, 00CEC4, 00E710, 01134F, 014911, 017926,
01A148, 01B2EA, 01AD90, 018E68, 0156F1, 011674, 00C858, 008183,
0046B2, 00119F, FFF46B, FFDE4B, FFCA81, FFB96F, FF9B2D, FF6E99,
FF32F9, FEE12C, FE8588, FE1BF4, FDB41B, FD5034, FCF3ED, FCB31F,
FC7F3C, FC6A98, FC6E24, FC837F, FCAC5F, FCDFD4, FD167C, FD493A,
FD756D, FD91BD, FD9A0E, FD950C, FD7888, FD4BDE, FD17FD, FCD308,
FC952C, FC4E78, FC1341, FBE044, FBB5A5, FB9F06, FB8F00, FB91F6,
FB986D, FBABDC, FBC4FA, FBDD9D, FC0732, FC2AAB, FC6212, FCA42F,
FCF207, FD595E, FDC72F, FE4996, FECF13, FF58CB, FFE1C9, 005A82,
00CECC, 012B41, 017FA3, 01BF31, 01F313, 021DAD, 02378F, 024BA3,
024BF9, 0240C6, 0220E1, 01F661, 01AF7B, 016031, 00FC15, 008BA6,
00189C, FF9A5C, FF2451, FEB3C5, FE5192, FE05C0, FDD323, FDBF1D,
FDC6CE, FDF086, FE2A78, FE7CA7, FECD04, FF1DE8, FF64F6, FF8FC0,
FFAFB7, FFA9A7, FF8D91, FF5B34, FF0E1D, FEB3A9, FE509C, FDDF78,
FD6F57, FD04ED, FC9D17, FC4237, FBF79C, FBBAB4, FB8F12, FB7A77,
FB7767, FB8876, FBAF4F, FBEE4C, FC3BF6, FCA7A1, FD238E, FDAC94,
FE487C, FEE195, FF7EEC, 000FF7, 0093EB, 010315, 015A61, 01A49B,
01D401, 01F74D, 0213A1, 022110, 0231D2, 0240C9, 024BD1, 025BFA,
026C71, 027C33, 029049, 02A32E, 02BD27, 02DC9A, 03089D, 033F34,
0388EE, 03E23C, 044382, 04B677, 051D0C, 058346, 05D5A2, 060BD6,
062CD8, 062CC0, 060EA8, 05E523, 05A430, 0561B0, 0527F5, 04EA06,
04C6D4, 04A7C0, 049978, 04915C, 048C50, 04836B, 046B8D, 044A12,
04112F, 03C54E, 0369B0, 02FE54, 028D2F, 02183C, 01AB3E, 014CD5,
0104FE, 00D2E0, 00C6FD, 00CB9F, 00EC46, 012119, 014E8C, 018635,
01A654, 01B427, 01A7EE, 01822D, 014A70, 00FFE7, 00B8D2, 00732D,
0034D0, 000E86, FFED9F, FFD793, FFCB97, FFB32A, FF92BF, FF64B9,
FF22F9, FECCA9, FE6F2A, FE0899, FD9B5D, FD3D8C, FCE964, FCA6F2,
FC82A0, FC7248, FC7A0C, FC988A, FCC5FE, FCFBA2, FD3109, FD68D2,
FD8ABE, FDA3EF, FDAB32, FD9699, FD7E43, FD49DA, FD10F5, FCD1E4,
FC8BED, FC4A41, FC1275, FBE09C, FBBD8B, FBA8E8, FB9DC4, FBA1AF,
FBAE28, FBC214, FBD9EE, FBF8DF, FC1C42, FC4658, FC7DA6, FCBF98,
FD1354, FD7C88, FDEDCF, FE7257, FEFC65, FF8145, 000AC8, 007DDC,
00EB4A, 01462E, 018F30, 01CE26, 01FC33, 021FA7, 0239DC, 0246C6,
0243ED, 0235C1, 02137C, 01DE2F, 019B65, 014160, 00DD81, 006DE8,
FFF632, FF7C37, FF0679, FE9BC2, FE3D8A, FDFACB, FDD078, FDC47C,
FDD8FA, FE0455, FE481D, FE9882, FEE878, FF3A63, FF74BA, FF9DF5,
FFB5D8, FFA2DC, FF83E4, FF4B5B, FEF4DE, FEA04A, FE3028, FDC450,
FD56D5, FCEA93, FC8B79, FC3119, FBEE02, FBB439, FB9082, FB81E6,
FB808E, FB992D, FBC402, FC0666, FC5B41, FCCD45, FD46DA, FDD850,
FE75F6, FF0934, FFAB95, 0032DA, 00AED8, 0117E2, 016890, 01A868,
01D4F5, 01F571, 020DB9, 021A61, 022E3B, 02390F, 02457D, 025C48,
026469, 027E61, 028910, 02A43F, 02BC3D, 02DDA9, 030D56, 034574,
0394A1, 03EB58, 0456D1, 04BF31, 0528C7, 058ACC, 05D0D6, 060A0C,
061B13, 0614CA, 05F4F7, 05C034, 05813B, 053F9D, 050348, 04CB32,
04ACF3, 048F63, 0486F7, 047EF4, 047ADD, 046D84, 045426, 042CFB,
03ED32, 039FF1, 033DFB, 02D384, 025E10, 01EB04, 01870A, 0123BD,
00EB46, 00C023, 00B490, 00CA4E, 00EADC, 01221F, 015604, 018452,
01A387, 01AA1B, 019733, 016E7C, 012C94, 00E987, 009A97, 005DD3,
002635, FFFAAF, FFE873, FFCDE4, FFC274, FFAA49, FF84AB, FF5411,
FF0BB8, FEB3B6, FE5579, FDE731, FD84A2, FD269E, FCD512, FCA06D,
FC7BC9, FC77DA, FC8516, FCAAF8, FCDA12, FD1174, FD46AD, FD785E,
FD9962, FDAC55, FDAB7C, FD9779, FD751F, FD3E95, FD08A5, FCBFD8,
FC82F1, FC413D, FC0DA3, FBDEAE, FBC38B, FBB01A, FBAA53, FBB55D,
FBBE02, FBDA98, FBED75, FC11A9, FC3066, FC60EC, FC9745, FCE01C,
FD39B8, FDA3A2, FE1F22, FEA049, FF2EC3, FFB390, 0034D0, 00AAE1,
010E60, 016363, 01AD79, 01E0E1, 020EA8, 02334C, 02427D, 0251B4,
024B8C, 02332E, 02140B, 01D4D4, 018D83, 0135F2, 00C933, 005955,
FFE439, FF6518, FEF735, FE8F93, FE35CD, FDFF62, FDD974, FDD932,
FDF4A5, FE2665, FE6EE3, FEBE0F, FF0F24, FF572F, FF9010, FFB1FC,
FFB865, FFAAE6, FF7D70, FF3BD1, FEEC7E, FE8454, FE1F0A, FDB198,
FD40E7, FCE00C, FC7E13, FC2D4A, FBEBC7, FBB72C, FB9B5B, FB8BBE,
FB943C, FBAF07, FBDE5F, FC256A, FC83C9, FCF39C, FD78C2, FE0B09,
FEA382, FF4214, FFD3DF, 005A6D, 00D118, 012EFB, 017C43, 01B3FE,
01DB9B, 01FA82, 020ADA, 021EA9, 0229F3, 023787, 0249CD, 025387,
026C98, 0279F5, 028D5D, 02A862, 02BDF2, 02E57F, 031674, 03509F,
03A264, 03FCCA, 04633A, 04D1AA, 05369C, 05925F, 05D6B1, 0600FF,
06114B, 05FFA7, 05DD6C, 05A248, 056304, 0521E1, 04E427, 04B98F,
04922B, 048274, 047717, 0472A6, 046813, 04609F, 043D42, 041023,
03D443, 03798E, 031A90, 02AADE, 023733, 01C602, 0162EC, 010C97,
00D1AF, 00B66D, 00AF39, 00C9EA, 00F527, 0126FC, 01620E, 0189B2,
01A137, 01A434, 0186CD, 0158F0, 01176E, 00CCAB, 00846C, 004428,
00138B, FFEEB8, FFD6ED, FFC7E5, FFB5EA, FF9AA7, FF7655, FF3F67,
FEEF94, FE9BB3, FE3441, FDC8E5, FD699B, FD09CD, FCC43D, FC9239,
FC75D5, FC7AF5, FC8B83, FCB420, FCE7B6, FD1E49, FD5479, FD8013,
FD9EEB, FDA92B, FDA3E6, FD8D30, FD6157, FD2C30, FCEF4C, FCAAEE,
FC69DE, FC3356, FBF9FB, FBD6FF, FBBD89, FBAD75, FBB17D, FBB7CA,
FBC9C4, FBE0C3, FBF91F, FC1894, FC3DFC, FC6D18, FCA98F, FCF520,
FD53FF, FDC5BB, FE406D, FEC8CB, FF5380, FFD5E9, 005651, 00C5B9,
01247E, 01760A, 01BBA4, 01E834, 0219F2, 0232E9, 024724, 02503E,
0241DD, 023186, 01FF0C, 01C99D, 0177F6, 0117D1, 00B52E, 003939,
FFC72D, FF4F6F, FEDC31, FE8128, FE2D16, FDFC2B, FDE452, FDE7A7,
FE0EAA, FE44BE, FE9121, FEDD78, FF324C, FF723A, FFA0FA, FFC257,
FFBA61, FFA39F, FF7518, FF2AC6, FED564, FE7365, FE074D, FD9D9A,
FD3557, FCCBED, FC7689, FC26F9, FBE7DF, FBBE96, FB9E06, FB9799,
FBA38C, FBC4E2, FBF7CE, FC4952, FCA75F, FD2270, FDAAE2, FE3D49,
FED92F, FF714E, 000181, 0080CA, 00F36E, 0145B3, 018FF1, 01C2A0,
01E46C, 0200D9, 02130A, 022225, 022F70, 0240A7, 024D09, 026022,
02747A, 0281DF, 029DC1, 02AC7F, 02CDD0, 02F1AC, 032279, 036613,
03B561, 04166A, 047D6B, 04EA17, 054DA1, 05A580, 05E2E8, 06071C,
060B54, 05F5DB, 05CA4E, 058C32, 054BB9, 050B2B, 04D067, 04A5C3,
048933, 047662, 046FC0, 046C80, 046091, 04529B, 042DFB, 03FBE2,
03B813, 035AD8, 02F708, 0285D6, 020FCD, 01A375, 0142F1, 00F3CC,
00C238, 00ACAE, 00B287, 00CF6C, 0102E0, 0134C6, 0169C3, 0190F5,
019EB9, 019DBF, 01764D, 014414, 00FBEF, 00B1CF, 006B93, 002DBF,
000019, FFDE2F, FFCEC7, FFBB73, FFA969, FF8FD2, FF5F8F, FF2858,
FED3CB, FE7A40, FE10C9, FDAAB4, FD466D, FCF1AC, FCB32F, FC8206,
FC7744, FC79CF, FC9375, FCC2C3, FCF15E, FD2C16, FD5E02, FD8358,
FD9D02, FDA27B, FD9674, FD77D8, FD4BCC, FD11E7, FCD0E6, FC9157,
FC5100, FC16DF, FBEAB5, FBC6AF, FBAEEE, FBAB7E, FBAA81, FBB7DB,
FBC955, FBDEC4, FBFC02, FC15D7, FC461C, FC7138, FCB6E3, FD071F,
FD6A3E, FDDF79, FE5D70, FEE9F1, FF6CE9, FFF1E4, 006C32, 00D32E,
013235, 017B9F, 01B90A, 01EC2E, 020F37, 022CB3, 023A0A, 023FA5,
0231C7, 02139C, 01E8D1, 01A1A5, 0154DF, 00F0E6, 0083C3, 001134,
FF9A41, FF2301, FEBBD6, FE5E8E, FE1588, FDF0E6, FDDBA7, FDECCF,
FE1A30, FE5247, FEA4C2, FEF212, FF3F4C, FF7BA0, FFA6E7, FFB990,
FFAFBB, FF9340, FF59E4, FF11BF, FEB82C, FE556F, FDEC14, FD830D,
FD1C32, FCBBF1, FC6656, FC1DA9, FBE533, FBBA67, FBA625, FBA3B3,
FBB26A, FBDD60, FC1885, FC6CB5, FCD72D, FD51FA, FDDF2D, FE7302,
FF0F4E, FFA3CA, 002EC9, 00AD3A, 01101A, 01670B, 01A533, 01D2E0,
01F5AD, 020AD5, 021BAE, 022BA7, 023AA6, 02498D, 025B50, 026D39,
027E10, 0292E2, 02A627, 02BCF3, 02DCD2, 02FFCC, 03399C, 037B67,
03D14A, 04365F, 049D3E, 050ACD, 056AD2, 05BCF2, 05F183, 060D9B,
060C46, 05EB97, 05BD5E, 057C16, 053A91, 04FAD0, 04C74C, 049F7F,
04838D, 047AA7, 046E67, 046FDD, 046121, 044E63, 04278E, 03F0B0,
03A4D7, 0347ED, 02DE84, 026AC3, 01F96C, 018D94, 013636, 00EB42,
00C847, 00B6AA, 00C4CC, 00ED83, 0119A8, 015454, 0184A6, 01A285,
01B181, 019F78, 0177F0, 013DBA, 00F21B, 00AB01, 006057, 002C6A,
FFFFDB, FFE4E7, FFD590, FFC32F, FFB1ED, FF8EE5, FF622E, FF1C2C,
FEC9B8, FE69AC, FE00AF, FD985C, FD3D75, FCE8C6, FCB04D, FC8E4C,
FC7EFB, FC9154, FCAC99, FCDBF5, FD122F, FD44E3, FD75C5, FD9818,
FDAB6B, FDAA20, FD996D, FD7768, FD41B7, FD0B7A, FCC7C0, FC836E,
FC4A5C, FC0ED4, FBE9A3, FBC705, FBB70F, FBB26D, FBB472, FBC4CC,
FBD5DD, FBECD5, FC07DD, FC2ADE, FC51A0, FC8943, FCCFAF, FD2109,
FD90CA, FDFF98, FE8361, FF0E72, FF8E98, 0011E3, 0084F7, 00E837,
013CF7, 01884F, 01B822, 01ED93, 020908, 022276, 0233FE, 0229E1,
0221A9, 01FAF7, 01C4B6, 018508, 01270E, 00C5D2, 005797, FFDF69,
FF6C42, FEF9C6, FE933D, FE3FB6, FDFFE2, FDDD42, FDD917, FDF033,
FE1FE1, FE6340, FEB09A, FEFD1F, FF46A1, FF7CBC, FF9DBB, FFAB5F,
FF9B48, FF758D, FF3BD1, FEEC3A, FE938F, FE30CA, FDC6FD, FD61D5,
FCFCAD, FC9F62, FC521A, FC0773, FBD5B0, FBB03E, FB9BFB, FBA571,
FBB6E2, FBE6EF, FC2B4A, FC831D, FCF1AE, FD74A7, FDFF2D, FE98E2,
FF3127, FFC2E1, 004C0B, 00BD9D, 012100, 016D1E, 01A4F8, 01CE9B,
01EC64, 01FFDD, 021223, 0224AC, 023071, 024328, 025460, 0263CA,
027A73, 0288E4, 029D6A, 02B71B, 02D2DF, 030072, 0339A8, 038083,
03DCF5, 044189, 04AD2E, 051726, 057516, 05BDFA, 05ED86, 0603F6,
05F371, 05D514, 059CEB, 055D5B, 051C88, 04E098, 04AEE5, 048AC6,
047975, 046B5D, 046A6C, 0464A6, 0457C7, 04418A, 0415BA, 03DB3C,
03878D, 032916, 02BBE6, 024825, 01DBC2, 017208, 012109, 00E359,
00C3D5, 00BFB6, 00D425, 01009C, 01338F, 016983, 019C02, 01B178,
01B879, 01A3D2, 016DEB, 013414, 00E560, 009CB6, 005C8D, 0027E7,
0003BF, FFE9E4, FFDD6A, FFCBF5, FFB49F, FF92A8, FF5AF6, FF13C3,
FEBBC8, FE595C, FDECDB, FD8DAE, FD2E9E, FCE419, FCB4BF, FC9361,
FC9347, FCA662, FCC857, FCFBFD, FD2FEA, FD628C, FD9197, FDADAF,
FDBBF5, FDB5A0, FD9ED9, FD772A, FD40A2, FD055D, FCC104, FC813E,
FC464C, FC11E4, FBECC0, FBD03C, FBC5FF, FBBF61, FBCA0A, FBD74C,
FBE96C, FC0553, FC1D3B, FC439A, FC6E99, FCA9F8, FCF28C, FD4F05,
FDB818, FE3382, FEB67B, FF3C9C, FFBF44, 003B9C, 00AA4D, 01052B,
015AD0, 01975B, 01CBA9, 01F96E, 02141F, 022CF7, 023369, 023082,
021972, 01F2D3, 01BADA, 016B79, 0115CF, 00A8DE, 003CC5, FFC284,
FF527F, FEE353, FE828C, FE34E0, FDFF2F, FDE602, FDE8EA, FE0A21,
FE3A6D, FE84AB, FECED8, FF1861, FF5C0A, FF88D9, FFA537, FFA7E5,
FF9291, FF646F, FF2568, FED57A, FE762D, FE1674, FDAB2D, FD47FB,
FCE597, FC8B4F, FC3D7A, FBFC65, FBC8F2, FBAB5B, FB9E19, FBA1ED,
FBC351, FBF3AE, FC3AE3, FC9D2B, FD0F48, FD905A, FE28CD, FEB7E4,
FF53A7, FFE205, 005EDF, 00D1B1, 01267C, 016EFD, 019E6D, 01C7A4,
01DDDC, 01F6EB, 020450, 021432, 02276C, 02330E, 024AE8, 02580F,
026AFE, 028067, 028E88, 02B0AB, 02CB8A, 02FBD5, 033C43, 038434,
03E829, 044CAB, 04B77D, 052012, 0575C2, 05BBCB, 05E1D1, 05ECCA,
05D893, 05B23E, 057919, 0534EB, 04F8B4, 04BBC3, 048E37, 04736E,
045FB4, 04594B, 045927, 0452A7, 044226, 042A21, 03F72E, 03B8FA,
03603F, 02FEFE, 028F6C, 021DEA, 01B383, 014C76, 01066A, 00CCC4,
00B620, 00BD65, 00D852, 0105A2, 014107, 017177, 019D47, 01B381,
01AB0A, 019044, 015851, 011757, 00CAE7, 0080E0, 00496A, 00155F,
FFF995, FFE45D, FFD506, FFC585, FFAAAE, FF83EA, FF4804, FEFC91,
FE9E9B, FE3D53, FDD08C, FD722E, FD1B9F, FCD6B5, FCAB9F, FC956A,
FC991C, FCB1CC, FCDCD0, FD0C11, FD44AB, FD7852, FD9A61, FDBC20,
FDBD43, FDB419, FD998C, FD6A40, FD36FF, FCF50F, FCB566, FC7678,
FC3D00, FC1090, FBEC9A, FBD594, FBCDC5, FBCBE0, FBD682, FBE706,
FBF852, FC157A, FC3270, FC56CE, FC8C41, FCC59C, FD1599, FD796B,
FDE3B3, FE637A, FEE823, FF69B0, FFEBE9, 00641B, 00CBD7, 012685,
0173C0, 01AF91, 01E1BB, 0208BE, 022847, 0237D1, 024086, 0237F3,
021A14, 01F204, 01B035, 01609B, 0104AA, 009576, 002577, FFB0C7,
FF3DF0, FED3D3, FE7BAA, FE3422, FE06E1, FDF8A5, FE0298, FE279F,
FE632C, FEAA22, FEF3F1, FF3DBF, FF77AD, FFA0BE, FFB534, FFB0EB,
FF9312, FF6344, FF1D02, FEC95E, FE6E34, FE058A, FDA0E0, FD3AA8,
FCDB46, FC8556, FC3666, FBFC0B, FBCCFD, FBB127, FBAD53, FBB5AA,
FBDA91, FC13CF, FC603A, FCC836, FD3CF5, FDC7F3, FE57E5, FEEE31,
FF81D4, 000AA3, 008660, 00E9C8, 013E1F, 017CD9, 01ABD5, 01CE33,
01E3EC, 01FBD5, 020650, 0218C2, 0229EF, 023646, 024B54, 025A1D,
026976, 027DD4, 0290FC, 02AC7D, 02D34C, 030119, 0347E0, 039739,
03F76D, 0462C8, 04C942, 052EA2, 057FF5, 05BB34, 05DCDB, 05DA64,
05C1FF, 0594D6, 0554D9, 0515AE, 04D67C, 049EA2, 047832, 045DE9,
045162, 044B49, 044A26, 04438B, 042F01, 04114D, 03D905, 0395E6,
033B59, 02D235, 0265FC, 01F0A4, 018957, 012B4F, 00E496, 00BA98,
00A80E, 00BB33, 00D818, 010DCD, 014582, 0173E3, 019EA2, 01A538,
019C7D, 017872, 0138F4, 00F91F, 00A9B2, 00667B, 002E01, 000336,
FFE794, FFD76B, FFC7CA, FFB67C, FF98BD, FF6A70, FF2BA3, FEDB55,
FE7D9D, FE16B1, FDB4DD, FD4EF0, FD06CF, FCC149, FCA175, FC91D6,
FC9B04, FCBD56, FCE4F6, FD1F95, FD4DDC, FD84D5, FDA1C3, FDBBAC,
FDBCDE, FDAB1A, FD8C9C, FD5A02, FD25BD, FCE367, FCA4D3, FC6BA7,
FC319A, FC0BFA, FBEABA, FBD78A, FBD275, FBD592, FBDCBF, FBF399,
FC0444, FC1FF2, FC4471, FC66E3, FCA1B8, FCE1DB, FD35D6, FD9A70,
FE0E8E, FE8AB9, FF0E37, FF94EB, 000DDA, 008422, 00E8C5, 013D24,
018659, 01BDA6, 01F11C, 0210F8, 023001, 023E15, 023EC7, 02342B,
02140E, 01E18D, 01A014, 014B3A, 00E5DF, 007CE1, 0007AF, FF9237,
FF2655, FEBF83, FE6A18, FE2ECD, FE09B4, FDFF16, FE1832, FE3E29,
FE7C66, FEC998, FF0AA5, FF565D, FF891C, FFAABA, FFB9AD, FFACE2,
FF8B9B, FF5609, FF0C5E, FEB80A, FE57D1, FDF21E, FD8E06, FD2851,
FCCE7C, FC769D, FC3313, FBF557, FBD007, FBBB32, FBB5E5, FBCCC5,
FBF3E0, FC339B, FC88FE, FCF377, FD6DDA, FDFC21, FE89B3, FF2150,
FFAE56, 00310B, 00A841, 010589, 01544F, 018CA1, 01BA08, 01D70A,
01EB55, 0205F1, 020CF0, 022351, 0231D7, 023B34, 025432, 025DCB,
026FD2, 028597, 0293D9, 02B4C7, 02DC88, 030F49, 035908, 03ACC7,
041019, 047A40, 04E285, 0540CB, 058E94, 05C03B, 05D5BE, 05D064,
05AB90, 057CCB, 0539E6, 04F964, 04BBE1, 048D0B, 0464B8, 0453C3,
0446EA, 043E8A, 044431, 0432EF, 042296, 03FB0A, 03C0BB, 037568,
031733, 02ABE2, 023C6E, 01CB31, 016456, 010F47, 00CDDB, 00ADA2,
00A60C, 00B9CA, 00E4F8, 0114AB, 014E61, 017CFB, 01973F, 01A2B7,
018B06, 015E54, 012483, 00D61B, 00909B, 004FC8, 0015B4, FFF719,
FFD89A, FFCCD5, FFBA45, FFA6BA, FF8567, FF4F06, FF1214, FEB7DF,
FE5A80, FDF5C7, FD8DF0, FD34C4, FCEB4B, FCB263, FC9722, FC8F7C,
FC9D39, FCC654, FCF027, FD2796, FD5E0B, FD82F7, FDA8FA, FDB394,
FDB426, FD9B91, FD7B6E, FD4839, FD0D83, FCD2F5, FC9056, FC5B85,
FC2983, FC0238, FBE790, FBD7FC, FBD2B9, FBDC1A, FBE32B, FBFB90,
FC0FD5, FC2B87, FC5556, FC7B0E, FCB788, FD00DE, FD5600, FDBD41,
FE3710, FEB2EB, FF35C7, FFBBDE, 003210, 00A044, 0104EB, 0150ED,
01980E, 01D095, 01F662, 021F99, 023286, 023ED2, 024009, 022B55,
02050A, 01D3B1, 01854E, 013033, 00CC11, 005970, FFED34, FF7320,
FF114E, FEA8C7, FE624E, FE29B4, FE0B9F, FE0EDE, FE24BC, FE57D6,
FE96A0, FEDDF9, FF25CE, FF675E, FF93F2, FFB4D5, FFBA1B, FFA778,
FF8479, FF46B5, FEFC83, FEA606, FE4326, FDE23B, FD7B1A, FD188D,
FCC071, FC6B20, FC2AAA, FBF431, FBD234, FBC2CD, FBC739, FBE1C0,
FC10A5, FC586A, FCB30C, FD2249, FDA055, FE2CF5, FEBBAB, FF5156,
FFD9FB, 005699, 00C794, 011F09, 0165C4, 019D69, 01C2CD, 01DF84,
01F874, 0207CD, 0218D5, 0229FB, 023829, 0247F6, 0256B2, 02674B,
027373, 02871E, 029DF0, 02B98D, 02E94E, 031F11, 036C33, 03C32E,
042C6D, 0493F1, 04FA6F, 0557E7, 05986A, 05C625, 05D0AB, 05C27E,
059E24, 0562A1, 0526EC, 04E47C, 04AB9E, 047E7C, 045C0A, 044C49,
04423E, 044028, 043F40, 042F4C, 041650, 03EDFC, 03ABB3, 035B5F,
02FC5B, 028904, 021D6F, 01ADD4, 014923, 00FC21, 00C3DB, 00A8EA,
00AA7B, 00C756, 00EE74, 01296E, 0158D5, 0185B8, 019D2E, 019848,
018108, 014C73, 010BA6, 00C349, 007B0B, 003D2C, 000B72, FFEBF0,
FFD4B5, FFC344, FFB557, FF98C0, FF752A, FF3DD7, FEF3DC, FE9BB3,
FE38B3, FDD65D, FD6FBF, FD1F17, FCD67F, FCA646, FC9453, FC8FEE,
FCAA3F, FCD03B, FCFF16, FD36B7, FD6503, FD8EA9, FDA7FD, FDB1AA,
FDA810, FD8F9A, FD686D, FD33CF, FCF9D1, FCBE11, FC810E, FC4AF7,
FC1E4F, FBF8B2, FBE1F9, FBD63D, FBD401, FBDCD3, FBE971, FC00A4,
FC1735, FC3800, FC5AFD, FC8C86, FCCACC, FD11E7, FD750F, FDD976,
FE5685, FED4FD, FF56B8, FFD83C, 004B7B, 00B83D, 011212, 01602A,
01A02C, 01D242, 01FCCA, 021919, 0231F1, 0236FC, 0230E0, 021B3C,
01EDFF, 01B68D, 01672A, 010D6E, 00A714, 00359E, FFC8EB, FF55FC,
FEF1D2, FE97F6, FE51A7, FE2279, FE0FF8, FE15BC, FE368B, FE69F7,
FEAAB7, FEF53B, FF385D, FF7565, FF9FDB, FFB666, FFB730, FFA141,
FF7443, FF371B, FEEA5A, FE8D6F, FE3088, FDCB21, FD645E, FD072B,
FCABE5, FC60D3, FC1FFE, FBF434, FBD303, FBCBEE, FBD796, FBF873,
FC2E70, FC7AE6, FCDC4C, FD4C31, FDD3BF, FE58C0, FEF12C, FF7D6D,
000012, 00806A, 00E01D, 01371D, 017A3A, 01A853, 01CEAB, 01E89A,
020056, 020DAD, 0221EA, 022F61, 023E2F, 024EDE, 025A6B, 0269D8,
027890, 028AC1, 02A2AD, 02C3B0, 02F350, 0330CF, 0380E5, 03DD2F,
04460C, 04ADAC, 051268, 056474, 05A16E, 05C33D, 05C8D7, 05B24E,
058633, 054F95, 0508A9, 04D267, 0494EF, 04707E, 04524E, 04436D,
044198, 043CF2, 043A0E, 0429B5, 040C6D, 03D8A2, 039989, 033FB5,
02DC7D, 026CA4, 01FDAF, 01914B, 013557, 00ECD9, 00BBA1, 00AD84,
00B2F7, 00D5AA, 0103EF, 013670, 016D5B, 018D21, 019F3B, 0195E0,
01746D, 013E1D, 00F959, 00B429, 006B3E, 0034B2, 000929, FFE782,
FFD694, FFC7D0, FFB364, FF96FD, FF6D14, FF2F90, FEE1E0, FE8966,
FE21EE, FDBFD9, FD6267, FD0D0A, FCD5E4, FCA64E, FC9D78, FCA1FC,
FCBCDE, FCE9B6, FD17E8, FD4E1E, FD780E, FD9E52, FDB220, FDB4A2,
FDA9FE, FD89D7, FD5FB3, FD2CEC, FCEE75, FCB4EE, FC77F5, FC4408,
FC1A05, FBF62D, FBE43A, FBD6FE, FBDA1A, FBE326, FBF34C, FC08C8,
FC225D, FC41D3, FC6B4B, FC9E2A, FCDD81, FD2EDF, FD8DDF, FDFC1F,
FE75BC, FEF671, FF74B1, FFF127, 006373, 00C72D, 011E25, 016713,
01A2CB, 01D2C9, 01FB01, 0215CB, 0225C4, 022BCA, 021CCB, 020287,
01D2B6, 019145, 01412E, 00E1C8, 007AC5, 000A9B, FF9CF0, FF328B,
FECEBE, FE7E2B, FE3EEF, FE182B, FE0CE7, FE1B2B, FE3F0B, FE7808,
FEBBD3, FF02F4, FF44E0, FF7BF2, FFA328, FFAFEC, FFAF90, FF9108,
FF5FE4, FF22D3, FECCB6, FE763F, FE126C, FDABC0, FD4CC1, FCEA63,
FC97EB, FC4E08, FC140A, FBE6BF, FBD607, FBCCED, FBE276, FC0A43,
FC4315, FC99ED, FCFCE5, FD73BD, FDF906, FE866C, FF11D0, FFA482,
001EAF, 00951E, 00F68B, 0140AC, 018334, 01AD54, 01D027, 01EC47,
01FCCE, 021000, 022038, 022B25, 023FA2, 024733, 025991, 026397,
0272E5, 028899, 029E80, 02C918, 02F883, 033F55, 0391C8, 03F380,
045B02, 04BFC3, 05230E, 056966, 05A507, 05BA56, 05B403, 059EE6,
05657F, 053053, 04EDD2, 04AF2C, 0480C5, 045C65, 044255, 043DD9,
0437CE, 043371, 04326B, 041AF7, 03F8DD, 03C537, 0379C1, 031F87,
02B6F3, 024AEC, 01DA25, 0173A5, 011F30, 00DAE5, 00B7BC, 00AC93,
00BC1C, 00E228, 011013, 014993, 01745F, 01942A, 019ED3, 018C0F,
0166CB, 012D58, 00E739, 00A16B, 005EF6, 002A90, 000383, FFE754,
FFD8F3, FFC5DA, FFB3DB, FF92C0, FF6285, FF22A4, FED053, FE748F,
FE0F8A, FDACEC, FD52F2, FD0883, FCD0BD, FCB076, FCAA13, FCB44E,
FCD6F2, FD02C7, FD317B, FD691F, FD8DE4, FDAE94, FDC2DB, FDBB22,
FDAF9A, FD8AC8, FD5EC7, FD2719, FCED45, FCAE63, FC740D, FC44BF,
FC17B6, FBFF0D, FBE95E, FBE472, FBEA47, FBED1B, FC0B17, FC179D,
FC37B1, FC5D8B, FC7F9F, FCBCF0, FCFE4D, FD5128, FDB7B8, FE2641,
FEA0EF, FF20A2, FF9C39, 001893, 008065, 00E77C, 0135C5, 0179D9,
01B977, 01DF3C, 02078F, 021EF3, 022921, 022A71, 021733, 01F488,
01C0E8, 017AB5, 012525, 00C53A, 005A67, FFEDBE, FF8128, FF16E0,
FEBC54, FE6E50, FE378C, FE1827, FE1354, FE257D, FE5275, FE8B0A,
FECF81, FF15A0, FF5382, FF87D0, FFA6A4, FFB2E2, FFA4CD, FF897E,
FF4D33, FF0F91, FEB643, FE5843, FDFB20, FD90C3, FD31EA, FCD554,
FC839C, FC3BCA, FC0AE8, FBE2C0, FBD0DA, FBD90C, FBEADB, FC1D9C,
FC5F87, FCB2F3, FD2183, FD972F, FE2046, FEAD09, FF37D2, FFC147,
003AFD, 00A9BC, 010288, 015070, 018434, 01B121, 01D14E, 01E6BD,
01FE53, 020771, 021E03, 0224D4, 02380E, 0244A3, 024EE4, 026001,
026E5F, 0282F7, 02A214, 02C9D0, 030212, 034D78, 03A2DC, 040881,
046E44, 04D4E0, 052E77, 0573B4, 05A121, 05B13F, 05A557, 0582B8,
054F93, 050F48, 04D202, 049A67, 046A9B, 044DC8, 043B16, 0430D9,
043323, 042F20, 04246B, 040F0A, 03E475, 03ABA0, 035D5C, 02FE09,
029651, 022605, 01BA73, 0158A2, 010840, 00CE15, 00B273, 00AD8F,
00C373, 00EDED, 011CDD, 01542B, 017B5C, 019682, 019697, 01801F,
0154F3, 0115D4, 00D1DF, 008C78, 004B7C, 001C98, FFF9FE, FFDE32,
FFD1F8, FFBF5F, FFA5BC, FF867B, FF4F09, FF09AF, FEB85B, FE559C,
FDF4EE, FD95BA, FD3EAC, FCFB79, FCC977, FCB16C, FCADA1, FCC45D,
FCE264, FD15BD, FD41A3, FD75FF, FD9CE5, FDB594, FDC922, FDB835,
FDAE81, FD8170, FD5578, FD1C22, FCDF65, FCA5B8, FC6AB8, FC3FAA,
FC170A, FBFF06, FBF0EB, FBEA16, FBF56B, FBFE3D, FC13B5, FC2D7D,
FC4774, FC7078, FC9ABE, FCD52E, FD1FFA, FD73A1, FDDE21, FE4F8D,
FEC8F0, FF497C, FFC3A7, 003A8B, 00A328, 01016A, 014E6B, 019245,
01C807, 01F10E, 021378, 0225FB, 022D6A, 0225DD, 0210E1, 01E39B,
01B0E1, 01622C, 010C5F, 00A940, 003F75, FFD1AD, FF6412, FF0526,
FEA6D5, FE6564, FE3145, FE184E, FE1B06, FE3338, FE6320, FE9E5F,
FEE3D3, FF27FB, FF632F, FF9268, FFAB84, FFB1D8, FFA091, FF7AAC,
FF40FA, FEF524, FEA400, FE413A, FDDE4B, FD7C96, FD1760, FCC1C1,
FC72F2, FC30FE, FC01BD, FBE440, FBD967, FBE2B6, FC03CA, FC3471,
FC7DBA, FCD9F5, FD4614, FDC3D9, FE49BB, FED5F6, FF5F55, FFE461,
005A1F, 00C2EE, 01197A, 015A7A, 01962C, 01B63B, 01D75A, 01EEC3,
01FAE5, 0210A4, 021798, 022C7A, 02336A, 024417, 024E27, 025D77,
026C0C, 028612, 02A4BC, 02D01E, 031391, 0358CB, 03B9D9, 041BF5,
0483C7, 04E6E0, 053844, 0578E4, 059AAF, 05A42E, 059187, 0566DE,
053124, 04F215, 04B588, 047F9D, 04579A, 0439FD, 042C19, 04294B,
0423F6, 041FB3, 04152C, 03F5A4, 03CA9F, 038C65, 0334C1, 02D7BC,
026E6B, 01FD99, 0198F5, 013AA9, 00EECA, 00C0D5, 00A900, 00AD31,
00C93D, 00F4DD, 01282A, 015748, 018020, 019221, 018B76, 0173F0,
014041, 00FF44, 00BC49, 0075FC, 003E58, 000E44, FFF08A, FFDC22,
FFC662, FFBCD1, FF98B1, FF774E, FF3C52, FEF40E, FE9D66, FE3B25,
FDE039, FD7D76, FD3028, FCF2B7, FCC600, FCB67B, FCB955, FCCFE4,
FCF53E, FD2730, FD56EB, FD86CC, FDA9DF, FDC280, FDCB7B, FDBE92,
FDAA5A, FD7B9D, FD4E06, FD143C, FCD697, FC9ED5, FC6575, FC39FA,
FC1815, FC008A, FBF801, FBF49A, FBFEDC, FC0F11, FC2143, FC3FD9,
FC5AF3, FC852F, FCB371, FCF1D8, FD3E4B, FD95B4, FE032F, FE75BA,
FEF06A, FF6EA6, FFE96C, 0056C2, 00C2CF, 0117DA, 016530, 01A3E1,
01D309, 01FC90, 02159B, 02262D, 022A12, 021C11, 01FFEA, 01D4DC,
019197, 014B6E, 00EBD6, 0088C2, 00255C, FFAF87, FF50D1, FEECDB,
FE94AD, FE5F85, FE2A08, FE1D69, FE24F3, FE3FF2, FE76DC, FEB54A,
FEF94A, FF3CF1, FF752B, FF9E68, FFB4A6, FFB3B1, FF9DF4, FF7408,
FF3618, FEE888, FE9285, FE2FCD, FDCD65, FD6A42, FD0A93, FCB61E,
FC6C20, FC32E1, FC06FF, FBF037, FBEAF9, FBFAFA, FC214F, FC56CE,
FCA5E7, FD03B4, FD7515, FDF5B5, FE76E2, FF05C9, FF8CB6, 000A69,
008078, 00DD4D, 013398, 016EAE, 01A0B9, 01C621, 01DD24, 01F34E,
020242, 021142, 021C26, 022C3C, 02361A, 024208, 025045, 0258E7,
027155, 028633, 02A91A, 02DFC0, 031AF7, 036F2E, 03CD0E, 043094,
0496CB, 04F4E0, 0542EB, 05792D, 059524, 059409, 057A29, 054E6F,
0514EF, 04D598, 049C48, 0469B6, 0442E3, 042F94, 042098, 041E36,
041B18, 041466, 0401CF, 03E1C7, 03AED4, 0369F7, 0314DA, 02AFD5,
024930, 01D7D8, 01791E, 011D56, 00DA8E, 00B482, 00A153, 00AF9B,
00D00C, 00FC9D, 013179, 016001, 01802A, 018E3F, 018499, 0160F6,
012BDF, 00EAA4, 00A4B2, 00653D, 002DAB, 0004EA, FFE879, FFD3B3,
FFC524, FFB071, FF92AC, FF6551, FF2A31, FED98E, FE849A, FE23D7,
FDC239, FD6CFF, FD1F91, FCE7C4, FCC434, FCB961, FCC0BE, FCDEB2,
FD0761, FD36FD, FD6AD5, FD9631, FDB7AA, FDCDD0, FDCE49, FDC2C1,
FDA684, FD7748, FD4752, FD0878, FCCD36, FC956D, FC5ED1, FC37E5,
FC16DE, FC0550, FBFD02, FBFF9C, FC0DFB, FC1A62, FC35C7, FC4DC5,
FC6DE5, FC9C72, FCC6EC, FD0E31, FD5987, FDB50B, FE2615, FE979C,
FF1550, FF905A, 0009AA, 0072FA, 00DBA0, 012AD8, 0175F3, 01AEE9,
01D9D8, 0200F5, 021308, 0221DB, 021FCE, 020CE7, 01ED82, 01B986,
017A23, 01294B, 00CCF0, 006B69, FFFE24, FF989A, FF316E, FED414,
FE89B8, FE4B34, FE292E, FE1CB0, FE2DA9, FE4D9B, FE8857, FEC626,
FF0DBF, FF4E71, FF8055, FFAA83, FFB540, FFB16B, FF9765, FF6501,
FF231C, FED320, FE7B09, FE159A, FDB737, FD53D0, FCF787, FCA933,
FC618D, FC2E40, FC06D9, FBF6E7, FBF70B, FC0C71, FC363E, FC742F,
FCC396, FD2B51, FD9B90, FE1BC6, FEA5AD, FF2A2E, FFB3FB, 002E72,
009C1B, 00F8C1, 01455A, 017F05, 01AA27, 01CDEB, 01E251, 01F808,
020567, 02129C, 022065, 02282F, 023BA3, 023F97, 025238, 025CD7,
02726E, 028E6A, 02B31E, 02EB57, 032E73, 038305, 03E26B, 04488D,
04A8F7, 0506EA, 054AF4, 057940, 058EC1, 05866D, 0565F4, 0538CF,
04F912, 04BC53, 0488B8, 0453BB, 0438C7, 0423D6, 0417C5, 041772,
041323, 0406C5, 03F615, 03CCEF, 039798, 034CE8, 02F2AF, 02917D,
0221AB, 01BE1A, 01554E, 010990, 00C82D, 00AACF, 009FDB, 00B3D5,
00D806, 010663, 013E4F, 0162CA, 018739, 0186B7, 017A22, 0151BD,
0116C7, 00D889, 008F60, 005556, 00211D, FFFB28, FFE3DE, FFCEF5,
FFC0E8, FFA6C9, FF877B, FF551F, FF15D6, FEC550, FE6A93, FE0CE9,
FDAC2B, FD5AAC, FD1212, FCE041, FCC4D4, FCBA30, FCCEC9, FCE8E9,
FD1798, FD46ED, FD7998, FDA11E, FDC2CF, FDD0C3, FDCDB4, FDBF7A,
FD99F8, FD6F20, FD334F, FCFD78, FCBB5F, FC872E, FC55AF, FC2C7E,
FC168D, FC034A, FC010D, FC06D3, FC12F5, FC291E, FC3E0B, FC5BAB,
FC7DD9, FCA46C, FCDE77, FD1EBD, FD6F3E, FDD40D, FE3D95, FEB7F8,
FF326E, FFAC98, 0025A7, 0089C9, 00EDAB, 013AF9, 017D96, 01B62D,
01DD12, 02001B, 020FAB, 0219A6, 021495, 01F991, 01D92D, 01A00E,
015C4B, 010A2B, 00ADA7, 0048A6, FFE097, FF7A32, FF1654, FEBD74,
FE7668, FE4007, FE2241, FE1FE9, FE30CA, FE5DD5, FE94A6, FEDAE5,
FF1B9E, FF5DD3, FF8D7D, FFADD2, FFB9B3, FFAA4F, FF8E6A, FF5185,
FF11D7, FEBA38, FE60AE, FDFCE1, FD9DDC, FD3D6B, FCE448, FC9A20,
FC5776, FC2680, FC0889, FBFD41, FBFEDD, FC21D8, FC4AB0, FC8EAC,
FCE77D, FD4A4F, FDC3A1, FE440D, FECB4A, FF545D, FFD58E, 004DB1,
00B684, 010D85, 015447, 018DAA, 01B316, 01D24D, 01EBCE, 01F6B8,
020CD4, 021503, 021E84, 0232BA, 0234FD, 02493E, 02509E, 0260A7,
0279F6, 029311, 02C18E, 02FA5F, 033F34, 039AEE, 03F985, 045BB1,
04C0B6, 051254, 055249, 05779E, 0585CD, 057405, 0552FD, 051C53,
04E18B, 04A4EA, 046DF8, 044933, 0424BD, 041B43, 04110D, 040D49,
040B25, 03FE0D, 03E2AB, 03BBE4, 037D36, 033251, 02D5F9, 026C31,
020647, 01985E, 013F4E, 00F1C3, 00BDB5, 00A1B2, 00A365, 00BA3D,
00E092, 0117F7, 01434B, 016E54, 018798, 018270, 0172CD, 01417E,
010938, 00C506, 008381, 004858, 001B6E, FFF991, FFDF3D, FFD2D3,
FFBDDB, FFA56B, FF8220, FF4C0D, FF0609, FEB8C3, FE5981, FDF9F5,
FDA55C, FD4E0C, FD0FC8, FCE4DE, FCCA5A, FCCCEB, FCDF99, FD04C7,
FD2D1B, FD6574, FD8E33, FDBBA3, FDD191, FDDF9B, FDD9C0, FDBE66,
FDA03A, FD65E4, FD3363, FCF210, FCBB3A, FC7FE1, FC55EA, FC3013,
FC1723, FC0FEF, FC0B56, FC1620, FC2438, FC38A8, FC5082, FC6C9B,
FC9163, FCBA42, FCF533, FD394C, FD8DF3, FDF490, FE6292, FEDB1F,
FF57F1, FFD01C, 0040DA, 00A931, 0101ED, 014E47, 018C2E, 01BF68,
01E61D, 01FECE, 02114A, 0212C7, 02081A, 01EF7E, 01C2A7, 018A88,
014137, 00EF2B, 008FA3, 002C73, FFC32E, FF6045, FEFF10, FEAA27,
FE69F7, FE3630, FE2432, FE2440, FE3CDD, FE7093, FEA713, FEF134,
FF3338, FF6C2E, FF9F7F, FFB30B, FFBA8A, FFA8DE, FF8084, FF4824,
FEFAD1, FEAB0C, FE45DC, FDEC02, FD854A, FD2B7E, FCD853, FC8ACF,
FC530B, FC2513, FC0C5E, FC050F, FC13F5, FC300D, FC6839, FCAC98,
FD09A0, FD7481, FDEA85, FE6FDB, FEF440, FF7A8A, FFFA87, 006B9C,
00CF8B, 0121B5, 016231, 01968A, 01BA0B, 01D5F7, 01EB04, 01F8E6,
0206D3, 02125E, 021DE4, 022AC9, 02344D, 024003, 024EBB, 025C61,
0275FC, 02968C, 02C401, 03013B, 034EF2, 03A72B, 040868, 046C67,
04C83A, 0519DF, 054F4B, 056FD9, 0571FE, 055DFB, 0535C9, 04FDBC,
04C245, 0487F9, 045574, 042FEC, 0415A9, 0407A2, 04038E, 03FE95,
03FD31, 03E8F8, 03CE87, 03A21B, 035D91, 0310E3, 02AEEB, 024766,
01DCF3, 0176F0, 0121A8, 00D6CB, 00AEA7, 00990E, 00A1BC, 00BDE9,
00E981, 011CC3, 014871, 0171CC, 017E63, 017A04, 016140, 012A59,
00F3D3, 00AD10, 006AE7, 00389F, 00082A, FFED78, FFD7B5, FFC614,
FFB4A6, FF976A, FF724B, FF356A, FEF2F4, FE9CAE, FE3E32, FDE793,
FD8971, FD4021, FD0503, FCDC47, FCD053, FCD0C8, FCED18, FD11D2,
FD4099, FD7753, FDA014, FDC74F, FDDD8E, FDE2A3, FDDAA3, FDBBD5,
FD9320, FD5E8D, FD22F8, FCE6E7, FCAB0C, FC77F0, FC4D9E, FC2D2D,
FC1BD6, FC117D, FC167F, FC1F77, FC3119, FC479C, FC5CB8, FC7E60,
FC9E6B, FCD191, FD0874, FD53BA, FDAEA9, FE11C3, FE868F, FEFFF3,
FF77C7, FFF0C8, 0061E1, 00C0C7, 011886, 01617A, 019964, 01C997,
01E8B0, 020325, 020DE3, 020A99, 01FDF2, 01DD9C, 01B079, 0173D0,
012AC5, 00D254, 0074D3, 001282, FFABC8, FF46DC, FEED07, FE9A75,
FE5DCC, FE3608, FE245C, FE2F88, FE4D3C, FE845A, FEC07D, FF090B,
FF4804, FF80A3, FFAB54, FFBAE4, FFBBE6, FFA487, FF7534, FF3842,
FEEBC7, FE90E2, FE3441, FDD388, FD7262, FD1A16, FCC7CC, FC83C7,
FC4F01, FC2693, FC1589, FC13EF, FC2328, FC4CC9, FC83D4, FCCEC2,
FD2FEF, FD9B9C, FE1707, FE9A7B, FF1EBE, FFA39B, 001ECC, 008CD0,
00EA80, 01379F, 017489, 01A12A, 01C4BA, 01DC12, 01EDF2, 01FCD1,
020897, 0215D3, 021ED0, 02299A, 0235E7, 023E3C, 024EA7, 026390,
027969, 029E5F, 02D595, 030D84, 036515, 03BFF0, 041B41, 048495,
04D735, 052283, 05542F, 056A3B, 056829, 054B90, 0521C6, 04E6F8,
04AB84, 0474D8, 044406, 042194, 040C15, 040062, 03FA75, 03FBC2,
03F005, 03E0FD, 03BEBD, 038BC6, 03476B, 02F1BB, 0291A7, 022593,
01BFBB, 015CC3, 01082E, 00CEC7, 00A441, 009B0E, 00AA8A, 00C69D,
00FA81, 012997, 015546, 017685, 017EFC, 01749A, 015111, 011F28,
00DCD2, 009BA0, 005B00, 002B04, FFFF83, FFE553, FFD5EB, FFBDF8,
FFB098, FF908C, FF5FAE, FF29E5, FEDB33, FE86A9, FE2CDB, FDCCA4,
FD7A5C, FD319B, FCF9A6, FCDE16, FCCEEF, FCDB9E, FCFADD, FD1EDD,
FD568B, FD8314, FDAFBF, FDD06E, FDE2D2, FDE2C8, FDD4E7, FDB53F,
FD84F7, FD5200, FD11AF, FCD8B9, FCA0D9, FC6BF9, FC4B87, FC2B4E,
FC1EA6, FC1B51, FC1F23, FC2C8E, FC3E48, FC548F, FC6DC6, FC8F4F,
FCB2F4, FCE882, FD235D, FD7165, FDCF2F, FE36BD, FEAB4F, FF2531,
FF9E92, 001320, 007F03, 00DC61, 012EA8, 0171DB, 01A5AD, 01D1F4,
01EDC0, 020280, 020C98, 020260, 01F269, 01D0A0, 019B68, 015F35,
0110BE, 00B849, 005BC8, FFF560, FF8FAA, FF2F7C, FED432, FE8C86,
FE509C, FE2FF3, FE2822, FE34BA, FE602B, FE9280, FED6E2, FF1933,
FF575F, FF8F2F, FFAC1A, FFBECF, FFB6C3, FF970D, FF6896, FF214F,
FED3D5, FE789B, FE19F5, FDBB11, FD5A48, FD0975, FCB768, FC795F,
FC4B65, FC2579, FC1C8A, FC1F33, FC34B9, FC62F4, FC9E56, FCED68,
FD518E, FDBEAA, FE3F95, FEBF0D, FF458F, FFC6C5, 003BEC, 00AA91,
00FE80, 014968, 018020, 01A950, 01CBDC, 01DF1E, 01F282, 01FFFD,
020903, 021680, 021D65, 0229E8, 023338, 023F2A, 025212, 025FCC,
0284D7, 02A6DE, 02DDE1, 032602, 03730F, 03D460, 043429, 049325,
04E56A, 0527F9, 055407, 055DF2, 055D1E, 053747, 0506BE, 04D2F8,
0490DC, 045F44, 0433BD, 0410E0, 040118, 03F792, 03F50F, 03F265,
03E889, 03D245, 03AF4E, 03731D, 032F0C, 02D1A2, 026D50, 020B96,
019AE2, 01448D, 00F6D6, 00B9A0, 00A577, 0099BF, 00AEBD, 00D7D6,
010371, 01345F, 01615E, 017702, 017C43, 016D4F, 013F5A, 010B06,
00C923, 0086DD, 004A35, 001D4B, FFF4D5, FFDE37, FFCC17, FFBB71,
FFA4E1, FF81FE, FF5693, FF1075, FECAC7, FE7029, FE1019, FDBF47,
FD6473, FD26F3, FCF766, FCD8DE, FCDB11, FCE6A4, FD0AA3, FD35EF,
FD656E, FD9907, FDC076, FDDAB3, FDEDDF, FDE34E, FDD494, FDAD66,
FD7D6D, FD46BC, FD059A, FCD1E6, FC945C, FC6DA7, FC45AF, FC32C4,
FC2428, FC22B8, FC2E4A, FC34D5, FC4FC7, FC6160, FC7BB6, FCA2FD,
FCC25E, FCFEDE, FD3C1C, FD8B9A, FDEE96, FE58EC, FECD5C, FF4909,
FFBFF9, 003035, 0099D7, 00F359, 013ED3, 017D15, 01AEA9, 01D127,
01EFA9, 01FDD0, 0201DD, 01F856, 01DFF0, 01BBBF, 0186E0, 0143C3,
00F4D6, 009CE7, 003A5E, FFD962, FF71B3, FF155A, FEBD8C, FE7847,
FE471F, FE2A5D, FE2988, FE3FAE, FE6BCF, FEA35B, FEE9C2, FF2A3F,
FF68E6, FF9879, FFB596, FFBB7A, FFAEBE, FF8C31, FF5278, FF0F72,
FEBB86, FE5DB3, FDFFE6, FDA236, FD44E5, FCF30C, FCACFE, FC6D1D,
FC44AA, FC2AB6, FC1CDC, FC2B9E, FC4433, FC721A, FCB985, FD06AD,
FD6EC8, FDE3AA, FE5D76, FEE609, FF67C9, FFE5FD, 0059C6, 00BD25,
011285, 015399, 018B0B, 01AF7E, 01CAEA, 01E35C, 01EF48, 01FD27,
020AAC, 020FBD, 021D5D, 022725, 022FAF, 024028, 024E35, 02675C,
02865D, 02B11F, 02ECEC, 03312D, 0387D5, 03E6F7, 044597, 04A0B4,
04F0CE, 052BB7, 054D8B, 055AA7, 0547A9, 05237F, 04F12D, 04B574,
047B6E, 044809, 041DCB, 040312, 03F437, 03ECE9, 03EBBF, 03E6AF,
03DAA9, 03BF9E, 03971F, 035B44, 030AD0, 02B34E, 0249B0, 01E24C,
01823A, 0123FD, 00DE60, 00AFA8, 0098AC, 0099E0, 00B7AA, 00DC6D,
010F36, 01402C, 016408, 017A1D, 01772C, 015EF4, 0130FA, 00F64E,
00B580, 007439, 003B46, 000E3F, FFED63, FFD8DE, FFC732, FFB4A2,
FF9F61, FF76C6, FF462C, FF0441, FEAF2D, FE5D59, FDFBB0, FDA842,
FD57E9, FD1AD2, FCF370, FCDB44, FCE336, FCF5DF, FD1C4C, FD4B53,
FD7989, FDAD81, FDCDC8, FDEB17, FDF1A2, FDE89F, FDCB7D, FDA89C,
FD7346, FD367A, FD01C8, FCC02E, FC923B, FC6660, FC463B, FC35EF,
FC2897, FC303A, FC354C, FC456A, FC5C14, FC6FC1, FC8E55, FCAD75,
FCD9E2, FD101E, FD5671, FDAB79, FE0BE0, FE7DB5, FEF0FC, FF6E94,
FFE294, 004FF7, 00B5CA, 010804, 015348, 01897A, 01B9E9, 01D8D2,
01EF21, 02013A, 01F845, 01F496, 01D34F, 01ABD0, 0176A8, 012C61,
00E2EA, 007FE8, 0026F7, FFBBC9, FF60A2, FEFD13, FEB1DE, FE6D8D,
FE4148, FE31C1, FE3111, FE5235, FE7E5D, FEBE72, FF0170, FF43A2,
FF7C76, FFA95E, FFBC80, FFBFF6, FFAC50, FF7E9B, FF487F, FEFA97,
FEA47C, FE4C7D, FDE75B, FD8F05, FD3652, FCE1FD, FCA655, FC685D,
FC427D, FC3221, FC24A8, FC391D, FC58D9, FC88D9, FCD422, FD28DD,
FD9392, FE057C, FE8B78, FF082C, FF8E2F, 0007E3, 00731C, 00D58F,
0121E2, 01625D, 018F2C, 01B720, 01CAB5, 01E2FB, 01ED62, 01FB51,
02055A, 020D41, 021B9D, 02232B, 023171, 023F33, 0250FB, 026A96,
028C70, 02BE74, 02F6E6, 0344E6, 039A8E, 03F7B7, 045966, 04B0A4,
04F9DB, 05318B, 054BAB, 054C60, 053CE3, 050BD7, 04DB47, 049E6C,
0464D0, 04354B, 0410A3, 03F839, 03EA9B, 03EAB7, 03E40D, 03DFAB,
03D100, 03AFCA, 038653, 0341A3, 02F2CD, 029485, 022CB3, 01C6FF,
01641C, 0111A3, 00CF6C, 00A58C, 0098E5, 00A1FE, 00BDD3, 00F02C,
011BEF, 014B58, 016DC9, 017A0C, 0171C2, 01530D, 0122F6, 00E255,
00A31A, 0062D6, 002E47, 0003A0, FFE81D, FFD518, FFC467, FFB1D7,
FF9853, FF6D81, FF37AB, FEF314, FE9C0C, FE4675, FDE879, FD9498,
FD4B4B, FD121A, FCF0F7, FCE27C, FCEAF7, FD04F2, FD2FFD, FD5C9E,
FD8F33, FDBE19, FDD73E, FDF5A8, FDEF31, FDE47C, FDC77B, FD9756,
FD664D, FD2ADD, FCEDBE, FCB8F8, FC8A37, FC5D35, FC4A2E, FC3604,
FC2F07, FC3A4B, FC3F3B, FC52B2, FC66DF, FC7BF5, FC9CBC, FCBC4A,
FCEBC1, FD26B0, FD6CF5, FDC7F0, FE2D1D, FE9DE7, FF164F, FF8DCF,
0001F9, 006DBD, 00CADF, 011CCB, 016032, 019425, 01BED0, 01DAD6,
01EFC8, 01F82C, 01F5C4, 01E476, 01C6DC, 0199E1, 015EF6, 0118B3,
00C1A2, 0069BB, 0007D7, FFA046, FF4649, FEE83B, FE99F6, FE639A,
FE3915, FE2F9C, FE3BC1, FE5BA2, FE937D, FED037, FF15A2, FF55D7,
FF8883, FFB044, FFBFAB, FFB8B2, FFA140, FF6EEF, FF3091, FEE3FA,
FE89E1, FE302B, FDD075, FD7545, FD21BC, FCD50C, FC936F, FC6542,
FC3FA8, FC2E63, FC32DF, FC3F62, FC6BB6, FCA164, FCE9E4, FD4CFC,
FDAF9A, FE316D, FEA7DB, FF3004, FFADE5, 002098, 009045, 00E5C8,
0131A4, 016A4B, 0196AE, 01B53E, 01CCFD, 01DEB8, 01E6C5, 01F945,
01FD7F, 020914, 02168E, 021D2A, 022D81, 023CF4, 0250C8, 026A95,
0292CA, 02C382, 0302E0, 0353DA, 03AB62, 0409A2, 0467F2, 04BD01,
050124, 052FF3, 0544DF, 053F02, 05238F, 04F52D, 04BFFB, 048415,
044DE7, 042111, 03FEB9, 03EBC7, 03E0BC, 03E04C, 03D9A7, 03D271,
03C3F9, 039AB6, 036F64, 0324B4, 02D1CB, 0273BE, 020982, 01A7B7,
0148BB, 00F7A9, 00C165, 009F5B, 0096BE, 00AA29, 00CA51, 00FBE2,
012827, 015745, 01716F, 017642, 016C1E, 014305, 011008, 00CF80,
008D39, 0053A8, 001DA0, FFFCF3, FFE0C7, FFCF78, FFC154, FFAC7A,
FF8E02, FF6510, FF2774, FEDEF7, FE8BE2, FE2CDA, FDD96B, FD7F71,
FD4264, FD0C08, FCEF35, FCEAEE, FCF6FD, FD1627, FD4296, FD73E2,
FDA06D, FDCEDC, FDE77B, FDF843, FDF65E, FDE0E4, FDC23B, FD90B7,
FD5C29, FD2080, FCE6C6, FCB4F2, FC82FD, FC63BA, FC4C04, FC3D86,
FC3DF0, FC4448, FC4F1B, FC6431, FC7452, FC9026, FCAF74, FCD02E,
FD0699, FD3FF9, FD8D6D, FDED50, FE51B4, FEC721, FF3E4E, FFB5E6,
00278E, 008C08, 00E8BD, 0131AC, 01729C, 01A39B, 01C5F0, 01E507,
01EFC9, 01FB25, 01F05A, 01DD5F, 01BDC7, 01880E, 01516A, 01007E,
00AD6B, 00523F, FFE988, FF8EE3, FF2779, FED716, FE8C20, FE55F2,
FE3D10, FE2ECA, FE4967, FE6E68, FEA44A, FEEC9F, FF27DA, FF6969,
FF98EE, FFB776, FFC06C, FFB883, FF935D, FF629F, FF1D59, FECE2F,
FE7743, FE1637, FDBF7F, FD6124, FD1185, FCCAA2, FC8DB1, FC5F0A,
FC4748, FC3689, FC3C51, FC5962, FC7C7A, FCC08A, FD0CDD, FD687B,
FDE009, FE4FA1, FED58D, FF5744, FFCE4F, 00481A, 00A7AA, 00FEFB,
0144F2, 017646, 01A21F, 01BAF5, 01D128, 01E13F, 01EA3F, 01F5AE,
020167, 02098C, 021446, 0221A1, 022B1F, 023E11, 0251E0, 026EBE,
029AB7, 02C9AE, 0314D9, 036184, 03BC44, 041DE6, 0476C8, 04C836,
050558, 052D59, 053A25, 052DE3, 050E03, 04DD27, 04A50D, 046B69,
043869, 040D3C, 03F0A5, 03DD4F, 03D9B0, 03D3B3, 03D0A3, 03CA60,
03AC28, 038C49, 03527D, 0308BC, 02B09B, 025228, 01E5F0, 0187B6,
012AE8, 00E1CD, 00B3AE, 0093B9, 0098FB, 00ABD8, 00D5BF, 0102A0,
013474, 015A7F, 017075, 0171EA, 015A9C, 013246, 00F73A, 00B683,
00776F, 003BDD, 000D6B, FFED53, FFD6A8, FFC5CB, FFB6D2, FFA3BA,
FF7D68, FF5399, FF13A2, FEC2EF, FE726D, FE1318, FDBE1B, FD6E19,
FD3014, FD0471, FCED35, FCEFCD, FD0173, FD23E6, FD5442, FD8246,
FDB27D, FDD97E, FDF0F7, FDFDAA, FDF22C, FDDF6C, FDB51A, FD869E,
FD513A, FD133F, FCDEDF, FCABBE, FC81B2, FC633E, FC4FB7, FC442A,
FC45DC, FC50B9, FC584F, FC70AC, FC815A, FC9AD3, FCBCC2, FCE1C1,
FD185D, FD57F6, FDAC37, FE09F2, FE769E, FEEBB1, FF647D, FFD4F8,
004996, 00A770, 00FCFB, 0148BD, 017B06, 01AE13, 01CC71, 01E3A0,
01F457, 01F1D5, 01EBE2, 01D413, 01ADBC, 017D70, 013BC8, 00ED00,
009820, 00385F, FFD41E, FF75A4, FF165E, FEC555, FE81ED, FE54CB,
FE39EE, FE3F1E, FE582E, FE82A8, FEC431, FF0112, FF445F, FF7FE3,
FFA708, FFC48B, FFC2E2, FFB36D, FF8E1B, FF5076, FF0FF7, FEB937,
FE5FFA, FE064E, FDA7A0, FD535B, FD0291, FCC1DF, FC8724, FC61BB,
FC4874, FC4292, FC4AA9, FC6888, FC9613, FCD536, FD2C1A, FD8B3F,
FDFDBB, FE786A, FEFA4D, FF75AE, FFF60F, 005DB8, 00C451, 01113D,
014F6A, 0183D8, 01A1A6, 01C1DE, 01CF3F, 01E109, 01E9E1, 01F6A0,
01FEBF, 020C20, 021428, 02217F, 022ECD, 023CD2, 0257F5, 027582,
02A224, 02DA16, 032369, 03755C, 03D26D, 04318B, 048656, 04D316,
050953, 052B1D, 052FD9, 051EB4, 04FC68, 04C510, 0491FE, 0454E1,
042641, 03FFEA, 03E18E, 03DA84, 03CDA4, 03CD6A, 03CA86, 03B8E1,
03A1CD, 0373B9, 03398A, 02E952, 029554, 022BA7, 01CA22, 0167B4,
011043, 00D1D9, 00A1C5, 0093F4, 009809, 00B412, 00DFE5, 010D1E,
013FCE, 015CDB, 0170F5, 016A12, 014B26, 01228C, 00E0AA, 00A066,
00642A, 00297D, 0002FE, FFE4C8, FFD007, FFC447, FFAFEF, FF9C84,
FF7318, FF41D9, FF00B9, FEAB79, FE5AA8, FDFB51, FDA7A3, FD601E,
FD2122, FD00CF, FCEDDD, FCF285, FD0F57, FD2E9C, FD62DF, FD93B7,
FDBAF3, FDE452, FDF403, FDF8FE, FDEF66, FDCE46, FDA80D, FD7613,
FD3D20, FD0664, FCCF97, FCA0D3, FC7BD9, FC5F56, FC4FE3, FC4917,
FC4A5C, FC567D, FC6058, FC739A, FC8B84, FC9F0D, FCC5C3, FCEF87,
FD22F8, FD6F39, FDC05C, FE24B0, FE95E4, FF096E, FF8191, FFF2E5,
006196, 00BA83, 010F32, 01506F, 018368, 01B107, 01C931, 01E23F,
01EA91, 01EB8C, 01DDDB, 01C5D7, 019A94, 016758, 01241D, 00D1D1,
007AAF, 001A08, FFB87B, FF58EE, FEFE7B, FEAF3A, FE75B2, FE4952,
FE3EAE, FE457D, FE64C7, FE998D, FED53C, FF1AC8, FF57A4, FF8F89,
FFB4C1, FFC439, FFC61B, FFA8C4, FF7E3A, FF4406, FEF50F, FEA6FE,
FE492D, FDED72, FD967E, FD3EC4, FCF957, FCB57E, FC8500, FC6185,
FC4BC9, FC4C1D, FC5821, FC79F4, FCAD5E, FCF024, FD4A21, FDADDE,
FE2263, FEA132, FF1D18, FF9F15, 001377, 007DB0, 00DBC8, 0123A2,
015F6B, 018B3C, 01AB81, 01C2D5, 01D4F1, 01E463, 01EC79, 01FA33,
0203B6, 020DB8, 02190D, 022515, 023361, 024142, 025EFE, 027DD9,
02AD6C, 02EF07, 0330CA, 038FF4, 03E4C7, 0442E7, 049AB6, 04DBBC,
051191, 05270A, 0527AE, 0512D3, 04E532, 04B5DB, 047B10, 04418F,
041A3A, 03EED9, 03DE4B, 03CF17, 03CBC8, 03C860, 03BF79, 03B2C1,
038D5C, 0363FB, 031FCF, 02CEE4, 027359, 020E6C, 01A881, 014AD1,
00FE66, 00BE56, 009B76, 0092C4, 009C8F, 00C1F2, 00ED35, 011CDC,
01486D, 0163B6, 0172F1, 015F0D, 01432C, 010DBB, 00CC2C, 009111,
004F02, 00217B, FFF942, FFE008, FFD08F, FFBE64, FFB306, FF918D,
FF6C84, FF3401, FEEAAD, FE9DC7, FE427B, FDEAE8, FD9923, FD53DE,
FD1D80, FD0157, FCF3CC, FD006F, FD1ED7, FD4578, FD77B2, FDA57A,
FDCCFE, FDEEB2, FDFD5B, FDFB29, FDEB03, FDC932, FD9F25, FD6B5D,
FD33B0, FCFBA9, FCCAD1, FC9E11, FC7AFA, FC655F, FC53A2, FC511C,
FC55B5, FC5D02, FC6C70, FC7D95, FC930E, FCAE2D, FCD18B, FCFE99,
FD39C7, FD8430, FDDE01, FE4631, FEB567, FF2C0C, FFA0D5, 001264,
00774E, 00D285, 011B50, 0158F6, 018B38, 01ADFF, 01CBF2, 01DA53,
01E34E, 01E10A, 01CCD0, 01B42E, 018465, 014B1C, 0105D8, 00B201,
00578B, FFF769, FF9729, FF356B, FEE11D, FE9988, FE6087, FE4286,
FE3B4C, FE4869, FE74FA, FEA509, FEEA08, FF2BCD, FF65E0, FF9DCD,
FFB5A1, FFC78C, FFB85B, FF9C97, FF6CE8, FF27E2, FEDFA6, FE8877,
FE2E35, FDD886, FD7C6A, FD30C3, FCE91B, FCA9BF, FC84DE, FC5C7D,
FC53C1, FC54C3, FC641A, FC8F78, FCC1F4, FD0DCB, FD6966, FDCF7B,
FE4AAA, FEC5A0, FF4462, FFC45B, 003242, 009CA8, 00F0C8, 01367E,
016D33, 019537, 01B48A, 01C783, 01DA89, 01E5B0, 01F144, 01FF11,
02074E, 021122, 021EB2, 022812, 02378B, 024CE4, 026431, 028C40,
02BF25, 02FD00, 034C46, 03A33B, 03FFFE, 045876, 04ABCE, 04E89A,
051522, 052A50, 051D57, 0505AE, 04D8FE, 049FBC, 046BDC, 0434D5,
040974, 03EAEB, 03D712, 03CD12, 03C895, 03C5FE, 03BB2C, 03A784,
0383B4, 034CE9, 030B31, 02B46A, 0254E3, 01F520, 018BC8, 0135EB,
00EE55, 00B30E, 009AB3, 009840, 00A972, 00CEF5, 00FEA6, 012B8F,
01513B, 016E34, 016B79, 015B9F, 013347, 00FA53, 00BE72, 007AD6,
004412, 0015FA, FFF22E, FFDDEC, FFCC7F, FFBDF1, FFAB18, FF8C25,
FF609B, FF2341, FEDCAF, FE8679, FE3172, FDD93C, FD8958, FD4EE3,
FD1769, FD04DC, FCFC7C, FD0DF1, FD2F2B, FD58D6, FD892F, FDB542,
FDDD45, FDF659, FE01DA, FDFCE9, FDE55C, FDC1E5, FD96A2, FD605D,
FD2AD7, FCF71A, FCC1EB, FC9D36, FC7E35, FC64B5, FC5D97, FC57A2,
FC5BE0, FC69A6, FC7388, FC8922, FCA153, FCB6D9, FCE3F0, FD10B8,
FD4EAA, FDA12C, FDFBAA, FE663A, FED773, FF5068, FFBE45, 003176,
008E29, 00E6AB, 012B8D, 0163FA, 019267, 01B24A, 01CC62, 01D858,
01DF63, 01D434, 01C3A0, 01A048, 016E26, 0134B7, 00E4F0, 0092EF,
00383D, FFD38E, FF756C, FF180C, FEC500, FE82BE, FE5431, FE38CE,
FE38B5, FE5284, FE7928, FEB745, FEF74F, FF370E, FF73C9, FF9C52,
FFB773, FFBB87, FFABFC, FF882C, FF53D3, FF0EEE, FEC189, FE6893,
FE1509, FDB7EB, FD665B, FD1D54, FCD20C, FCA3A8, FC75A6, FC5CA6,
FC5498, FC599D, FC701C, FC9EC1, FCD5A7, FD26A7, FD8793, FDEDF6,
FE6EDD, FEE75C, FF660F, FFE4BD, 00497D, 00B34A, 00FF0B, 01403D,
01751F, 019526, 01B5DC, 01C7DD, 01D74D, 01E5A9, 01EE65, 01FBD6,
0206E2, 020E24, 021CE1, 0226E5, 02369D, 024C65, 026897, 02936C,
02C5AF, 030CD2, 035BC5, 03B173, 041521, 046590, 04B4EB, 04F1FF,
0511A9, 052152, 051408, 04EF47, 04C404, 048BDB, 045375, 042534,
03F8B0, 03E0F2, 03CF1F, 03C69C, 03C673, 03BBE5, 03B6F3, 03988A,
037468, 033C01, 02EC9B, 02A12A, 023276, 01DB77, 0176CD, 011EE9,
00E1F9, 00AEB6, 009D57, 00A183, 00B90D, 00E2D4, 010DE2, 013E03,
016147, 016DE2, 017041, 0150E0, 0127BC, 00EDDE, 00AC26, 007044,
00355D, 000FF9, FFEF89, FFD9D7, FFCFBD, FFBC1A, FFA886, FF8621,
FF56C3, FF1663, FECCC2, FE787F, FE1E3A, FDCD02, FD812A, FD4424,
FD1D8B, FD0933, FD085D, FD2366, FD3F70, FD7025, FD9EDE, FDC5DE,
FDEDDF, FDFF52, FE0832, FDFD67, FDE238, FDBF9D, FD8BD0, FD5B61,
FD246F, FCF02C, FCC2E4, FC9C40, FC806B, FC6B71, FC6506, FC635A,
FC6875, FC755E, FC822A, FC9691, FCAAEC, FCCDCB, FCF092, FD2965,
FD6C48, FDBB1D, FE21DF, FE8796, FEFE9A, FF7249, FFE191, 004EB9,
00A815, 00FC62, 013CC2, 0170B8, 019DA4, 01B679, 01D111, 01DA8E,
01DA31, 01D4DB, 01B4F2, 019534, 015F3D, 011DBD, 00D196, 007903,
001D28, FFBA65, FF5D82, FF0402, FEB535, FE7915, FE4E9D, FE3ECF,
FE42B4, FE62C8, FE9259, FECB8F, FF12B2, FF4BA0, FF82DF, FFAC12,
FFBA78, FFBE12, FFA5E9, FF7C96, FF425C, FEFD73, FEAA6F, FE562E,
FDFCC4, FDA5BB, FD57B1, FD0A00, FCD051, FC9AD9, FC727B, FC62D3,
FC5641, FC670A, FC7E7E, FCAEDA, FCEF98, FD3FBC, FDA613, FE1275,
FE8D11, FF0B00, FF851A, FFFC5F, 006787, 00BE0C, 0110A9, 0145E6,
017630, 019A3E, 01B04C, 01C579, 01D4BE, 01E01E, 01E8A8, 01F956,
01FE58, 020A8D, 0216EA, 021EE5, 0233C7, 024640, 0268DF, 0294A0,
02CA5F, 0313E0, 0363AA, 03BED9, 041823, 0470C8, 04B38C, 04EB1F,
0507F4, 050C4B, 04FA10, 04D5CE, 04A351, 046C9C, 04383A, 0406A0,
03E7C8, 03C94D, 03C0AA, 03B97A, 03B3CA, 03B180, 039EE1, 0383EA,
03599C, 031A04, 02CE1B, 0273A8, 021365, 01B2F5, 015415, 0107C9,
00C805, 00A6BA, 0096A6, 00A3A7, 00C200, 00E652, 011CBD, 014214,
016036, 017040, 01611F, 014277, 01176B, 00D39F, 00997E, 005DD4,
00268B, 00078A, FFE716, FFD61F, FFCCCF, FFB6D7, FFA10C, FF7C8C,
FF45F1, FF06B9, FEB828, FE632A, FE099A, FDBBA4, FD745A, FD3BD1,
FD1E4C, FD0C30, FD1743, FD2D92, FD55F8, FD819C, FDAEAD, FDDBFF,
FDF367, FE0B6C, FE0BEE, FDFA43, FDE49E, FDB4FF, FD8B02, FD5361,
FD1EB3, FCF1D7, FCBDBF, FCA332, FC84FF, FC7493, FC727D, FC6D62,
FC792B, FC80FB, FC923E, FCA28A, FCBDE5, FCDE47, FD0607, FD43F1,
FD87A9, FDDD01, FE4590, FEAEB5, FF22B5, FF9A38, 0003FA, 006AE9,
00C8F5, 010C72, 01525C, 017E1A, 01A65A, 01C4D8, 01D2BC, 01E1C9,
01DA20, 01CDB3, 01B3F5, 0187EB, 01503F, 010D5E, 00BB61, 0064B9,
00065E, FFA5EE, FF4894, FEF334, FEAB25, FE72A1, FE52CB, FE4598,
FE540E, FE78F4, FEA7E3, FEEA8A, FF28D9, FF6397, FF984F, FFB6FB,
FFC4CD, FFBDD7, FFA19E, FF73E4, FF36E9, FEE9FB, FE9C8C, FE4272,
FDEE5D, FD9BAF, FD4941, FD0804, FCC8E7, FC9AAB, FC7B17, FC6589,
FC6761, FC7460, FC965D, FCC876, FD0DCB, FD6518, FDC81E, FE3D48,
FEB401, FF3114, FFAE47, 001A78, 0082D6, 00D896, 011D7B, 0157EC,
018010, 019D9D, 01B81E, 01C970, 01D4F5, 01E28E, 01ED26, 01F6CE,
0201C3, 020AE0, 0215DA, 0220E9, 0235C9, 024986, 026F93, 0299F0,
02D52B, 032461, 037058, 03CFEB, 042832, 04773B, 04BB1E, 04E991,
04FD5B, 04FB06, 04E890, 04B8BE, 04881B, 0453F9, 041949, 03F480,
03CF62, 03BA66, 03B259, 03A924, 03AC04, 039C3A, 038D7B, 036E3A,
033899, 02FCFC, 02A5F3, 024D26, 01EBD6, 0189F2, 01369B, 00E641,
00B595, 0094B6, 008F10, 00A1F8, 00BFC3, 00F004, 011A26, 0141FE,
015D8F, 015DA3, 015183, 012CAB, 00F46F, 00BDBF, 007AB5, 00429D,
001760, FFEE7C, FFDC8C, FFCC5F, FFBA53, FFACFC, FF8E67, FF664E,
FF3112, FEE79A, FE9A37, FE46AB, FDED66, FDA165, FD6144, FD2D15,
FD1356, FD0EB0, FD162E, FD3488, FD6091, FD8760, FDBAE0, FDDF3B,
FDF9B2, FE0ADE, FE0447, FDF65B, FDD589, FDAC91, FD7BF3, FD4590,
FD1761, FCE2AD, FCBF96, FC9E20, FC8588, FC7BB4, FC73BB, FC780F,
FC7D86, FC8AE7, FC9C0B, FCAC96, FCCA8E, FCED8A, FD1842, FD5ACE,
FDA1FD, FDF89C, FE673F, FECEC2, FF451F, FFBA6B, 001E15, 00897D,
00D781, 011F53, 015EEE, 01837C, 01B0BF, 01C55A, 01D452, 01DF5E,
01D54F, 01C85A, 01A435, 017A53, 013E23, 00F605, 00A50E, 004AB3,
FFEB9B, FF8E9D, FF3205, FEE2E5, FE9D6B, FE6AB5, FE559F, FE4BD4,
FE63B9, FE8D15, FEBEA4, FF02B2, FF3F99, FF79F5, FFA605, FFC27E,
FFC774, FFBA58, FF9A81, FF632C, FF29E0, FED4DB, FE8C24, FE3004,
FDDF78, FD8D84, FD3FFA, FCFE9E, FCC5BC, FC9BCA, FC7C2C, FC72EE,
FC6F1B, FC8A63, FCA8EF, FCE64E, FD2BB2, FD8568, FDF14D, FE6002,
FEDE7A, FF577D, FFCF04, 003CB5, 009BAE, 00EEA9, 012EAA, 0163EE,
01892A, 01A5C0, 01BCC3, 01CC0D, 01D925, 01E785, 01F0F5, 01FAF3,
02093C, 020E76, 021BF0, 022AF2, 023A12, 0255E8, 027B33, 02AAD4,
02EB28, 033734, 038B54, 03E6C5, 043C73, 048A3B, 04C8CD, 04EBFF,
04FFB7, 04F481, 04D773, 04AF0F, 047598, 044189, 040E79, 03E59F,
03C9A4, 03B47E, 03B0A9, 03A851, 03A559, 039CF2, 03806C, 035F40,
032837, 02DF33, 02913F, 022D6C, 01CCF4, 017349, 011815, 00D9E8,
00A883, 008F4D, 0094BE, 00A87C, 00CE14, 00F9FE, 01260E, 01489F,
015AF7, 015BC1, 0143E9, 011C90, 00E2AE, 00A5AF, 00694E, 003315,
000794, FFEBC1, FFD3B2, FFC563, FFBA93, FFA227, FF8666, FF56FC,
FF1F3D, FED318, FE84A2, FE2FEA, FDD9AF, FD933B, FD53C8, FD29A3,
FD146A, FD11F5, FD22AA, FD40CD, FD6D30, FD973D, FDC66B, FDE7DA,
FDFFD0, FE0A75, FE0203, FDEC05, FDCC6E, FD9FDE, FD6B46, FD3ED9,
FD057A, FCDD8D, FCB818, FC97E1, FC87F1, FC7A76, FC7634, FC79F9,
FC81F9, FC8F74, FCA196, FCB5E7, FCD278, FCF9CB, FD2832, FD6D7B,
FDB9A2, FE166D, FE81D1, FEEE1E, FF6414, FFD26C, 003AA1, 009B05,
00E829, 012D64, 0164FA, 018A4A, 01B01C, 01C628, 01D28F, 01D7D7,
01CD69, 01B8D5, 0194F8, 0164E8, 012652, 00DC2A, 008662, 002E79,
FFCFD1, FF6E9F, FF1DC7, FECB84, FE8E49, FE68B1, FE4D13, FE56A0,
FE6F4D, FE9AD0, FED883, FF13E2, FF5419, FF897C, FFAF87, FFC6C6,
FFC533, FFB208, FF8CD7, FF5492, FF125D, FEC65F, FE71BC, FE20C7,
FDC8C0, FD7C34, FD3430, FCF142, FCC0AA, FC98B1, FC7DB5, FC795F,
FC803D, FC9436, FCC6CC, FCFB9E, FD4B67, FDAC95, FE0FE7, FE8D33,
FF0208, FF7B45, FFF25D, 00562F, 00B969, 00FF35, 013EB1, 016EC0,
018EDD, 01AEC5, 01C0D8, 01CDA8, 01E084, 01E7AD, 01F258, 020026,
020427, 021277, 021D3A, 0228E6, 024069, 02599B, 028473, 02B6E3,
02FA99, 03497B, 039F7C, 03F9F5, 044C5E, 04990F, 04CB6B, 04F11D,
04F55F, 04EAEF, 04C523, 049A41, 045FD8, 042F27, 03FE88, 03D5BE,
03C54F, 03A99F, 03B0AF, 03A459, 03A01C, 039517, 03744F, 034F61,
031299, 02C7CB, 0271D5, 02144B, 01B0E4, 0157BD, 010C8E, 00C614,
00A962, 00929D, 009C95, 00B852, 00DE46, 010C0E, 01328A, 01550A,
015EB3, 0158CB, 013D87, 010DD1, 00D6C5, 0099A0, 005A1F, 002D9B,
000101, FFE98F, FFD5AD, FFC5EF, FFBADF, FF9D22, FF8163, FF4CDF,
FF1096, FEC48A, FE7451, FE1DC4, FDCFE5, FD88AB, FD5008, FD2DE1,
FD19E5, FD1E6E, FD32AC, FD53DD, FD7E4C, FDAE2D, FDD1D1, FDF615,
FE0773, FE0A04, FE04DC, FDE5F5, FDC688, FD9855, FD62FC, FD373A,
FCFF7B, FCD9A5, FCB44D, FC9866, FC882B, FC7D05, FC7BFE, FC7F0E,
FC89AE, FC981B, FCA877, FCBFD8, FCE083, FD07CF, FD3D6D, FD8553,
FDD18E, FE369D, FE9ECA, FF0F9F, FF8129, FFEB79, 005458, 00A84E,
00FB4C, 01348D, 0168B6, 019313, 01AA12, 01C558, 01CA6E, 01CB2D,
01C103, 01A1AE, 01810A, 014710, 0106E0, 00BBBA, 006185, 000AA2,
FFAC10, FF5040, FEFC9B, FEB1BD, FE7DE7, FE5693, FE4C87, FE582C,
FE738C, FEABEA, FEE0E1, FF2450, FF5F45, FF8FA3, FFB362, FFBF8E,
FFBCF4, FFA3AE, FF786B, FF3F3A, FEFA11, FEAADF, FE5818, FE0701,
FDB08B, FD66AF, FD219E, FCE2FD, FCB602, FC92A6, FC7D7C, FC7D33,
FC88E6, FCA497, FCD7B3, FD1406, FD695D, FDC978, FE35B8, FEAE0C,
FF246E, FF9D60, 000F79, 007149, 00C9AF, 0113CE, 0148E7, 017710,
019915, 01AFA4, 01C46C, 01D2D2, 01DF25, 01E9B6, 01F468, 01FCF6,
02057E, 02115E, 021AD0, 022C48, 024080, 0260AC, 028B60, 02C2CC,
030AEE, 0357E8, 03B2ED, 040BA4, 045963, 04A271, 04CFF7, 04E972,
04EDAE, 04D81C, 04B145, 0483A0, 044A3B, 0419F6, 03ED2E, 03CBEB,
03B7E5, 03A7D0, 03A6E3, 039F92, 039B94, 0384BD, 036B8A, 03399C,
02FA4F, 02B048, 024F95, 01F897, 019849, 013D00, 00FB3F, 00BF44,
009FA4, 009CA7, 00A4B6, 00C46E, 00EF17, 011AC5, 014055, 015A8F,
01629F, 0151BC, 0134D3, 010270, 00C4B9, 008CD5, 0050D5, 0020F2,
000180, FFE34D, FFD6BD, FFC903, FFB467, FF9E6A, FF7499, FF4320,
FF01D4, FEB3D8, FE63D3, FE0EA7, FDC201, FD806A, FD4C93, FD2F7D,
FD2162, FD2B83, FD4512, FD655A, FD93DF, FDBC71, FDE36E, FE005B,
FE0D38, FE11B1, FDFEFB, FDE693, FDC08A, FD8CC4, FD6313, FD2C7C,
FCFDA8, FCD903, FCB0F0, FCA025, FC8BEF, FC84D3, FC87AC, FC8900,
FC9605, FCA406, FCB72C, FCCF89, FCF2E6, FD1E2E, FD5625, FDA0A8,
FDF4ED, FE560D, FEC370, FF31E4, FFA22D, 000CE2, 006CFF, 00C33D,
010821, 014472, 0173F3, 0193A1, 01B542, 01BCF2, 01C9C1, 01C4D4,
01B174, 0198DA, 0168F7, 013370, 00EC2A, 00A00E, 0043D6, FFEC6A,
FF8E18, FF3346, FEE52B, FE9EE9, FE6E92, FE52E8, FE4C1C, FE5FB5,
FE8345, FEB771, FEF707, FF319A, FF6EBE, FF96D0, FFB72E, FFBD30,
FFB4BF, FF957D, FF660A, FF2C8A, FEDE47, FE97BC, FE3C81, FDF048,
FD9E0E, FD529E, FD16DB, FCD64C, FCB2F3, FC9040, FC7F5F, FC86F4,
FC9022, FCB881, FCE8D1, FD2EBA, FD82B1, FDEA16, FE5681, FECD75,
FF47FA, FFBA6A, 002A37, 008A68, 00D993, 011EA8, 015434, 01787E,
019C10, 01AF93, 01BF5D, 01D179, 01DBC6, 01E588, 01F07C, 01F703,
020316, 020E32, 0217CA, 022D7F, 024009, 026426, 029289, 02CC74,
0315B9, 0368DF, 03C04C, 041625, 046504, 04A091, 04CF5F, 04E0B2,
04D9F4, 04C970, 0494E1, 046F38, 043559, 040151, 03E059, 03B921,
03ADA7, 03A1B7, 039C20, 0399F6, 038EF0, 037BE4, 03563A, 032612,
02E003, 029145, 0237B7, 01D75C, 017F66, 012919, 00E7CF, 00B850,
009D1B, 009DD1, 00B09E, 00CF89, 00FE02, 0126B4, 0148D5, 015FEB,
015DEF, 014C60, 0126A6, 00F1C1, 00B772, 007A96, 004675, 00183F,
FFF9F4, FFE526, FFD1D0, FFC75C, FFB40F, FF9471, FF6F02, FF355E,
FEF010, FEA696, FE5065, FE005F, FDB7DF, FD7728, FD4C10, FD3274,
FD2D19, FD384E, FD567F, FD7B83, FDA2A8, FDD360, FDEF73, FE0C98,
FE17DE, FE10A6, FE0290, FDE15A, FDB9E4, FD8C08, FD5891, FD28E9,
FCFD1D, FCD5C2, FCB741, FCA296, FC924F, FC8E54, FC9280, FC93ED,
FCA15E, FCB305, FCC2F6, FCE1BE, FD05A7, FD3126, FD7195, FDBC82,
FE1211, FE7AE8, FEE534, FF54AF, FFC4B7, 0029BA, 008868, 00D7F4,
011C04, 0153E5, 017CBE, 019F6A, 01B55F, 01C316, 01C70B, 01BFC8,
01ABCA, 018B37, 015BB0, 011E6F, 00D8AE, 00851E, 002CCC, FFD1E0,
FF7519, FF1C6D, FED3C8, FE9277, FE689C, FE5430, FE5446, FE6C69,
FE947A, FECE70, FF084D, FF470C, FF7C06, FFA441, FFBAEC, FFBD3C,
FFAE5E, FF8B55, FF587D, FF18D6, FECF7D, FE7DCB, FE2D8E, FDDC79,
FD8A23, FD4B72, FD0420, FCD740, FCAB28, FC9198, FC8A8A, FC8649,
FCA4F2, FCC564, FCFE44, FD4912, FD9EAD, FE0608, FE76ED, FEEF2F,
FF628A, FFD784, 003F6B, 009797, 00EB6B, 0124D4, 015698, 017F45,
0195F0, 01AE54, 01BC5C, 01CAFC, 01D709, 01DFA0, 01EB46, 01F332,
01FEED, 020910, 021580, 022991, 02417F, 026785, 0299EE, 02D558,
0323C9, 0374A1, 03CD25, 04209F, 0469CC, 04A4C9, 04C554, 04D5D9,
04C8D4, 04AFA5, 0481AF, 04503E, 041EB6, 03EAC6, 03CAFA, 03AC08,
039DAC, 039783, 038EE1, 039074, 037CE4, 03681C, 034047, 0308A2,
02C473, 02704C, 0216D7, 01B909, 016071, 011055, 00D556, 00AB3F,
0096FD, 00A2AD, 00B155, 00DC46, 0103AB, 012DCE, 014C35, 015BFB,
015769, 013CF6, 011725, 00DA37, 00A6AC, 006782, 0034BC, 001001,
FFEE84, FFDDB2, FFD1F0, FFBDBE, FFAD95, FF8ACD, FF5F3A, FF26CD,
FEDB5B, FE9404, FE384E, FDF3CC, FDA572, FD7009, FD4A56, FD2F07,
FD3800, FD42DA, FD615B, FD8E8F, FDB279, FDDD01, FE0108, FE0DBB,
FE1E4D, FE0F66, FDFD65, FDDE70, FDAF51, FD86D2, FD5204, FD2460,
FCF9D4, FCD313, FCB8BF, FCA588, FC984C, FC9856, FC95DE, FCA098,
FCAB77, FCBB56, FCD2C5, FCEE9A, FD1769, FD45AC, FD8C9C, FDD4B5,
FE32F6, FE9CC0, FF031D, FF781C, FFE1BE, 0042B9, 00A1EE, 00EADD,
012B30, 01601F, 0185C5, 01A60D, 01B976, 01C5CA, 01C606, 01B920,
01A70C, 017D55, 014D6B, 010ED2, 00BF15, 0070A0, 00128B, FFBAB9,
FF5FE6, FF0C0F, FEC6AA, FE8A4C, FE69A8, FE5ADC, FE5FA5, FE806E,
FEAB50, FEE341, FF23DF, FF5A39, FF8BD8, FFB444, FFBC6D, FFC314,
FFA775, FF81ED, FF4DA6, FF07D2, FEC139, FE69B1, FE2081, FDCAB7,
FD8042, FD3E27, FD0053, FCCF95, FCAED0, FC9592, FC9022, FC9A3D,
FCB0DA, FCE024, FD190B, FD6724, FDC502, FE29C6, FE9F5B, FF12FA,
FF85F5, FFF84D, 00589E, 00B42C, 00FB16, 0133E7, 016523, 0181EF,
019F48, 01AFBD, 01C280, 01CB05, 01D801, 01E37C, 01E900, 01F74D,
01FD74, 0209AF, 02185D, 022A32, 024A35, 026E48, 02A705, 02E3D2,
033539, 0387FC, 03DC0E, 04323B, 0470D0, 04A762, 04C52C, 04C946,
04BC51, 04990F, 046E66, 0438A4, 0407B9, 03DD0B, 03B7A4, 03A233,
039436, 038B97, 038810, 037FFF, 036EA4, 0354CA, 032991, 02ED77,
02A565, 024F2C, 01F53F, 019823, 01435B, 00F9CF, 00BFFF, 00A0F1,
00925C, 009E8E, 00BAF6, 00DF2B, 010C1A, 01307B, 014CE6, 015411,
014C49, 012FB2, 00FE9B, 00CA4B, 008CF0, 00557D, 0024B0, 000339,
FFE4DB, FFD72A, FFC8F4, FFB72E, FFA255, FF7CE4, FF5091, FF111D,
FEC959, FE7D88, FE27CD, FDDFA5, FD9BEE, FD6638, FD46E7, FD366F,
FD3B40, FD515F, FD7091, FD9BE0, FDC4B5, FDE8D6, FE0B00, FE174F,
FE1D60, FE126E, FDFB2F, FDD648, FDAD65, FD7D71, FD4C88, FD20D2,
FCF347, FCD63B, FCB749, FCA79E, FCA2B3, FC9685, FCA482, FCA71F,
FCB57A, FCCBC5, FCDE2D, FD01C4, FD27A6, FD6076, FDA2B9, FDF5D3,
FE51F1, FEBB17, FF2751, FF9453, 00008C, 005DA0, 00B559, 00FF82,
01386E, 016C12, 018F0A, 01A979, 01BD78, 01C3B7, 01C3AF, 01B09F,
01989C, 016DA6, 01365E, 00F666, 00A484, 00546F, FFF839, FF9F08,
FF48BA, FEF68E, FEB893, FE8092, FE67ED, FE5D6A, FE6882, FE8F23,
FEB99C, FEF8D5, FF33F9, FF6943, FF98F6, FFB405, FFC1A5, FFBA6B,
FF9D88, FF74A3, FF3ACA, FEF6B7, FEABA8, FE5A55, FE087A, FDBC4F,
FD7290, FD2E59, FCFD55, FCC743, FCAFEB, FC9916, FC97DB, FCAB00,
FCC2DB, FCF951, FD3443, FD8870, FDE75C, FE4FEE, FEC2AF, FF3A2D,
FFA7E6, 0019A2, 00750F, 00CACD, 010E17, 0142FB, 017190, 018796,
01AAB2, 01B308, 01C61E, 01D3B3, 01D94E, 01E85D, 01EF33, 01F802,
020167, 020C6A, 021D5B, 023114, 02526E, 027C19, 02B1D2, 02FA34,
0345D9, 039BB5, 03F0F5, 043B77, 047F86, 04A954, 04BF70, 04C277,
04A91F, 048902, 045A73, 042375, 03F929, 03CA2D, 03AC05, 0399E2,
038965, 038617, 038041, 0373BA, 03639D, 03433D, 031176, 02D9DC,
0284DD, 02344C, 01D7D6, 017963, 012DE1, 00E340, 00B599, 009919,
009256, 00A681, 00BFA0, 00ED7C, 0112B4, 013786, 014ECC, 014F46,
0144D9, 011EBE, 00EE57, 00B765, 0079F3, 004608, 001876, FFF727,
FFDF18, FFD133, FFC29E, FFAFC1, FF9826, FF6FFA, FF40A2, FF00E5,
FEB48F, FE685C, FE1576, FDCED2, FD8EA3, FD5FE3, FD4513, FD37EC,
FD4416, FD5D31, FD7D26, FDAAB8, FDD133, FDF4EA, FE10D2, FE1A7A,
FE220A, FE0B38, FDF6A1, FDD0AF, FDA179, FD776C, FD44BC, FD172E,
FCF0BC, FCD20F, FCB6AE, FCAB63, FCA321, FCA100, FCA7E1, FCB3C0,
FCBF73, FCD431, FCEFC6, FD0DE7, FD3C7B, FD7582, FDBB7A, FE11CF,
FE7123, FEDB74, FF45CF, FFB3B5, 0019DB, 00764B, 00C936, 010F36;
