; Xilinx COE — I2S audio ROM initialisation
; Generated by wav2coe.py
; Source file       : piano.wav
; Source SR         : 44100 Hz
; Target SR         : 48000 Hz
; Bit depth         : 24-bit
; Word width        : 24-bit
; Channel           : 0 (left / mono)
; Dither            : TPDF
; Normalized        : False
; COE entries       : 57464
; Duration          : 2.817 s
; BRAM depth        : 135204  (next pow2: 262144)
;
memory_initialization_radix=16;
memory_initialization_vector=
000301, 001673, 003393, 0050A5, 00845C, 00B3B2, 00B353, 005436,
FFB019, FF14D2, FEC0CD, FEC488, FF1429, FF9211, FFC4F3, FFD723,
FFDF27, FFFC86, FFF830, FFB3B3, FFD8C2, 009182, 018868, 022467,
01E1FF, 00DA61, FFA9DD, FF96F2, 0147D6, 0427E7, 06BE5E, 07A765,
060A0F, 0264CA, FF1B5C, FE2708, FFB534, 02A140, 0513EC, 05E892,
04CA5C, 01E313, FEF257, FD4ACB, FD0704, FDF332, FF497F, 00B4DC,
01AF7D, 01A532, 01378B, 015B35, 02F3D2, 053604, 06AB4A, 06ADD4,
051527, 025D09, FF9A37, FE26AD, FE8F68, FFFA68, 015648, 0245C9,
02CD79, 032AC4, 03B329, 042D39, 04065C, 02CD18, 0118DC, FFCF84,
FED195, FDBCDC, FCE2AF, FD3AA8, FEC469, 00D5AA, 032F8D, 066237,
093382, 09D0A6, 07B95B, 0476D4, 029311, 029C46, 033C04, 027F3E,
006C33, FE1578, FD8C62, FF08D7, 0124CC, 01AA63, 008563, FFDA99,
011361, 03D36A, 0538DC, 03CD8A, 0025E2, FCF744, FCC5F1, 001133,
05E5EE, 0AB000, 0BE95D, 095286, 04CFF7, 015A59, FEF6F1, FD0196,
FB1279, FA3F47, FC000F, FF8A0E, 0381AA, 06113F, 06A398, 05B68F,
03B102, 00CC45, FC7E89, F7E37A, F5062A, F59E9B, F942A0, FDBFCD,
00A300, 01B301, 02DB60, 05BAB0, 0A6371, 0E4B41, 0EE69E, 0B97DF,
0612E7, 021CF7, 013915, 041CA3, 090137, 0DF687, 11381C, 11288D,
0E801B, 0AB5B6, 07456B, 0515ED, 04CC56, 065A40, 0A21C7, 0FF910,
161DFE, 19E674, 1988C6, 146771, 0C2848, 035CD8, FCD098, FAD5A8,
FC6A62, FFD042, 02FFC4, 0522A8, 06B1D0, 07CB37, 08DD27, 0A6AE3,
0C5E1E, 0E02CF, 0EF582, 0F8830, 106809, 12FB50, 18199A, 1F0F95,
251AC7, 2775B2, 24AF9F, 1E0C98, 164AFE, 0ED124, 091045, 05E882,
04EC59, 05AFA4, 06C3FB, 066FFF, 038AB7, FE0EFA, F82495, F5523C,
F763B7, FDABFC, 057E0B, 0B6885, 0E11C8, 0DA26A, 0B4528, 08D2FF,
06EB11, 0608E4, 052984, 0393CD, 01B430, FF8B08, FDAE5F, FCC708,
FD7964, FF1A9D, FF5AEB, FD0306, F802FA, F0D344, E8C015, E24D02,
E03F6B, E30DEF, E92221, F01767, F5DD4C, F981C8, FB2300, FBDE63,
FC000B, FC3A51, FCF442, FDEB37, FE1F0B, FD73A5, FB8357, F6F9B4,
EFD368, E7965F, E1B076, DFAD60, E0FCB1, E47385, E7C31D, EACCD6,
EE220F, F1E436, F50F01, F56C16, F2E97B, EE8923, E9FAB9, E708E9,
E69427, E89A10, EBB03B, EF0437, F321E7, F7C17C, FB6306, FBC01E,
F77104, EF6C06, E6A036, DFF8C1, DC74EA, DBD2B5, DC8C03, DE4B1E,
E05402, E1CA18, E2321B, E161D1, DFEE76, DE2B97, DCB060, DC2131,
DDB595, E144D5, E594AC, E94278, EB62EE, EC08BD, EBD33E, EB47BE,
EB3A62, EC3D33, EDC7B7, EF8C84, F1172D, F175A8, F0815A, EE9923,
ECF6B0, EC81BE, ED32B3, EE8F3D, EFAC11, EF6EDF, ED7884, EB1DFB,
EACA34, EE159F, F3823C, F89E63, FB8F11, FBD59D, FA14F2, F6C933,
F36378, F10195, EF0C08, ECE79D, EA99A6, E94C13, E9BFC7, EAFFD6,
EC8E0F, EE12B1, F08583, F4D344, FAAC66, 0098A9, 04D48B, 06A785,
062210, 055287, 05251F, 0629CF, 07D462, 0948FE, 0A1CF1, 08FC89,
05E0C4, 0211C0, FED7AE, FCF8AD, FC2EA4, FCE151, FF518D, 02370D,
03DC8A, 0341F6, 01B3BC, 01BA93, 053E17, 0B7E84, 120C22, 163BC0,
1649F1, 13AB10, 1054F4, 0E4E4C, 0DB49C, 0D3BD9, 0CCC93, 0C727A,
0CA78C, 0CBD90, 0BB4EE, 09EFF0, 08C25E, 0A1320, 0DA2E1, 1215A7,
14745E, 143D1B, 129F74, 11F926, 13DF13, 16EF8E, 1970F2, 1959FC,
169D06, 133DC9, 10FD15, 10D6F8, 1135E1, 10B62D, 0F1A84, 0DE5C4,
0E6EB6, 0F3628, 0E604D, 0AFA22, 06800E, 02B751, FFB4FC, FE06A4,
FCF419, FCD52F, FD05AE, FC619A, FA7632, F7AAAF, F59054, F59A5D,
F82D9E, FBE83F, FEF792, 001ADD, 004B6D, 00D910, 030858, 0748DE,
0BE6BE, 0E5435, 0C47DE, 063B73, FE9BAD, F7F600, F422C4, F220B4,
F123B6, F0E159, F0EE0F, F125CC, F0D65B, EFA262, EDA838, EB2292,
E882CA, E71082, E89B3F, ED2AD3, F3A820, FA0F64, FDB5B5, FDBB23,
FB04D4, F78DA9, F4F5A6, F352EF, F286F5, F26837, F2A178, F307CF,
F3787C, F44370, F600B7, F89804, FB115C, FBD4D7, F9ECC7, F655E9,
F2CC55, F10D61, F191F8, F319D2, F4B13F, F5E282, F7A76D, F9D806,
FA189E, F67015, EEC093, E5CBDB, DE463E, DAFC7A, DDA408, E45DA9,
ECD427, F3519D, F631C3, F5FEAD, F430F2, F2DF31, F298CF, F2F55F,
F43356, F716FE, FBC6E2, 004DC7, 02B715, 03458E, 029B45, 01E4A5,
01AC0D, 0234B4, 02FB8C, 0342DB, 02E0D5, 022A48, 0251DC, 0394C7,
0566EE, 06CA5C, 06C612, 0560AA, 033D41, 016500, 009F67, 020313,
065E96, 0D78BD, 15A8F2, 1BA7E3, 1D0626, 1A05E7, 152CF2, 109F93,
0EA34C, 0FC458, 136284, 17FEBD, 1B6202, 1CE097, 1CF1FA, 1C4DC7,
1B3343, 19F8E5, 19F453, 1C845C, 21A596, 280CCE, 2DDE3F, 31C50B,
335657, 336B35, 32F94A, 320DDF, 3008AE, 2C248D, 273545, 229DC6,
1F7E2F, 1ECACA, 20A87E, 240D13, 26D58F, 277942, 26BD7A, 256755,
238145, 21B38E, 2167F6, 24ED43, 2C2620, 3524C9, 3DF98E, 44F9E0,
48B4BD, 486F31, 44D449, 3F7A0E, 3A45ED, 3608FC, 3367AF, 3336C9,
34355C, 34DE47, 336EA0, 2FB3A7, 2AD103, 25C437, 218608, 1E2826,
1B1284, 179067, 141697, 11E7E6, 11F00D, 1406F1, 16F898, 19F6B1,
1C3EFD, 1D4474, 1D5E52, 1D591E, 1E6153, 20A6EC, 227CCD, 21D44C,
1E81DF, 196DCB, 11F963, 0825B0, FC9CD0, F14172, E84838, E39085,
E44DA8, E90ED2, F01FDF, F782FC, FD68BD, 01249C, 025E27, 0217D9,
011B5F, FF9F63, FE2878, FCC3E4, FB7F70, FA00AC, F7D8E5, F51E79,
F1CE6E, EE0166, E9CB73, E57075, E197B9, DEA3F2, DC2CB9, D9935D,
D7D019, D8BEA1, DCA5FD, E13EAB, E47D30, E72627, E9F149, ED9F9A,
F0C4C9, F2448A, F1D0DA, F0A061, F10ACE, F37E70, F72841, F97D91,
F94F52, F6A352, F27F35, EEDBD0, EC1FF2, EA1C14, E7C03B, E49922,
E23503, E18857, E2DBB6, E51C65, E69AC9, E71965, E77C43, E8DFCF,
E9E4B2, E8A544, E461B7, DF5412, DC5242, DCA30C, E059B4, E56E4A,
EA3E3E, ED5A3A, EF5053, F17A8A, F364FF, F42F0E, F279F6, EEB6F1,
E9C651, E4E287, E1E099, E0B2B8, E1A04C, E44220, E86117, EDF134,
F44485, FAAE11, 000B08, 032E5E, 032453, 001CCF, FBB8FF, F6D7FC,
F2637E, EF5866, ED814E, ECDA56, EC8D05, EAD0F1, E79D64, E48BC0,
E3057C, E3C17D, E5BED1, E7FCE8, E9AB5B, E9F904, EAB166, ED4865,
F291DE, F9508E, FEC7E2, 018472, 002DFA, FC4A8A, F901F0, F72903,
F6DAAE, F7240C, F7652E, F7C048, F7B065, F71ABD, F5CDA9, F4053F,
F2727F, F10A52, EFD0D6, EFC855, F1EC2C, F5B4EB, F98FD6, FC33AF,
FDF0FE, FF695B, 017F07, 047A96, 077D32, 088D48, 066FAB, 01C773,
FC4F77, F8A9B9, F87555, FC47F7, 02AEF8, 07C1FA, 092255, 06777D,
0207B6, FF0770, FE85C5, 010F06, 05990B, 09DC9E, 0CA658, 0D603F,
0CEDDB, 0C25F7, 0B29A7, 0AF8F2, 0C8D29, 1024E6, 146574, 17A1DF,
186A3A, 160CE7, 117D61, 0C2E37, 087B95, 066CA1, 050ADB, 0343F4,
004D11, FC5D04, F7C6E8, F3D8C5, F1CD69, F15274, F1E48F, F2FE1A,
F3D88F, F38FD5, F102D0, ECF543, EA5B5B, EBC99E, F0739B, F5CDE6,
F9815F, FADD2B, F99BB0, F53B35, EFF9FE, EACAC0, E67D61, E37266,
E241E7, E3D6F9, E7D06C, EC270A, EE06C0, EC6566, E7E38C, E242BF,
DD50C5, D9D5A7, D87D64, D8B5A0, DABD50, DF5C05, E6556B, EE01FB,
F3BDE8, F67904, F5A192, F164C5, EBADBA, E63B22, E2D337, E1F0F9,
E37B4C, E76299, ECE7A2, F2D18F, F769C5, F925C3, F77586, F35162,
EEA702, EB261F, E9A086, E993A0, EA345A, EABBE6, EAEEE3, EAD030,
E9F6E6, E7BF19, E3E1DF, DF7B43, DC3C7A, DBDA55, DF349E, E4E89E,
EABC03, EEE6C4, F09CBB, F021C4, EDA70E, EA53B8, E7DCCB, E70FC5,
E80ED4, EA5AD5, ED7AB0, F092EE, F32BA6, F5144E, F70AA4, F9EC7D,
FD7121, 003906, 009585, FEB4EB, FC45D4, FB1C41, FC2069, FE6FAD,
00C0F6, 0129C2, FEA70A, FA1777, F58489, F38701, F519A2, F93DBC,
FE85BD, 03EF6F, 090C8C, 0D3229, 0EEDE9, 0CE5B7, 073D09, 00D7A5,
FD7357, FEEC9C, 03C4C3, 091461, 0D10AB, 0ED768, 0F4A2E, 0FB949,
10D2BE, 131277, 15AEE4, 183572, 1A52F4, 1C10E7, 1E1531, 2085AC,
2370A3, 26C6BA, 2AC81E, 2EF477, 31779A, 2FDBFE, 299B73, 210C7E,
1A47D8, 1886FF, 1B3BFC, 1F74ED, 220D47, 21B960, 1FF125, 1E4812,
1E47F0, 209606, 24628E, 298B9A, 3031FB, 3787A9, 3D3C18, 3F9D9B,
3ED836, 3C89FE, 3AEBD6, 3B0185, 3D3FC6, 401E56, 42D6CE, 455B46,
474944, 491DBD, 4B296C, 4CD314, 4CED33, 4A9C2A, 461E94, 403263,
39A67C, 333FF2, 2D871A, 29BC68, 29567C, 2C9E15, 31E1A0, 36E157,
3A1B81, 3BADF4, 3C2BAA, 3BD059, 3B6FE6, 3A8721, 38F4B3, 35EB68,
312573, 2B743D, 25ED7C, 21780A, 1E12BF, 1B6202, 189AC7, 1500D7,
10473F, 0B2446, 06E324, 04F226, 0699B1, 0B31DC, 10A3C8, 13F2D3,
13DFF5, 127D05, 117CA4, 11AF16, 123F85, 11848E, 0F8976, 0BCE2D,
07C62E, 04DDF2, 034EBE, 0248F9, FFC890, FBE081, F6C8A2, F0CB30,
EB2A67, E6CA4C, E49C33, E3A38D, E36AE6, E3F660, E5C236, E90E7D,
ECD62C, EFBD6D, F0EB77, F0A0D5, EF5B0A, EE2D2B, ED725F, ECCCDA,
EBA68C, EA5053, E987BE, E9750E, E9BA18, EAA0D7, ECBACF, EFA38E,
F1654E, EFEDD4, EBB09E, E639F8, E229A3, DFFE6F, E00FF9, E11E70,
E14036, DFFBB4, DDE46E, DDF49C, E13529, E6154A, E9C5B8, EA4CE9,
E8A67A, E61A9D, E4D176, E54B13, E63700, E6944A, E55F80, E36919,
E158C8, DF1A21, DCE7AE, DABF7D, D9ABC2, DA9401, DE8A0E, E510A4,
EC1C1C, F21949, F63919, F910EC, FB5AEE, FD76ED, FF3785, FFBA30,
FEB868, FC3E6E, F81ED5, F329B4, EEFF82, ECF545, ED8BAF, EFBE51,
F1B33B, F158C8, ED7C7F, E7750F, E16B6B, DDC46F, DE829F, E35FCF,
EADF71, F212DC, F622FE, F6D3F8, F5621D, F3F1AA, F3E86D, F508CA,
F6AFB4, F7E56D, F7D92C, F642D2, F3431A, EF9F2F, ECA34E, EB5235,
EC7C67, F01C3E, F466E8, F70CE8, F67A22, F385AB, F0C2AB, F0748F,
F342E4, F87F55, FE19FA, 01C88F, 01C88B, FDEF9D, F9123F, F5E8AB,
F5CAFB, F85A87, FB5BC5, FDE3D9, FF0D36, FE3AC6, FB6EEB, F71093,
F35622, F25308, F45A63, F85663, FC63AA, FE95C5, FED924, FE3153,
FE0D17, FF7B9C, 0206B4, 04CE3B, 069518, 068C7B, 05F1F5, 0682AC,
09540C, 0DEF3D, 125FCF, 15019A, 13C618, 0E9507, 0700DA, FDEE39,
F5167A, EE9046, EC2CD6, EE3EDE, F27F81, F64E44, F824F9, F7FB0A,
F61CE2, F3640E, EFEBCE, EB7A33, E6EB59, E41492, E4CA00, E94108,
F0003C, F6380A, FA101D, FB130F, F9E9DB, F76E03, F39C7C, EEDD29,
E9F5F0, E5E578, E3FAD2, E4A24E, E6D396, E8666F, E80220, E5C2A1,
E2D3EB, E0B900, DFCD81, E05AC2, E2104C, E48960, E7C97D, EA650D,
EAEDCE, E959B3, E71F1E, E57692, E44809, E246C5, DF2363, DB8B6C,
D97AF5, DAD654, E02242, E8FA40, F2B147, F9CA9A, FC1A8C, FA51DF,
F7221D, F4E2A5, F49625, F5FB78, F7460F, F71997, F58145, F2A11D,
EE888F, E9A60C, E5964A, E43855, E5F909, E9722C, ECFDA3, EEBEB4,
EE6D68, ED1A73, EC0322, EC48C8, ED1F5B, ED0B73, EB3F24, E86960,
E6679D, E619DD, E7A8B5, EAC042, EEE4EF, F37AC2, F7BDF6, FACF54,
FBDD65, FA50A0, F69CEC, F3BABC, F400AB, F7E55D, FDEB94, 033707,
061B40, 05BB29, 024A40, FDBF1F, FA29E1, F90C03, FB0C67, FFB271,
0559B2, 098423, 0A0AF0, 076017, 0461E3, 030D15, 044A5D, 06B686,
08A59D, 0937A8, 0710CD, 037E0B, 009810, 01083E, 04DAFE, 09B459,
0D30F3, 0DABCF, 0BFCB9, 0B3616, 0D38D6, 121F7D, 18C641, 1F72A9,
25BD69, 2AB478, 2E4006, 302593, 2FD022, 2D8A2B, 2A08C6, 265F84,
232083, 20F6FA, 202921, 1FAE47, 1F114F, 1E7B2E, 1E7457, 1F71C6,
215FA4, 23D854, 25BBD2, 25FFB1, 24CD1A, 22C74D, 21527D, 21CF8F,
24DE9B, 2AD520, 31A486, 3709BA, 3A3290, 3BB1EF, 3E0AFA, 420259,
46CF00, 4ABAE7, 4BA33D, 4A2BBE, 479655, 451528, 432F9A, 412F7D,
3EF44A, 3CA3D9, 3A990D, 38DEF5, 3798DA, 370F38, 373126, 380727,
3959E8, 3B3FAB, 3D43BE, 3F3997, 40C500, 414B93, 40A2CA, 3F1509,
3CB67B, 399C7D, 361DF1, 327264, 2EE3D7, 2AFEAC, 263DDE, 20A711,
1B159B, 176D93, 165AB9, 16B472, 16F51F, 15D756, 13C12A, 11DD9F,
1131F2, 126BD9, 14C26F, 17D64A, 1AEA15, 1D8945, 1F890E, 20A1CA,
20365C, 1D19A5, 174A2A, 103643, 09A54C, 04C0AE, 01BC3E, 00376E,
FF7363, FE75D1, FCE101, FADE47, F8BA83, F6C766, F520A9, F3EA90,
F2E100, F1956A, F04E79, EF5CDE, EECFDE, EE632A, EE3119, EECD40,
F0A22D, F31BE1, F5183A, F60202, F5F09A, F5755F, F4F161, F4D3D9,
F5A8DA, F76208, F9171B, F94F29, F6CF46, F1B3FF, EB027B, E4EF8A,
E2010B, E2AFB7, E66A4D, EC2F53, F25FDF, F75EBC, F961DB, F7FCED,
F50024, F27B00, F1A44A, F2661B, F31A8E, F22934, EF0AF8, EA632E,
E5F23D, E2BFB2, E0FC71, E0DD43, E21BE6, E42C15, E5D180, E65431,
E6BF9E, E87901, EC7BA4, F2D1D1, FAA221, 024CE0, 07C1EC, 0997EF,
082F34, 04D310, 017965, FFAA4B, FED475, FDF81A, FC5D8A, F9ED88,
F766D2, F45843, F015B4, EACDCD, E60A56, E3CBD7, E4CAB1, E7FAD7,
EB85BF, EE0B93, EEE4CD, EEE850, EF58A1, F071C7, F1C7C1, F1D6B1,
F0B466, EF8975, EE9FAF, EE1DD2, EE19B8, EEDA70, F038CA, F13B5B,
F0F41C, EE99AE, E9DFFF, E4385E, E0090A, DFB47E, E414A7, EB1668,
F1BD9A, F5E959, F6AC38, F4EBEC, F1D857, EE4B28, EB4426, E89E26,
E73FC9, E85DA9, EC581B, F221D9, F76CFF, FA6A69, FA3462, F71657,
F1E090, EC1D2F, E76E67, E4A584, E3E1F9, E50878, E7F8E9, EC2F3E,
F0C06E, F49584, F6F007, F81D77, F8626D, F7A27C, F63740, F4F40D,
F5A0A9, F92857, FEE330, 0471C2, 078CEC, 0751CC, 0448BE, FF9552,
F9FB2C, F4F00A, F1778F, F076B5, F16A9C, F31E08, F44C64, F4483C,
F2BADA, EFB3EC, EBF6B1, E7F103, E47449, E28591, E2C889, E5673C,
EA0B72, EFB0BB, F4DF47, F827E3, F8668B, F5ED68, F252A1, EEFEEA,
ECA41D, EA8B6D, E7B777, E43776, E0EE7B, DF8907, E0F6D5, E42C32,
E7AB90, E99019, E93EF7, E7A84D, E60A40, E5EB3B, E76700, E9FA6A,
EC0347, EBCC48, E8C6AF, E35A1D, DD4541, D880DF, D5DCF7, D61330,
D9370E, DE29BD, E3A9F0, E847ED, EBA703, EE531C, F0E6AA, F2D2A0,
F3A417, F39FAE, F447EC, F70FBF, FB8127, FF85D4, 00AC8F, FE7129,
F9C9D1, F5CE8F, F3F00F, F44789, F5899E, F55370, F36A90, F0A62F,
EF17D0, EFED50, F171F8, F1E3C0, EFE87A, EC390F, E867C9, E5A9F8,
E4E75A, E5F265, E8859F, EC7731, F0E626, F47E2F, F5E7DF, F4CD21,
F24357, EFB193, EE16E6, EDE04F, EED724, F0B1D7, F32373, F54937,
F6A3A5, F776B3, F7D8E2, F7E694, F7C9D6, F7BA2A, F7F270, F8297A,
F824BD, F83274, F96D09, FD2207, 034179, 0A161C, 0F1025, 0FD9F9,
0C0B61, 05A2A3, FF470C, FB0396, F8FC2C, F89EFE, F9638C, FA3A7C,
FB09E4, FC40BC, FE1020, 00C36E, 042712, 0852DC, 0D274E, 117D0F,
14CCF5, 171DF6, 18A387, 1A00F3, 1B6FCF, 1D62B1, 201C6C, 22DB54,
24DD5E, 259A1F, 253DFF, 243153, 23148A, 22B4A7, 238C55, 24D9D9,
252AE4, 23C488, 20A5CB, 1D083F, 1A7BC3, 1A290E, 1CAD02, 203D01,
232CFE, 24993D, 24E5C3, 259A17, 276FD0, 2B28D6, 310475, 381CED,
3F3B2C, 455190, 49C4C7, 4B9B09, 4A63DA, 46B867, 42CBAE, 405738,
3F2272, 3EB8F0, 3E4EC4, 3DBD44, 3D77AE, 3D7BA2, 3E3740, 3FBABB,
42096C, 44DD71, 47EFA2, 4AC2EC, 4C439F, 4C1450, 4B37B0, 4B5C38,
4D0CE7, 4F9D90, 51C4A2, 51DC3B, 4F02CF, 48ADA6, 3FC89A, 35E058,
2C7B0A, 259628, 22390D, 21C055, 22AA44, 237874, 233FFD, 225054,
214788, 20A649, 2095C8, 20C5BC, 219645, 22AAFE, 233FDD, 2314BA,
224054, 213D89, 1FD3E1, 1E308C, 1C6171, 1A5CF2, 181258, 151ED6,
117A40, 0DB7FB, 0AE2A7, 09699B, 08736F, 06D7F2, 046142, 01C0ED,
FF62CB, FD2AC1, FA1D08, F639B6, F22C42, EF4005, EEB0D0, F07015,
F3B14D, F661D3, F70FCA, F5F96F, F41B85, F3205B, F38DD9, F4C267,
F5B594, F56EAD, F40E1E, F1D9E8, EEA745, EA2C8D, E4B053, DF6DED,
DBE2B0, DB5D93, DD7E6C, E12B54, E56B46, E9AE97, EE016D, F1B59A,
F3FF31, F46D6A, F37E29, F2498E, F0D1C5, EEFA7C, EC1FF0, E8BCE5,
E57BDE, E34540, E24D86, E1A551, E03016, DCE147, D7E96C, D263AA,
CEF14D, D026F2, D6BB4C, E119F2, EB80E3, F29325, F5BB4C, F57226,
F31D94, F00EC3, ED5836, ECD3C9, EEDCAE, F2BAB3, F66B66, F80A17,
F6F5B4, F42C04, F0C2D7, ECE428, E8838F, E3E1BF, DF9A40, DC0E1D,
D9F76F, DA794C, DE350A, E477C1, EAA24C, EE5250, EF16D8, ED204B,
E99386, E5670A, E15E54, DEEB1D, DEC333, E14BE6, E5A7BF, EA3DEF,
ED092D, EC5CD1, E84A31, E21438, DBFB87, D7C86C, D6C767, D93189,
DD3CF1, E10869, E2ABDC, E24A53, E0EAD6, DFAD5A, DFD84A, E1CBC0,
E4B956, E71418, E78B57, E6C17B, E6CE74, E8DCC6, EC8E98, EF9140,
EF634C, EB36E7, E3FE68, DCFA60, D8FFF4, D8A3B2, DB9660, E0108C,
E443C1, E74834, E893A3, E8D3FB, E8214B, E682D7, E4979C, E36541,
E4486A, E796DB, ECE063, F34092, F94E55, FD9EA5, FEFE01, FDB6CA,
FB09C0, F7E436, F58E7D, F42BE2, F34A15, F1BF1C, EEE516, EBDFA3,
E984BE, E80A37, E6804E, E4534A, E21030, E0D071, E1ECD5, E5B1C9,
EB0799, F03D72, F3807A, F46E25, F3582E, F0D15C, EE12D2, EB6D5B,
E90CBC, E6A052, E4052E, E20548, E17AD0, E2811E, E44158, E5AF75,
E6ADD2, E79609, E86240, E8E72D, E8F1FC, E8E9A2, E92EC6, E9DCA6,
EA915E, EA9C7D, E96186, E6E0EF, E40092, E18C5A, DF9289, DE33AF,
DE23E2, DFAAF6, E2A632, E5CC61, E7E5EC, E86735, E7E4EA, E76288,
E7AF3E, E968E9, EC0A88, EF0888, F209B6, F532E9, F91640, FDD92D,
02F41D, 074776, 0949C9, 083655, 0493FB, 0037DB, FD50E2, FC82E3,
FD8A6F, FFC6D1, 022274, 03E8C3, 04146D, 026E6C, FF9E34, FC436E,
F94B08, F72084, F5CAE0, F5B101, F7124D, F99CC7, FCD8BF, 003D12,
03DDDF, 07AED9, 0AE99B, 0C8B4E, 0B6A6E, 075C1A, 01CCF3, FCCF76,
FA8D10, FBC69C, FF370D, 032046, 057CEB, 05D86A, 056D39, 05CA46,
08272C, 0C4302, 114C68, 165AB7, 1A1451, 1B6A08, 19F24F, 166E6F,
12B3C6, 10CD1C, 11A288, 14AF34, 17A4C1, 17AF5E, 141522, 0DE58D,
07E536, 04CAF4, 04FFF6, 084AF4, 0D0B13, 118580, 14CB8C, 16494C,
169B3F, 16A936, 173F78, 194E3B, 1D0030, 214D70, 248338, 255F64,
244737, 238CE6, 257490, 2B15AB, 32C266, 3939FB, 3C4AEE, 3B21F6,
370C4D, 31C4AE, 2C1D70, 27258D, 23CEB0, 22C42D, 23D6FC, 26130D,
284003, 2964CE, 29622C, 28DF7B, 28D955, 29BC4D, 2C0761, 3033E8,
3538AC, 39E273, 3DCB82, 41898A, 45F1B7, 4AA13D, 4E6F07, 502970,
4F46BF, 4C3F54, 475E88, 412D8D, 3BC6EB, 393F25, 3A3645, 3D727A,
40F676, 441732, 46B46E, 496F04, 4D214E, 5131A9, 54C455, 56EE50,
57D3BF, 5836DC, 5824CE, 57DD04, 571E5E, 55ADB8, 531344, 4ED748,
4999D5, 4420C8, 3F6FE4, 3BD75D, 38FDB9, 369182, 348E61, 32D5DC,
312B5A, 2F2FC1, 2CA0A1, 2A0C5E, 2872E9, 282F02, 2891B3, 287E42,
27A0CD, 26709D, 252E20, 246CB2, 23DB14, 232F39, 21FA45, 1FF40D,
1DD6E9, 1C22F3, 1B49C2, 1ACF66, 19F30F, 186570, 15795C, 10B768,
0A403E, 0262F7, FA29B6, F2E3B4, EE0230, ECBB93, EEA874, F21AEE,
F5390A, F6D384, F67FA6, F46AEF, F1028C, EDA4F6, EC1E78, ED534E,
F113D5, F5BE31, F8B612, F81B29, F3A797, ECDCD7, E633B0, E1230D,
DDD0AA, DB4EB2, D833FC, D501B6, D36AB2, D5B976, DD1187, E7240A,
F04949, F4B75F, F35C62, EDB98D, E5A848, DF0B64, DC5CB5, DD771C,
E12CEC, E4F07E, E7023A, E66FDC, E2DAE6, DD50FA, D724AC, D132B9,
CC7934, C9F062, CA2C0B, CD1130, D1B4C9, D6DEFE, DBACBA, DFC8C0,
E3106C, E58F9F, E7A52F, E96C72, EA85CF, EA15FB, E84599, E6BDC5,
E704CA, E9744E, ECC21F, EEEE92, EE5844, EA9EFB, E54138, E001EE,
DCC178, DCB1C4, DF63F1, E38E5B, E6C180, E71D2C, E4CFFB, E116C6,
DDEEF2, DC864D, DC8485, DD57E0, DED0E4, E10DC9, E3F4E4, E648C6,
E7412C, E69F03, E47727, E12B88, DD145C, D93E32, D68B8F, D58CF9,
D5EE63, D70878, D88FC3, DA8CF9, DC9895, DDB07F, DCF844, DA8F39,
D83306, D80559, DAAD6B, DF551B, E45B5B, E83039, EA618B, EAA1E6,
E97142, E775C3, E5430B, E3B176, E2BA8A, E26D77, E29F2D, E2DAFB,
E302C5, E2D308, E20A7C, E05AA4, DDE1A4, DB726B, D9E754, D9D9C7,
DB6279, DE995A, E37C94, E964FD, EF630A, F49868, F8F43A, FC33B4,
FE2501, FE4EE5, FC9AE4, F9D981, F7003E, F4EA2C, F356AC, F182ED,
EF3519, ED1312, EB9CA6, EB1E80, EB36F3, EB61B1, EB9C39, EC1683,
ED69EC, EF9E26, F1F9DA, F36FF7, F2FF0D, F0C8BA, ED77ED, EA4EA9,
E7DB99, E60F0D, E4F9A8, E511D5, E6A905, E94AD0, EBF17F, ED2B29,
ECCB12, EBD759, EB6CE1, EB67F8, EA6A1A, E85563, E623BE, E54FC8,
E62E33, E7CF39, E929AB, E95919, E8B038, E72C29, E4E2CC, E1852B,
DD6BE6, D9AC58, D75355, D7587F, D9D770, DDB425, E0CE6B, E1C095,
E09193, DE4653, DCE992, DD8E49, DFE101, E2760E, E40137, E44E33,
E4403B, E4FD93, E74579, EB4378, F078BC, F67406, FC185C, 00061C,
0100CD, FED4B8, FA7E22, F58C74, F1156B, EE0E13, ECEF06, ECF0AC,
ED5399, ED4B6B, ECDDD7, ECF7AB, EDEE7F, EFDDD1, F2830D, F56B10,
F7E2AF, F90A2B, F86361, F5F117, F29034, EFEEF1, EFF311, F2C064,
F6A99A, F91B0D, F83253, F4AB5C, F072CA, EDE2E3, EE5DC7, F1B175,
F71A3B, FCE3F3, 0243E7, 071CB1, 0B1B6A, 0D8FFA, 0E188C, 0D1989,
0B85AA, 0A71BD, 0A6D9F, 0B34C4, 0BE13E, 0BC702, 0B7FCD, 0C2EB0,
0DF675, 0FD790, 102296, 0E6326, 0B0087, 0727D6, 041F94, 029CCC,
033044, 055D9E, 08C938, 0D13A3, 116F77, 153935, 17B849, 18A81B,
186985, 1850E8, 19F143, 1DE42F, 23C455, 2A0A34, 2F54BC, 32D25E,
345CD0, 351307, 354A51, 3495F9, 32F5C1, 306F61, 2D480C, 2972DF,
25239F, 215D34, 1F1449, 1F1C9B, 210173, 2363B6, 25904A, 27A205,
2A1A02, 2D9CB6, 325487, 380790, 3DF3A1, 42E1B3, 460110, 4707FB,
4653AB, 4465DD, 415B92, 3D8F13, 39AA80, 370DC8, 36ECD8, 39B92F,
3E82D9, 42DD23, 452590, 44F652, 4346DF, 422BC8, 43533A, 47C4C4,
4E54EF, 543FAF, 57E581, 58DB1C, 588AD2, 58816D, 58934C, 5805FD,
558AD6, 5142CE, 4CA8DC, 490F92, 47906D, 47A9DD, 48410A, 47DED4,
4562AE, 410323, 3B4268, 3570C0, 3096FB, 2CD1F9, 2A0071, 286F5E,
28AC07, 2A7DEF, 2CFC2C, 2ED9D9, 2F2BC9, 2D8F5B, 29E167, 250EF4,
20CBAA, 1EEEF3, 20B1E5, 258F72, 2B5882, 2F9B29, 301B1D, 2C0958,
248859, 1AE380, 108F5B, 0724CE, FF9C5E, FAE04A, F95B9D, FAA39F,
FDC303, 0162F2, 04304E, 05206E, 03F02A, 011DAE, FDB4E8, FAC339,
F88E3F, F70428, F60F45, F5EEED, F6E921, F86656, F8EC19, F6F08E,
F267E1, EBD85E, E48B95, DECFD8, DBCB58, DC4EAE, E03E5B, E5F334,
EBBFFC, EF9EA4, F0FF30, F0B75E, EF9806, EE7220, EDC9D8, EDFFF5,
EF1692, F09B64, F1715B, F040C0, ECA807, E73D2B, E142C5, DC222F,
D8D12E, D77943, D71447, D67334, D5EF43, D6DAFA, D9FB42, DE8D96,
E2530C, E3A85F, E25267, E05382, DFA2C3, E1261E, E46E04, E831E9,
EC3748, EFEC97, F26D72, F2CBA8, F07B5D, EC3FA3, E7F29F, E59DD1,
E598D6, E75196, E93B42, EA1FA0, E9A4B4, E7B1C9, E57918, E3970B,
E2C2FD, E29172, E27EFB, E25922, E25AB5, E2DBEB, E3A7D3, E49587,
E56A71, E61A54, E67E67, E5EAA7, E3AEE5, DFD836, DBA935, D90A27,
D94EFF, DC5924, E01AA4, E27DBA, E23EFD, DF5332, DB28F7, D6FB65,
D46164, D434AA, D5ECD2, D8C168, DC396E, DFD617, E31A43, E5A019,
E75042, E870BC, E953ED, EA7C04, EC0967, ED1107, EC629E, E988E6,
E55DD8, E1CCD7, DFD70E, DF6C9E, DF80D6, DE8BEE, DC4E4B, D94EAC,
D6F2C2, D71727, DA93C2, E112A5, E93F1E, F0F9F5, F6B8CF, F9052D,
F7E608, F5514B, F2D695, F1E2DB, F2D2BE, F4CD06, F6DCE7, F801BC,
F8082A, F795EE, F70F12, F66395, F597A7, F4FEF4, F4D824, F515D2,
F5602A, F548C2, F47889, F30A1B, F1C7D5, F169DB, F1BA1D, F24BAC,
F28932, F213FF, F0ADE7, EE718F, EC5041, EA7E3C, E8F93E, E7C5F7,
E7283D, E794C5, E9368A, EBB0DC, EE4A15, F06BCC, F1CC42, F23AB8,
F1A43A, F02418, EDBC62, EA9DD2, E74FB4, E44ED1, E1D904, E02696,
DF96A9, E096F3, E2ECEB, E5CEF3, E83789, E91860, E7DCB5, E4339D,
DEF394, D91E64, D3F5FB, D0D08B, D078EB, D2FAFA, D771C3, DC48AE,
DFCD0C, E18C96, E2237A, E2D5EF, E51535, E8EE63, ED9D17, F12937,
F26AA6, F2141B, F1687D, F1E223, F394CF, F55883, F5B76B, F3F849,
F0B825, ECE97E, EA17B6, E9D468, EC859B, F11805, F5DA24, F940DC,
FA52E0, F94305, F7071A, F48B71, F1F19C, EFAAB4, EE462C, EE1B3E,
EEDA15, EFF094, F0808E, F0003B, EF3685, EEEF54, EF9C2D, F0EF8E,
F2772B, F43CB7, F57189, F5CEF5, F65345, F8544C, FCDF26, 02F6C0,
08C231, 0C5AB6, 0C5BF0, 09F147, 06F3FE, 059C6E, 0790A3, 0C154A,
116FE2, 150B52, 14F457, 11C3D3, 0D21DD, 09528A, 07C918, 080A7A,
094F00, 0AB1BF, 0BC73B, 0C8D96, 0CB835, 0C629E, 0BD3E8, 0B3D29,
0AE816, 0B64BB, 0DB7F2, 1207C9, 178B64, 1DB17C, 23FFB4, 2A7B94,
3104CA, 36E024, 3AB7C8, 3B091E, 37AEE2, 31FEC8, 2C2DF9, 280083,
261322, 266DE2, 27DEED, 29383D, 299DF9, 28DE95, 279966, 267C79,
266D65, 282FC5, 2BFD93, 317755, 375532, 3C0F46, 3F2515, 40BB9D,
40F320, 400261, 3DC5FF, 3A6519, 36CB1A, 34BE2E, 35D2F9, 3993B0,
3E30BE, 41BE2B, 43BED2, 447D0E, 43A19C, 415F05, 3E7BF2, 3C8CE0,
3D6042, 41C157, 48AF42, 4FEDBA, 55604C, 579AF5, 57759F, 55CFC7,
538C0D, 512883, 4EF3F5, 4D3DEF, 4C2151, 4C3163, 4D9978, 5003B0,
528F31, 53BF76, 5267B1, 4DC4B9, 460E28, 3C9557, 33274E, 2BC131,
27D858, 278988, 29DD9E, 2D5D58, 301B30, 3087B0, 2E84AC, 2B382D,
27FF5C, 25EB51, 25B5AA, 27B9C9, 2B03AC, 2DF79B, 2F6CF8, 2E8C25,
2B6959, 26C4D6, 211130, 1AA054, 13FE61, 0DE018, 0915B2, 061AA1,
05181B, 05C3E9, 0747D1, 087E03, 081E09, 05920B, 013D57, FC85DA,
F96DE7, F90164, FB1D23, FE57C6, 00BE92, 013E6F, FED942, F97806,
F2AF43, EC19D4, E71D38, E46F83, E3B723, E45CA1, E5D049, E755F2,
E88106, E93551, E9CC4F, EACE7F, EC24A3, ED601C, EDEE80, ED8FC9,
EC98E2, EBA156, EB96D7, ECA1E5, EE201C, EF2C6C, EE9FB0, EB84DB,
E5E909, DF75D9, DAA894, D93E8C, DB3394, DEE870, E181C8, E11313,
DDD0FF, D962EA, D619C3, D5D49B, D86463, DCBD84, E1758E, E4DC8A,
E71D87, E8601D, E931F5, E9CF5D, EA2014, EA6AA3, EAB245, EA9A5D,
E9D22F, E86F88, E6F65C, E68485, E8124A, EBA4F1, EFD02C, F24F81,
F1EACE, EEAC3D, E9BC4B, E526CF, E23666, E1A836, E3A676, E7432C,
EAF323, EC9882, EB80AF, E841BB, E42E64, E135BB, E0B920, E2685A,
E5226D, E77E21, E84C24, E79CFF, E57834, E23892, DF00CD, DC4E91,
D9F627, D84788, D72E78, D6509B, D5B654, D5F48E, D83968, DCE810,
E32505, E92FB5, ED1EF7, EE74FB, EDC1E1, EBBA34, E96351, E754B4,
E5FC30, E4FBDE, E35FD3, E14DDC, DF3C0D, DDFFB2, DE4792, DFCD94,
E19CD7, E27BCA, E241C2, E1EECE, E201A1, E2BC92, E3FB72, E57D63,
E72716, E8550E, E962F0, EB34E1, EEA5D8, F3824E, F80328, FA9914,
FA620B, F807A3, F57B56, F3C5CC, F35103, F3DE89, F501AD, F712A4,
FA12F2, FDE938, 01CCDF, 046A35, 04E549, 029822, FDFA5F, F885DA,
F3FAE6, F18498, F070FA, EFBB54, EF13AC, EEAB61, EF65C7, F17D46,
F48624, F73A90, F82515, F70B5C, F41D47, F09CC9, EDFE5F, ED222D,
EEE55A, F1FA21, F4D266, F6231B, F52A26, F2FCA5, F0DC97, EFD035,
F033CE, F10FC6, F16FFA, F0D1F1, EF0396, ECCB43, EA62E6, E8005F,
E5BA0C, E384AD, E15207, DEF36A, DC9362, DA4AF4, D87FAC, D7E71A,
D9584D, DCDD84, E1B177, E688AC, EA221C, EBA07F, EA9658, E7AAE8,
E4AC3A, E34321, E4427B, E75765, EA8397, EC0C54, EBB5B5, EA645D,
EA0489, EB693F, EDF05C, F0B39A, F2D1F1, F46468, F5921A, F62236,
F608F9, F5219F, F42974, F3775D, F349D7, F325D2, F29C01, F185BB,
EFD102, EE4E1C, ED843A, EDD121, EE6FF1, EE2301, EC4FC3, E91640,
E5E407, E415A1, E49E35, E79D4E, EC09AC, F11FFB, F60016, F9B5DA,
FB9311, FB18DC, F8CC0D, F62D2A, F4F129, F56A34, F7ADB7, FB5E9F,
FFB2C7, 041EF6, 079DCE, 09A459, 09F88E, 089D2B, 05CE72, 02983D,
FFF925, FE8DA2, FE9853, FF4F7B, 000022, 000617, FEDD66, FD0C94,
FAF421, F90C3D, F84272, F97D99, FD7074, 040BCB, 0C8658, 158476,
1D61F6, 2321B4, 261581, 260B64, 23A666, 1FED9A, 1C53C6, 197C09,
17E505, 184094, 1A81F1, 1E0DB8, 21BC1C, 241C64, 243DF3, 226DA5,
1FFC59, 1E253F, 1DBC9B, 1EEBE6, 21A4D8, 259B90, 2A15DF, 2E4AFB,
314D64, 323F84, 30C8E7, 2D9EB5, 2A041A, 272FEB, 264731, 2794FC,
2B0E82, 2FB297, 33F845, 36FCDA, 38A4A6, 38E175, 37ED8A, 36D216,
365AC4, 36F39F, 38803D, 3ABFD4, 3DD56D, 41587D, 44CDD3, 4770E9,
483C19, 476B68, 469C0C, 476901, 4A811C, 4F3FBF, 53C108, 5696C8,
575B4B, 566BB6, 542DDC, 5073B7, 4BB3D4, 46952B, 41BB85, 3D721F,
39B683, 372654, 35AC49, 351140, 352814, 35347E, 346BD7, 3216FB,
2E70BF, 2A972A, 281149, 28183D, 2ABA1A, 2EB107, 31F69F, 3360EB,
32BC8B, 3088F4, 2CCA16, 270F74, 203393, 19FA16, 16048C, 14B387,
14EE78, 14EB9F, 1393F9, 1131FC, 0E3EDF, 0BFC6E, 0AFAAA, 0AE2E2,
0AE3FB, 0A1CF6, 089687, 06552C, 03A4A8, 00FCA3, FE0C95, FACF5D,
F7AB5D, F52D74, F36182, F15837, EE74D4, EB1551, E886C4, E81A74,
EA2D25, ED637D, EF95EC, EF716F, EC9070, E86903, E4CC18, E35F7C,
E4DB12, E86BDE, ECF17E, F0C389, F29AA2, F2651F, F0785D, ED8330,
EA21C1, E7078F, E4BEE4, E33D55, E23AA5, E172C8, E0AD00, DFCCD6,
DE9A6F, DD1113, DB4974, D9ACF7, D9540F, DAB068, DD4E93, DFFA8B,
E144C8, E0FDE0, E024CA, E0304C, E1ED38, E48FBA, E6AC7C, E70174,
E57F6D, E3ACE2, E323B2, E50961, E8FDD1, ED989D, F15550, F2D030,
F2186D, F06CBC, EECBC6, EDBCE8, ED08FB, EC0684, EA85E4, E8F9F3,
E84F7B, E8A73F, EA0689, EC0CF9, EE18B3, EFD7AD, F11B80, F23FC5,
F30FBD, F2BDFB, F0946D, ECA63D, E7DE8F, E34E19, DFE273, DDC945,
DC9ABC, DCADD9, DE1675, E02D09, E243DF, E3D6C9, E53E30, E66E61,
E70F81, E6FA0D, E5A1B5, E377CD, E2090F, E2C8FB, E637BB, EB009C,
EF5227, F1D39D, F1B8EC, EF5F46, EBB840, E7FB8E, E4E283, E28476,
E14A0D, E17A4A, E32C32, E61AB4, E95F69, EBF929, ED2197, ED3D37,
ED1FED, ED0050, ECD0A0, EC2755, EB1BF2, EA914C, EB4F54, ED835B,
F08BE7, F393DF, F6060C, F7C444, F8F62C, F9C97F, FAC01C, FC21FA,
FDE5C4, 000174, 02397A, 045349, 0607BE, 073304, 07AB25, 06D7C4,
048EE8, 014FB6, FE10A8, FBBD8A, FABD7D, FB8477, FDC6D2, 00629D,
028580, 0361E6, 0280C1, 001DB5, FCBCA9, F91F6B, F61E49, F4647B,
F45D8C, F5C4C5, F7AC87, F95439, FAADAB, FC080F, FDD271, 0028A1,
027428, 04029B, 040C40, 025360, FF0F86, FADA37, F68E91, F2E4DD,
F01DF3, EDBF68, EB3FC6, E8494E, E4F93B, E2658E, E1D389, E37451,
E6DFF8, EAC7AB, EDEBAB, EF6E4C, EE6F56, EB44DD, E7584C, E4388C,
E2F0D4, E3DCBE, E6A448, EA5C02, ED8BC3, EED6C9, EDE102, EB637D,
E8C94C, E7345F, E6C9AA, E79172, E9A8F5, ECC8E7, F0B097, F4C3B7,
F84396, FAF485, FCD0F0, FD84FA, FC556C, F8EEE7, F43D81, F0354E,
EED60A, F09A78, F43A05, F7F83B, F9983C, F7E4EF, F3A953, EE24CA,
E90332, E55B8C, E381CA, E3B9C3, E5B57F, E9666B, EE15A0, F22D28,
F434BE, F3FEDB, F25945, F057E8, EEB9AF, ED98D3, ED6EED, EEE9CC,
F2724F, F7F420, FE66CC, 04A9FC, 0970F7, 0BD2A5, 0B1012, 0705DF,
00EE38, FA8681, F601FA, F4E3A1, F69C4D, F981E9, FBA2D8, FB5D47,
F86DE6, F4329D, F08F23, EFB8CE, F26FB8, F7D436, FE8480, 04D40E,
09FD6A, 0DDB6B, 109A2B, 128DFA, 13B302, 13C2D9, 1304BB, 11CF80,
108FBE, 0FB07A, 0FC705, 117744, 1466BD, 17C52B, 1A904C, 1BD750,
1B97A1, 1AAA8A, 19DD0B, 1A2842, 1C27B7, 1FAEC1, 23C1C3, 26A02E,
272312, 252FF8, 218C10, 1DE884, 1BCA82, 1BE0B8, 1E7283, 22AE0D,
2791FE, 2C3FE5, 2FAC77, 316616, 31459A, 2F7419, 2CB536, 29F368,
282D09, 28505C, 2A8213, 2DF3E1, 314A81, 33C7AB, 35CFB9, 38A603,
3C5C89, 3FEBBC, 427C5B, 432AAE, 42E1D1, 4301B7, 44FC95, 49515A,
4E8A2F, 52EB89, 54E468, 546152, 523A78, 4F3DE3, 4C5F7A, 494AE6,
45EA18, 429B20, 3FC90C, 3DFEF5, 3D4281, 3D4C0F, 3D76F1, 3CD8DB,
3AF00B, 37AE56, 3404D6, 31AD23, 31FC80, 353E07, 39933C, 3C32D2,
3BDE2A, 37F9CD, 31C4F3, 2B9CB6, 26F6C7, 24C638, 24319A, 240E56,
23C98A, 229EDF, 20EC77, 1F3FC9, 1DDA25, 1CB68C, 1B533D, 19B46B,
17E2FE, 15C387, 137DD8, 10FBD8, 0E30AF, 0B5026, 08EEC4, 07810C,
0679E8, 055723, 031FD7, FF5B86, FA8BA7, F5C786, F2D56F, F2388B,
F359D1, F4A724, F4535B, F1F10E, EDD906, E9B51C, E7695C, E76ACF,
E98A39, ECBCA4, EFCC38, F1FAEE, F2AAE1, F21991, F0B4EB, EED7E6,
ED0D59, EB4D23, E92F5F, E6A91B, E3E047, E14006, DF3CD0, DE4DB1,
DEF07C, E09C01, E2334A, E2EA40, E2426A, E09923, DEA80C, DD2228,
DC8A94, DCA22A, DCED84, DCC63F, DB8AFB, D9891E, D7D6A2, D7E04C,
DABC1A, E0101D, E60956, EAF12E, EDCBD9, EEAA51, ED7834, EA556C,
E68F96, E315FB, E0E76D, E07A74, E18CD0, E367F5, E5887C, E80E6A,
EB1C88, EE454B, F0EF8E, F29360, F2CD50, F1A67E, EF58AE, EC96C0,
EA9FD9, EA33B8, EB083D, EC7FB4, EDB24F, EDD884, EC58E3, E8CE79,
E42D2E, DFC88A, DCC4BA, DC0706, DCAE08, DDBF38, DF11DB, E0BA56,
E30EBC, E59F01, E7836B, E829D0, E75C44, E5887F, E34EE8, E18632,
E0ED07, E1B51F, E3BE16, E5FAF9, E758BA, E79713, E69027, E48720,
E24A02, E09C0B, E01851, E0EE6E, E2BF86, E4F8CD, E6C2F6, E7CB00,
E8242D, E80A4D, E7AECC, E744EB, E6F3A4, E673CE, E57A40, E4070C,
E303D1, E3B9B2, E6D12A, EBD537, F10DE0, F4E92D, F680D2, F62BE8,
F50F63, F42059, F4795A, F65FEF, F970AB, FCE192, FF6214, 000E4F,
FF157C, FD98E5, FCF710, FE0476, 0059B0, 032F72, 05B845, 073A72,
07B137, 06B147, 0457FD, 00C8F1, FC687D, F7F6FA, F46608, F29BE3,
F2A70D, F444EF, F6D7FE, F9DD99, FD6839, 013EF0, 04D575, 070815,
06F9BE, 04C268, 01CBAF, 0033B2, 00EB7B, 038528, 0626D3, 06FB8A,
056DF0, 012A46, FB222C, F4C318, EF4892, EBB1A1, EA1C65, EA217C,
EB3B68, ECFB1A, EF06E8, F0CF27, F1BB74, F1B4F4, F11D7C, EFE791,
EDCA8C, EAF256, E84738, E6F2C6, E7F37D, EB3DB3, EF1B50, F1930C,
F147BB, EE02C2, E972A6, E55DB3, E2C434, E337A2, E6DEC2, ECCC66,
F39524, F93A3A, FC9797, FD1578, FAFCAD, F7D6F5, F53302, F3C464,
F3E3B2, F4ECCA, F6769A, F878D3, FABA02, FC7DB9, FCA1A1, FAD71B,
F78B8A, F3A4CD, EFEF23, ECA515, E9C69C, E75C40, E605FD, E6A3C0,
E91A76, EC66B0, EF1902, EFE772, EE3280, EADC16, E810FA, E7B81B,
EB3F19, F212B9, FA1425, 00C6B2, 04176F, 0406BE, 0259DE, 00AB76,
00009A, 00292B, FFE5B6, FE8D3E, FBDEE1, F8B9E0, F5DB30, F34FC2,
F19E27, F0A7CA, F01FC4, F0322C, F14AB1, F3EBEB, F7AAB8, FBD572,
FFA1AB, 0285D3, 04A83F, 060FA1, 069353, 0603B8, 04C227, 034124,
01C965, 0133CC, 023B5C, 057574, 0AAD0A, 10912B, 156349, 17A126,
16D6CF, 14494E, 11BBF5, 10A3BC, 1182BD, 13AABF, 16494F, 18653C,
199A58, 1A48FF, 1AB334, 1B158B, 1B3084, 1AE8F4, 1AE1A0, 1BF505,
1E9F6B, 222942, 254298, 26E0BD, 26C360, 259FF8, 23FC6F, 226954,
214EA0, 20D136, 2114B7, 21E74F, 2330DC, 25173F, 27A227, 2A93A9,
2D4C0B, 2F5DED, 30EB8F, 3263A0, 34472E, 36DE0F, 3A1E15, 3DD54E,
41CAAF, 46272F, 4A933B, 4DF1A0, 4F76AF, 4EC2FE, 4C5315, 48E210,
45A1E1, 437542, 42CC85, 432D05, 438C2A, 439383, 4336FA, 429FD1,
41E962, 411E1A, 406F6D, 400B1A, 3FEB71, 3FE075, 3F5CEA, 3E0644,
3BD84E, 396D41, 375D79, 357359, 339679, 31C47D, 3055AD, 2F484E,
2E21DC, 2CAC12, 2B1477, 29D2BE, 293E42, 2913F0, 28BA35, 27A76E,
259C07, 22D7CB, 201280, 1E12A2, 1CF8B6, 1C4DD7, 1BA22B, 1A901B,
18BB0B, 1616B2, 12DBB8, 0F84C7, 0C780E, 09C521, 074A57, 0495A9,
012ACE, FCBB6E, F7B46B, F34F9B, F082AE, EFE02F, F115D4, F35A86,
F6603C, F9A15B, FC639B, FD997F, FC861A, F94842, F4CDA8, F09637,
ED6591, EB31BA, E97849, E82138, E79AC4, E82177, E9E3C7, EC2B5F,
EE4B30, EF2D82, EE0F35, EAD587, E5D88A, E04E2A, DB879C, D8710F,
D75DD8, D8039C, D9E5A7, DC718A, DEE1AE, E05CDD, E09741, E00717,
DF4FEC, DF0DCE, DF9781, E0B7A3, E1FEA9, E2FEBF, E37D48, E36B99,
E2D55A, E24984, E223A0, E21C4A, E1AFCA, E0A6B0, DFAE40, DF926A,
E0E59B, E3BE6B, E7513A, EAEF7C, EE01A5, F0291E, F12FFB, F13135,
F10504, F17103, F21A4B, F24F3D, F1A4ED, F0097B, EDCB0F, EB2ACA,
E8859D, E5DE48, E33B8C, E11BF1, DFF28E, E04DAF, E21ACB, E4E845,
E7EF19, EA4F97, EBB8D2, EB9F0C, E9F62C, E72EEE, E4623C, E25910,
E17A9F, E1D00F, E35424, E58DCC, E78BEB, E8B697, E8AD18, E77680,
E56051, E35647, E27D97, E34B26, E558E5, E794C9, E95235, EA20E7,
E9E0C9, E8D812, E7127E, E4CBA1, E25DF1, E0B57A, E0C890, E2B6F4,
E61ABB, E9BDA1, ED0B36, EFA0F8, F14656, F1FD33, F1461A, EF3F04,
EC74A0, EA173B, E93CE3, EACE04, EEDBDC, F43B5C, F998E6, FD916B,
FF8318, FFC943, FF3D42, FEFFDF, FF564B, 00171B, 0138B1, 02CB5F,
049E15, 062380, 06E7E8, 067D5E, 0469D7, 008117, FAE80C, F4D50B,
F0A584, F01144, F34D6A, F90046, FEA7C5, 023D18, 03274C, 020731,
00B484, 0004C8, 0055FB, 01B654, 035090, 051AF4, 06C5E3, 089AC0,
0A265C, 0A9F1C, 092B72, 055A22, FFB212, F91F5D, F31C9B, EF0B41,
ED4381, EDB3BB, F00638, F30DDF, F5EB01, F78A05, F77BA8, F5A02D,
F1DDB6, ECD3F7, E7E2F5, E524BC, E5B7FF, E9135E, ED7B25, F0727A,
F0868F, EDF06F, E9DBB1, E6596B, E48E07, E51247, E7721E, E9F10C,
EB9F50, EBDE42, EB02F2, EA50AD, EAAC08, EC34A7, EE7D71, F0956C,
F24FBB, F3B442, F4EEC2, F636C3, F78724, F928E8, FADC14, FC50A6,
FCD310, FB7D4D, F7FE1A, F2E515, ED95F5, E9B545, E83B3A, E89E08,
E96CD1, E926B2, E6F8B7, E37E68, DFC5BF, DD1E21, DCAD7E, DEC4C4,
E354BC, E98EEE, F00379, F58530, F92CC7, FAE087, FB8E3D, FBDEF6,
FBBA8F, FAE30D, F92A71, F6F02D, F4D1DC, F35A33, F2AC80, F23D4C,
F1CB75, F1795A, F1558E, F14C58, F11831, F0DDB2, F11D9D, F257F8,
F4D7E1, F7F91A, FA75BD, FB8973, FAEE6E, F92FF2, F7791B, F6D243,
F7FCB5, FA8087, FD8CCF, 00F5EA, 046630, 077913, 097E3D, 0A3D31,
0A3219, 09E810, 09D4E4, 09D928, 09EFBF, 0A8315, 0C3EB9, 0F1C1B,
125C60, 14EDFF, 166953, 171AFD, 173E00, 172597, 170DE2, 1750E1,
18833C, 1AA45A, 1D4BBA, 1FEB48, 21E6D7, 230365, 235219, 22A869,
21247E, 1F4C69, 1D7BDB, 1BFDD2, 1AD6AD, 1A0C6B, 1A1697, 1B5C37,
1E123E, 217697, 24B4AA, 27BEF8, 2ABFE7, 2DFEDB, 3172E4, 351714,
3918D0, 3D45A2, 412DC6, 43FA21, 44EE77, 442AFF, 42CF3E, 42170F,
42CAE6, 448384, 465255, 47A844, 480598, 4769C9, 4609BA, 44A7B7,
4403F6, 448B68, 4620DC, 483286, 49DE7C, 4A8532, 49DB10, 47CB0A,
44C667, 41BA3B, 3FB72A, 3EF269, 3EE910, 3E8A3B, 3CDC73, 3A1B0E,
37A70B, 369961, 36D6F9, 37640D, 36D675, 345AD2, 3003C3, 2ABD4C,
2673E3, 2470E8, 254546, 286FD3, 2CA42E, 30E31B, 33E5D1, 34787C,
321A3E, 2D1165, 26A855, 2055EE, 1ABABC, 15BDBB, 11851B, 0E0B2E,
0B80EF, 0A4C3D, 0A295A, 0A5222, 0A1091, 091DF2, 075332, 04B486,
017CD9, FE16CF, FB6511, FA0A36, FA5CF1, FC1061, FE5D68, 00263A,
005966, FEE56D, FC5974, F9A6CD, F79F53, F6AFDB, F64587, F5B728,
F4C793, F3BBC1, F2A003, F105BD, EEB064, EB8311, E7CD09, E44190,
E15565, DF1AA7, DE0400, DE3288, DFA990, E1CD0E, E3D1F0, E52701,
E54B9E, E418AB, E1D058, DFA8C4, DEF7F5, E0A73B, E448AC, E821EC,
EA4505, E9855E, E6151D, E1AC8F, DDD070, DB9246, DB4049, DBB716,
DC8B29, DDDD1A, E03374, E3DA02, E83E55, EC9357, EFCEF7, F164F5,
F1BA52, F194CB, F1C3FE, F24140, F2C583, F33D86, F312F7, F20076,
EFB6B9, EC7851, E9190C, E62875, E4265E, E35340, E3C977, E5B918,
E93210, ED92C0, F167FF, F32C06, F1EECC, ED7D4C, E757AF, E1C066,
DEA0EF, DEA421, E0EF95, E4B332, E8E52B, EC545C, EE8417, EF62C5,
EEC758, ECAABB, E9287A, E4FF10, E16033, DF9FD4, E0484D, E2A63E,
E58B2E, E76AAB, E7A1A4, E67014, E491F8, E35994, E31AF0, E38150,
E43E6C, E51E5F, E68769, E89D80, EB268C, ED378D, ED7FBF, EBB726,
E84DB1, E4C706, E236D4, E113CA, E20643, E571B8, EB08B4, F1983D,
F763A8, FA95DA, FAD2AE, F95728, F7B247, F72CD8, F83430, FADC34,
FE9F3A, 0257EE, 04FB12, 05769E, 03701B, FFB872, FBD329, F925C8,
F7F165, F7A0F7, F78FE5, F6EA84, F5864A, F48A9C, F4F9CF, F6E99A,
F9A5F5, FC5923, FEB785, 006657, 014DE4, 018ECC, 01615E, 017A5C,
02A1E3, 04B9D2, 06B64E, 070D6B, 04E916, 0102DA, FCAB24, F935CB,
F76F6F, F76001, F8DFED, FB304E, FCF84A, FD1779, FADAE5, F689BF,
F16A15, ECCB47, E9EA8B, E96964, EA7849, EC078A, ED7C45, EE35E3,
EE67BD, EE53F0, EE2C94, EDD771, ECB26C, EAE52E, E90927, E7B382,
E6E297, E62BC2, E579FA, E4F206, E4BF07, E4DB80, E4D817, E48311,
E41327, E45934, E65BA0, EA2430, EF0E69, F4354C, F8DD16, FC3926,
FDDF67, FDBE43, FC6A2C, FA9100, F82960, F52577, F19419, EDB5A0,
E9F803, E683A2, E332FF, E03336, DE0157, DD166E, DD7D19, DEBF88,
E099A0, E2F427, E5CB7C, E93F44, ECBB27, EF61CC, F0EBB6, F15C22,
F133A0, F093E6, F0150C, F02804, F0871A, F13AB2, F23384, F339FD,
F3DEE7, F3AD39, F22760, EFA2B8, ECFB6D, EB5CDF, EB45DD, EC01DC,
ECE4CD, EDB8DF, EEDCE3, F08186, F22328, F34D7F, F39211, F318BE,
F28605, F28F57, F3AD7F, F59E54, F7E83E, FA2081, FBEA8E, FD53F4,
FE7C00, FF9445, 00FFE6, 02BF67, 046AC7, 057D6A, 05AA12, 050861,
03E6EF, 02EED6, 030E2F, 04A131, 07568C, 0A736F, 0D38DA, 0FBABC,
1233DC, 14BC26, 174711, 19973D, 1B6D00, 1CAA47, 1D8FB3, 1E05F6,
1D68CF, 1B787C, 18BD74, 160F2C, 13DC55, 12B19D, 1269B5, 127852,
12BB88, 1317B3, 13F28A, 15A85D, 1886CE, 1CD8C7, 220018, 275C66,
2C27B8, 2FC2B1, 32045B, 32E319, 32BBF6, 325F32, 327F99, 33AD95,
363B77, 39BDCF, 3D8240, 40BEDA, 42BAF2, 438DBF, 43AE20, 436B46,
42E8A0, 41DE50, 402B84, 3E2141, 3C825D, 3C917B, 3EEF06, 433FB9,
486EB2, 4CBBDA, 4F65D1, 4FE9BA, 4E37CF, 4AD6DD, 466B18, 4199D4,
3CCA49, 388E63, 354DCF, 33502A, 32AC66, 3360B4, 352398, 37032F,
37D7E3, 3715B9, 35458F, 338E08, 32F8B7, 335E41, 33E0D1, 341603,
33A7B5, 32D2A0, 31A614, 307AFB, 2EF7AD, 2C42B1, 284AF0, 23DE99,
207D98, 1EC102, 1E2587, 1DAF64, 1C0F17, 18B935, 13E004, 0E2A6C,
08D6B0, 0506DE, 0362FA, 03DD77, 0520B6, 05BDFA, 0532A6, 0401DB,
039235, 04732F, 0608AE, 07416B, 072C91, 0616FC, 04AEB9, 03757A,
028FE8, 01B11D, 008AB6, FED2C1, FC7828, F93A0E, F52BC4, F08AD1,
EC29CF, E92C41, E7D750, E845F5, E9CF23, EB48A5, EBC24C, EA8DCA,
E82FE3, E53C71, E288F1, E16259, E2C21C, E670D7, EB5969, EF7241,
F11D65, EFE623, EC27A6, E74F24, E247B1, DD83C7, D9A290, D7491C,
D73043, D9698C, DD7ABB, E284E5, E79A3B, EC3FF7, EFEFE3, F1F8E0,
F1DB2B, EFC8E4, ECD09C, EA8702, EA214E, EBE6A6, EF6C83, F35FE5,
F6C07F, F86D5F, F77F86, F49382, F0B2E5, ED2C28, EAC9CF, EA0EC7,
EB474A, EDE291, F09176, F1C630, F0D982, EE20C9, EAB9F7, E813CD,
E698D1, E668DB, E7B17F, EA4E47, EDF98E, F155F5, F34609, F39CCE,
F2BF22, F11CA3, EED294, EC212F, E94548, E6A844, E4CDFC, E3FF6C,
E4299B, E515FA, E67ABF, E81698, E97A12, EA1D9F, E9CD9F, E8E7E2,
E7FD03, E76CFB, E77FA3, E83FDB, E9800D, EAA408, EAF625, E9FCDD,
E7DCDE, E538BD, E2FA86, E1D4EF, E21A20, E3D4B5, E6571E, E914E9,
EB9DAA, ED4863, EDFAC7, EE686F, EF7D69, F1DF90, F55532, F9706F,
FDA166, 00AC2B, 01D963, 017FEF, 0082CB, FF6101, FDFFDE, FC6BEF,
FAB81B, F94D3D, F87062, F7FC1B, F7B97F, F72F2B, F69E6D, F6B4A7,
F7A0CC, F9178F, FA23BE, FA3E03, F9A8FF, F97986, FAB3DD, FD5992,
00B7A3, 0364E2, 047820, 03E566, 0223A6, 006B56, FF4B97, FEF214,
FF5763, 005037, 01DA41, 039245, 0493D2, 04117E, 01DB27, FE71CF,
FAD115, F7812E, F45D53, F12C49, EE493D, EC67F1, EBC70E, EC6971,
EDEEF3, EF71A4, F0B5B7, F1E419, F30A95, F3E078, F3830B, F2190C,
EFC2B6, ED23A7, EA97AE, E7DF9E, E4B86B, E0F88F, DD0655, D999BB,
D81D1D, D9512A, DD38E8, E2EB97, E8D8D6, EE0227, F2549B, F5D2C7,
F875B4, FA2AC3, FAD386, FA8625, F96B2F, F7E1D5, F608ED, F3C9A9,
F1360B, EE7E3C, EBC8C1, E93647, E6F384, E510FD, E36737, E1B5AF,
DFEACD, DE876C, DE477C, DF579C, E13925, E30CF5, E45ECB, E55536,
E6A76E, E8ABF8, EB1E4C, ED9447, EF44B0, F00C90, F04774, F02E21,
F0036F, EF91C3, EEEB85, EE1E9B, ED0CE4, EC0427, EB46D4, EB1448,
EB75A5, EC1E77, ECB984, ECC3BC, EBD582, EA263C, E87914, E7E14A,
E8A2B6, EA519A, EC36E3, EDEEA9, EFCD3B, F1FADF, F45E97, F643DD,
F73ECE, F789B2, F7C2CE, F87613, F9C166, FB326B, FC44F1, FC93D8,
FBFF09, FA9E78, F890EC, F6AF47, F5E6F8, F6FB51, FA0064, FE2CFD,
029CBD, 071895, 0BF864, 11B30E, 17C785, 1C917C, 1E76AD, 1CDDD8,
18E1F1, 13E2A5, 0FBA7E, 0D8D62, 0CEE1F, 0D6021, 0E097D, 0ED486,
0FFFB6, 11555E, 12AF89, 12F193, 11DE24, 0FD98F, 0DC88B, 0CAE43,
0D46C9, 105F1E, 15F5AA, 1CF39A, 23FEE5, 29D4BF, 2DC549, 2FE1B5,
30950F, 30A725, 30A9CC, 30EB66, 31D494, 335A91, 34D688, 35977D,
3572FC, 34E4AB, 348BC5, 34D604, 3603A3, 385644, 3BB91D, 3FA18D,
43738C, 469BDF, 48ECD2, 4A4E1A, 4A91C5, 499B6E, 476572, 4431C2,
4056A6, 3C7DC1, 3930E6, 371C2D, 36D267, 38AB77, 3BDA7F, 3E446C,
3E33BF, 3B5EF1, 370E97, 32F3C1, 302EE2, 2F477B, 2FFD9C, 31DACE,
345765, 367F81, 376F1B, 3691B2, 341991, 3135D4, 2F26BF, 2E8069,
2F041F, 2FC790, 2FE100, 2ED524, 2C41A1, 288815, 242663, 1F7A7D,
1A9152, 1547B2, 100CF4, 0B7E96, 085549, 06FCC2, 075C39, 08D21D,
0AF852, 0CFF61, 0E29C0, 0DFC7B, 0C376D, 096B34, 06E8EC, 062BC7,
07D893, 0B568D, 0F0D14, 114890, 1080E0, 0CB794, 06BF47, FFA29D,
F8C3C4, F30E4E, EF33EB, EDBBCB, EE79D5, F09542, F2BDB0, F393C3,
F2E498, F164D0, EF9B48, EE36D1, ED5B58, ECD05A, ECC19A, ED2264,
EDE879, EE97D0, EE3944, EC54B9, E90825, E5566B, E219A5, DFCD57,
DE8515, DE3297, DF1040, E105EB, E3D478, E70EA7, E9F4F0, EB7F96,
EB340B, E9BC55, E7EBB0, E6E792, E6F56E, E7A911, E94DA3, EC53CB,
F07ADB, F4D03A, F82C95, F95C6C, F870CC, F64AA6, F3EC94, F216C8,
F0B9A4, EF9CF0, EEC7FD, EE18F7, ED612A, EC7811, EB87F9, EB242A,
EB7D61, EC8982, EDEA0E, EF52AE, F092F1, F19DE3, F24D07, F2B742,
F3082F, F2FAF2, F23BBE, F09D31, EEB2EB, ECF465, EBFEAA, EBADBD,
EB5F01, EAD039, EA05C9, E95B09, E8DFFE, E86383, E8010D, E81AF4,
E8E29C, EA2866, EBEB8A, EE031E, EFB488, F02F83, EEE805, EC19E2,
E8660A, E4B3A7, E233A8, E14F96, E1BCB8, E2CE89, E413ED, E55AE1,
E6A765, E7D072, E8C242, E9A8AF, EAB8A8, EC2282, EDF257, F02BCE,
F2B216, F5809A, F89147, FBC3FD, FEAEA7, 00DBF0, 01B54A, 00EBB6,
FEDFB5, FC5C21, FA2018, F89A7B, F80B6D, F8532C, F94E0E, FA96B3,
FB9438, FB9693, FABF9C, FA3B3D, FAA849, FBF303, FD7002, FE457F,
FE58B6, FDF1EC, FDCA7E, FE34F7, FEC1CB, FF0ABB, FF4246, 0082E5,
034750, 070B16, 0A900A, 0CC044, 0D825C, 0CD4DA, 0B760B, 098201,
06FA9A, 03F524, 005672, FC9A70, F924F9, F68FAC, F55D68, F594DA,
F72CBF, F97618, FBEC19, FE1539, FF6DA7, FFD188, FF9B8D, FEE86D,
FD7FA0, FAC39E, F65686, F103D6, EBE66A, E7E989, E56945, E426B5,
E3A4B8, E368FA, E3CA94, E5080C, E74318, EA59C0, EDA7A2, F099CE,
F28103, F36885, F4047C, F53024, F771A4, FA4CA6, FCBC64, FE2EE6,
FE2F01, FCDCF9, FAC944, F83E1A, F58D3A, F2B0BE, EF8CD3, EC52F1,
E965B2, E74395, E612C6, E594DA, E5348A, E47F0A, E385C2, E2D53D,
E33805, E4A510, E680EF, E8817C, EA7589, EC643F, EE2E7E, EF7ADC,
F0470A, F0BD4B, F147F1, F1D79D, F1CF89, F0F534, EF833A, EE2FB0,
ED640C, ED4BE1, EDA3F4, EDE6B1, ED9443, EC6BD5, EA6734, E78AF6,
E43983, E1381D, DF80CF, DFF268, E2A68C, E721C1, ECD14A, F2590D,
F6A8E9, F90E11, F96CA7, F834BB, F5D66B, F323EE, F0C0A9, EF1B94,
EE4F22, EE4A61, EEC903, EFC277, F157C0, F36958, F599B0, F78632,
F92897, FA97DE, FBF1A7, FDA023, 000463, 0323E1, 06A572, 0A3C62,
0DADF1, 1071BF, 123C2D, 12F316, 12D59E, 123885, 114F5B, 1099C1,
101460, 0F7558, 0E2AE2, 0BBB53, 083A47, 045773, 0112B7, FF9DEF,
006F4D, 036EC1, 084A39, 0E1269, 141CDA, 195391, 1CA625, 1E34DF,
1ED422, 1F754D, 209D69, 2237B0, 2406DE, 25ACBA, 26C3F0, 277749,
285CF8, 29EA32, 2C4614, 2EB562, 30A2AB, 31EB5E, 33270C, 351C1C,
37E0C2, 3B102E, 3DFDF2, 40534D, 423619, 438478, 438E21, 41E857,
3EDF8A, 3BB0FE, 39C46E, 3A3617, 3CFB0D, 40E2D5, 44000F, 44CEFC,
4326FD, 3F3C26, 3A505B, 358B32, 31A0A3, 2F6A64, 2F789D, 313B57,
33EA10, 3648B0, 36FC8A, 3606B9, 341EB2, 3264C3, 31710C, 31252C,
3162CE, 322B76, 3348BB, 34BE90, 361B80, 369A20, 3564E8, 3249B5,
2DCD92, 284B0F, 2256E9, 1BE50D, 1573D1, 0FD792, 0BFFB0, 0A58E5,
0A9683, 0BF32E, 0D0F88, 0CF2DC, 0B7D03, 099D04, 08B388, 095EEA,
0B7D5D, 0DE1AD, 0F3CF1, 0F8E7C, 0EECE4, 0D8A41, 0B72C7, 08327D,
03EBAF, FF39E8, FB3100, F8A4D3, F7AD81, F7E2C2, F891C9, F90270,
F892DF, F73A2E, F54FA8, F2E57C, F00EC5, ED660F, EBA142, EAEC98,
EB228A, EB61D6, EAF202, E9E16D, E877B9, E6DD84, E52A84, E38B8A,
E257CA, E1C7FC, E1A82C, E17ED8, E0C8F3, DF9633, DE5296, DD715B,
DD116E, DD1EEA, DD3A1D, DD8FD0, DEABBF, E08E0D, E30552, E57E97,
E79C33, E92E79, EA69E3, EB95F4, ECDE3C, EE095D, EEB408, EEBED3,
EE7D2A, EE7D24, EEBA47, EEA95E, EDB1B1, EBE628, E9F1A2, E83BC5,
E70DE5, E67B97, E6AB65, E7EDF5, EA4C7D, ED3DB4, EFBAA6, F12010,
F15ED1, F0E35F, F02DEF, EF46F4, EE0E8F, EC29FF, EA32DC, E90FAB,
E96E14, EB1223, ECBFCD, ED7F0F, EC9034, EAB01A, E8CFF4, E86488,
EA10C6, ECE614, EFA7EF, F12B9D, F1376F, F01824, EE1965, EBD102,
E97D1D, E74D3C, E57AE7, E41944, E33DEB, E2B9F5, E290F3, E28ECD,
E26136, E20EBD, E1C56B, E2071A, E33424, E53676, E75AD3, E91F61,
EA8A75, EC4F91, EEBF5C, F1C756, F4D6C2, F777E2, F94DEC, F9BC01,
F914AF, F7D285, F6B452, F67EB0, F78D08, F99B1D, FBA8B9, FCA78A,
FC827F, FBA90E, FAE68B, FAD15F, FB2331, FB7AFE, FB2AAE, F9F756,
F84AA4, F6ABBF, F5EF7C, F67501, F7CF0A, F9A8BE, FBD899, FE9C0C,
020762, 058299, 089BE1, 0AB6BD, 0B946B, 0B76FB, 0A5FFD, 084D7D,
0560D4, 0269C2, 005EDD, FFA6ED, 003398, 017510, 02BE11, 0344C0,
02E2BA, 01E741, 011A19, 011DA8, 01EAF1, 030410, 03BC0C, 03CC43,
034B1F, 02309C, 0037E6, FD46B7, F9A6EE, F5F01B, F2B4DC, F01025,
ED6803, EA9ABE, E83606, E6DCE3, E70781, E8C7D5, EBA93B, EE8A75,
F0630F, F08D3A, EF8FE1, EE8ACE, EE7B7C, EFFA2E, F2D87C, F690B7,
FACEEB, FF0331, 024D53, 03E017, 030D14, 003CF0, FC6E91, F88CC3,
F51BD6, F25B49, F030CE, EEA0DD, EDCC30, ED9FF7, EDCF31, ED7A3B,
EC195C, E9A484, E6F455, E4A459, E310CB, E27909, E2E800, E4B83A,
E81187, ECD662, F28431, F7EB18, FBAD7E, FCBDAA, FB3B6A, F860F2,
F557BA, F2E07C, F0F465, EF8C69, EE9C17, EDB5CE, ECBF60, EB8F25,
EA257A, E8AC35, E7889C, E754DD, E84DBF, EA5689, ECE97E, EF575E,
F0EA8C, F12555, F07220, EFA6E9, EF7C50, F03383, F15948, F2745A,
F38B3E, F4DFAE, F643E1, F7231A, F708CE, F63C6B, F4FAB0, F33B93,
F15277, EF6F22, EE63AB, EF1974, F20095, F6C595, FCAB9A, 02BFCE,
07CCBB, 0B315D, 0CD091, 0D026D, 0CA1A4, 0C66C4, 0D0127, 0EEB0C,
11F335, 151611, 170437, 162E9B, 12257F, 0C2B40, 0611BC, 01BD69,
0032E0, 015C6E, 047A8F, 088020, 0C6292, 0F7ED2, 119B8F, 12DA8C,
139B5C, 13D907, 13806C, 12D335, 123A63, 12CF48, 157A90, 19FBAE,
1F72AA, 24977C, 2873E6, 2A95A6, 2B6053, 2B4ACD, 2A95E8, 29E7DE,
2A04D0, 2BB342, 2F15C6, 33AA94, 380754, 3B063B, 3C0430, 3B5949,
3A64A8, 39FC1F, 3A7327, 3B56A7, 3C21B9, 3D482A, 3F29B0, 41B121,
43A903, 4400ED, 427E00, 3FEB06, 3D7431, 3B6809, 39A14C, 37E480,
363F06, 35031E, 3423E2, 3377FD, 32CE49, 3201D1, 316A41, 315629,
320D3C, 33C19A, 36742F, 39D469, 3D0A00, 3F487A, 3FFFEA, 3EE271,
3BE5A6, 3730BA, 3186DF, 2BDFA4, 26CFF3, 228A22, 1EECA3, 1BE1C5,
199D01, 183821, 179C0A, 177780, 1732AC, 165C8A, 14BA8D, 12A5B9,
10954F, 0F0BD1, 0E7040, 0E93A1, 0EF18A, 0EAFD5, 0D4B7B, 0B5E5C,
09ECE5, 09776A, 09D89D, 0A546B, 0A09F9, 08ED70, 077F18, 066040,
057306, 040E34, 01A999, FE0DBC, F9FBB2, F6124D, F34CB8, F20E97,
F210A2, F2943C, F29002, F1C7A7, F06FFC, EED61E, ED3C4E, EB8AA0,
E9DCEE, E88738, E795E2, E70630, E6927C, E5D880, E49B94, E2E4E1,
E0D7F7, DE9017, DC9082, DB7799, DBAEBC, DD1FEB, DF0685, E0CF80,
E22BC2, E30A76, E3A8BA, E44788, E56563, E74213, E9433C, EABDB1,
EB6772, EB5ACA, EB2D7E, EB5006, EBB438, EBEFED, EB74B6, EA4BF7,
E8DBF0, E7A322, E71F74, E777C2, E8DD0E, EB4598, EE088C, F03112,
F10041, F05568, EEBE6A, ECD07E, EB304E, EA3715, E996E5, E9367D,
E9176E, E92700, E964C5, E9ACE6, EA0404, EA72FB, EB19F0, EC1AB9,
ED91C0, EF69DB, F147CD, F2D005, F3A519, F3E2F9, F3C287, F2FF13,
F14F12, EE90DD, EB1A77, E7AFEC, E5009E, E326FC, E1EDF0, E11F61,
E08B5B, E04A4E, E04AC2, E06B43, E0BD21, E16374, E2A343, E459E6,
E646EA, E7FF40, E8EE30, E8CB23, E7E102, E7570E, E83AFD, EAEF8E,
EEB608, F22807, F4B3DD, F68361, F83A18, F9F420, FB36F6, FBA0E3,
FB2A4F, FA5C8B, F962B0, F82F87, F6A78B, F4F893, F375A8, F291A7,
F2C6D3, F40987, F61826, F85862, F9EEE3, FA67B6, F9E289, F96882,
F9EF0B, FBA54C, FE48FD, 014BD5, 0406D9, 05EBD8, 06740F, 056421,
031927, 00738B, FE58B3, FD5CB5, FD9F32, FE9B6D, FFDF52, 013B31,
02DEE1, 050B75, 07AD7E, 0A4110, 0BDCEE, 0BCC2D, 0A003C, 075A5D,
04E449, 02F846, 01C6C5, 0149F1, 017306, 022D00, 02B7BF, 01C481,
FE8C02, F91459, F25A30, ECBB0C, E9ABA9, E8EC5C, E9ECAA, EB5601,
ECF8B3, EEA001, EFE8EE, F0E7FC, F130D7, F0EC1E, F063FA, F00AAD,
F085CB, F1E85C, F3FCB4, F66033, F8F786, FBB338, FE7218, 00FBFE,
02E580, 03B86F, 031737, 011492, FDEBD1, F9D0BF, F5226C, F0C5EA,
ED5CD2, EB1191, E90148, E6453F, E3573A, E16A33, E1B538, E43B23,
E834E4, ECEC15, F126DC, F42654, F59EBA, F5295A, F32AB1, F094E9,
EEBE55, EEC4AD, F08F7F, F30B6D, F50B52, F5EC7A, F57F4F, F4415E,
F219E6, EF577E, EC5B80, E9757B, E76B0B, E6B71C, E75530, E8D554,
EAD705, ECC76A, EE2549, EEDFBF, EEF11B, EEABA5, EE4FBB, EE294B,
EEB549, F02625, F24E70, F44A27, F51F5E, F46C89, F286C6, F01954,
ED32D9, EA49DC, E8317C, E7AA75, E93BC8, ECC753, F19906, F6B4B4,
FB372B, FE5E38, FFF655, 005994, 005387, 01043D, 02B587, 04EA85,
07191F, 090B6C, 0AFDB6, 0D195F, 0F0E4C, 101417, 0FAB4B, 0DF83D,
0B8063, 092864, 07ABE3, 0770D6, 0865B3, 099C62, 0A6CE0, 0A93CC,
0A2180, 09BBFF, 0987E1, 0960F1, 095C9D, 0A01E5, 0BA5E0, 0E691F,
11EF28, 158E2A, 18CD86, 1B20F5, 1C3DF6, 1C9F1C, 1D101C, 1E2AFA,
20A218, 2471A9, 28BCFA, 2C67F7, 2E93ED, 2F3E47, 2EFE5A, 2E889C,
2EC731, 301E12, 324D4D, 34DC86, 372545, 3930A8, 3B54C8, 3E1BD9,
416861, 440D77, 4523FC, 446853, 428499, 407055, 3E7644, 3C9492,
3A7B0E, 381F6F, 35E1CB, 3429DB, 332AE7, 32AF55, 32AB5C, 3304D9,
3401BC, 36139D, 39322C, 3D315A, 40F034, 438CA8, 447A10, 438B6C,
410D7B, 3D653D, 38C885, 33FBA8, 301888, 2E07DE, 2DF54A, 2E9F59,
2ED39B, 2E0B29, 2C6800, 2A572F, 280159, 25525E, 223512, 1E8F3B,
1ACF10, 178C03, 151F69, 13E396, 1362DF, 12D354, 11D526, 1078B7,
0F8E1C, 0F80EC, 0FDC00, 1015D3, 10237E, 10650A, 1103B9, 1181F7,
1116F4, 0F7B21, 0CDE8D, 0A0463, 07A865, 05C104, 0427DC, 023BA0,
FFDE78, FD7C63, FB86EA, FA6042, F96EE3, F862E0, F71A9C, F5B6B6,
F455DE, F32C9D, F237A4, F0E6DB, EED8CC, EC39A7, E99997, E74B33,
E554EE, E39121, E17145, DEFFF1, DD2723, DCD987, DE5BC4, E088F3,
E23EDE, E2D4FE, E25153, E14FB8, E031C9, DFA2E2, DFD478, E0D01B,
E25276, E41868, E5EDC4, E79220, E8785F, E83B0F, E70DA3, E5986E,
E4B0F7, E49D87, E5478B, E654AD, E7A948, E95A29, EB53BE, ED2FAA,
EE506E, EE9C20, EE8EA6, EE9392, EE88D5, EDEA41, EC3FA0, E97809,
E647CE, E3634A, E19A2E, E11878, E1A57A, E2CE12, E451C6, E6601E,
E8DC6B, EBB01F, EEC218, F2130E, F54847, F7F768, F9479E, F88577,
F5A86E, F146E3, ECC3F6, E93052, E71183, E6ABC1, E78149, E9078D,
EA9348, EB0D52, E9FF72, E7C500, E52A9E, E304A5, E177E7, E008CA,
DE3770, DC2801, DAFE0C, DBB691, DE2590, E16DCE, E462E7, E704E9,
E972D7, EBC799, EDE59F, EF6F26, F0B167, F233B3, F47F4F, F76EAC,
FA68E2, FC6054, FC70AE, FA45AB, F64697, F1F73A, EED27F, ED9ACC,
EE6FA4, F0A958, F38256, F66316, F8BC5A, FA0B71, FA3F52, F9E505,
F9D422, FA861C, FB9920, FC6F43, FCDDAA, FD0ED1, FD7B90, FE5979,
FF6259, 004DFA, 00BA4D, 006F70, FEE9AC, FC66AC, F9BB19, F82879,
F8D424, FB864A, FF821D, 03B06C, 073014, 09B478, 0AFC5F, 0B28E0,
0ADA9B, 0A6E9F, 0A43C7, 0A27D6, 09C966, 08AFB0, 065FA7, 03134D,
FF15D8, FB380A, F7E58B, F58A02, F432E2, F3B7A8, F405D1, F4F0E3,
F5FDBF, F64BBD, F4CD6C, F0EDA4, EB8454, E63F44, E2AAD9, E1780D,
E27223, E530CE, E99734, EF327C, F53AAD, FA7F50, FE07FD, FF9DE5,
FF58D1, FDE339, FBF64A, FA7C87, FA088B, FA7FB6, FB13E8, FAA69E,
F8A5B9, F5721B, F1B0B4, EDDEA7, EA3588, E6D9F1, E47E6C, E3BD28,
E4DF0E, E720FE, E9F9D7, ECAA06, EE5893, EE81AD, ED053D, EAC3FD,
E8D8B1, E85FDF, E9E418, ED298C, F1556E, F59587, F89625, F96A0F,
F8332C, F553B5, F1857C, ED30B7, E88CF2, E469B7, E1F317, E25DD8,
E5A8B1, EA935A, EF43F3, F21086, F2C1FB, F1988B, EF59E9, ED552E,
EC1896, EBDF79, EC5D9E, ED0C88, ED996C, EDACAA, ED20B2, EC0079,
EA69F0, E8DB17, E7E655, E7DCA0, E8A012, E9E554, EBA8AD, EDE2E8,
F061D6, F2B9A0, F47260, F5650F, F5FE85, F6D0DF, F8207D, F99B59,
FAF6C8, FC583C, FE2BC4, 00F5B2, 045B9B, 07A1CD, 09E671, 0AD32B,
0AA471, 09BF39, 08E863, 08752B, 0892F3, 095D63, 0A70DE, 0B5BC3,
0B7390, 0A6BBC, 083686, 05A6A1, 0382EA, 02BE69, 03B147, 05D725,
0864C2, 0A583A, 0BA95B, 0CCD50, 0E45BB, 0FF41C, 118F13, 132D6C,
152F58, 17EBF8, 1B3A26, 1E4DA0, 209384, 21CF13, 2220F0, 22175B,
222981, 2305E5, 24DF1E, 27DBFF, 2BC498, 305320, 3538FE, 3A0129,
3E015D, 40B8A4, 4208C4, 41F916, 4113A4, 3F9E9A, 3DE1CD, 3BAE7D,
3958F3, 373AAA, 35CAC6, 35520E, 357755, 35B8AE, 35CC88, 3613E2,
371F85, 391177, 3B1946, 3CDDB9, 3E20BB, 3F7673, 411218, 426EE6,
42DD9B, 419A32, 3F0332, 3BEAF5, 395CA7, 37F9D8, 37943C, 37C21C,
37E1AE, 37F7AC, 37ECC6, 3781DC, 3655E9, 33EBE8, 30B44D, 2D5780,
2A8A90, 285DD2, 2615AE, 239C19, 20F75C, 1E764E, 1C29B3, 19D204,
17948D, 15CB19, 14FCAB, 15544D, 16727C, 17AE2E, 185E6B, 182942,
16E5A5, 14FE18, 12C07B, 10C22E, 0F6A8E, 0EDEBE, 0ECDB8, 0E87EE,
0DD5C1, 0C9464, 0B069D, 095824, 084E61, 081119, 0827D2, 07A72F,
059A74, 022889, FE2EF8, FAE3E9, F8A3C6, F6FBF0, F5AB38, F40C4D,
F2040D, EFC412, ED2A3D, EA7160, E7FF27, E64FE4, E5A6B5, E5B380,
E5C171, E56F42, E4E9DB, E42808, E34B5A, E26446, E20630, E28C55,
E3E330, E58C00, E6DB50, E75437, E6C143, E56CD2, E3B16E, E22546,
E11555, E0D866, E16303, E294FE, E452D7, E6AEFC, E9CE09, ED6E91,
F15139, F4ED79, F77D8D, F82193, F6118A, F1AD0C, EC1C5E, E70940,
E3BD22, E27150, E2C108, E3FBEF, E5C0C4, E77AF4, E84C94, E8117F,
E749D6, E70D3B, E82F32, EA7FF2, ED06DA, EF10B8, F03DB0, F0D75B,
F159F1, F1DBA5, F24761, F23846, F1C499, F103FF, F05A0A, F033AB,
F0CC65, F20501, F32FD3, F38282, F292EC, F048B5, EC9300, E79358,
E1BE53, DBEBE1, D73F78, D4B144, D4BE9B, D7435E, DB4CD3, DFD852,
E42437, E78806, E9BBEC, EAB997, EAEA19, EB4225, EC7A78, EE8FFF,
F12175, F35D45, F497FB, F4E451, F48D0D, F40F32, F389DE, F2CF85,
F1FD95, F13C8E, F1113F, F1A456, F30C98, F4CCB7, F5FB85, F62FAF,
F5BDDB, F5B471, F6E0DD, F9464C, FC516F, FF4F75, 01AC8A, 02F31A,
030A09, 01F59E, 00072D, FD29C8, F9843A, F5CC37, F2F581, F23248,
F409D2, F8372F, FD7954, 02A7A8, 06BEF0, 094686, 0A622B, 09B378,
07D680, 065975, 0600F6, 070F99, 08E6AB, 0A7D93, 0B7EFA, 0C0310,
0C55EC, 0C7694, 0BB9EC, 09C45F, 06982F, 0311A5, 00342A, FE689D,
FDC82C, FD556F, FBF7F6, F9037C, F4A22A, F0083F, EC0B18, E8FBB1,
E70666, E66D25, E7B3E8, EB0384, EFCBA7, F4AB3D, F84CE4, FA3F4E,
FAB893, FA6791, F9DDEE, F949B9, F8CECB, F90750, FA41AB, FC1915,
FDB99F, FE4ED8, FD9ECB, FB738D, F83A97, F4C9B0, F1AC6D, EF4A91,
ED67BD, EB8646, E9BF10, E88FBD, E87893, E9583A, EA645B, EAE391,
EAC251, EAC30F, EB9647, ED4CCD, EF6DFE, F13766, F28C12, F35839,
F3507B, F23FFA, EFE5C1, EC9569, E915FF, E6AF9B, E5F3CD, E7182D,
E94522, EBCAF6, EE2530, EFE3DF, F0F10A, F0DBFB, EF9C5A, ED7CA6,
EB96D6, EA825E, EAA588, EB81BC, EBD66F, EB468A, EA0E16, E8AE9E,
E77171, E62836, E504A3, E45FD4, E48F2B, E5A619, E71766, E88233,
E97781, EA414D, EB28DC, EC23F0, ED0FFE, ED9F5D, EE1111, EE9648,
EF7159, F0BA6E, F27B98, F46598, F620E8, F7AC5E, F9256E, FADCDE,
FCDDFB, FF1049, 014078, 036184, 05C7F7, 082323, 09F9AE, 0A6368,
09129C, 06BA63, 045A28, 029D1D, 016CA6, 009EFD, 00730B, 0162F0,
037299, 05EF26, 07F8BC, 08F3BC, 09093E, 08C80E, 08C946, 092B74,
09A2D4, 0A17C8, 0AB588, 0BAB2C, 0D1C20, 0F2CF6, 119A4B, 13EB85,
157CFC, 16556E, 174EC2, 196E90, 1D24D5, 2255C8, 285908, 2E09F7,
3287F5, 353572, 3671E4, 371745, 37662E, 37B8D3, 38105A, 3813F4,
37B994, 37106A, 3616DC, 34DF13, 33B7E9, 331BB8, 338029, 34D00E,
367ED0, 37F18C, 390C19, 3A2A0A, 3B8726, 3D088A, 3E3592, 3EB62F,
3EAEA2, 3E6702, 3DFE78, 3D6B72, 3CA327, 3BD292, 3B4C0A, 3B5AB2,
3C0715, 3D4153, 3E5A68, 3E9947, 3DA6C1, 3B7812, 38D460, 3645AF,
345B7B, 330B4A, 31F576, 309921, 2E9DD1, 2C18BD, 294992, 2673F0,
23CA19, 21B43B, 20945E, 206181, 2056B5, 1F87F8, 1DA921, 1B0C17,
186DAA, 169E22, 15A24B, 150CC3, 146DA9, 134A54, 11E10A, 10BCE6,
104EAE, 10E3DF, 1241A4, 13DD32, 150C4C, 150F85, 13BD7A, 113D19,
0E2B4E, 0B3401, 08A7E5, 0716A6, 0662A1, 0629D2, 05C4CC, 04C511,
02B0B8, FF4C6A, FABB06, F57A0B, F09DF4, ECED2A, EAB701, E9F23B,
EA3661, EAEE1C, EBE425, EC9C25, ECC7AD, EC755C, EBBDAB, EAE33D,
E9C790, E7E385, E5202C, E22932, DFEE67, DF1604, DF8D34, E0A1AA,
E18603, E1AF40, E15F6C, E1106B, E13B60, E23A30, E428AA, E7151B,
EA8C8F, EE185E, F1020C, F2C30C, F30A83, F1B452, EED7FA, EB033D,
E76FA6, E5185E, E47270, E55733, E6F720, E8AC22, E9E30D, EA0913,
E910A4, E7D291, E6DBA0, E65361, E5F7CA, E55472, E48842, E4130A,
E49E46, E64175, E8AE9D, EB38DA, ED8113, EF9DCC, F1A902, F3E655,
F68B3C, F99AAD, FC6E7E, FDAF36, FC68F8, F8A172, F352E3, ED7E1B,
E7D3A8, E30B8E, DFB37C, DE342F, DE5E98, DF84E2, E0BEE0, E139BB,
E0D66E, DFC5CE, DE69BE, DD15E1, DC69A4, DD1F0E, DFDFEC, E4B975,
EAA457, F04AB3, F45956, F6109F, F59D74, F377B3, F05EE8, ECF58C,
E9BD11, E784C0, E7481A, E9632F, ED6610, F222FF, F6217B, F8BE2E,
F9F145, F9E473, F8EDD0, F73EE6, F59844, F519B5, F6A053, F9D53E,
FD2DDE, FF1F6B, FEE45E, FD2CA8, FAEDC0, F8AD10, F6E4DC, F59BEE,
F55AC4, F65310, F8867C, FB752E, FE334D, FFF03E, 000BFC, FF191E,
FE0BFB, FDAC16, FE724D, 0000BC, 022FAC, 04E56E, 0833C5, 0BE143,
0F27B5, 11155D, 11298F, 0FF7ED, 0E4098, 0C5AE3, 0A4C2C, 07FAE4,
05BACC, 040E32, 03135B, 021B93, 003748, FCDB20, F8576C, F3AB7E,
EF9A88, ECB6C4, EB5446, EB6B41, ECE342, EF1F8F, F13A18, F2A26E,
F3143E, F2B018, F23D60, F26854, F3A402, F5F1A6, F8BB6D, FB9B4F,
FE084B, FFC734, 00AD07, 00636E, FECB02, FBF5A2, F83F68, F46A3F,
F13BD7, EF4410, EE79D1, EE6D5C, EEB172, EEB417, EE89A4, EE320E,
EDD3F5, ED8B91, ED3E19, ECF8F3, ECFBE8, EDAD56, EEDF05, EFE711,
F0238F, EF4A87, ED7FF9, EB5ABF, E989E8, E8ABF8, E8AC6F, E93FB0,
EA3DE5, EB8B52, ED0042, EE3900, EF391C, F02219, F11E0C, F1E442,
F21F4A, F1BE56, F0C41A, EF7AEA, EE6B2D, EDDCC6, EDA143, ED310F,
EBCF84, E9315F, E5D1BC, E2CC19, E15D79, E20585, E45A31, E739D4,
E9942F, EB2043, EBDEB3, EBB32E, EA88B7, E8B059, E6E4F9, E5F0C7,
E638EF, E7637F, E8F8E7, EAA502, EC5A0B, EE3F1E, F069CF, F2E17A,
F566B9, F7E2E0, FA684E, FCD41D, FEFE67, 009EA4, 013BB1, 00E5DE,
001EE5, FF8653, FF8DBA, 004591, 012F98, 01C36E, 024A0A, 03001F,
043B66, 05D1BC, 076615, 08B52D, 09708B, 0958A1, 08549D, 06A69B,
04B836, 0332B8, 02A490, 030048, 03C8C8, 048E7C, 05013E, 050845,
054749, 062EDE, 081DEC, 0B6095, 0F8CB2, 14448A, 18EE4E, 1D2F1D,
2119DE, 24C834, 282A16, 2AF460, 2D00DE, 2E7E28, 2FA70B, 307FA3,
30F7FB, 311CAF, 310D37, 3102B7, 312F0A, 31C482, 32E075, 344795,
356474, 35A176, 34F84B, 342150, 33EAF4, 34B958, 3656FE, 38260C,
39D3D3, 3AE6C9, 3B1FC7, 3A8EFA, 39A252, 392F5A, 39FBA6, 3C2748,
3F0304, 417C80, 427628, 41B62D, 3FEFD7, 3DBEC8, 3BB171, 39E83E,
3861C2, 373731, 365CEF, 35D4D9, 35B35A, 35F386, 36174B, 356742,
3385ED, 30C2FF, 2DE534, 2B7292, 2958E8, 273C95, 24BB37, 223E3D,
20A4C0, 206F4A, 213DA8, 21859F, 1FE57F, 1C0B18, 16F64C, 121343,
0E5D1A, 0CAA39, 0D270F, 0F5FA6, 12BBCA, 167AAF, 19A0F7, 1B309E,
1AF91E, 19777C, 177597, 15719E, 13562B, 1107BD, 0E5684, 0BC05B,
09FD3C, 092CDF, 08C473, 076812, 046640, 0028E4, FBC155, F808DE,
F59B52, F4B0B6, F505CE, F61B08, F73C65, F79A74, F6B9BC, F48FB8,
F14F76, ED769D, E9984D, E65D95, E40AA9, E2C54F, E2732B, E2A4A4,
E2F939, E301EB, E2AEC3, E20EA0, E147FE, E12B46, E23B81, E45A92,
E6D24F, E8C11F, E9FD0B, EABAA6, EB1418, EAC214, E9BBDE, E8774E,
E77446, E76E5D, E89401, EA9CCF, ECF874, EF19C5, F0D7F5, F180D8,
F04D96, ED0AFD, E85F0F, E39FAD, E0105A, DE8944, DED7FC, E069C1,
E27049, E47B95, E65EFD, E7BFCE, E85B95, E81E34, E78539, E76DC4,
E8BB77, EBED87, F0E81C, F70A79, FC8AAB, FFE996, 007751, FE57E1,
FA80F3, F56DAE, EFB90C, EA30E6, E5CA83, E331C5, E1F31D, E1C307,
E1BC39, E17B14, E1148C, E0DE78, E1659E, E25B12, E35A4C, E41516,
E48160, E53638, E6B2DA, E91A85, EB7965, ECB08D, EC4046, EAA618,
E8F846, E8085B, E83B73, E9BB2D, EC60FB, EFC4DB, F353CA, F64D97,
F83290, F88FA6, F768D8, F551B0, F342AD, F21376, F28384, F48A2F,
F73DBF, F9D9B1, FBD2D4, FD25F2, FDC589, FD9DF1, FC9521, FB05D4,
F9BBF1, F97C45, FA2074, FAAACF, FA7BCC, F9C0DC, F90F9D, F8E29A,
F9488D, F9B8B0, FA041E, FA2D62, FB2F05, FDA17D, 016920, 05A489,
092B26, 0B7117, 0C05C1, 0BE909, 0C1A87, 0CCF40, 0E011A, 0F318D,
0FFA4E, 1041FE, 0FECC3, 0EFD07, 0D135F, 0A2A9F, 06D76E, 038D13,
00809C, FD3530, F9AF89, F656B7, F397A2, F2078E, F1D80B, F268D8,
F30D25, F36C59, F362B5, F33961, F369CD, F489D9, F6BB2E, F992B5,
FC5202, FE7329, FFB622, 002DBD, FFD7A7, FE77AC, FC597E, FA1B46,
F869B0, F7DAEA, F864ED, F95375, F9C4FE, F90E73, F732DF, F4D574,
F2BBF0, F19CD4, F1A579, F2812F, F3A25B, F4768C, F4DC27, F490AE,
F35A0D, F163D0, EF4A3E, EDB483, ECB4BB, EBD6AB, EAC448, E98B0A,
E89319, E8AACB, EA4229, ED0077, F0172B, F298E0, F416CB, F4B94F,
F4ABEB, F43573, F3B05D, F35DBD, F3257E, F28856, F165AA, EFE897,
EE55E8, ECB666, EB3283, EA0C1C, E9A34F, EA3D1D, EB87CD, ECED1A,
EDAA56, ED38B4, EBB5B6, E98764, E71C3D, E4CE78, E2FB17, E2139C,
E22D6E, E2E9E8, E3B30B, E46C06, E56A3C, E6FA67, E96E2A, ECA914,
F0121E, F281B7, F38C69, F36FDF, F317CB, F372E2, F47982, F5DFEF,
F70664, F7ABC0, F830BE, F8CCC0, F9B486, FAC7F6, FBF8BE, FD9381,
FFE6C0, 02D3E8, 05AA5E, 07E50A, 095732, 09DEF6, 093806, 0744E4,
048F59, 01DBC6, 0004B9, FF3626, FF480B, FF5FEF, FEC4D6, FD8438,
FC2FA9, FBDC27, FCE727, FF5A7E, 02A613, 060265, 094FAD, 0CA3F5,
103FAE, 141584, 17AB28, 1ABBF9, 1D0A4C, 1ED69D, 206756, 21AE91,
22F449, 246A25, 26D0D7, 2A490A, 2E4B16, 31AC12, 33698E, 336B06,
327C78, 319F81, 30E2D3, 301B80, 2F26BF, 2EB4FE, 2F7271, 3191C8,
347309, 372793, 392EEC, 3A24E2, 3A05B8, 392027, 380669, 378268,
37FCDD, 398B08, 3BBC3D, 3E3128, 40A6C5, 42CCBA, 43FB00, 43C063,
422789, 3F9489, 3CA379, 39D956, 37B3A9, 36732F, 36989F, 37C348,
3928B2, 3A0843, 39D3B5, 38B05F, 370F30, 354F0D, 33D70B, 32D8DF,
3200A3, 30CC62, 2EBE02, 2BB7EA, 280E8B, 23F56C, 1F8727, 1ADD0D,
167F72, 1338D3, 11B332, 124318, 147070, 177942, 1AAE1C, 1D81DD,
1F4CEE, 1FCCD3, 1F16BC, 1D4BF0, 1ACEAA, 180A52, 1574F2, 138FC6,
128302, 11E914, 11205D, 0FCD97, 0DE126, 0BBCBE, 09A35C, 07D71A,
069464, 060202, 065DFC, 076F08, 085E3F, 07E52D, 05157C, 001BFC,
FA07D8, F40E31, EF5E2F, EC6300, EB2D08, EB6E46, EC53D1, ED4B79,
EDBE5D, ED3424, EBA392, E94C5E, E667D2, E36409, E0DABE, DF59DF,
DF4E07, E0B2FD, E336AA, E64A5A, E933F0, EB2205, EB8959, EAB288,
E92204, E7CB64, E73FB4, E78451, E8A2B5, EA7B6A, ECC509, EF2753,
F10078, F175DA, F04852, EDC65F, EA677B, E6F1D1, E404BE, E1E8AA,
E0D6E3, E08EC3, E08EEC, E027A8, DF0B8D, DDE101, DD6BB7, DE4D87,
E0C5C3, E4DB13, E9F017, EF61FC, F45FD8, F82846, FA460C, FA773A,
F8EA40, F5DCC8, F1EBC3, EDD879, EA7773, E8BBFF, E8B4A1, E9B8CB,
EAE585, EB7126, EAEF5C, E95433, E70CC7, E4BFF8, E2F8F5, E1DC9F,
E12DB6, E0A488, E05386, E05C34, E0CCB9, E15A72, E1AD20, E1AE73,
E19726, E1C00D, E2503E, E35763, E4D926, E70D5A, E9C6B0, EC4BCB,
EDD4FE, EE1353, ED7CB5, ECB9BB, EC5773, EC7878, ED0C45, EE3B99,
F00DAB, F281C9, F540F1, F7E971, F9F7E0, FAC828, FA1E2E, F8277E,
F5BD5D, F4044D, F39A32, F47A15, F5E3F9, F70C86, F795AD, F73368,
F6194C, F4ACA1, F35A51, F2C61D, F34107, F4C65C, F6E497, F8E7D4,
FA4B04, FB0345, FBCBFC, FD53ED, 000329, 035D01, 06AA94, 096969,
0B5B79, 0D088A, 0EC8F0, 102CC2, 10566C, 0EE1CD, 0C593B, 09A30D,
07598E, 04E430, 01CB0F, FDF411, FA3BD2, F7E0C2, F75359, F807FC,
F85859, F76FEB, F53225, F28F49, F0BE74, F048FB, F151FD, F34DEF,
F59828, F7A822, F91744, F9CF6E, F9B369, F90D27, F86783, F84CD4,
F8C6E1, F93834, F8CA7C, F72C8F, F52FBD, F41091, F48ACF, F61A22,
F7AC5E, F8DAC5, F989D0, FA1378, FA7AD4, FA2F6D, F914CF, F74371,
F50EE1, F2B554, F06F57, EE6603, ECA2AF, EB2E37, E9BCF0, E88EBB,
E7EEF1, E8795C, EA1DBE, EC4224, EE44C5, EF9948, F00A8A, EFA89E,
EEE33D, EE44F4, EE3A24, EED04A, EFCED7, F099B5, F0E768, F0C743,
F08BBE, F064CD, F050DC, F0520C, F06D48, F0C2B2, F120B8, F14E51,
F123A1, F0BB18, F028C6, EEEDEB, EC8DB5, E9117E, E51C83, E1A060,
DF6D76, DF1D20, E0624B, E26A65, E4A859, E69365, E83A1E, E9B834,
EB4725, ECF40B, EE1995, EE760B, EE0540, ECE83E, EBEC68, EBC5A4,
ECB01F, EE6622, F015A8, F1351F, F19EFA, F1BB7A, F25BF1, F3F66C,
F6C24F, FA94E1, FEF2D3, 036F4D, 077CFC, 0A730C, 0BA9C2, 0AE906,
08518B, 04AD6B, 013B54, FEA53C, FD0C7A, FC3DA0, FC03A0, FC7E7B,
FDA449, FEF743, FFC20B, FF9653, FE7531, FD1599, FC635D, FCC70E,
FE6F42, 012787, 04C48B, 092447, 0DAE3F, 12015F, 157464, 1760DC,
17B879, 17A552, 186320, 1ACA61, 1EB575, 22DFE6, 267E05, 2937C4,
2B2674, 2C9BE4, 2DB15D, 2E18AE, 2DFD12, 2DC960, 2DEE99, 2E9809,
2F7730, 302513, 30C5FA, 31A37D, 32B27C, 33A908, 33E038, 33AA12,
3383F4, 346685, 36E9A6, 3AE9A7, 3FA422, 438214, 456FF3, 44FCFF,
42A161, 3F77AD, 3C493C, 39C126, 3830D1, 37A4A9, 383C41, 39C3E9,
3BAF39, 3D460B, 3E406E, 3EC375, 3EDCAC, 3EAE20, 3E4D99, 3E064B,
3DCC0D, 3D46D5, 3C538D, 3A9D83, 37BE81, 339E2E, 2E400E, 284193,
2258D9, 1D3FB5, 1A21A6, 19695A, 1AEF35, 1DC715, 21349B, 249718,
27538B, 287FF9, 2734D9, 238430, 1E43DC, 18FC4C, 15111A, 136E17,
13CE36, 155587, 1729BE, 1878AE, 191648, 18FA63, 184651, 1728A3,
156C81, 132349, 10B0D3, 0EDBB3, 0E258E, 0E55AF, 0ECBA3, 0E9D53,
0D507F, 0ADD46, 0757A9, 030636, FE6F91, FA756E, F7E371, F6E62E,
F6C722, F6769E, F50636, F2370A, EEF0E0, EC2004, EA49EE, E95A16,
E8CDDE, E86DEB, E80307, E7CF9C, E81B3F, E891A3, E8BC44, E81613,
E6C3E0, E591B9, E5615F, E66FD2, E885D8, EB64EE, EEA8E2, F217DA,
F4FFAA, F6A730, F676C4, F4836B, F1E4B2, EF2AFD, EC44F1, E90A68,
E5AEA3, E2D8C9, E10EC2, E091CD, E12716, E258BA, E36154, E40CF3,
E478EF, E54017, E6E43A, E9453D, EC080F, EE7F5F, F04D4E, F1729F,
F1ED19, F1B0F4, F0F22A, F019C3, EFB65A, EFFDA5, F0C175, F1BB22,
F2B4C8, F367F6, F38C62, F2CCEF, F0D383, EE06D2, EB52E0, E9D07E,
E96E67, E98344, E90323, E7603A, E516AB, E31345, E235D9, E26D25,
E3580E, E43576, E465DD, E429EC, E3EEC1, E422EA, E4C630, E57593,
E62137, E6ADA6, E7043B, E73B3F, E76827, E7F0A0, E93704, EB5893,
EE4C8F, F170ED, F3F3C7, F5633B, F59B7F, F522F1, F49965, F44254,
F44124, F4A47F, F5AE91, F75088, F93AC4, FAD3C5, FB5ECD, FA9841,
F8B0CE, F6389B, F3FDB2, F29CBF, F213C2, F1C737, F1391C, F0713E,
EFF205, F07820, F2754E, F5B7BB, F975E5, FCED8C, FFA8B3, 019E52,
032F86, 049E8E, 063042, 0835E7, 0AB0FA, 0D0DF1, 0EA3D7, 0EF74F,
0DFCFD, 0C2854, 0A00F4, 082432, 0688AF, 049E87, 021F11, FEDA72,
FB87FC, F91277, F7CAF5, F78582, F79D6F, F75657, F6DC61, F6C7B8,
F78669, F8E2BB, F9C96C, F9BDD0, F8A410, F70365, F547E2, F3CC6A,
F2CB95, F2382F, F229F0, F2A970, F3E8FF, F5A77F, F73F71, F84679,
F8954C, F8FC83, F9C385, FAF5ED, FC199F, FC6854, FBD099, FA97F2,
F96D55, F85096, F6AA1B, F45B55, F1B666, EF9CB7, EE7C19, EE2D53,
EE0CD2, EDDA36, EDBFBC, EDE038, EE5792, EEB367, EE851B, EDA37B,
EC29EE, EA5DA3, E8961D, E78DB9, E7BA01, E9389A, EB9F8B, EE4763,
F0A7E6, F2474F, F3098D, F2EC1F, F26DF1, F24396, F2BC35, F38CAD,
F46181, F4E1F8, F4FEAB, F4A5C3, F38965, F17629, EE21C3, E9BB95,
E4F2B1, E09E4C, DDD181, DD5426, DF0DBB, E2A02F, E6ED49, EAA28F,
ECFB80, EDB899, ED2302, EB7A9A, E91325, E656AB, E40EE7, E2E4B9,
E2FBD9, E413BD, E5C1A9, E79AD1, E97822, EB1433, EBFD8B, EC6224,
ECD6B1, EE0337, F056EC, F3C083, F7DA4B, FC1B4C, FFE493, 02FBBC,
04EDF2, 055735, 04AD99, 0344BA, 014DD9, FF1B24, FD1592, FBE653,
FBB2E9, FC4543, FCD14C, FC81AC, FB1BE2, F8F57F, F7274C, F66C35,
F7000F, F8F4E5, FB9CF4, FE360E, 003CE5, 0166BC, 020E8C, 027F75,
032671, 0496E0, 06E598, 0A3F7A, 0E7FDF, 12D5DB, 16C378, 1A6BEC,
1E0161, 213FF4, 2395B1, 246D47, 23F0EA, 23055D, 22DF49, 241BF9,
26630C, 28CA13, 2A4D3B, 2B249E, 2B8309, 2BC64F, 2BF2BE, 2C1AC9,
2CBD78, 2E208C, 30C212, 348292, 38B16F, 3C7E5A, 3EFF85, 4015AC,
3FCCF1, 3E5C8A, 3BB606, 3813E4, 3445B0, 319B22, 316D8A, 34059D,
386C7B, 3CF35F, 40852D, 42E497, 44652B, 454A2A, 4553D1, 442993,
41E999, 3F508C, 3D4C79, 3C59B3, 3C2EC2, 3BB8A6, 39FD98, 36C17C,
328882, 2E5F8A, 2B1272, 292AFE, 28C9F5, 298A87, 2A8952, 2AE1A2,
2A0954, 280FD1, 259367, 22FEA4, 2111AF, 2017AF, 1F7B21, 1E8B44,
1D1753, 1B9C17, 1AAF2C, 1A7AE3, 1A8E60, 1A161D, 18C755, 1701F8,
1570C4, 14AA4C, 148AF9, 14F6D6, 15B868, 16CA82, 1810DE, 190D7D,
192845, 17D7AB, 14F802, 108805, 0B5CA6, 06C85C, 03C23A, 02B750,
0331F8, 03EDC2, 03DDE0, 026F83, FFB98F, FC4FE9, F8C370, F59780,
F2DCD9, F07710, EE292D, EBAD28, E8FEA8, E69B70, E4FBF2, E44946,
E43EF2, E4A248, E5A44E, E74447, E9775D, EC1FE8, EF0F2A, F1FFC8,
F4446A, F54AC6, F4E53B, F3642B, F1635E, EF3E54, ED1DAC, EAF84D,
E8EB03, E75D04, E67D4D, E64C94, E668E0, E6A80F, E6DD11, E6D3F6,
E6519D, E56D6A, E4CB98, E4EF1C, E61089, E7BC8E, E95371, EA256B,
E9F4A0, E948DE, E8F95C, E9D253, EBDCDA, EE6226, F06656, F14BFD,
F15FA2, F12A8B, F12ACF, F158C0, F1156A, F044AD, EF3D4A, EE6E8B,
EDFEEF, ED9789, ECE660, EBFABE, EB21CB, EA7C66, E9EEEC, E902D7,
E78310, E5B6DB, E425C8, E3330E, E2C287, E28890, E22D7F, E1CB97,
E1EAFA, E2C599, E416E0, E502A9, E51372, E43EB8, E334AF, E2EAE0,
E3CD5D, E5C7E3, E81165, E9F1F0, EB665B, ECA01F, EDDB9E, EF4073,
F0D49F, F29BB5, F46E6E, F6368F, F7B80E, F8BB28, F90A53, F8C22E,
F821D1, F728A1, F60E9F, F4C59E, F366B1, F1DB24, F04F77, EF27BF,
EEA7F9, EEE32A, EF45F5, EF6E59, EF7123, EFC300, F11B2C, F38290,
F69ABF, F9CDD2, FCF01B, 002288, 038B34, 0710B4, 0A04C7, 0BEA75,
0C8BF2, 0C2ED1, 0B43D0, 09DEB4, 0871E7, 0701D2, 0591B2, 040BE0,
029EA8, 019183, 00EAD6, 00A5E4, 0073A7, 000183, FF44D4, FE7FBE,
FDDDB8, FD77F7, FD2BC6, FCB492, FBC509, FA37F5, F7EDFB, F5201A,
F24395, EFE97D, EECA3E, EF3E6F, F168DF, F4A9D2, F7E99A, FA0A03,
FA7694, F9DF2E, F92B0E, F8DD62, F8F4CC, F8C3CF, F81432, F7584F,
F75E21, F8B0D1, FA9C33, FC1A98, FC49BA, FAF435, F8ADA6, F61C42,
F3BC04, F1F3DE, F11418, F13E55, F240DA, F369B3, F41223, F38190,
F17321, EE47BC, EAB477, E761F9, E4AD54, E2CF58, E23E35, E3A655,
E71CB4, EBFC7F, F1126C, F4FE26, F6D1DF, F6B073, F55936, F3E3E7,
F2F114, F287C9, F2A18E, F3279C, F3D723, F40C25, F36314, F1896C,
EEC707, EBA2B5, E8CD29, E7006A, E6712A, E6ED60, E80896, E951CD,
EA6656, EAF582, EAC0BE, E9E1A3, E89E27, E728E9, E5F9E1, E559F0,
E543A5, E56781, E55994, E4FDE1, E46896, E3CC3A, E3301B, E2C938,
E2EE03, E3B7E5, E53BD6, E79BFF, EB02DA, EF8DB4, F4F349, FA5316,
FE6896, 0012FB, FF1B51, FCCDA4, FB00C4, FA8713, FB54EA, FCCD06,
FE21CD, FF019F, FF1B9D, FEC300, FE4CC8, FD676D, FC0097, F9D54D,
F7A2B5, F612DD, F5B285, F66BA6, F7D790, F9764E, FA74ED, FAD21A,
FA8AD0, F9B435, F8E591, F8EB37, FAFA3B, FF506B, 056926, 0BE727,
11989A, 1600F2, 18ACC4, 19DF32, 19BD9E, 189D2C, 1759E0, 16813C,
16F612, 18BC84, 1B6328, 1E25C6, 20A687, 22DFB9, 2516DD, 27D118,
2B0C06, 2E3D6E, 304617, 30926F, 2F7FDA, 2E5DA7, 2E7639, 30032C,
3256B3, 345546, 34FF5B, 3431B3, 327DB3, 311317, 310288, 327DAB,
357285, 393463, 3CF62A, 3FD0E4, 411826, 40BB8E, 3F38DE, 3DB2BF,
3D3780, 3E3794, 40097D, 41656C, 418D99, 4088A2, 3F2245, 3DA56E,
3BCC93, 395267, 362BCF, 332C24, 311777, 30452B, 303EDD, 30081C,
2F6B69, 2E7E03, 2DECF8, 2DA969, 2D4E91, 2C248A, 29B0A5, 264AAD,
2278AB, 1F2996, 1CDEE7, 1B8329, 1ADB04, 1A7D2F, 1A5F15, 1A7455,
1A5651, 1A21B2, 19FCA1, 1A4CC6, 1B42E4, 1C317D, 1C77A8, 1B869A,
19365A, 163982, 13B257, 122DC0, 11B733, 11B638, 11D949, 120320,
12157C, 12375D, 124C28, 120C4D, 10FA4E, 0EB6F4, 0B4BB8, 070AB9,
02729F, FDDFBD, F97E5C, F57B30, F1D9DE, EE8E85, EB9FB2, E93DB0,
E7DFF1, E7E260, E955C1, EBE476, EEA918, F0C000, F20BAC, F2AFEF,
F30747, F35483, F38095, F375AD, F31947, F27725, F1935E, F0987C,
EFB2D0, EEF8F1, EE5FAF, EDDF8E, ED614F, ECAA98, EBA5D3, EA5269,
E8F5A2, E7E77A, E72D41, E6D948, E6E8AA, E73FFE, E7EDFB, E8E1F4,
E9F1C9, EAC397, EAF868, EAB3BB, EA88E2, EADF3C, EB9C19, EC73C9,
ED107F, ED78C4, EDDB5F, EE7360, EF81BD, F0B9B3, F1BE00, F2821C,
F30BD4, F351B9, F31FA0, F26A2B, F15586, F05038, EF4B42, EE1715,
EC8529, EAB978, E929B3, E84EB3, E87A19, E964EC, EA80C2, EB048D,
EA81AF, E90238, E6F572, E5097F, E3AE1C, E2FC55, E2A676, E21795,
E15152, E0D843, E10CD5, E22792, E3F099, E613A8, E840AB, E9AC8B,
EA5007, EA9A1C, EB7C25, EDB7B2, F0ECED, F4778A, F78076, F9C06F,
FB4D0D, FC3440, FC4AA6, FB2F00, F905D2, F65532, F3C40F, F1CA7D,
F091C7, F000B0, EF7962, EEA969, EDA34C, ECB414, EC8E55, ED5189,
EEEF9B, F12E60, F410A3, F7C57C, FBCB21, FF97F7, 02D17C, 054563,
06FCEE, 0802BF, 081C00, 0706D0, 051508, 034CB2, 02AB68, 038C69,
059A69, 081F11, 0A46F5, 0B671F, 0B3DC5, 09DE36, 07D2BA, 05C287,
04172A, 030378, 02825E, 024AF0, 01FE0A, 0111AE, FF2A20, FC960C,
F9E2F2, F79DD5, F5FA23, F4C81F, F40558, F3F0DF, F508A4, F75EA6,
FA49C9, FCC406, FDAEA7, FCC5E9, FA88A2, F7CB09, F59A0F, F4604D,
F45D08, F5352F, F6797F, F7F0A9, F98439, FB42D2, FCDA64, FDED00,
FE220F, FD91F1, FCC0B6, FC0F7E, FBB30A, FB614C, FA8E2E, F8ED2D,
F65763, F2FACF, EF4B4E, EBC775, E8F891, E75575, E70881, E7D4F0,
E972D3, EB5C21, ED527D, EF12B5, F07C15, F16969, F19938, F1388C,
F0A571, F08F81, F1593A, F2E68C, F4AF34, F5D06D, F5E060, F502AA,
F3B6EF, F24D29, F08653, EE5AC0, EC4CEE, EB1676, EB319E, EC9690,
EEA505, F05BD6, F104C2, F065DA, EEA9DC, EC5CBE, E9CD52, E77B1E,
E62934, E61970, E6F2A5, E7A04A, E72766, E532CF, E29A0B, E04AF4,
DF1150, DF2DD8, E04FD7, E20518, E3F3B1, E65F2F, E97749, ED0A9C,
F04816, F29924, F3B5E2, F3D63C, F3B883, F3CCEA, F429EC, F4D0C3,
F60D64, F845D5, FB6273, FED3CC, 018E61, 02E74F, 02E3F2, 01A1C2,
FF7648, FCA81E, F9A256, F6E34D, F4BAFF, F3588D, F29767, F2212B,
F188B0, F1017A, F10BFF, F276C4, F5A540, FA22F6, FF0521, 02F777,
0508B4, 05632F, 04FD89, 04B8BD, 04E234, 059368, 06C9AB, 084EF5,
0A102C, 0C1F1F, 0EB7C3, 1200FE, 15DA12, 19F360, 1DB504, 2089EB,
221F82, 22885A, 2251DD, 2258DA, 2353E6, 25326B, 27A49F, 29E2D1,
2B3F3E, 2BB138, 2B5F53, 2AFEBF, 2AF8D6, 2B71A6, 2C91D1, 2E1DFB,
2FF4FF, 31BA38, 333DA1, 348F17, 35D6D8, 374491, 38EC19, 3ADC08,
3CFE88, 3F6E03, 41A828, 42EAB5, 42B7BA, 411898, 3EB486, 3C58FD,
3A6799, 38C359, 376C5E, 36A17B, 369EE2, 377DB9, 38FF23, 3A8615,
3B92CD, 3BB699, 3AC89A, 38DE9B, 362C37, 33020E, 2F8A55, 2C1ECC,
2940B1, 272FE7, 25E1A5, 24F399, 240B64, 22FC79, 21FC90, 219E2A,
21ED32, 225245, 21F96F, 2093BE, 1E9032, 1C8DE3, 1B0642, 19C6DE,
18947F, 173FBC, 15DE44, 14ACFB, 13D455, 13ACE7, 1448BE, 15B644,
17E643, 1A4F70, 1C6300, 1D8362, 1D7340, 1C09C8, 197159, 160E2C,
1227BD, 0DE09B, 09621E, 04E87F, 00D911, FDA990, FB1344, F893A1,
F5ED0F, F36673, F19A04, F0E934, F137C3, F1CFFA, F1EC5F, F164F4,
F08ECB, F0070A, F053CA, F18407, F35A6E, F53EBB, F67A27, F6AD2B,
F5CBAE, F4520B, F2CB62, F1621F, EFDCB4, EDF904, EBEFB5, EA0BBB,
E8ABBE, E80721, E82134, E8DA59, E9CB01, EA976E, EAF477, EADDD9,
EA709C, E9C9DC, E909CD, E807ED, E6FB6F, E61D65, E5A61B, E5DF97,
E6C23D, E84350, EA385E, EC448D, EDFC92, EED335, EEA7AA, EDC8B0,
ECE185, ECCBDE, ED949B, EEECB9, F0398E, F0FC73, F122C3, F095BA,
EF886B, EE5183, ED2B5E, EC3631, EB614D, EA996C, EA06F0, E9E9ED,
EA6189, EB1497, EB8471, EB5ED3, EA7D36, E8F1A9, E6F268, E4B73B,
E2913B, E0EA2A, DFDB2E, DF8CB1, DFE58E, E057C6, E0C451, E0DA75,
E08076, E01894, E00813, E0FD3B, E3343D, E6C62E, EB90E6, F11E1F,
F68F77, FAA75F, FC5D73, FB8DEE, F941CF, F6A376, F442FA, F23038,
F0003D, EDD2A8, EC75B6, EC7765, EDADF4, EF1597, EFB334, EEFA38,
ED67C4, EBFDDD, EB9EB1, ECF30C, EFA5E8, F33CD9, F711FC, FAA636,
FD9D06, FF5373, FF6688, FE06CE, FC2DCB, FB3CE2, FC039B, FE45EE,
011110, 039623, 059861, 0784C7, 099A78, 0B750B, 0C82FE, 0C5CB3,
0B7851, 0A6BD6, 093E5F, 07DBC3, 05E4B1, 035053, 00ADCB, FEA498,
FD9D27, FD400C, FCBA60, FB7BED, F9D15D, F8A0B8, F8C33E, FA6D05,
FCDA49, FED0A1, FF1C51, FD6E41, FA50ED, F65D08, F292E6, EFEDB3,
EF15CA, F070D9, F36214, F6CAED, F9B0B0, FB5C35, FBF786, FC10DD,
FBF99A, FBFA29, FC23DB, FC9198, FD637A, FE6A38, FF31EF, FF398C,
FE495A, FC3C10, F91B4A, F5557A, F16F14, EE2C02, EC0CED, EB18DD,
EB19DC, EBC574, ECBCC7, EDCF2F, EECEF1, EF7FD1, EFEC44, EFF43B,
EF882B, EEC33F, EE1418, EDF8D8, EEE1C6, F0C3B8, F2BEE5, F3FCF1,
F43B82, F38A13, F23213, F07B7D, EEAC9E, ED81E7, ED8D84, EF0856,
F16F3A, F3BD5B, F54175, F5C02F, F54EDB, F41B16, F23E1D, EFD256,
ED1499, EA534D, E82925, E6A1E0, E5C016, E510D0, E40E41, E2C374,
E18937, E128AA, E1DF90, E33797, E46B4A, E502D5, E537A3, E57151,
E5BD63, E61AD8, E60981, E596BC, E53952, E58D9F, E73688, EA07DF,
EE22EB, F2FC7D, F7F0E8, FC5A8F, FF6B3D, 00B331, 0032B2, FE458A,
FB8B3C, F8EA7B, F6F10A, F5B849, F505E9, F45299, F3AED5, F31E06,
F2D3F4, F31169, F3D7B2, F53290, F6BAC4, F7D910, F8444F, F7F6D8,
F75D82, F71168, F7583F, F8242B, F8FCA6, F99BB2, FA400F, FB76A5,
FD65E6, FFD514, 025CE2, 04A73A, 06FF56, 09983E, 0C60B9, 0EF4F2,
113A56, 1373A9, 160634, 191409, 1C725D, 1FA327, 220A06, 234C4E,
236272, 22B4F2, 21BD32, 2126DA, 212749, 21959C, 2247EB, 2323F9,
243E2B, 25A5A4, 275EAA, 2981DE, 2C4A61, 2FCC69, 338487, 369FDE,
38867E, 395E21, 39BD45, 3A5118, 3B5940, 3C7410, 3CF5EE, 3C6C75,
3B260A, 39CFF2, 390B83, 395E97, 3ACADA, 3CE63D, 3EEB2C, 401B23,
402987, 3F5F10, 3DF7F8, 3C1DAB, 39F9B0, 37BCFB, 35FBB3, 34C3EB,
33E6B4, 32E850, 319519, 304ED0, 2F8E8F, 2F7A13, 2FC016, 2FBA7F,
2ED9CB, 2D0644, 2A8B30, 27E1AE, 256231, 234D85, 215555, 1F0D14,
1C8268, 1A2705, 18BBA7, 1838C0, 182B79, 1842A0, 185FF8, 192F1C,
1AD94B, 1D0929, 1EFF3F, 200D0D, 205484, 2035C8, 20143E, 1FF269,
1F6803, 1E3F82, 1C6F41, 1A0DEC, 172C2B, 13E53A, 1052E8, 0C670C,
0833FC, 03F505, FFFD7C, FC98D9, F9B2B9, F75D05, F616DE, F637F0,
F78E73, F93CDB, FA4A70, FA1798, F91333, F828B4, F80E64, F8843E,
F8C3B2, F87074, F79D34, F6D445, F63830, F5C765, F535AF, F4465A,
F3145C, F1940D, EFFF01, EE6215, ECD7EB, EBF220, EBE7FA, ECBB00,
EDF04C, EECA27, EED1D1, EDA8FF, EBA404, E96FD4, E7D5DE, E732D0,
E78467, E8BB2B, EA7E0E, EC8D98, EE4B1D, EF1298, EE99EC, ED2637,
EB9A69, EAA36E, EA9B76, EB3B69, EC5125, EDD25C, EF9607, F189F6,
F313C5, F3C0BF, F32324, F15960, EEADE0, EBD433, E99895, E8B52A,
E99CB4, EC16B7, EF6FE2, F28A73, F435E6, F3CC70, F1B7EA, EEA27A,
EB9BE9, E8FE85, E6BC23, E48110, E1DFDF, DF5076, DD5888, DC3ACC,
DC1854, DCB3A4, DDCE0A, DF4FFE, E0E211, E28139, E43F88, E669CE,
E97B3B, ED5455, F170A9, F5030B, F71C23, F77A4F, F673A5, F468D1,
F23DDB, F08C53, EFACB5, EF91AC, EFD458, F011B6, EFD4C5, EEE2F6,
ED7398, EC32EC, EBD733, ECE46D, EF4AD5, F27344, F564E4, F7481A,
F7CD77, F70ED1, F578C9, F3C9B9, F2C24C, F2E684, F48D6A, F790DE,
FB2F66, FE8336, 0157CB, 03DD2C, 066747, 08FB98, 0AF23E, 0B9705,
0ABF52, 092386, 07AF6A, 06F44C, 07218B, 07CE36, 08BFE1, 09569E,
091F54, 081389, 063729, 03F564, 01CDC2, 00549E, FFD8F1, 00482F,
013212, 01ED51, 021EE9, 01649E, FFBDDC, FD59CD, FA64C8, F755FA,
F4BF28, F3491C, F348C2, F4704B, F5E02C, F71F30, F864E7, F9D2DC,
FB6081, FCB13A, FD8557, FE04F2, FE7E44, FF2E79, 0001D2, 0088BA,
0035AF, FF22E3, FD77A5, FBC147, FA1BE1, F88022, F6D375, F4E8C5,
F3068C, F1909A, F11C1B, F16F54, F1EF65, F24CEA, F242F8, F2269C,
F242E1, F27202, F27725, F1FCE7, F135CA, F07592, EFCF88, EF1447,
EDE271, EC78E0, EB3AA5, EACD21, EB7EAC, ED43A8, EFFF20, F354DF,
F6A7DF, F9106F, F9D270, F8E6AC, F6E7F3, F48EED, F28221, F0EEDC,
EFCB9D, EEEF15, EE128A, ED4128, EC8D1B, EBF8E2, EB75AE, EAC2BA,
E9C229, E87E00, E72142, E5D8C5, E4AD5A, E3745F, E2124D, E08709,
DEFA35, DD9CAA, DCA366, DC59F7, DCF552, DEA8EC, E13B26, E44AFF,
E7C534, EB8685, EF1C16, F1D85F, F34AB2, F3A1D9, F386C7, F399F6,
F40112, F45F32, F4449F, F3DE23, F388ED, F3721E, F39433, F39FE5,
F36AF1, F2EAE1, F2610B, F22CAE, F242BA, F29217, F30D77, F3C6D1,
F4BC54, F5B95D, F645EF, F60A30, F4B2E4, F28745, F06EA9, EF136B,
EED749, EF7F54, F0C219, F29F8D, F511B3, F7F495, FADAB6, FD5239,
FF6C7C, 020F3F, 0600FC, 0AFDA5, 0FFC45, 138018, 1508C4, 157411,
15B021, 166698, 172C1A, 176BDF, 16F5E8, 162653, 15D3DD, 168F1E,
1895AC, 1B4363, 1DCD5F, 2006FB, 22259F, 248C6D, 26F086, 28C207,
298463, 295E09, 295189, 2A42C3, 2C59B9, 2EE331, 313363, 332220,
351118, 375093, 39736E, 3B00BC, 3BACB1, 3B9244, 3B3AA9, 3B076E,
3ADAEE, 3A3C31, 390E55, 3789AD, 365427, 3613DA, 368649, 372438,
374C5A, 36D806, 365307, 3642F2, 36A082, 36CBF5, 364122, 34B8E4,
32810D, 304C99, 2E7071, 2D0D27, 2BC176, 2A6D6C, 2901FB, 274EBE,
25854C, 238104, 212A2F, 1E983F, 1BAE6E, 18B76D, 165132, 14EC00,
14B28A, 159FAF, 1796CB, 1A3538, 1D185B, 1FD120, 21DD63, 22F507,
22ECEA, 22057E, 20A197, 1F4BD3, 1E1F33, 1CD222, 1B321E, 1912A3,
1674CD, 1373B8, 1022BA, 0C554D, 07F896, 03963C, FFC8EB, FD373C,
FC3EA9, FC8B34, FD70B5, FDDDCC, FD7B6F, FC6987, FAEDB6, F9AC79,
F881B5, F763CF, F6A930, F6FB4E, F88C4D, FAA7AE, FC51F4, FCA861,
FB914F, F96C74, F6B8E2, F3E47A, F12EB5, EF31B2, EE21B4, EE174F,
EECB09, EFA14D, EFF904, EF8DB8, EE943E, ED6387, EC6EF1, EBB837,
EADD69, E9B7D1, E8785E, E7D38A, E87298, EA4B3E, ECCABD, EEBFF5,
EF8E17, EF170E, EDAEC5, EC2CC3, EB011C, EAEA61, EC2184, EE013C,
EFA04F, F0050F, EEF5F6, ECFF15, EAFF8D, E9AA24, E9760A, EA8EEA,
ECC5DB, EFC4CF, F2A918, F4C3E4, F5D765, F5DDD6, F51033, F3A0CD,
F1F4FF, F061C7, EEE02E, ED168F, EA9276, E772FB, E46819, E232D7,
E0D6EB, DFBE97, DE4156, DC8EFB, DB8A5C, DBEEA2, DDCA02, E0A4E1,
E43197, E8369D, EC3CA9, EF6550, F0BAB9, F012C9, EE4080, EC55E8,
EB4A86, EBCB93, EDB274, F051C7, F2CE77, F43A25, F44752, F3545F,
F1F164, F09A0D, EF7DC9, EEB360, EE528D, EE87D8, EF2480, EFBE27,
F04719, F0D817, F19BFA, F27890, F2F0CB, F2BC9B, F2234D, F1D7D5,
F29C36, F4C0E2, F8094A, FBFA44, FFBE61, 02A3FA, 047124, 0531C7,
05554C, 0520C9, 04FFCF, 052609, 05E0B2, 079254, 0A05C5, 0C71B0,
0DB935, 0D5C65, 0BDF6C, 0A3234, 093DD4, 094D08, 09BDE2, 09E3E8,
095227, 0877B0, 07E434, 0790D8, 06FE67, 0574B4, 02E18E, FFAC2C,
FCB035, FAC7E4, FA0789, F9F261, F9BD61, F9588E, F91270, F926E3,
F9AF2F, FA6EBA, FB783B, FD2D53, FFC3D1, 02C1E2, 053E39, 064340,
05A059, 03ADDB, 01192C, FE95FA, FC32A8, F9FBBB, F82EE3, F70C04,
F6D66B, F77BB2, F8CE42, FA560B, FB7FE5, FC5E67, FCD4CC, FCA943,
FBA602, F98252, F67F73, F35F65, F114C2, EFF2CB, EF8A49, EF1977,
EE3E57, ED550E, ECE8FE, ED894C, EF0784, F0B0E5, F2017A, F2D1C0,
F3702E, F3E04F, F417E8, F3D52A, F30B98, F227F9, F18738, F195D4,
F2320C, F31300, F421CD, F52C84, F61F71, F6AC10, F69693, F58B1E,
F38BBF, F0B9CA, ED7B99, EA75BA, E80A9F, E64AEC, E5128F, E3F56F,
E2BBA3, E16411, DFB16F, DDE836, DC8570, DC339C, DD35BC, DF0C1F,
E0F1F3, E27B9E, E3BEB3, E5387F, E73EB4, E9E6F0, ED05AD, EFD121,
F1F4AC, F2C97F, F2594A, F11CF9, EFC2BD, EEF1C0, EEC01A, EEF882,
EF2C80, EF4980, EF56E5, EFA1C5, F08040, F22C8F, F4950F, F72FCB,
F92E1B, FA017A, F9AF8F, F87A49, F6919B, F4173B, F14DFB, EEB982,
ECC33E, EB9A5A, EB1AB1, EAFB38, EB660F, EC8EFC, EE89A5, F1265E,
F41B40, F75430, FAAF2B, FE1397, 010548, 032621, 047E38, 056339,
065F48, 07D504, 09B72D, 0B9528, 0D1DB8, 0E6285, 0FC2EA, 11B0B1,
145C54, 178AE8, 1A66B4, 1C38C1, 1C9E18, 1BBB37, 1A6CE3, 19540F,
18B8AC, 18D75C, 19F8A2, 1C54BB, 1F8841, 232D6F, 26F8A9, 2AB73A,
2E589A, 31CD00, 3493F0, 362855, 365032, 35556B, 341D3B, 337CE2,
340A3B, 359960, 378C9B, 394388, 3A2F2A, 3A2755, 398108, 387D94,
372D18, 35C58B, 34AEE7, 347FFA, 3566E2, 36EC21, 387CBD, 396940,
398CE4, 38FDB4, 37C37B, 362B3A, 348CF2, 336766, 32D690, 3284D7,
31E39E, 301ABE, 2D1DF1, 292884, 24E460, 20F67A, 1D8790, 1ACD0F,
18C1DE, 1798F4, 179FFB, 18DE75, 1B1FE8, 1D8F27, 1FA5F9, 2106A6,
218DC9, 21807F, 20FF75, 205D30, 1FB6BE, 1F242D, 1EFA28, 1F5626,
202CE8, 20DC7F, 20A2A0, 1ECF14, 1B3151, 1654B5, 10ED39, 0BD9AF,
080DB7, 05D722, 04FE92, 04F1EB, 04D4F2, 041E9B, 029D86, 007970,
FE1A73, FBF373, FAA76A, FAC6D4, FC1487, FDC955, FF0853, FF4282,
FEA2BC, FDAFB8, FCD912, FC19B0, FB2A0E, F9F584, F89ED3, F7435C,
F61240, F51FAD, F474DF, F3FE9C, F34606, F1E562, EFB8EA, ED2464,
EAE69F, E963D4, E90100, E9CEDB, EB5EE5, ED629A, EF3619, F05784,
F09CD6, F0065D, EF0A1D, EDFD98, ED5B63, ED68A9, EE33BE, EF3831,
EF8A4B, EE9F85, EC7B62, E9E775, E7BA40, E66286, E62CF8, E701BF,
E8AF46, EB3040, EE5D56, F1BCCD, F4EDC1, F7AD20, F99570, FA4F57,
F962D5, F69704, F29112, EE7EBF, EB7346, E9E254, E9A74E, E98F3D,
E8E94A, E76E9F, E55940, E3797D, E20D68, E11CA8, E07859, E01A9F,
E051E7, E17B38, E364AA, E52539, E5D7FE, E55F00, E49133, E4A045,
E5DDCC, E7C294, E999DB, EB1817, EC988B, EE4BA6, F045C8, F1CF18,
F26ACD, F1CDDD, F051EB, EED4A4, EDB417, ED087E, EC8E0D, EC2D32,
EBE414, EBD287, EC10C3, EC5B87, EC530F, EBE4EA, EB9603, EC2B03,
EDEDAA, F068B5, F2A026, F3F549, F48F74, F4DE07, F55986, F639A9,
F7907E, F95ECB, FB875F, FDDD4E, 003C57, 02712C, 040D6E, 04EBCE,
054DEB, 0594F5, 062558, 06EE1B, 07CD8C, 088250, 090A48, 09EFF5,
0B8B91, 0DB5B1, 0F8668, 10283A, 0F48B3, 0CD7B1, 09919C, 060487,
02A17A, FF8F84, FCE7CB, FAC68B, F9385D, F871CA, F89273, F98D00,
FB18E3, FCF11D, FECC5D, 009D2F, 027BC0, 04413F, 05692F, 0545B1,
039F1E, 00F8C2, FE1A8F, FB88A4, F9919A, F86FDE, F856D6, F9702C,
FB5518, FD9AE2, FFB821, 0162D8, 026330, 0264CF, 015931, FF52B9,
FCC832, FA28B9, F7CA24, F61EE7, F5739E, F5D840, F6BF55, F74E26,
F6E4D8, F5B09D, F497DD, F428DA, F42240, F3C6B0, F29E99, F0CF4B,
EF0918, EDFAE6, EDEDD7, EEC0F7, EFCBAF, F09879, F1195F, F172DE,
F21E35, F367DF, F53955, F752D5, F94F14, FA8B18, FAD067, FA0137,
F87069, F6AC7B, F5467E, F49BFD, F44579, F3935F, F1EC3D, EF649C,
EC70BE, E9929E, E6FC36, E4A487, E25852, E026A6, DE3B79, DCBF24,
DC115B, DC84C0, DE5AD6, E15C66, E4D616, E8114E, EA8167, EC011D,
ECE986, ED59D3, ED2E39, EC81CD, EB92CA, EAB30A, EA42D9, EA5F9D,
EAE6D4, EBAD94, EC77DB, ED5375, EEA0A8, F0C56E, F3B8FA, F6F80E,
F99C73, FAE074, FAA96E, F97899, F812A3, F69A7D, F4FD77, F2E204,
F041D2, ED8049, EB259D, E9C09C, E9C459, EB8BC8, EEAD8E, F1E65F,
F403EE, F47602, F32E71, F10D51, EF4A07, EEC45E, EFF2FD, F2C001,
F6A417, FAF020, FEF650, 02428A, 04D1E9, 06D685, 088CFC, 0A2B37,
0BD84C, 0D8BC3, 0F18BC, 106924, 11462F, 1180A8, 117306, 119BCB,
123625, 132434, 13EF2A, 144E3C, 147B91, 150D51, 16DAE1, 19FE57,
1E1A62, 2281FE, 263AD4, 28D7BE, 2A4EB0, 2AFD1D, 2B51A9, 2BAD76,
2C551C, 2DA26D, 2FF1CA, 335CE1, 370777, 3978B7, 39B342, 37F4E3,
357AF5, 337E27, 32AAB5, 327F8F, 32BB84, 33685B, 34BAA5, 36E314,
3972BE, 3BDFD5, 3D7234, 3D9B16, 3C6DD0, 3AAEBF, 3959C0, 387906,
37C851, 36D460, 355808, 33835F, 313FB7, 2E4829, 2AAE9E, 26F26F,
23C9F8, 21CA95, 20CEC0, 2021D2, 1F462C, 1E53CD, 1E1E19, 1ED44E,
1FEA39, 208392, 2029E1, 1F464B, 1E7E7E, 1ECE8A, 208260, 22FDF0,
25557E, 2686B4, 264E61, 24F141, 22CA57, 2009A4, 1CDB9D, 199860,
16D726, 1551F7, 15080E, 1545AF, 14BDCD, 128738, 0EDE37, 0A7AE6,
063222, 029707, FFDF16, FE3FA1, FDD04F, FE5C0E, FF75FE, 00B6B1,
01D3D2, 02A958, 032497, 03029F, 021D83, 008F19, FEC031, FD207A,
FC2AD8, FC3296, FCF7CA, FDD24A, FDB70D, FC3346, F9151D, F4CD51,
F02EE8, EC2C72, E999C5, E8F341, EA3D73, ECB24C, EF726C, F1BAFE,
F33D54, F41AEB, F47B4A, F47D47, F419C8, F319B4, F1B3E3, F03706,
EE9FFA, ECE733, EB15DF, E976AB, E828B1, E70BE6, E65219, E6353F,
E701AF, E917C6, EC5417, F02999, F3B2C7, F647C7, F79E8C, F759B3,
F5F669, F478C4, F37A06, F30436, F2AD9D, F22789, F18B5A, F0E6E7,
F0182C, EED711, ED1936, EB38DA, E9B58F, E90142, E8D5C8, E8AA97,
E7ED81, E6A0AB, E4FAAB, E37409, E24F32, E17F91, E11DD4, E10235,
E13CB0, E1D48D, E30C04, E503EF, E7C0D6, EB16DD, EE7EDC, F122C2,
F2351F, F17354, EF5503, ECE83B, EB4230, EB1473, EC552B, EE39CE,
EFA014, EFF7E5, EF3F24, EE1820, ED0DCE, EC2EC1, EB9AB3, EB2648,
EACB0F, EAB942, EAD50B, EB3EF5, EC5B7B, EE3F0B, F0B481, F2F91C,
F47B3F, F52BA8, F55512, F5B0FE, F67199, F76E98, F88035, F95CE7,
FA09E7, FA8CE6, FB43C8, FCC584, FF71A5, 031C9C, 07170E, 0AD4BC,
0E134D, 10A0FC, 1238FE, 12BF1F, 1208D7, 104300, 0D8942, 0A15F8,
064D78, 02C7AB, 003C61, FEE03E, FE82B9, FEBABB, FF2CA1, FFC7B2,
00C772, 0206B6, 032DE7, 03C0DA, 038344, 0288F8, 012359, FFCEDE,
FEE23D, FE9DA2, FEADB6, FE8D02, FDF108, FCE30B, FC41E6, FC9A77,
FDEE3C, FFB021, 00B2F0, 008267, FF60FE, FDFF8D, FD1659, FCBCC8,
FCDDC2, FD0347, FCB7CA, FBFEB9, FB3275, FACAD4, FB0C05, FBC0E0,
FC704E, FCA785, FC32CB, FB23E0, F9738B, F75598, F520A8, F354EB,
F21420, F11BCF, EFF4F6, EE89B3, ED3609, EC7ACB, ECBF5F, EDB3A9,
EF05CF, F04F6C, F1875B, F2B183, F3BAC9, F48F5E, F55260, F6606E,
F7FA8C, F9F2E8, FBB641, FCC26C, FC8E66, FB21BA, F91BEF, F712DD,
F577D2, F3DD64, F19F16, EE5508, EA2DEA, E5F9D9, E2444F, DF97B8,
DE3A15, DE54FC, E016DE, E34244, E6D0E6, E95E88, EA1727, E9145F,
E72087, E53700, E3F290, E3837F, E3A127, E3DB1E, E42DB3, E4ADE7,
E5C5E4, E77A05, E9C904, EC80F5, EEE206, F05AA3, F0A11D, EFEFA6,
EF1615, EF20F1, F08AF0, F34959, F6230C, F7EA36, F81A21, F6D090,
F50D4F, F36B32, F1FC2E, F0B65D, EF8CA1, EEF025, EF475F, F05DFF,
F15441, F12CE5, EFBC85, ED712B, EB3FEB, E9CC25, E92A07, E99D23,
EB0FF0, ED5FED, F06EFA, F3ED12, F7807A, FAC39B, FD7512, FF7B76,
00D70E, 01BEBD, 02A0FA, 03D0C0, 054EDF, 07279A, 09576A, 0B83E8,
0D2556, 0DD1D4, 0D8C29, 0CEA91, 0C9E1A, 0CFE85, 0E1798, 0FD712,
1211E4, 1493D1, 17378D, 19CA2D, 1C0DC1, 1DDF3F, 1F5C11, 20E151,
22870E, 246571, 26C1CE, 298602, 2C58EF, 2EB5BA, 30216E, 307FEA,
2FF1FF, 2EDA6C, 2DDBF2, 2D9241, 2E7ED3, 309FC8, 33649A, 3617BA,
382D1B, 39763E, 3A0C3E, 3A3448, 3A303A, 3A423B, 3AAD22, 3B59F6,
3C1439, 3C7A7F, 3C4EE7, 3BE176, 3B395A, 39F6D6, 379723, 33C9DE,
2F395F, 2ACE8D, 276592, 25772B, 24CD6C, 25089A, 25B791, 26769F,
26D391, 2661A0, 24EBE6, 22868C, 1FE1CD, 1DADCE, 1CDA6E, 1DE834,
2078FC, 239D4C, 260509, 27144A, 26D14D, 259D3F, 240544, 223129,
207E79, 1F34F1, 1E69A7, 1E0FB0, 1DC53B, 1CE910, 1B5297, 1921CE,
165EF2, 12F662, 0EDE6D, 0A7F14, 066A98, 036B2E, 01D126, 016F81,
01D6AB, 028908, 032352, 037DF6, 03C900, 04413D, 051830, 0636CB,
072F73, 0791B6, 06F56F, 0551D9, 02E266, FFF778, FCF6DF, FA347D,
F7DAE3, F5BD5A, F3C10F, F22C55, F15DB7, F18F3D, F28449, F3DD2F,
F51686, F5EA26, F66CD2, F67ECD, F60011, F509F3, F3EFAF, F308DA,
F23B9F, F12573, EF644A, ED03B7, EAA6C1, E8ED22, E82457, E822C5,
E8A489, E9CCC8, EBB69C, EE2A5C, F0AD11, F2ADB3, F3D038, F3E112,
F2DEB8, F17D90, F09AD5, F0EE12, F23FDB, F3C450, F4C8D3, F4E2E4,
F48030, F41417, F3FE10, F41E91, F402C3, F33B68, F194E9, EF1895,
EC38FB, E9CA81, E8532F, E7D3BE, E7A2B2, E6EAAB, E59469, E3FA08,
E2CAA0, E28EDC, E322C2, E44E37, E5AABA, E6D2E1, E7844D, E7913E,
E789C9, E825C8, E99FAE, EBBD04, EDE43D, EF7DF3, F09368, F14368,
F1C5F7, F1D948, F11632, EF65A9, ED0F44, EAFA9E, E9B052, E97AAF,
E9ED29, EABDAE, EBCF20, ED12E9, EEC3E3, F08B27, F1C8FC, F1D6A8,
F0861F, EE9E56, ECEB76, EC1757, EC1842, EC6EC3, ECFD45, EDC4A8,
EF53F5, F1A24F, F43C47, F6D55C, F94E14, FC2DB6, FF94F8, 038786,
0759EE, 0A1541, 0B6ABD, 0B9ECD, 0B925D, 0BBC00, 0C1262, 0C2358,
0B5F36, 09FBF5, 08830B, 07AB30, 07810C, 077F68, 073BA2, 066BF4,
059992, 04F985, 046258, 039C52, 029C91, 0203CC, 01DB8F, 01E9F5,
01DD6A, 016A5C, 00CCC3, 009D1D, 011251, 01E757, 0282ED, 0222B2,
00E293, FF6D78, FE7DC1, FEA8D4, FF7EB8, 005B6C, 006813, FF5FD9,
FDC284, FC3543, FB42E4, FAFCE9, FB555D, FC4D95, FDD0EE, FFB0A2,
016BC7, 026679, 023E34, 01050C, FF1E11, FD0A5D, FB391B, F9C843,
F8C633, F80990, F728F6, F5D79B, F41416, F23D83, F08798, EF24FC,
EDE16F, ECABB6, EB7CC5, EABA0E, EAFBF8, ECABB7, EFE552, F42C12,
F8F0C8, FCF290, FF42BE, FF910D, FE2441, FB8EED, F8C6C6, F69F30,
F599A4, F5AA62, F60DA3, F601C3, F4DF8E, F2E283, F0C7C6, EED990,
ED0597, EB14C8, E9096F, E7570A, E64F61, E606A6, E61053, E60916,
E5F4E1, E5A7B8, E508DC, E3C08E, E217D4, E08F25, DFBCDB, E0164C,
E1B0A8, E4398F, E6EB46, E90497, E9EB20, E9A568, E8CCC3, E80C48,
E7C8CF, E83D4E, E97F89, EBAA0D, EEA78E, F1DECC, F488D3, F5E6AD,
F5BA2D, F4B4A9, F3B998, F32B05, F2F133, F2B48D, F277D5, F24809,
F2294F, F204D4, F1A551, F0E053, EF6D8D, ED3DE2, EA88E8, E7F158,
E659F3, E657FB, E7FF2F, EAB5A6, ED98E0, EFF326, F18E0E, F28D75,
F36D5C, F4D016, F6C3A3, F94727, FBFC4F, FE39BE, 000304, 015A41,
026ADF, 0331EB, 0386B8, 03B586, 03EB9A, 0449A6, 04D73B, 05D22B,
07A9B9, 0A7DFA, 0E1116, 1176D3, 13D3A8, 14CA76, 14AA3F, 1458D7,
148029, 158D7C, 17B5EB, 1AFED5, 1F1553, 233B65, 26B12B, 28B0B8,
28F540, 27D6ED, 25FBA3, 24899A, 247018, 25EB66, 28BE53, 2C1B47,
2F46DE, 3216C4, 3464A3, 362586, 377881, 385708, 38F6D8, 3976E7,
3A071C, 3AC5D3, 3BA00E, 3CAAEC, 3D7B30, 3DE967, 3D9CE3, 3C58EC,
3A286A, 372BBF, 33E26B, 30CAF9, 2E7027, 2D3C6C, 2D223B, 2D76A4,
2D39AE, 2C08D2, 29DEAF, 27A198, 262D92, 25B585, 25E073, 25AA39,
24B731, 23628E, 22464E, 21FBF2, 226813, 234CC7, 2447AE, 24F3B5,
2540BD, 255F7C, 25BD82, 26A8DA, 27E9AA, 28DACC, 28BDBB, 26FF5E,
238623, 1EBA29, 1966D9, 14A9EE, 114237, 0F528D, 0E2473, 0CFC85,
0B8201, 09FA19, 08FAFF, 088A33, 087788, 08550C, 083998, 088A7B,
0965F3, 0A612F, 0ADB65, 0A463F, 08B1B0, 067107, 0417C9, 0210DA,
002186, FE40C3, FC3C79, FA84D7, F99835, F9B260, FAAB27, FBDF1A,
FCB644, FCC391, FC12ED, FAE713, F95090, F76D01, F5996F, F468DF,
F411E4, F44163, F4238B, F328C7, F16BD1, EF8ED3, EE3C81, ED9DB0,
ED9C88, EDF64F, EE5EDC, EE9425, EE6F19, EE0873, EDBB5C, EDDAFB,
EE9C55, EFD6B3, F12157, F2158F, F27241, F299B3, F32D85, F4783B,
F64AFC, F7D9B5, F840DF, F73F98, F538FB, F3514E, F25F99, F24A49,
F2ADC3, F2E3C5, F2B8E6, F266D9, F1C051, F08081, EE45D3, EB3292,
E7F5BA, E55B47, E3A898, E2D753, E2AF08, E2D8F1, E3814C, E48C5E,
E61DAA, E847F2, EABE59, ED1051, EE9220, EF033C, EE77CC, ED0F53,
EB5F95, E9FD26, E95D29, E9F897, EB9B86, ED6E83, EEAF39, EF4498,
EFA705, F06205, F18110, F29BB2, F3467D, F318BE, F1FDAB, F04890,
EE461E, EC46EB, EAA1B5, E966E6, E8742B, E7BC58, E76C4C, E7FDB2,
E996E6, EBE501, EE69CD, F08BA6, F2285F, F373D3, F4B4C0, F61433,
F7EE4F, FA8783, FDC94D, 013E09, 0451A8, 068085, 07A260, 081290,
0843DD, 08CB98, 09A439, 0A9DC1, 0B5E6C, 0B7C09, 0AD673, 09A7EB,
08A51D, 085243, 08761D, 086E58, 07ACAF, 061B85, 0446C4, 02D0F4,
0226DA, 023E8C, 030F5B, 047586, 05FB58, 071938, 073A4E, 06402B,
048CCA, 02A4A7, 011FB4, 009E29, 013A3E, 027D9C, 03942E, 03AE40,
02B772, 00FD09, FEBC29, FC739F, FAA4EC, F9C01E, FA2CC8, FBBAB7,
FDD932, FFF5DF, 01F30A, 040A2C, 065C7E, 0857B7, 08D7C2, 0751E2,
0411D7, FFF6B6, FC1D0F, F9450F, F76232, F6380F, F529BD, F3B80B,
F1C559, EF877C, EDA260, ECC747, ED45A1, EED0B1, F0F5E4, F32DBB,
F55C2D, F72739, F87265, F91FE5, F919DA, F86E96, F74EAD, F62D11,
F577F9, F59512, F67C23, F81689, F9A91D, FAA7F1, FA964A, F98319,
F79CA3, F4D1B1, F1844C, EE40D1, EBBF2D, EA754D, EA3BE9, EA7E43,
EABC6F, EA7D1C, E974C8, E7A534, E56AAE, E3621D, E20B7B, E18702,
E1ABF5, E20B54, E240A5, E25CFF, E270BC, E2A537, E2DEE4, E32A55,
E39A8A, E418EF, E4BEC4, E595FE, E6D0DE, E8C91D, EB6D9B, EE454B,
F0B392, F210A4, F22F41, F13EA9, EFD85A, EF2BD9, F02521, F2AB62,
F5C4B9, F808C7, F85E03, F6AEA1, F37804, EF807D, EBD292, E8ED27,
E750CF, E6E55E, E7449A, E81A02, E90770, EA138D, EB4534, ECBFDC,
EE17D2, EEE3AA, EF1B60, EF1456, EF8654, F114D2, F38AF5, F64CB1,
F895ED, FA07EE, FAFEDD, FBAC67, FC40E7, FC887B, FC579B, FC0193,
FC3210, FDA252, 006A37, 03DE2E, 06F92E, 090C9C, 0A4EFF, 0B5AA8,
0CB917, 0E8ACC, 10686D, 123C2E, 13F072, 159D5F, 17410B, 18929B,
196E15, 19E2CF, 1A5269, 1B1A42, 1C4530, 1D83AD, 1EB017, 1FB48A,
20E627, 22C6FA, 255286, 282428, 2A8DCB, 2C5820, 2DE0C6, 2FC20B,
3290BC, 35E66B, 390D85, 3B4BB9, 3C7CF1, 3CE313, 3C95FD, 3B7218,
3980F8, 3755F5, 35C47B, 3532D5, 354952, 354EAD, 34A47F, 336887,
321B26, 315BEA, 3130B7, 30D62D, 2F7502, 2CCDA1, 296A60, 264926,
243D59, 23547F, 2336F2, 233E0A, 22F022, 22BF14, 22FD9A, 23EDFB,
2549BE, 269553, 27C008, 28C6DD, 29E1AC, 2AC527, 2B0CCE, 2A5747,
2861C7, 258499, 22178F, 1ED755, 1C4936, 1A593C, 18A398, 16A66E,
147E81, 1287A6, 11453C, 10E841, 1101AA, 10F0AE, 1066AA, 0F4A15,
0DD191, 0C1349, 0A36E1, 0897C0, 075AD6, 069086, 05E770, 0509D6,
03C313, 025D71, 0167FC, 012589, 01ACAD, 02ADD4, 036E13, 031724,
015CE3, FECCEF, FC4EC5, FACFE9, FA769B, FADD54, FB7FE2, FBAAA6,
FB54EF, FA916E, F97022, F7F53C, F646AE, F4D9BF, F3C1F2, F2F6F7,
F1C760, F00554, EDBD2C, EBA727, EAA717, EAFE54, EC748A, EE2761,
EF6F2E, F0186C, F0170A, EFB35D, EF3133, EEAB6A, EE4F8E, EE4332,
EEC873, EFE155, F14EBF, F2AF20, F3DB1F, F4EB1E, F5FA94, F73C43,
F86C95, F942C0, F93735, F7FCF5, F576D2, F1FEE9, EE3C52, EAD22E,
E85471, E6E6E0, E64515, E5FB4F, E5FBA0, E66C77, E7A0FA, E94116,
EADAB3, EBDC59, EBD8B3, EAC38C, E8D7FD, E695E6, E46830, E2F11C,
E273CB, E2D89A, E3E75E, E5454D, E6DCCC, E8A925, EAB0B7, ECAA12,
EE77E0, EFFA1C, F0F63E, F17C9F, F175EC, F17525, F1B355, F213E7,
F1DEC6, F092F7, EE2B12, EB50B2, E8C861, E6FDF7, E62822, E60B5F,
E6C2A4, E81870, E99B69, EAC214, EB4C6A, EB23EA, EAAFF9, EA55D3,
EA7D51, EBBFA9, EE4FAB, F1FDAF, F61D7D, FA13E3, FD8096, 004D0A,
0271FB, 0414D7, 04FC87, 051F31, 04B7DB, 0445E7, 04611B, 05461B,
07259A, 09993F, 0C161D, 0DD5E4, 0E2A1E, 0CE0BA, 0A38FC, 06CD55,
0395FF, 015D24, 00B5FF, 01E033, 041AA4, 0643E8, 079283, 07F74E,
07FD54, 084461, 08C47D, 091A1D, 08EF70, 082C35, 06FEDE, 05A424,
041D4D, 023558, FFFE0E, FD9620, FB4F50, F9B188, F911D2, F9C031,
FBAE74, FE8FAC, 0201A2, 0593D0, 08ACC8, 0A8C9F, 0B06D9, 0A1D0E,
084C26, 063F1B, 040D76, 01ADA3, FF3B87, FD0C94, FB9DF7, FAFB16,
FA9A58, F9CACD, F8153E, F5BC56, F3B7EA, F2A1ED, F29DA1, F36600,
F43D23, F4E528, F55027, F5B4D8, F631D5, F65B77, F60929, F51A5B,
F438D8, F42F38, F578DB, F80763, FAFD90, FD6D99, FE8652, FDCD0D,
FB828B, F84217, F4FBFF, F2B71D, F1E8BC, F28294, F3D9B1, F4BF8A,
F4A857, F3A70A, F1FC4F, F00B99, EDF8AC, EBD268, E9ABD9, E7958E,
E5D7F1, E497D8, E3D46F, E3A1BC, E3D26B, E4594A, E4F48F, E4F28E,
E3FD98, E23B90, E04B0D, DF36F4, DFD558, E226A5, E565C2, E83B00,
EA198C, EB17F0, EB9A7F, EC7582, EDB986, EF1E89, F0960A, F20B82,
F38B0F, F4D2AE, F5A8A2, F5C6CA, F564E8, F49ADB, F37F43, F231E3,
F0A783, EF1294, ED7763, EBF656, EAB44B, E9E197, E9BA0B, E9FDD9,
EA836D, EB1EC8, EBA853, EC413D, ECFFBA, EE0E29, EF8E9C, F16D69,
F354CF, F4A9C7, F4ECC6, F4274D, F3017E, F27AB6, F33321, F50BB0,
F75B5F, F95FF0, FAA034, FB51A2, FBEF08, FCC9AB, FE3ECE, 0036C9,
02A61D, 054F09, 07C3C8, 09FAFC, 0C18F5, 0E5B2A, 10B72E, 12D026,
145305, 14F376, 14D27F, 14594C, 13BAE6, 13495B, 135730, 1426E4,
15D5CB, 18153E, 1A856D, 1CDCF0, 1EEAE5, 20E3C6, 232A4F, 25EA81,
291341, 2C54B4, 2F50D5, 31C770, 338B42, 34EEA7, 362E79, 37251C,
37B6EA, 37E380, 381505, 38804C, 3910CE, 39AE29, 3A24F8, 3A8E10,
3ADF82, 3ABEB0, 39DA25, 38203E, 35D69F, 333E2A, 309A00, 2E076D,
2BB1C1, 29E702, 287718, 27569A, 268213, 25F7D9, 25F61F, 269342,
27EAE2, 29DA6F, 2C04AC, 2DFBA5, 2F2A2A, 2F0E69, 2D99C9, 2B4B3D,
291C15, 27AC7F, 26E6FD, 266320, 259D4F, 246FEC, 23109D, 21A94B,
20963C, 20280F, 204BBC, 209296, 20208A, 1E6256, 1B4275, 174322,
1385F8, 10D895, 0F65E2, 0EDCEF, 0EBFCE, 0EA0C2, 0E36D5, 0D3349,
0BBB0D, 0A1DCD, 088FA6, 073F9F, 0616A5, 04E244, 03A06A, 026F4A,
017AAC, 0115E5, 0141A5, 020DB3, 0324BB, 041773, 048094, 03F961,
02B5A4, 00F859, FF161D, FD496E, FB96C9, FA38AA, F8FCAA, F7C87A,
F6664D, F4E508, F3ABB7, F31D8C, F34F92, F3C5A2, F40807, F3832F,
F20932, EFEA70, ED78CF, EB4FB7, E9EAB6, E982FC, E9FE31, EAEC1E,
EC0E92, ED6668, EF37EF, F1A919, F4755E, F742B8, F98542, FAA06C,
FA4ECE, F8D717, F71B5E, F5CDF5, F51277, F4BF27, F43679, F2FF72,
F13772, EF1BB5, ED07CF, EB7444, EAB5E7, EB2C67, ECD397, EEDFDC,
F04EC8, F07A56, EF5666, ED6E60, EB4107, E8DA41, E613D7, E2ED0E,
E02116, DE836A, DE8304, E02D60, E2CFF9, E5C7C3, E86B6A, EA52A6,
EBB92D, EC75C8, EC8AE7, EBF8B8, EB3315, EB3A49, ECD1B5, EFCA46,
F2F8E9, F4F7A9, F4E83C, F31962, F081B9, EE05D1, EC2D3A, EAAD7D,
E95E6A, E8413C, E75659, E6A673, E608AE, E5A808, E5AD90, E6270C,
E6FB67, E7AF2D, E82448, E85019, E89B4C, E9BE12, EC24F4, EF9732,
F34873, F62696, F7B586, F86F66, F93286, FABCD8, FD0658, FFA8BB,
0276AC, 054A2D, 07DD3A, 09B545, 0A3F9C, 093134, 06D527, 0418A6,
01D2CB, 0093DD, 009152, 017128, 02FDAF, 04EAB1, 07347A, 098C81,
0B62F5, 0C2F02, 0BA964, 0A385C, 088EC5, 0778AB, 071154, 06C210,
061021, 04BE39, 02D80E, 009A20, FE5A6A, FC8EBD, FB5F16, FAD941,
FB5085, FCD8FD, FF3AF2, 02205A, 04DE2F, 06D654, 07BBF9, 076E8A,
065502, 052195, 0450CF, 03EFE8, 038C54, 02CC0B, 01D386, 00F722,
00634A, FFDF5C, FECAD0, FCDA31, FA392D, F78C7A, F54A28, F3ABB8,
F3089C, F352BF, F44F42, F57CF2, F62265, F5EF70, F4F6B0, F3B268,
F2B2A3, F29BF0, F3B260, F57897, F75053, F89B35, F92E78, F97321,
F9A8E9, F9B641, F944D4, F85896, F7415C, F67BCC, F6351E, F64ADB,
F645A9, F5F97B, F5B849, F593C1, F57A80, F4F7F1, F3FF69, F27F20,
F085C2, EE7F63, EC9162, EAFADF, E97E08, E7BC3C, E5B71D, E37DDE,
E1B6C5, E0B2A0, E06064, E08D0C, E0E02D, E126A9, E1426D, E11FE5,
E0ECD4, E0F25D, E18E09, E31223, E5535D, E7EB6B, EA7E38, ECBC09,
EE958A, F0155D, F1190F, F1CF5B, F273F3, F30A92, F34CB4, F2DB84,
F1BE56, F038FA, EEFE98, EE7D50, EE8D2B, EEC32C, EED796, EE4A22,
ED1F77, EBA27C, EA2E8B, E96167, E96B93, EA71DF, EC0FCD, EDA800,
EED9D6, EF8E81, EFCE7A, EFDDC4, EFF576, F02AFC, F077DC, F0A277,
F08375, F0236F, EFD90F, EFFEFF, F0C1B7, F1FC5A, F377DF, F52624,
F73A77, F9C3F6, FCAFA7, FFB52D, 029279, 053F9F, 0772E9, 0913BD,
0A0D9A, 0AB5B2, 0B42D4, 0BEC0E, 0CAA78, 0D5A08, 0DE974, 0E28AC,
0E3A71, 0E50CF, 0EAA40, 0F7C48, 10F5E2, 132A21, 162583, 196426,
1C4AA4, 1E7058, 1FCD69, 20E32C, 221AE0, 240B00, 26BC1F, 29730E,
2C026F, 2E45E1, 306FE0, 32B530, 350342, 37593A, 3998B3, 3BC44F,
3DB913, 3EE9D5, 3EAEE4, 3CA359, 392127, 352E90, 320427, 2FEDA8,
2EAA0F, 2DB2A0, 2C9F3B, 2B871A, 2AB1CA, 2A9A5B, 2B5397, 2C843D,
2DAFEA, 2E5FF9, 2E6D22, 2DC088, 2C6701, 2AB196, 292045, 282919,
2813CE, 28C787, 29A75A, 2A213D, 29D5CD, 2916DE, 289F18, 28677B,
2838A7, 2780C2, 261C85, 249590, 231E97, 22030F, 211B16, 2012FE,
1EDD9B, 1D7509, 1C5F4B, 1B8642, 1A9F7A, 194166, 17212C, 14654D,
11551F, 0E98F8, 0C63DD, 0A8825, 08C25D, 06E423, 059A1D, 056234,
065AC5, 07F216, 09313F, 098D9D, 08B424, 06CBB9, 044119, 01AF83,
FFF7FF, FF8A0E, 0040C5, 016A60, 023CB9, 0263F8, 0220BE, 01B1E1,
0129C2, 005190, FEF0C0, FD23A2, FB316A, F9832C, F80BBC, F6C6C6,
F58B5A, F422B8, F277AC, F09400, EE73EE, EC1EC1, E9DC8E, E81843,
E7888D, E8D8A0, EC178E, F07652, F4BA89, F7B896, F9012F, F8BEF7,
F784E6, F5DD4F, F422CB, F306CC, F2F8DA, F3C330, F4C691, F55DF9,
F56D16, F54741, F5411B, F55318, F519CE, F46718, F3879D, F2C015,
F2413C, F20CFB, F1E47E, F1BD0A, F150AC, F07D64, EEFA9B, EC896D,
E95D10, E5F510, E3018E, E14B98, E15767, E2FDCB, E568EB, E737B8,
E7BBC9, E71697, E62978, E5EAD1, E6CB3F, E8AEA4, EB2F0F, EDB089,
EFA66E, F0F327, F1B2C7, F21819, F1FC47, F174CA, F05DE6, EEBE0F,
ED1A4E, EBEC1D, EB7DE1, EBB3A4, EC1DA6, EC452B, EBCDAF, EA801E,
E86E01, E5D89A, E32ACF, E1292E, E05296, E0D772, E2A3D0, E54624,
E8244B, EAA2EC, EC7FB3, EDE6B2, EF5E79, F1496E, F3C2F5, F67978,
F8FB45, FAFEDB, FC6423, FD3A12, FD843B, FD90DE, FDA8B2, FDBAF7,
FDDCEA, FDF981, FE4BA2, FF1B58, 00B9D9, 0334DB, 060827, 087140,
09F6FE, 0A8604, 0A21D0, 091E86, 07E5B9, 06F6C4, 06A526, 06CEBA,
071866, 06D269, 05BB12, 040E9B, 01F42A, FFC43A, FDED96, FCD137,
FC90A7, FD1506, FE1471, FF05AF, FFBB12, 007DCC, 019E94, 032643,
0499AE, 057996, 05ACBF, 054DF6, 048B08, 03AE01, 03213F, 030FEA,
035636, 034E7A, 0291EF, 01214E, FF5873, FDD968, FCD359, FBECE4,
FADB1D, F99EF4, F80881, F65F69, F49B81, F315E0, F22116, F220C1,
F34237, F4F179, F6A4A7, F7DB47, F867FF, F83067, F787F4, F6EFF9,
F6C6EE, F6B483, F695E9, F63E18, F5C59B, F5A885, F5F100, F697BC,
F7637B, F84418, F91AED, F9A0EF, F97A9C, F864FA, F6ED83, F5D105,
F5A3BD, F651F0, F6F2C9, F6DDD7, F5A38B, F34FB6, F04FFE, ED071D,
EA0E24, E78531, E59753, E413C8, E2D0F6, E1AFD5, E0817F, DF7305,
DE86F3, DE1914, DE7409, DFA861, E16BBD, E34463, E4E3F3, E63966,
E77F1A, E8D51E, EA30E2, EB9332, ECD71E, EDE5ED, EEBC78, EF5AC6,
EFF20C, F09786, F14118, F1B6CD, F1A656, F0E84F, EF8E71, EE0A47,
ED00CC, ECB169, ECEC6C, ED66B2, EDB80F, EDCF97, EDED48, EE5418,
EF2C7C, F04458, F13E42, F1A926, F15C7A, F0B7D1, F0030D, EF5E1D,
EEA672, EDB14B, ECDA48, EC837C, ECF880, EDE293, EEC949, EF7A16,
F03319, F19519, F3B212, F6738A, F95A6C, FC0E84, FE657D, 00533D,
01B0A7, 028C42, 0359D4, 046F27, 05DA40, 077C90, 0900A5, 0A059F,
0A82AB, 0AAAE9, 0B5095, 0CFE16, 0F69D3, 11B82A, 130624, 12FD49,
1216CF, 1112F6, 108EB5, 10CA9F, 117B5B, 12EB25, 15667A, 191F5A,
1DB1CE, 2255CC, 268D93, 2A5BEA, 2E13A5, 31C06C, 35491B, 384FA7,
3A5911, 3B2713, 3AB027, 398E93, 3853C1, 37827C, 37329D, 36CCFF,
35E8A8, 3486E7, 331F3A, 324135, 320C1D, 323D35, 3272B5, 324081,
318280, 30405D, 2ED265, 2DBAD8, 2D4DD0, 2DA157, 2E6ADD, 2F53CA,
302150, 307D76, 302ED0, 2F0F62, 2D059F, 2A7BF4, 283A10, 26D53B,
265FAF, 269681, 2751FB, 28862A, 2A2576, 2BEB70, 2D507A, 2DBE02,
2CD19D, 2A7318, 273270, 23CCCE, 20EE32, 1F176C, 1E3BC0, 1DDC01,
1D4EEF, 1C043F, 19BECD, 16F3DE, 1422BC, 11FE0F, 10F0A3, 10AA4D,
10AB02, 102E49, 0EC954, 0CC195, 0A8A35, 089582, 06EB35, 055BBA,
03B3F0, 021086, 00EBDE, 00A3F4, 0162CB, 032650, 059C13, 0856C0,
0ABF53, 0C1878, 0BEF10, 0A122A, 06BE60, 02B98C, FEFEDC, FC5808,
FB2549, FAE408, FA83E5, F94027, F6B170, F37BD7, F0CEA1, EF2AE6,
EEE3F7, EF8CDF, F08CBF, F195AD, F27D57, F31D86, F3959A, F3FD73,
F4295E, F4209D, F3C892, F35F9A, F34373, F3AD1A, F47CBB, F563F0,
F6305D, F6E7B5, F79122, F7DE58, F788F9, F6B6DA, F5F1A3, F5DB8A,
F6BC47, F86112, FA1B50, FB4CC5, FB5C1C, F9F1ED, F74122, F39E34,
EFC7DE, EC88DA, EA3266, E8D592, E81DF9, E7D040, E7D44F, E7E779,
E7EB05, E7DA85, E7CD6B, E7CC2F, E7A071, E73D3A, E6E918, E71514,
E80DDF, E9B5DA, EB95B2, ED54B1, EEB1BA, EFA3C0, F0078E, F00767,
F02C46, F0DEED, F236E4, F3980F, F458A8, F3F31C, F26F7F, EFE85F,
ECC746, E923A4, E55D98, E2567B, E0B001, E0988B, E185D2, E2D6B6,
E40F8A, E54EA7, E6E871, E8F5DC, EB0C0A, ECAE6D, EDC1D1, EE482B,
EE9E56, EF2C4A, F013AF, F13363, F20C65, F27F2E, F2CB6C, F3762C,
F4CCC1, F66729, F7F35B, F95C7A, FACFE9, FC9FBD, FEBDB4, 00D248,
026D6B, 038D01, 04A47D, 06275F, 07E88E, 097EF8, 0A56F0, 0A07A7,
08B65F, 06D1D9, 04DE42, 0347D7, 0242BB, 018CAC, 00E990, 006D3C,
001349, FFC3F6, FF5E24, FED034, FE8973, FEFA1B, 001024, 010955,
01141D, 0046E0, FF7369, FFCD51, 01786E, 03CFC0, 05E4C5, 06E4E8,
06DA1F, 05EF10, 04988B, 032F78, 01B487, 0083F2, FFA29B, FF2E2B,
FEE224, FE5267, FD0A25, FAE36A, F827AF, F5C92C, F49C27, F4A02F,
F555B1, F5D4AC, F5DE40, F586BA, F521C3, F4E88D, F4F17F, F52B84,
F58ACC, F5D187, F5CAEA, F56C79, F4C184, F4320B, F3F45C, F41418,
F44062, F4492D, F4027E, F3D131, F3F7CA, F4BF2E, F625CA, F7C653,
F96192, FA725E, FAF4BD, FAC9AC, FA1B76, F9207F, F7D54C, F64476,
F45F7A, F21FBC, EF98D1, ECE8C8, EA2592, E782EC, E53F48, E36CB1,
E22AC1, E13CB0, E06750, DF907B, DEB091, DDF149, DDA15A, DE24DC,
DF949C, E1B99A, E3F620, E590DE, E6706D, E705B8, E827CF, E9F157,
EBEBDE, ED4AF5, ED973E, ED0A61, EBFF45, EAFADB, EA3B7B, E9E113,
E9FDAB, EA6EEB, EB0A96, EBBA3D, EC5F8D, ECFC1E, ED868C, EE001D,
EE89FE, EF47F4, F061E6, F18443, F213CF, F1A004, F01582, EE00FF,
EBF001, EA450F, E92DFB, E8A434, E87B60, E88C80, E8F8CE, E9E546,
EB7535, ED74B4, EF6284, F0A2F0, F0F9D9, F0A4EB, F02900, EFEA34,
EFFED6, F08C30, F1EB4C, F46C15, F7D425, FB721A, FEB8EA, 017967,
03CDB9, 060C4B, 082E64, 0A1C08, 0B7A48, 0BFB03, 0B6D39, 09B615,
077048, 050B2D, 036117, 02F737, 03DE55, 05FE0F, 08E772, 0C2C7F,
0F38F3, 11BF46, 14076A, 1673DC, 1958E5, 1CA17E, 20120E, 238FD5,
27234C, 2B174E, 2F29AD, 32F956, 35D13D, 373BF7, 375B86, 365823,
34ACAD, 329ED2, 30E99B, 2FDF82, 2F6068, 2F6C7D, 300B9E, 3118B2,
32338E, 32EE24, 331219, 32A095, 31E464, 3158F5, 311F9E, 3140BD,
31845C, 3186AB, 30F589, 2FC6A8, 2E00EB, 2BE3F7, 29B75D, 27B676,
263465, 256A35, 25E6C4, 27F9E3, 2B4844, 2EDFC9, 31818B, 325539,
312082, 2E55D4, 2ADFE4, 2798C1, 250A09, 237E56, 230702, 2351AD,
23D2F4, 23F8D0, 23B923, 232418, 227C23, 21B4E2, 207A5E, 1EB099,
1C3CB5, 197114, 16A157, 1408EC, 11C178, 0F8C08, 0D19E8, 0A4210,
073017, 048141, 02E6F3, 02A2BD, 03A281, 05ADF4, 085A17, 0B1D22,
0D2976, 0DBF39, 0CA0CA, 0A72F0, 082ED0, 069FD4, 05FAB5, 05B9F0,
0581C1, 04EBCB, 03C8D8, 0244F4, 002637, FDC17B, FB3C24, F8C632,
F6A4BF, F50EA6, F42FA4, F3EBE3, F427D0, F4B1BA, F57BE3, F66625,
F6FA07, F6BA2A, F56EA4, F36B7F, F173A3, F0530F, F06633, F15FB7,
F2B5E5, F40903, F537BD, F6269F, F6A106, F6C642, F72AF1, F86DAD,
FAA0FD, FD41A3, FF1BCD, FF9008, FEAB05, FCDE01, FB0372, F95B1A,
F80237, F6A2EA, F4FDA4, F35192, F1F9F3, F115D5, F0B9AF, F08ED0,
F0016A, EF01C5, EDB528, EC452E, EAC1C2, E90E46, E739DB, E5B09C,
E4E59E, E51C3F, E5FBF2, E71A37, E87A64, EA44B0, ECBB74, EFBDC1,
F2ABB3, F4F4B8, F66D42, F73B77, F7469E, F683A6, F4D9D4, F28CC2,
F0122A, EDCF1F, EC0EF7, EABC48, E996FC, E84FC6, E723A8, E64896,
E634AE, E6D49B, E7AAA4, E82D83, E82760, E80996, E8779B, E9E3FC,
EBFB24, EDFEA8, EF3642, EF533D, EE61B2, ECC707, EAE772, E97E11,
E92D67, EA30DB, EC76D5, EF9798, F2FE32, F5F4AB, F8286A, F95929,
FA01FA, FAE287, FC8AE4, FF23B8, 020776, 045498, 05AB90, 061B1D,
063FE1, 06ACF6, 073A2F, 07BBF2, 07B4E6, 0712C0, 05D318, 041974,
0275B2, 013109, 006C9C, 0013CA, FFE0DC, FFB46E, FF7177, FF0D9E,
FECDB5, FEE105, FF93CB, 00CF95, 023530, 035792, 040E63, 0484AC,
04FC60, 0598B6, 05FE22, 062FF1, 064E26, 068348, 06BAF5, 06B15D,
05ED57, 044A49, 022774, 00274A, FEABC2, FD72EC, FC4E41, FB0F9A,
F9C47A, F8AC0F, F81B29, F86002, F93A3A, FA2098, FA8A89, FA0B8F,
F8FA25, F7F4D3, F75D6A, F7361A, F716AA, F6EEB8, F66E6D, F58F84,
F46E65, F34148, F29363, F2A8B5, F37EC7, F4E014, F66E28, F7D5EE,
F8F5A5, F9ADC4, FA2D23, FAA32C, FB61C1, FC958C, FE1D8B, FF4B7A,
FF539A, FDE708, FB58EA, F8A75F, F660BC, F4B539, F3432B, F19045,
EF4103, EC2EDC, E8C36A, E5B81A, E3827B, E21F3C, E14905, E0AC0B,
E02263, DFC0C5, DFD9CB, E0A444, E2408F, E4A539, E7A463, EA8BB3,
EC7B2F, ECE1BE, EBB657, E9D89A, E7FE25, E6AAA1, E6363E, E656AC,
E73751, E88B4E, E9DB07, EAEEFB, EB9A0B, EC24D7, ED0469, EE8DA0,
F09657, F2B19C, F3FE52, F3F45A, F268EA, F00617, EDBE01, EC3F7E,
EBD15E, EBF9CE, EC3715, EC8650, ED0C7C, EDDA3B, EF067F, F04B7D,
F1587A, F18D37, F063DE, EDD83A, EA629B, E737F7, E56B45, E547D6,
E6B5FC, E92C97, EBF83C, EED982, F1774C, F3BE06, F5B00F, F75771,
F8ECD4, FAC5BE, FD2169, FFD9FC, 02A3C3, 05093F, 06D6F4, 080D86,
088FB8, 08546B, 0733C9, 052ADC, 0284F4, 002B5F, FEFC9A, FF38D1,
00DD4F, 032A94, 057C0D, 07B091, 09C175, 0BF76D, 0E6478, 1128C8,
14963D, 190368, 1E72D8, 243E84, 29644F, 2CF1B8, 2EB24E, 2EE7E6,
2E3694, 2D57D7, 2C9066, 2C0602, 2BE27C, 2C64EB, 2DA2ED, 2F7E28,
3197A4, 337A6B, 350445, 35E3FA, 36252C, 35D26D, 34E491, 33737E,
31DFDC, 30BB5C, 30704B, 30C720, 30D016, 2FCD84, 2DCE72, 2BB044,
2AA8E1, 2B3B84, 2CE364, 2EE1EC, 304492, 30EB41, 30D24A, 2FF05C,
2EA14B, 2CD5A8, 2AE81A, 290FBF, 27822C, 269D6F, 2684AF, 276611,
28FE9E, 2AC32C, 2C465B, 2D2789, 2D24BD, 2C1E6B, 2A5659, 283DB3,
2631E6, 245F48, 22CFEF, 2150AA, 1F7F4D, 1D4043, 1A4BD1, 169624,
1269C0, 0E3ED4, 0B0F05, 09854B, 098EDA, 0A5D4F, 0B4831, 0BF24E,
0C4CF0, 0C49BB, 0BE009, 0B6871, 0B35E8, 0B4C94, 0B5D57, 0B09D1,
0A4CE5, 095D4C, 085500, 0739FA, 05E47C, 044934, 02685C, 009B3C,
FF2FD9, FE18EB, FD6F9F, FD0334, FCB620, FC8793, FC4A1B, FBF95C,
FB449F, FA1081, F8232F, F5D361, F3C4B2, F2374F, F17723, F12411,
F0F667, F0E12A, F10E0E, F1F355, F38D94, F590C4, F78254, F8F51C,
F9EC4E, FA69A2, FAA7B9, FAF695, FB50DE, FB86DB, FB386B, FA6C39,
F9A706, F9850B, FA416F, FB995A, FCE960, FD95B5, FD2621, FBA248,
F973F9, F6BFD9, F3E1C4, F100E5, EE64F8, EC595F, EAF732, EA29A9,
E9AC26, E8E5F1, E793E8, E611BD, E4E068, E4D51C, E64AFF, E8F68D,
EC4311, EF8A71, F24A47, F45ECA, F5BD41, F66D06, F6611D, F59B91,
F44253, F251B2, EFEC3C, ED3347, EAACC0, E8E68F, E84122, E87752,
E8F534, E95EEB, E98904, E99318, E99E47, E9DDD8, EA6697, EB0A7D,
EB8DB0, EBB520, EBA7FB, EB6EA6, EAD56B, E9E37A, E8BA1C, E7C6FB,
E78582, E7F81E, E8B7AB, E9397C, E94913, E9430E, E9D492, EB3C2B,
ED4AAC, EF8CA2, F1A0C0, F38C32, F56D35, F789D0, FA0231, FCA0AC,
FF1DB9, 0115E9, 026BB3, 033938, 038513, 03C7F4, 04295E, 047813,
048F71, 042277, 033913, 01F9A7, 00A014, FF5CE8, FE814B, FE0FEE,
FDEAEC, FDD24E, FDD734, FE145F, FE4BFD, FE729C, FE960C, FF2EAE,
007B1C, 023E97, 04315B, 05DE37, 06ED64, 075EF3, 0757F0, 07097F,
06A44B, 062D0D, 0597B9, 04D022, 0395F0, 01EEEA, 001374, FE8C44,
FDB067, FD78AD, FD83F9, FD5489, FC8CB0, FB36F8, F9BDF8, F89C7C,
F88682, F98575, FB0645, FC182C, FBDEBA, FA493E, F7F18C, F5B833,
F41F59, F322DA, F2C778, F300FD, F39B13, F43E9D, F45E6A, F3D9B7,
F33272, F307CA, F392BA, F4E7A8, F6B195, F88AA4, FA500F, FBE6A1,
FD6F8F, FEC1B8, FFD31D, 00827A, 008F03, FFF310, FE852E, FC4E83,
F985FE, F631C6, F29512, EF14B0, EC1661, E9CD03, E7D40D, E5D8FC,
E3F2A3, E2A3ED, E2639C, E36736, E54542, E753FF, E911A3, EA05CE,
E9E4A1, E86286, E5C21D, E2D9A7, E0F28F, E0ABEA, E1CBC5, E3A585,
E57D96, E71067, E8808D, EA004F, EB6C44, EC430D, EC228A, EB36E3,
E9FBC5, E91D7C, E93342, EA3E4A, EBDF02, ED9FF9, EF051F, EFC452,
EFC1E8, EF0222, EDF0F0, ED4DF2, EDAAC4, EF1467, F110F6, F2A08E,
F32928, F29D96, F158B2, EFB3D6, EDA689, EB5BD6, E92649, E78FD7,
E6DADA, E6E92B, E74B25, E7B19A, E81A3C, E88C70, E95047, EA8F96,
EC44E2, EE5085, F08041, F316E8, F64A01, FA56CA, FF0356, 034C79,
062CCA, 06E34D, 059437, 031261, 0033D2, FDCD36, FC4B00, FBDAEC,
FC39C5, FCD1BD, FD61E0, FDC9CA, FE1521, FEBEC9, 002786, 028676,
05EFB6, 0A1EEA, 0EA01B, 12D717, 163B44, 18B7E8, 1AB037, 1C6F18,
1DF44F, 1F36BD, 202C68, 2125B7, 22A906, 250FF1, 287171, 2C5B36,
3024D4, 32F530, 33F951, 332DBF, 3104C4, 2E9F05, 2D0E62, 2CBDDE,
2DBF5A, 2F53F8, 30B509, 317ADB, 3169B4, 30D4FD, 302241, 2FC9FC,
2FD8E8, 30088B, 3022F9, 301575, 2FFEE5, 2FF800, 2FD8B2, 2F4EEB,
2E4660, 2CEF45, 2BB5D8, 2AAC85, 29BF75, 28A77F, 277032, 26A647,
26CDDD, 281C47, 2A33C5, 2C7BF9, 2E33E4, 2EC654, 2E46AE, 2D47A7,
2C87D2, 2C6416, 2C8149, 2C4A7A, 2B3B24, 29194E, 260931, 2242B2,
1E4B3C, 1ABA51, 17E32D, 15CFC7, 142BDB, 12DB36, 11DECF, 1146BE,
1137E7, 116567, 1166FE, 110331, 104153, 0F6008, 0E809F, 0DAB53,
0CCBAC, 0BCA71, 0A9428, 093F04, 08088D, 06DE64, 05C017, 0502E1,
04FDF4, 05D5AC, 072EEF, 085C09, 088691, 075712, 0506DC, 0202B2,
FF0994, FC93E3, FAD403, F9DBCA, F960EC, F9273E, F8CA77, F80D70,
F71579, F600E3, F51680, F46DB1, F3F6E7, F3C3C2, F3B7DE, F3E07B,
F45B36, F515B5, F617A3, F74029, F854F0, F93A05, F9C07F, F9E28E,
F9DCFB, FA0283, FABCA4, FC33F5, FE2D24, 004959, 020E49, 02FAB8,
02A209, 00EC94, FE5FFE, FB9804, F93F6F, F75AF2, F56569, F3072E,
F03150, ED483B, EA99FA, E8755D, E7258B, E7188B, E838AA, E9E957,
EB8110, ECC3BC, EE04D6, EFAAC6, F194DD, F36AED, F4C474, F5307A,
F4E1E6, F3E36A, F2AA88, F149C7, EFC309, EE510E, ED0BD5, EC2831,
EB9F2C, EB5A50, EB2D06, EAFD66, EAE0DD, EB20D2, EBCC18, EC940E,
ED1D66, ED1915, ECA1C0, EC4419, EC31CA, EC2C72, EBC4A6, EAD52A,
E9E11F, E93477, E8CD85, E841AF, E74B53, E61C36, E54137, E54187,
E60B43, E73841, E855D7, E946DD, EA6A5B, EC1752, EE5184, F0B914,
F2EA6A, F4A5EF, F626CC, F805AF, FA95BE, FDC1D3, 00D906, 0322DE,
046842, 04A28C, 0416A3, 02F3DF, 017BAB, 00471E, FFC033, 001295,
00CF5A, 00FF0F, 0019E2, FE5B40, FC8916, FB7E97, FBBEEB, FD1578,
FEF7BC, 00AF21, 01C900, 025E2F, 02BD84, 0373B6, 04B4A4, 06159D,
07213B, 077A9D, 072DC7, 068F53, 05DAE3, 053ADA, 04C6AD, 049304,
0489B8, 044D57, 038579, 02171C, 003753, FE6723, FD3949, FCEBB9,
FD7000, FE54E7, FF11EA, FF20D4, FE70B6, FD354E, FBC7F9, FA9C5D,
F9E339, F9BC37, F9C6D4, F9C62F, F95570, F819AA, F61482, F37974,
F0D3BB, EEC6D3, EDD2B2, EE0027, EF051E, F0CE9B, F371B9, F71861,
FB82F0, FFF93F, 037257, 05072F, 0453EB, 020345, FF1DF4, FC99F5,
FB14F2, FA4CCB, FA1008, F9EEBE, F9AC0F, F8F97A, F77B1D, F4FD23,
F1CFB6, EEBEFB, EC7F82, EB659C, EAF711, EA7C1F, E9AF16, E8A22F,
E7B394, E7213F, E6B922, E64E7E, E58B4B, E470EC, E36C31, E31F43,
E4149F, E61F68, E8B09B, EAA9EB, EB309A, EA5D48, E8D8AF, E73B28,
E6236A, E5D542, E67C4D, E80EBE, E9EE84, EBB7E4, ECEB8A, ED40FD,
ED056D, EC70C8, EBF0DE, EBE337, EC8A5A, EDFDDB, EFFF88, F21720,
F3D3CE, F518C1, F5CE76, F5EC18, F550F3, F3F38D, F20020, EF970C,
ED088F, EA94F2, E88567, E74A1B, E6F251, E719DE, E6FB1A, E616F5,
E4D19D, E43F8F, E5A659, E977B7, EF07D3, F4E819, F9ACE6, FC9882,
FDB239, FD9367, FCE819, FC419D, FBEFC6, FBDD28, FBDB26, FBD42B,
FBBB3E, FBC1B5, FBFD43, FC9F97, FDC99E, FF1FF3, 0049FF, 00C654,
005F6A, FF9221, FF179F, FFAAC6, 01817D, 04595A, 07D095, 0B30F7,
0E1068, 105A34, 126142, 14D72C, 17F024, 1BC25D, 1FE1D9, 238A67,
265106, 27FD8A, 28A733, 28A3E7, 286204, 286FAE, 290F51, 2A2920,
2B6D80, 2C7D1B, 2D4F8B, 2DE09B, 2E3558, 2E576C, 2E846E, 2F07EC,
2FE7C3, 30E9E5, 31B12C, 320F58, 322D50, 325797, 32A17B, 32C8A4,
3246DF, 30D357, 2EA9C3, 2C5476, 2A36C4, 28BD94, 28140A, 27F3A2,
282169, 2847C9, 2849FB, 283D39, 288141, 29702C, 2B6353, 2E2782,
3121FD, 3345D1, 33B6E7, 327813, 2FFE59, 2D443E, 2AC5DE, 28A942,
268EEB, 243DB1, 21F98C, 2033A4, 1F4738, 1F17A7, 1F3B07, 1F315C,
1EC80D, 1DF163, 1C4F9A, 19CCF1, 16AAEE, 139E2C, 11540C, 1001A2,
0F8F9C, 0F860B, 0F680C, 0EEE4F, 0DFD4B, 0CCC73, 0BAEA6, 0AFAD4,
0AE689, 0B4FB2, 0BC8CC, 0C00CD, 0B7AF8, 0A1FF1, 084039, 064FFF,
04FF5D, 047CA7, 047ACB, 042E38, 02F179, 00EC39, FEBDCE, FCF9E4,
FC0B49, FBD30D, FBEDAE, FC1076, FBBAB5, FA925B, F8BDAB, F6B7C6,
F52A86, F47705, F46839, F49C4C, F486EF, F412C6, F39402, F374DF,
F436E2, F5FF78, F8B5A3, FBCCCD, FE8406, 007412, 0188A3, 020B55,
0276B5, 02D78A, 031529, 0328EC, 02EBB4, 021860, 0048F3, FD7B4C,
FA33E8, F6F71E, F4322A, F21C9F, F06428, EEF729, EDE9DC, ED5273,
ED294E, ED4C63, EDB96E, EE5866, EF5FAF, F0B062, F22D13, F399F2,
F4BB90, F54E87, F52939, F46606, F3496D, F2224C, F0E60D, EF70EC,
EDCA96, EC64E1, EBDFCB, EC5E75, ED91C4, EE9673, EF009B, EE896F,
ED837F, EC970A, EC023E, EC2206, EC8FB2, ED1289, ED4283, ED1AE1,
ECCB05, EC6FC6, EC0D1C, EB715A, EA7D53, E94AC8, E7F6C6, E69CE4,
E56367, E46D83, E414A6, E447EB, E4FF6A, E5D59B, E6613E, E68A1B,
E695B5, E711E3, E84A39, EA8C90, EDCCB1, F1B2F9, F5B9A3, F92D23,
FB8863, FC8BF9, FC8AB8, FC4BFB, FC5271, FCEE32, FDFB06, FEEB4C,
FF613B, FF14E5, FE3179, FD3BF0, FC79F3, FBDADD, FB4C73, FAAA71,
FA3789, FA6BF5, FB7F90, FD331A, FEE7C4, 002C74, 00A474, 0089FB,
003012, FFE485, FFE585, 006C1E, 0191C0, 034D17, 055B0E, 075578,
08E10E, 095105, 082783, 055387, 016DEE, FDC6D6, FB8B36, FB14C6,
FC2EE3, FE10A9, FFE6CC, 0154BD, 023959, 02C6BC, 030E39, 02D0AB,
01BCFC, FFA106, FCB96B, F9BB29, F7360F, F595BB, F4A9A9, F3E2C1,
F303F2, F1DAE5, F08410, EF47C3, EEA620, EF19A3, F0C2FA, F374CB,
F67814, F911DF, FAA98B, FB0CAA, FA9EFE, F9DD19, F952EA, F95116,
FA1AD2, FB95D7, FD55C7, FEDD5F, FFE330, 000FA5, FF35E1, FD6901,
FAD779, F802FC, F55F32, F340DE, F1A8FC, F06FDB, EF9526, EEFD9E,
EE6C98, ED71E1, EBB218, E94CAA, E6CC99, E504F3, E45FCF, E4BF92,
E5B6E7, E6A20D, E76097, E7AE34, E780E7, E6CB3C, E5BB24, E4CD28,
E45B48, E4C3A6, E5E2CD, E75B66, E87121, E8768A, E78BA2, E63089,
E521F1, E4C8FF, E501B4, E56F16, E5F5B2, E6E09B, E88682, EB34DD,
EEDBCF, F30DE7, F70793, F9D4EA, FA5D03, F86C4A, F4A73F, F05087,
ECE5AB, EAE8C3, EA0DF3, E997D3, E8DFB6, E7D8E7, E6B394, E5C2E9,
E55D08, E5B5E6, E6E23D, E8B320, EACF6E, ECC9AA, EE43F9, EF1D70,
EF7124, EFA8FA, F03BA3, F156D5, F2B1E9, F4055F, F5376F, F66EF6,
F7FB3C, F9CF25, FB748E, FC8CF2, FD0312, FD0711, FCDEF7, FC6809,
FB9AFA, FA7537, F96EB1, F925FC, F9A76F, FA9ABE, FB838E, FC2770,
FCEA46, FE8704, 015643, 055C70, 09D5A0, 0E132B, 117B59, 13C407,
1575B0, 171A9F, 1901B8, 1B1D2F, 1D21F8, 1F0003, 20BDF4, 225A7A,
23BA54, 24CB3A, 25B66D, 26B17C, 27C9FA, 28CF59, 295F76, 297464,
299542, 2A69DB, 2C7B75, 2FBF69, 335EBF, 366607, 37E98D, 375EA8,
352957, 3224F9, 2F4285, 2D0C79, 2B773E, 2A5403, 29626F, 28A68E,
28432B, 283F89, 28B575, 29A4D9, 2B1F2E, 2D192B, 2F20B1, 30AB0C,
3158D8, 31077F, 3001D6, 2EE021, 2DE988, 2D6518, 2D673F, 2D67CC,
2D0578, 2C1171, 2AC4E5, 29A5C9, 28E8D2, 28B2A7, 28DD3E, 28F1F5,
28A21F, 27A36E, 25B201, 231CDC, 206E6B, 1E6B1C, 1D7850, 1D0AAD,
1C4640, 1A6B02, 179E75, 14AA91, 1254C0, 115722, 119565, 128051,
13579B, 1368AA, 127421, 10D4A9, 0F26AF, 0DD9AF, 0CEB37, 0BF125,
0AF12B, 09F1D2, 091D92, 085891, 077507, 0674B3, 05B67D, 059087,
05FCF6, 068BC0, 06786A, 058989, 03C7A4, 01A2A0, FF9834, FDDAC2,
FC8AFC, FB44CF, F97325, F705B5, F44D55, F23798, F18962, F2366B,
F3DCBD, F5A20E, F6ED67, F79F78, F8175F, F8CB84, FA058A, FBDE21,
FE544A, 01195D, 038EA9, 0543CE, 05E0F0, 058BDD, 049A7E, 0337DA,
01B0E8, FFF5B9, FE13A7, FBF3D3, F98E82, F72EE3, F507A9, F37E3D,
F2A9B3, F27D8D, F2C181, F32361, F3381D, F2F2D8, F285A7, F2523C,
F2F772, F482ED, F65B97, F79357, F74A1A, F5771B, F2C4EC, F04FD5,
EF48A1, EFA171, F0B925, F1AE5C, F1C80D, F108C4, EFC228, EE8102,
EDA292, ED3854, ED16D2, ED29AC, ED68F7, EDDFED, EE6B35, EEF5AE,
EF6487, EFCBD1, F022D2, F00A29, EF4C75, EDD006, EC0FDA, EA7D15,
E96987, E8D872, E8AE82, E88C4F, E81DC1, E72875, E54CFF, E2CC64,
E07E07, DF560B, E00736, E282C3, E6164F, E9F1A4, ED69A3, F02BD6,
F1F5E4, F2C944, F301B5, F2EC68, F2E315, F35068, F48AF6, F6914C,
F9080D, FB6C8C, FD612D, FEC98A, FF90FD, FF90F4, FE88DF, FC54BF,
F973DD, F6D621, F58D39, F6306C, F83033, FAC359, FCF989, FE6637,
FEFB84, FEED2E, FED94D, FF4910, 00AAC5, 02D0B1, 05120F, 068309,
0661A6, 04D920, 025AF0, 000692, FE9F25, FE379B, FE9BE5, FF4A1E,
003C1E, 01ACC9, 03C52F, 063662, 083CC6, 091105, 08540F, 0685C1,
0448CA, 022006, 0043DB, FEA924, FD7006, FCA7E9, FC1DEE, FB427F,
F9C282, F7BB1E, F58E16, F3D36A, F2B968, F241C9, F25DB6, F2CC22,
F379D8, F425CD, F4996E, F4DF65, F4F4F3, F5127D, F55BE8, F5F211,
F6FF8E, F88E40, FA594C, FC22BA, FDCA68, FF34EF, 0049FA, 009012,
FFA721, FD98E2, FAE6F8, F87188, F6E348, F69EAA, F76D09, F89B70,
F96152, F8C350, F677B5, F2E3CD, EEB5C1, EB1292, E88E48, E75F88,
E7377D, E78ACB, E7DE6F, E80C79, E8307E, E88A83, E9590B, EA6617,
EB3F6B, EB3AF1, EA15A6, E7EDC7, E5517D, E2C4B0, E0A076, DEFD7C,
DE1A56, DE037B, DE81FA, DF8866, E0F2DF, E2F50B, E5798D, E8865E,
EBC3B0, EEBDC1, F1108E, F27699, F2D39C, F249A9, F13423, EFEB02,
EEC8EF, EDDF60, ED210D, EC3258, EB001A, E9AB16, E86B83, E772F7,
E707B7, E773FC, E89CDD, EA185A, EB261E, EB3C32, EA80AA, E97D54,
E8C7F2, E88AA6, E8A752, E90FC5, E9B512, EACCDA, EC8C3D, EEF087,
F1BEC9, F45783, F65208, F7633E, F7867E, F76264, F74EFF, F78AFC,
F8054B, F86C38, F89635, F857BE, F7BC49, F6DD70, F5FDF5, F582DF,
F5D548, F6C4F5, F80465, F95A8B, FAD151, FCDF7F, FFA26F, 0323A8,
0700E0, 0A7B57, 0D8844, 1004A1, 11E9A8, 13576E, 142740, 14B122,
152EEB, 15FED3, 1770A1, 195CC5, 1B94B2, 1D87A9, 1F28B8, 20E0ED,
232C9F, 26677D, 2A28A4, 2DC2F8, 3041C8, 313D1F, 3138F3, 30A39C,
301A2E, 2FD2EA, 2F8BE3, 2F3137, 2E855B, 2D7E51, 2C1690, 2A9C8A,
2984D7, 290224, 29421A, 2A1828, 2B5652, 2CFF87, 2E924F, 2F8944,
2FBDE6, 2F3928, 2E87CB, 2E0792, 2DDDD9, 2DE56A, 2DDDAA, 2D9B08,
2D0B54, 2C881F, 2C68CF, 2CD69C, 2D93AB, 2E1FDD, 2DFDE9, 2D1C2A,
2BDBC6, 2AD7A4, 2A62F2, 2A3E7E, 29D167, 28D522, 273464, 24F759,
228C45, 203C8B, 1E7B2F, 1D75C8, 1D2FE3, 1D64AB, 1D7CA9, 1D06B0,
1BF3EC, 1A7276, 18BDFE, 17102E, 1562F9, 13B2E5, 11E726, 1006D3,
0E4C10, 0D04E1, 0C5298, 0C0F13, 0C0A7F, 0C2835, 0C4979, 0C3911,
0BCB0A, 0AFDDA, 0A1541, 0987CC, 09BBCE, 0A8B6E, 0B1B36, 0A6E6B,
081783, 04656B, 0046C7, FCA9C3, F9F9A5, F85D43, F7BFE4, F7C0DF,
F7CB24, F77CA5, F68E6B, F54897, F4412E, F4170F, F53120, F74E5C,
F9F966, FC9DAF, FEF30E, 00E8E2, 02B614, 047FF4, 060B64, 06D64B,
06869B, 051A77, 02EA53, 0089BA, FE966C, FD9A66, FDAC1B, FE79B4,
FF0864, FE3BA0, FBBF21, F83B76, F4F72A, F33CF6, F3750C, F50556,
F70AEF, F8B9F0, F9B8FD, F9F4B6, F960AD, F834BC, F6DF70, F5B809,
F4F67E, F499E4, F486A5, F4B287, F5048D, F56764, F5C5C5, F5D261,
F52288, F37E0F, F100B0, EE3E82, EC2540, EB83F5, EC7B60, EEB8B1,
F1B4A1, F4ACBE, F6FA8A, F8041C, F7670E, F529DC, F1EDD5, EEE046,
ED1CD2, ECE387, ED893D, EE43C8, EE3755, ED13FD, EB51C8, E964A8,
E7FD92, E7485A, E735F9, E760CE, E77905, E76909, E738A7, E7217D,
E73FD4, E7C492, E8C3B9, EA4E68, EC4A3B, EE66B5, F09552, F2F4DC,
F5B9D3, F8C88A, FB768A, FD17B6, FD34B5, FBE140, F9BB47, F76CAD,
F5BDCB, F5357C, F5D575, F74B58, F904B5, FAA266, FBF580, FD09E1,
FDEA9F, FE7D8D, FED655, FEF6FE, FF1303, FF59B1, FFAA14, FFD6BF,
FFEF79, 000BB2, 003329, 0035EC, FFD6CE, FF1871, FE54D7, FE228E,
FEE2EB, 00CC67, 039A8F, 069157, 09047F, 0A3D1C, 09E525, 084A9A,
0629A9, 043412, 02FD59, 02DB2B, 0375F2, 0452D1, 04A835, 03F443,
0239E7, FFDB09, FD8FF7, FBE1B1, FAC607, F9A9CF, F81793, F60127,
F3D6E7, F2711F, F238D0, F3340D, F4CC8C, F671F9, F77580, F76D14,
F6A24E, F5A3D8, F538CC, F5ADE2, F6CAC9, F820C3, F94801, FA2E7F,
FAE60B, FBB430, FCC015, FE284C, FFB84D, 01243E, 0206F8, 01E7F5,
00A03F, FDDE04, FA0FF9, F60B59, F2C01C, F0CEE6, F0331A, F03AC8,
F00DBF, EF6B09, EE90F1, EE21B8, EE6B5C, EF4268, F0549E, F0D161,
F07A13, EF2BDD, ECE5C7, EA4368, E79FF7, E55AF2, E372A1, E19DF7,
DFE55D, DE343F, DCFC77, DCAE0A, DD70D2, DF5115, E1F6DE, E4D17D,
E72DF3, E89365, E944A9, E9BB09, EA2344, EAA9A6, EB6C99, EC54DC,
ED635C, EE3C50, EE821D, EDE65A, EC8EC9, EB218F, EA2F1C, E9EAAB,
EA1E12, EA5446, EA0C67, E958CA, E886AC, E810FA, E84E8C, E8DC60,
E92E42, E8D86D, E7D12C, E6A383, E5F06A, E607E4, E6ACAD, E7A067,
E8D438, EA2FB1, EBC650, ED73D7, EF3EAD, F1349D, F345E9, F546AA,
F6B4B7, F71720, F65F83, F4F0BE, F30952, F120B3, EF871E, EE91CB,
EE9E3B, EFAEA7, F160DB, F30C5C, F44C08, F5487F, F674D8, F82AD7,
FA8868, FD48A9, FFCFB0, 01A3FE, 02BE14, 0382D9, 045F81, 05769E,
06B39D, 07EA35, 0916BA, 0A6128, 0BCBDD, 0D6759, 0F7FE1, 12537B,
15E0D0, 19F5EA, 1E0410, 217DF5, 23E67D, 2537DE, 260C17, 26D5F3,
27E2EE, 2903F9, 29DB02, 2A3C83, 2A2EB8, 29E4C1, 297AD9, 28F42A,
2879E2, 2858CA, 28C9B0, 29C41A, 2AF77A, 2BE8AC, 2C588C, 2C660A,
2C4E43, 2C3F00, 2C0E4D, 2B83D8, 2A942C, 297E1E, 28E904, 295334,
2AB160, 2C67F3, 2DD726, 2E8ACF, 2E4BD3, 2D7318, 2C7073, 2BB1B7,
2B694C, 2B6AE4, 2B9FA2, 2BC669, 2B98C5, 2AF383, 29E0F4, 2899A1,
272A9A, 25AEEC, 246005, 237C5F, 232C12, 235662, 23B127, 23EC1F,
23D408, 233B20, 221668, 206B89, 1E42F9, 1BC189, 190FCD, 165B96,
13F6FC, 122D16, 116023, 1167C8, 117F1C, 112C0F, 100EFE, 0E700A,
0D0316, 0C617E, 0CE019, 0E4E4F, 100EDD, 1165D2, 11B747, 109C9E,
0E4172, 0B4ED3, 0858E2, 05C4E1, 037A09, 0159D9, FF3855, FD4ACF,
FBC7B7, FAB54F, FA277F, F9C5E0, F92A6A, F812CB, F67DFD, F4EFD0,
F41DE1, F4826D, F6863D, F9F1E7, FDFBDC, 019E8A, 03E37F, 043DC4,
02CAF2, 005CDF, FE3BD1, FDB3D4, FED7C0, 00FF42, 0325FD, 045534,
043746, 02C4F5, 0087FE, FE2662, FC1D2D, FAB7B7, F9BF30, F91051,
F87015, F809A5, F7F3E4, F826DF, F8A339, F96DC7, FA6C2A, FB5D08,
FBF95C, FBCA08, FAB4E3, F93939, F7E3DB, F70674, F6B0F0, F647F2,
F57E29, F42B7C, F2854C, F124D4, F07B6E, F0FD31, F2701E, F445AD,
F5DAA9, F69BF0, F66B28, F553FE, F3A311, F1E79C, F0AD2B, F03108,
F05A39, F0F4F4, F1C859, F2B15F, F39AEB, F4609A, F477DC, F35888,
F0F4C9, EDABE7, EA6ACE, E7E1DA, E672D8, E61422, E64383, E6CD5D,
E767EB, E80FB3, E8C9AB, E95760, E9BF68, EA702A, EBB39B, EDC6F3,
F07902, F3171A, F4D397, F51B6A, F4303F, F2E309, F24CB6, F2B4A0,
F3C8A8, F4C815, F56147, F5BF04, F64DD6, F78B92, F97F98, FC03F8,
FE65B9, FFED1A, 003A08, FF5B57, FDDB03, FC63D3, FB8B76, FB9972,
FC63CD, FD6B38, FE3A82, FE9928, FE8A77, FE4F73, FE1FAD, FE4E98,
FEF9EA, 001C28, 01866B, 02D470, 03924F, 03AFDE, 039C9E, 041C01,
05BD72, 08320F, 0ACD3F, 0C8C43, 0CD7C7, 0BBF7B, 09BF13, 077AE8,
058776, 0421A4, 03334B, 02828C, 01C073, 00C230, FF822D, FE5BFF,
FD9D40, FD58AD, FD1A46, FC8A17, FB48F2, F97BB0, F79A06, F6050D,
F517D7, F48E3F, F46667, F46CE7, F4C0A9, F55DFB, F645A2, F77547,
F8FB9B, FAF6A9, FD6EBE, 005DEC, 032E4F, 0505BA, 05176D, 034D5B,
0090AC, FDF578, FBFB4B, FACA99, F9C2D1, F8A844, F79F21, F6CEF8,
F6B6D6, F73792, F83998, F97580, FA5FE1, FA9336, F9CA77, F82F0D,
F64540, F46D90, F2CBDC, F154F9, EFE80D, EE5D58, EC9205, EA8250,
E85C11, E66FDC, E4F47D, E3FEF3, E35FAE, E2E9C5, E28241, E224B7,
E1E38A, E1DD17, E2845F, E42D62, E6C530, E9C206, EC3A14, ED9B5F,
EDC70F, ED0E92, EC14F9, EB4CA6, EAF0F2, EB0FA7, EB7CC8, EC0428,
EC8B26, ECE62E, ED03DF, ED0CA1, ECF27F, ECAF7F, EC2697, EB3E34,
E9FD9E, E86E4D, E6E6AB, E5B5F3, E51864, E51089, E58244, E64E41,
E76140, E891F1, E9D9C2, EB4131, ECC049, EE8097, F08DC7, F2AD2B,
F46207, F4ECDE, F3EF24, F1D406, EF7B63, EDADB8, ED132A, ED8E02,
EE7D4A, EF6045, EFD85B, F0132A, F05E54, F11E2D, F29A1A, F4738F,
F635FE, F79049, F88C77, F97A70, FA8A11, FBB2AA, FCA4C5, FD21E5,
FD2381, FCD84E, FC887F, FC97E0, FD8958, FF94CF, 02B764, 06A20C,
0AEC1E, 0F015C, 12531E, 14BFE7, 163DAD, 17418B, 1861EB, 19EF30,
1C0231, 1E3906, 205FD4, 224FE9, 23EA72, 252226, 25DF69, 264935,
26802E, 26CFB9, 2758D9, 27F6FA, 288B1F, 2909DB, 2988AC, 2A169A,
2AA17F, 2ADF78, 2A8F05, 29C4BD, 28C558, 281C3E, 2824EE, 28E934,
2A5D73, 2BFF51, 2D5C86, 2E22EA, 2E3049, 2DAD64, 2CC379, 2BD06D,
2B34CA, 2B4A65, 2C2F35, 2D7A5D, 2E8DE9, 2EEAA6, 2E37E7, 2C8C5A,
2A469B, 27E3F0, 25D7CE, 248BCB, 24455C, 250283, 26B20D, 28EC8D,
2B2C51, 2CBE8D, 2CC778, 2AF015, 2783AA, 2394BE, 200B95, 1D9118,
1C5C82, 1BD413, 1B860A, 1AC175, 19620A, 176B46, 151B39, 12E35D,
113A44, 107697, 10848D, 115AA3, 12C4D2, 144F47, 158569, 15DB64,
154566, 1407DD, 124B68, 102BF0, 0D74CA, 0A22F0, 06A197, 036D10,
011A27, FFDEA0, FF7E54, FF765C, FF1775, FE12F4, FC4783, FA01D1,
F7F5CF, F6BFEE, F6BDB0, F7D1A9, F95871, FAA62E, FB43CE, FB1CFA,
FAD5F7, FB095C, FBF510, FD9BEF, FF7865, 01269A, 02870B, 037CDC,
03EF3E, 0380B0, 01F32F, FF8454, FCFBD5, FB3FBE, FAA598, FB0766,
FBCB0A, FC6E4A, FCDA18, FD45EF, FDE0DC, FE5626, FE3A2B, FD4C0B,
FBB48C, FA03D8, F8A8B2, F81EA2, F847F3, F8EE65, F99FD8, F9FC70,
FA0C91, F9B026, F90C67, F849C3, F785E2, F6DD12, F648D6, F5A4F2,
F4F2D1, F42BD7, F37887, F2FF6B, F2AA8D, F25584, F2090C, F1FF8F,
F277A9, F3984D, F4EEB5, F61BA8, F6D53C, F7193F, F6E0C6, F5F6CC,
F433E9, F1A278, EEBE11, EC13DD, EA090F, E8E2EB, E89078, E895B3,
E8B884, E8C536, E8FD20, E9BDF0, EB104A, ECBF07, EE2DF2, EEE710,
EEB0F1, EDAB6C, EC54F7, EB36FC, EAD597, EB7585, ECDAC5, EE71F2,
EFD056, F0ADAB, F12BA7, F1CFE5, F2BD98, F3E4CD, F51846, F61F0F,
F700E3, F7D85E, F8B3BE, F9855F, FA6742, FB6C2B, FC9BDC, FDDDBC,
FEBABD, FED40A, FDF3AD, FC49E4, FA5B68, F8E580, F87267, F905A7,
FA30A3, FB353D, FB9EE1, FBB96B, FC0470, FCFBD0, FED5C0, 0143CA,
040738, 066D4C, 08043A, 088BCE, 081D05, 074518, 0686DC, 062AE0,
0606FB, 05E6E6, 05B3B3, 058896, 05776A, 05983B, 05DD9A, 063F43,
068F1C, 067450, 057470, 036C98, 00A6B1, FD92A1, FACB25, F87B85,
F6ADC3, F52A4C, F3EAF1, F2FC8D, F24AFE, F22083, F2FFFA, F516D1,
F83A4C, FBAC0C, FE72E9, 000D43, 00243F, FF0406, FD4BED, FBD3B8,
FB3D85, FB66DE, FBBC13, FBA6E2, FAE8A7, F9D365, F91CB1, F942B2,
FA2EAE, FB4763, FBEBE7, FBD0DC, FB2A63, FA7021, FA0C21, FA4E87,
FB0674, FBA435, FBCCE8, FB2F57, F9A6DD, F75E3E, F49396, F1B493,
EF3088, ED3FF7, EBE9C2, EAE9A3, E9BCFF, E822D9, E617B5, E3FA29,
E28EE6, E21D8F, E2C47F, E42114, E590A5, E6941B, E6D9F6, E68665,
E5FC1F, E59606, E5A02D, E62F21, E72CDA, E887B6, E9F1D2, EB3BA5,
EC6939, ED7992, EE85BC, EF518A, EF7E15, EEC0A9, ECF12C, EA8130,
E826E2, E68BC4, E5EBC3, E60E7C, E65DE8, E670F3, E6039B, E53679,
E482FB, E4466B, E4F2E6, E6ACE5, E9314E, EC37EC, EF3100, F172F2,
F2A071, F2737C, F121EF, EF6F26, EDDE11, EC8D8B, EB781E, EA82B7,
E9D124, E9E143, EB0E07, ED1E39, EF444A, F0DA7B, F1A9CA, F1EFFB,
F1F953, F200BA, F23D09, F2B20A, F37C2A, F48D20, F59E08, F65C4E,
F661B4, F5AD94, F47AB5, F39BF8, F3D3B6, F57926, F874DF, FBEDD0,
FF264D, 01A874, 0381C0, 051048, 067C88, 07DF3C, 096401, 0B266A,
0D2E6A, 0F9DED, 128ED5, 15F105, 19838D, 1CB589, 1ECD8B, 1F5B65,
1EBB7D, 1DC64E, 1D899B, 1E8EE2, 20A806, 235D7D, 25E5E1, 27A6E6,
285C29, 280A18, 27386A, 26577D, 25BD66, 25AE80, 261E83, 26F793,
280C12, 29123A, 29C10F, 2A2335, 2A6DF5, 2ADD23, 2B8B50, 2C0F24,
2C5CFE, 2C542A, 2C1CBA, 2BEF34, 2BCC39, 2BEACD, 2C4FCE, 2CD53B,
2D0142, 2C12B9, 29E84F, 27245F, 25038C, 24963A, 25FFFD, 2889F6,
2B1F88, 2CD790, 2D4F03, 2CBE4E, 2BA615, 2A7560, 293DA2, 27E973,
26860B, 24FBE0, 235734, 2151DD, 1EDFCC, 1C1569, 196E5E, 179644,
16EEE6, 175DC9, 18299A, 18E91F, 19516E, 19B181, 1A27C8, 1A8B68,
1AB00F, 19FE45, 185D3B, 160DBF, 1357A1, 10C91F, 0EC78E, 0DA2A3,
0D4D15, 0D4966, 0CCEE5, 0B3985, 08765E, 04F3EF, 0164B2, FE36C5,
FBB8FA, F9FAA4, F8E7B2, F8862C, F8B229, F98ABE, FAD423, FC35D6,
FD2E5D, FDABA5, FDD19C, FDD0AF, FDD99B, FDC351, FD6A2C, FCE50E,
FC9769, FCB311, FD4C36, FE2B1F, FEF034, FF7ED6, FFC5A7, FFD888,
FFF08A, 000FC6, 004584, 0067CF, 00260B, FF81D2, FE7CF2, FD77A0,
FCA5BA, FC1826, FBCADE, FBA061, FB8589, FB5A41, FB190A, FAF232,
FB3F6B, FC1A5D, FD38B6, FE0A0D, FE164A, FD4411, FBAD48, F9A41C,
F78535, F5705B, F3C096, F2BD7F, F27483, F31006, F4807D, F69B86,
F8D620, FABE34, FBCEE2, FBEC86, FB16D4, F98775, F79736, F569F0,
F36DF5, F1E089, F12B86, F13230, F15D54, F113E3, F0048A, EE6F45,
ECF2A5, EBF766, EBA273, EBE00D, EC50EB, ECBE42, ED0E74, ED22B3,
ED289A, ED3610, ED3D67, ED5BDF, ED6FD9, ED556F, ED16E0, ECC013,
EC7776, EC3941, EC199B, EC3335, EC4CF9, EC783C, ECBBCF, ED57CF,
EEA8A4, F0BC20, F35EA2, F6053D, F84805, FA10B3, FB6652, FC435F,
FC8BA8, FC289C, FB2083, F9F5D2, F906EB, F87476, F81B1F, F7A8D5,
F713C6, F66EAC, F6367D, F6FA4A, F8B9AF, FB07A7, FD4018, FED4BC,
FF9F92, FFF1DB, 002734, 006262, 008EB6, 009695, 009A5D, 00C82E,
015F9E, 0275AB, 040EB1, 063BE5, 08C886, 0B3E8D, 0CEB72, 0D5F12,
0C91DE, 0AC9AE, 089B54, 0677B0, 04C9A6, 03A00D, 0299C7, 014313,
FF2F4F, FC5831, F95139, F6D2E5, F555B8, F51FF1, F613B8, F7BB94,
F98FA4, FB04A8, FC0879, FC9239, FCDBE2, FD17FD, FD3C52, FD2927,
FCCEB7, FC3BF5, FB8396, FADC20, FA624C, FA4AA4, FAAF36, FB5A62,
FBC4AE, FB9914, FAF274, FA5A6C, FA573C, FB2D20, FCBF04, FEA7C4,
007413, 017E1F, 019046, 007881, FE5E44, FBFBAA, FA1B5D, F93DA7,
F93F18, F96168, F8DCF8, F74513, F4B9B0, F1F2F4, EF9917, EDF38B,
ECBD6D, EB7AB6, E9DF7D, E8240C, E6C285, E6207E, E617A2, E61406,
E5BEB9, E51A41, E49C3E, E46261, E47A9A, E4F3CB, E5D5E1, E778A7,
E9E6D5, ECCDA4, EF9A1A, F1A0DA, F25B41, F17481, EF474E, EC773A,
E9EE97, E85598, E7DFEA, E823AA, E85544, E7E583, E6C749, E533BF,
E3C47A, E32AA2, E3928E, E51608, E72E23, E9881E, EC02A9, EE4346,
EFEF84, F07495, EF72DC, ED2634, EA7DFD, E88DEE, E7C9CB, E83B6D,
E98895, EB30FC, ECD368, EDEE4A, EE5E46, EE453E, EDC410, ED3616,
ECF61E, ED2D82, EDD803, EED8F7, EFD8DE, F0A1B1, F11EAE, F149CB,
F15E0C, F1597A, F1296C, F0CC29, F05C48, F02A4A, F05F2E, F13C55,
F2DDA8, F553BC, F847EB, FB00AD, FCAE0E, FD2431, FCCB01, FC9E53,
FDC92C, 00A518, 04C738, 091EAA, 0CD4CF, 0F6D07, 10DFAA, 11A919,
123905, 12FFFB, 14314C, 15E9DE, 181CDC, 1A75F5, 1CA4D8, 1E3549,
1F2B7D, 1FBEAE, 20519A, 2149CA, 2296E2, 23EFBB, 24F357, 254FC0,
252AD3, 24EBF2, 25093E, 25C707, 26D958, 27E926, 289F28, 28D1C2,
28D7A3, 28F4E2, 299F84, 2AF3CB, 2C8B4F, 2DDDFC, 2E2961, 2D296D,
2AFB94, 28406A, 25E6E5, 24D1B7, 253BE4, 26F4F8, 296BC3, 2BB3C5,
2D5CDE, 2E2CF7, 2E5D57, 2E60DC, 2E08C2, 2D6169, 2C5E51, 2B015F,
299845, 28434D, 2701DD, 25E0FE, 24F963, 244BE3, 23C838, 233601,
2250ED, 20F005, 1F20CA, 1D71A5, 1C34A4, 1BBFF2, 1C141B, 1CC5C1,
1D84D9, 1DCF35, 1DB950, 1DB601, 1DE38B, 1E345A, 1E1EF6, 1D498A,
1B8E96, 18D585, 156E87, 11CF5C, 0E50B4, 0B3FA4, 08B58C, 06BAE1,
052E54, 03C517, 0287CE, 015309, 0012F4, FF02CD, FE78F9, FEA1E5,
FF5B70, 001764, 00490E, FFB892, FE8330, FD24D0, FBF055, FB2D59,
FAE774, FAF2C0, FAFBA0, FB1193, FB6552, FC44AB, FDCD2D, FFB0F6,
019460, 02BEED, 02CF6F, 01AF2F, FF9E17, FD49A0, FB59DC, FA7F79,
FB19B1, FCA8F9, FE5848, FF6BE3, FFA5B0, FF5BBE, FEEBF4, FEAFD6,
FEAE2F, FE9A59, FE2C24, FD6BAF, FC5A05, FB25AE, F9F591, F8E980,
F83291, F7BF3C, F7B8DE, F81E4E, F8C046, F94BD4, F9833C, F9933A,
F9F1A6, FAE32E, FC109C, FCD530, FCA303, FB9243, FA4AEB, F958C1,
F91C46, F922A9, F8E25C, F832D1, F71FD7, F5BF4F, F40498, F213CB,
F03293, EEA747, EDB3AC, ED7405, EDCCF6, EE5553, EEB300, EEDDF1,
EF0A83, EF8067, F04398, F1182D, F19D83, F194E1, F0EEEE, EFBB8A,
EE54E9, ECD356, EB4B42, E9C722, E8656E, E760D1, E700D0, E7BF19,
E9D7AD, ED00D6, F0AABB, F3E399, F5CA30, F6650D, F62A53, F5CE02,
F5ADDF, F5C698, F62DEA, F6B9C4, F73EC3, F7B3C6, F80AAF, F8654F,
F8BF44, F8EB78, F8E8CF, F8BC88, F88463, F881D8, F8BFBB, F935E2,
F9CA58, FA3543, FA502F, FA1D1A, F9B3D9, F952D4, F94DCA, F9D18F,
FAE5E7, FC987E, FF04D9, 022946, 05A365, 08D2B0, 0ADEE0, 0B4A68,
0AA1D6, 09CBBA, 099486, 0A22F7, 0ACF81, 0ADD1A, 099E0A, 07192E,
040F62, 00FD69, FE8FF5, FCFF70, FBBBFE, FAB713, F9ED63, F999B3,
FA1068, FB3213, FCB441, FE15FC, FF02C3, FF41F2, FEA3D0, FD3856,
FB52D2, F99086, F86AB0, F86E47, F97CD6, FB1076, FC6704, FCD3E5,
FC3C8C, FAACB4, F8B94B, F75AB8, F74836, F8DEBE, FB95C5, FE54B0,
00359E, 00B053, FFEE91, FE8CBC, FD0806, FC1048, FBDA67, FC23C9,
FCE626, FDC2CB, FE67AB, FE964E, FE04DC, FCB8D5, FABE68, F8780C,
F6393C, F44469, F28659, F0AD5A, EEDA2F, ED1984, EB850A, E9F57A,
E84AAC, E67BE6, E493CD, E2FE72, E205B9, E216F2, E34FED, E5809E,
E875B5, EB69BE, EDCC63, EF2855, EF5A51, EEAA3C, ED5EBC, EBCF97,
EA4FDC, E9042F, E8262C, E7C756, E7CBFA, E81508, E85488, E829ED,
E73BBE, E5B258, E3FB37, E2C775, E2B77F, E3E509, E5D9FC, E7FB37,
E9B187, EA86BE, EA6964, E9885C, E867B8, E77361, E7154B, E74E6D,
E7F2D4, E8CDA2, E98B02, EA163A, EA5BDD, EA81E1, EAD2B5, EB52A6,
EBF50E, EC63AD, EC56A1, EBCAD2, EB298F, EAEE57, EB476D, EC0727,
ECD095, ED4C75, ED4EF5, ECE7CC, EC3BB0, EBB724, EB9EBB, EC1E7C,
ED359A, EE5914, EF0E10, EF229C, EEB507, EE65CF, EED43A, F0739B,
F34DD0, F6C784, FA5134, FD4D45, FF54C2, 0083AD, 01478E, 01F82E,
02FBC3, 0497B7, 06C2AD, 09537B, 0BC88E, 0DF67B, 0FDA47, 118720,
1350F9, 154127, 172E3E, 18A3F3, 193C9D, 1920F2, 18C0F5, 18E5A6,
1A2D85, 1C8E49, 1F8D24, 2250DC, 2420CE, 24FCAD, 252CB7, 252EAD,
2564E6, 25D071, 26767A, 270D34, 272689, 2696BD, 257FB5, 248C0F,
246FA9, 254FAD, 26DC0B, 288033, 29B867, 2A2FFF, 2A0390, 298FBE,
29221D, 290EA2, 296B02, 2A4B69, 2B6788, 2C62BD, 2CD870, 2CDAE2,
2CBCF9, 2CA01F, 2C8AE3, 2C32E0, 2B4797, 29A965, 27706D, 24F037,
22CEE4, 2144B4, 2060E2, 1FD964, 1F6415, 1EF758, 1E5663, 1D9032,
1CF783, 1D0A6A, 1E4990, 20C3A0, 23DA31, 269861, 27E9D2, 27313F,
24B571, 213D37, 1D89A0, 1A21B5, 175A8F, 15435E, 139B4B, 121515,
10755F, 0E9A5E, 0CC55E, 0B2DBC, 09FED1, 091563, 081749, 069277,
045DF9, 01DDFA, FF9D2F, FE6BBB, FE4E85, FEE735, FF5CAE, FF23B3,
FE548B, FD5AE8, FCC833, FCD235, FD6B3F, FE3A1B, FEDC70, FF15EC,
FEC58D, FDF5E2, FCC45D, FB7289, FA650E, FA089E, FAA18B, FC2DDA,
FE3F21, 0022B5, 014829, 016C29, 00E222, 005219, 00570E, 00DB2D,
015FB1, 0142A5, 003DBF, FEAFBD, FD0BCB, FBEC46, FB92CC, FBA675,
FBBDA6, FB5B36, FA78E5, F98154, F8EE0E, F92DD6, FA1A1A, FB3BE0,
FC1357, FC2AB8, FBB181, FB2368, FAFBCC, FBC22D, FD7D44, FFA840,
018368, 025749, 01E1D2, 004F20, FE0AE6, FB70FB, F8ADD0, F607B8,
F3C4E1, F22387, F15AF9, F161F9, F1E46B, F27BBD, F2EFE2, F349CE,
F3A22C, F3F40D, F41182, F3D0E0, F330AD, F262BC, F1BE2E, F1671E,
F153EB, F0DEE9, EF93B1, ED9E37, EB8809, EA48C6, EA3A9D, EB4C87,
ED1CBE, EEC839, F00428, F0967C, F0909A, F022AA, EF843D, EF1775,
EF14FD, EFAAB8, F0C46B, F22D34, F3CE11, F57EEE, F712AB, F87A4F,
F9AC5A, FA9668, FAE49D, FA4ECD, F91221, F7BE93, F6F1F2, F73907,
F88A6C, FA22C1, FB15E7, FA97A6, F88B97, F5999A, F2CB80, F13918,
F18758, F3B707, F773D2, FBD8D1, FFCCB9, 02CF3A, 049718, 055C77,
05EF28, 06F1A9, 0877EA, 0A29E7, 0B577C, 0BC1C8, 0B665B, 0A6487,
09109F, 07533B, 05630D, 038C27, 01F550, 00B873, FFDCED, FF6D3C,
FF66B7, FFCCE0, 008C55, 015D77, 01EA5E, 01D211, 00D2A7, FF0857,
FD0C11, FB8C65, FAF6ED, FB7593, FC9C05, FD996E, FDD4B9, FD0FFA,
FBA8FB, FA3E32, F93F09, F91571, F9C6F1, FB1E15, FCAEB2, FDF755,
FEABE1, FEC23C, FE4159, FD3620, FBF538, FAD26D, FA2E4B, FA6E6E,
FB8B7E, FD62D2, FF7C2C, 019902, 034DDC, 0456FC, 0464BF, 0345B7,
015C65, FEDA5B, FC3FA1, F9F4EB, F81A49, F680BE, F4CB68, F2C173,
F065D3, EDD756, EB840A, E9DDFD, E8EA56, E8A132, E8D8C6, E957FA,
EA2787, EB063E, EBACBC, EC21A3, EC7E63, ECCC08, ECE79C, EC9630,
EBE48F, EB1F0D, EAC442, EB3AFC, EC3BA3, ED03B1, ECBC22, EB43DC,
E927B2, E733BD, E61DAA, E602D2, E69D9D, E78D65, E86898, E8FC42,
E92C5D, E8C9E0, E7CA42, E6654B, E53872, E4ED82, E5A68A, E6E0B0,
E83038, E92D4E, E9B30E, EA04A9, EA23E8, EA43F9, EA3615, E9FB6F,
E9C042, E9A474, E9EF14, EAA4CC, EBABD3, ECE0F9, EE045D, EECDFA,
EF0611, EEAF97, EDC81C, EC8F03, EB6819, EAB7C7, EA9E08, EAF38D,
EB64CD, EB8FBB, EB7BD7, EB5AAC, EB5F13, EBBCD7, EC58D6, ED2456,
EDFCCC, EEAF9D, EF1E83, EF71F5, F00F70, F178ED, F3EFC0, F71CAB,
FA8598, FDA4F5, 0029B0, 02262A, 03A721, 04C7F1, 05A9AF, 0644D9,
06B42F, 06FF31, 0742F4, 07E29E, 0943D8, 0BB8AE, 0F145C, 12BF2A,
15EB00, 1822F8, 196D1B, 1A0571, 1A72F0, 1B214B, 1C4157, 1DDC65,
1FAA9E, 214DFC, 228D09, 234D8A, 235361, 22D7BB, 22176E, 219F87,
21E675, 22FF11, 248A21, 25CBB8, 26339D, 25A504, 24CA0D, 244947,
24BF4B, 25C3D6, 26DA6C, 278E10, 27D083, 282015, 2902CD, 2B0B4F,
2DF132, 30D89D, 32D455, 32F4E2, 31090C, 2DC6E0, 2A18D6, 26E514,
249215, 22EED0, 21CD88, 20B934, 1F8AD8, 1E9DA2, 1E12A9, 1E2542,
1ED8FC, 200966, 2187A3, 2324FA, 2497FA, 259104, 25BAC3, 2509DD,
23FA12, 230CFF, 22948C, 228CDE, 22990B, 22377C, 2142F2, 1FB4D2,
1DE33B, 1BF25C, 19EB77, 17D551, 156ECF, 12A245, 0F7076, 0C288D,
0946BF, 073DF6, 060650, 0565FC, 04E260, 0432E9, 03312C, 021884,
015261, 00F995, 0138F5, 01CC54, 0254C8, 0267D0, 0194B0, FFBA82,
FD1E03, FA595E, F847D4, F77A34, F7EA41, F95320, FB0EF6, FC823C,
FD7625, FDD21B, FE0070, FE1554, FE2BD8, FE414D, FE32C6, FE198B,
FE3435, FEBEC4, FFC70F, 012015, 023ADA, 029B38, 01B9FD, FFBE4D,
FD3F77, FAC93B, F8DCD1, F7A881, F710D6, F6F3EB, F70C4F, F71EA3,
F76384, F7FA4E, F8CF0F, F9F067, FB40EA, FCB6EA, FE3864, FFA32D,
010482, 02115A, 027318, 020F8A, 00FF5E, FF8099, FD79AA, FB0462,
F898B9, F6A8FA, F5E1DB, F66AC6, F7FC83, F9EF78, FB27FE, FAEF37,
F8F196, F5AD5D, F25172, EFFABE, EF5C38, F05C07, F22180, F3BC2B,
F429A4, F2F9B6, F0AC47, EE326D, ECA601, EC94A7, EDA428, EEF6A3,
F0022E, F077EF, F06671, EFDAB9, EF028F, EDEBD7, ECBA81, EBD1FB,
EB47A4, EB25A8, EB3B4F, EBA27E, EC8C4C, EE4EFE, F0D9F4, F38E43,
F5E399, F73717, F781D5, F72693, F69FBD, F6C535, F7C0D7, F96B4D,
FB2DC2, FC08F6, FB73B2, F9545B, F60914, F2A926, F03E89, EF3AB8,
EFA077, F0F4CD, F2B222, F4A1E7, F68771, F861ED, FA36FA, FBEC4F,
FD907F, FF38F2, 010875, 02F34E, 04BFB0, 065ADC, 07A85C, 08A609,
095B05, 0988AD, 08E07F, 07635F, 0563CA, 036569, 01F5B5, 019A04,
026280, 03CD34, 0558E1, 0680F4, 06C9E1, 060186, 041D5A, 0182CA,
FF2312, FD9BE7, FD01C6, FD233A, FD4EBF, FD28D8, FCDC39, FC9CA7,
FCE2D3, FD851D, FE0E1B, FE4A2D, FE26B8, FDF4E8, FDB541, FD6016,
FCECDD, FC358A, FB6E68, FA825A, F99838, F8E90E, F87F90, F8B82E,
F9CED4, FBDFE8, FEC278, 01B532, 03EFFE, 04E1D4, 047EEC, 035165,
0233A2, 01CB24, 01F472, 025707, 021CDD, 00E543, FEF4F5, FC8896,
FA22B7, F7E2F4, F5B4E9, F3C06E, F21B0C, F0D9E0, EFE0CD, EF36CA,
EEDA9E, EEA3EE, EE7802, EE25A5, ED9F71, ED0451, EC4B9C, EB8551,
EAEF5D, EAC102, EB3554, EC4987, EDA080, EEBA29, EF0F58, EE7B86,
ED2F00, EB9010, EA4776, E9B31F, E9B0EB, E9F997, EA2624, E9D79C,
E93881, E87AAF, E80B0F, E80549, E83954, E87BC8, E8490C, E7754D,
E64D6C, E549E2, E4CFB2, E501DA, E58AE7, E61D94, E69757, E74A6C,
E886AE, EA46EE, EC2121, ED52C8, ED7C4C, EC9DEA, EB46E5, EA3258,
E9CE7D, EA14EF, EACA2F, EBAA78, EC9E8D, EDB27C, EEABF1, EF2915,
EEDC72, EDB8A6, EC1B8E, EA6EF8, E91351, E8448F, E7E858, E7C7F4,
E7AE1F, E7A561, E7E335, E8990B, E9E12E, EB9E8C, ED9FF0, EF9B94,
F17B04, F34552, F5374A, F757ED, F976C2, FB37CA, FC208A, FC2932,
FB8FAD, FAF6B6, FB2897, FC5F9B, FEA5C7, 01C6BA, 053A34, 086FC7,
0AE28C, 0C6A40, 0D1CC8, 0D6F32, 0E1341, 0F8362, 11D62A, 149B25,
1753C1, 1950AB, 1A92B1, 1B6DD0, 1C46E8, 1D9594, 1F507D, 20FFDA,
222E79, 227C32, 21D152, 208FAA, 1F1659, 1DF7FE, 1D802F, 1D9A52,
1E1726, 1EB00E, 1F7D93, 20D4A6, 22F2B9, 25E970, 2940A6, 2C5F08,
2ECA19, 300BAA, 302FC5, 2F675A, 2E23EC, 2CB6C5, 2B5997, 2A612D,
29C1C9, 294869, 289B62, 273F53, 24FC31, 2254C1, 200F32, 1ED62D,
1EF9EA, 200FFF, 2129AD, 21B9FF, 21854F, 20B4D8, 1FC894, 1F48AD,
1FB758, 20F253, 22C01E, 248294, 25F250, 26F055, 27A4D2, 282D47,
284056, 2785BA, 259FF2, 22B016, 1F1204, 1B7454, 1839C4, 157A41,
1364D3, 1200DD, 112AA6, 108D4E, 0FB597, 0E500C, 0C33D3, 09A6BF,
074B42, 059578, 04B984, 04A4A5, 04E946, 051E9F, 04F406, 0421DA,
028F99, 00595F, FDD9FA, FB9B16, FA1349, F9765D, F99D11, FA187A,
FA8D92, FAC951, FABBD3, FA4E01, F96107, F864A1, F7F758, F8BD0C,
FB1251, FE6988, 01F5F3, 0488E3, 055D66, 0475F5, 0265A3, FFE15D,
FD727A, FB5886, F9A6FE, F8856A, F7E4A3, F7AAB0, F7AD4F, F7A8A4,
F7B14F, F7F68F, F8872C, F9454E, F9EC63, FA59A2, FAB8BC, FB4CF1,
FC450A, FDB419, FF586E, 00AE2A, 01248A, 007427, FEAA9A, FC710C,
FABB0D, FA506F, FB7A4A, FDA78F, FFDE15, 013A73, 01321E, FFB90D,
FD3E46, FA6277, F7C81F, F62D0F, F5A808, F5E314, F61F8E, F5BC45,
F4C30B, F36321, F21ABB, F1254F, F0BBFE, F0CC02, F129A3, F19A3D,
F1EDD1, F22911, F26C44, F2C0D4, F2CD4D, F22C49, F09B6C, EE3B9E,
EBA1EF, E95CEC, E81072, E821AD, E9954B, EC10BE, EEC6C9, F0D258,
F1C3B9, F1CEFC, F1B476, F233A3, F36666, F53F2A, F72920, F8ACC1,
F99CC2, FA011C, F9EDF5, F95B4E, F83E3A, F68AEC, F49F19, F2EF6C,
F1C382, F11934, F0D3CE, F0EAAC, F188E9, F2D80B, F4C50F, F6EE66,
F8AC90, F998AA, FA15C6, FABBAC, FC0FD8, FE7059, 012E0A, 039759,
04EACC, 04D3CA, 03B1A4, 024496, 018F58, 022419, 03F8FB, 066F36,
08C347, 0A258B, 0A2A18, 090AC1, 0750CA, 05A16D, 044300, 0345A6,
0282D4, 01E295, 017C7F, 01323F, 010551, 00D750, 00A791, 007C52,
00951A, 00BF97, 00D389, 009251, FFEDA2, FF3482, FEA579, FEA281,
FF00D4, FF5DD2, FF036B, FDA0DF, FB59D6, F8D3CC, F73E8B, F76F76,
F97444, FC7167, FF3515, 00F530, 017DE0, 016748, 016030, 01BE50,
0291E8, 036E43, 03F22B, 03CC68, 02FB7A, 01E05D, 00E0C6, 0062F3,
0053DB, 0069C8, 006218, FFF075, FED6E2, FCF959, FA91CF, F80BB3,
F5CE66, F41C7D, F2D92E, F1E1A0, F10D74, F04B7E, EFCD99, EF9263,
EFC49E, F01F81, F063D5, F02F44, EF3BA3, EDB5A2, EC04A2, EAB8D8,
EA2FDA, EABF44, EC301A, EDF8A3, EF732F, F01107, EFD70D, EEF4C9,
EDC9A7, ECA167, EB74E2, EA51C8, E92FAB, E83506, E7A282, E76E85,
E76F3E, E74499, E6DA85, E64E57, E5D212, E58F00, E57FA4, E59612,
E5D9B8, E67199, E76322, E87C58, E934D4, E963CA, E922ED, E8CA3D,
E8CEE9, E97781, EADC6C, ECCA28, EEDBEB, F09120, F17641, F17368,
F0C042, EFB18C, EE9BE3, ED83F6, EC4EF9, EACA90, E904BB, E73EC8,
E5F96F, E5AB58, E6437B, E77A1A, E898FB, E97386, EA095F, EAC0D7,
EBBF26, ED0243, EE7EA0, EFE0AE, F10255, F1BEBD, F21849, F23FAB,
F2A5B0, F3A23A, F57B6F, F812CA, FADB85, FD1B8E, FE667C, FEA8B0,
FE0826, FD20C2, FCC2E9, FD8D2F, FFC25D, 033B68, 073885, 0AE950,
0DC189, 0FD766, 11B833, 13E02C, 167171, 192DCD, 1B7E48, 1CBD91,
1CD168, 1C0B91, 1B0C44, 1A35E0, 19C5A4, 19C783, 19F538, 1A08ED,
19CDC6, 194F53, 1926CD, 1A06E3, 1C3E8C, 1FAB53, 237C5F, 26D1A4,
290E70, 29E575, 29A022, 28DE6B, 285122, 28C4BF, 2A696E, 2CBEC2,
2F1F23, 309308, 309526, 2F13BD, 2C6232, 294343, 267A96, 244166,
22D69F, 21F203, 2119C0, 205900, 1FBB8B, 1F9EAB, 1FAF99, 1F9989,
1F5889, 1F1A43, 1F6E7E, 207EC7, 225998, 24BA0D, 27141F, 291E87,
2A6E3C, 2ACB48, 2A0546, 283935, 25D776, 23A095, 22276A, 21747A,
216D96, 216510, 20AB5C, 1EEE73, 1C0E72, 18A145, 152989, 121B82,
0FA1B1, 0DE04D, 0CFDFF, 0CF6C5, 0D7A83, 0E3111, 0EAA2E, 0E5827,
0CF031, 0A544C, 06F3C5, 037032, 00589C, FE4AB2, FD4BBE, FD1668,
FD146C, FCAB23, FBD7D9, FAAF41, F97234, F8A0B4, F89D90, F9A374,
FBADD2, FE343D, 00A818, 028656, 0356BF, 0332EC, 026150, 0128DE,
FFCBBF, FE77F8, FD68F5, FC7D32, FBAD77, FB092A, FA9341, FA750D,
FA915E, FAB600, FAB262, FA3385, F93EA5, F83E66, F7C061, F83E95,
F9D0B4, FBDB81, FD70B2, FDF86F, FD5193, FC08B4, FAD3B4, FA40BD,
FA81FA, FB72C2, FCF659, FEC3C2, 00B4A4, 026A54, 03993B, 03D3FE,
02DBFD, 00FB1B, FEC0F0, FCCD7F, FB687A, FA7D44, F9C14D, F8FEF0,
F847EF, F7BE2A, F766C1, F7149C, F68A7D, F5B889, F4B8C7, F3F0CF,
F3D79B, F483AB, F59FF9, F65FE3, F605AE, F46536, F1C541, EEEF1C,
ECDDE6, EBF073, EC011C, EC833A, ECD11F, ECA555, EC1135, EB9174,
EBAE81, EC97B6, EE2EB7, F0130A, F1D961, F3469A, F46E65, F58118,
F67F2E, F74CC6, F7CDDB, F7D6C0, F73D5B, F5FC64, F44379, F2A026,
F1A1B6, F180DF, F23B66, F36152, F47A1D, F53987, F5527F, F4A0CA,
F350CF, F212BB, F1A678, F2A193, F4D9F1, F7A1FF, FA01D0, FB5F6D,
FBC1C1, FBAC7C, FBF6CA, FCF9AD, FEA557, 00A878, 028344, 03CD50,
04733F, 04B8DA, 04E5D4, 052DDD, 05A9A9, 0646FC, 06BA50, 069C68,
05BCD2, 043697, 02888E, 014A91, 00E34A, 017FF8, 02B82F, 0406D7,
04EAC5, 05055A, 04726A, 0369DD, 025BE9, 019A65, 010114, 003EDB,
FEDA46, FCC68F, FA7B70, F8E021, F879C0, F95723, FB22FC, FCFA0A,
FE40CE, FE9F4D, FE36FE, FD651E, FC62AB, FBCC00, FC0600, FD0FC0,
FEA9B7, 00574B, 01B707, 02ABDF, 03384D, 036303, 0340EA, 02C7EA,
0216BE, 01365B, 006BF3, FFF3EE, FFDAEB, FFF749, 001F89, 003633,
FFF914, FF40CB, FDE98C, FBF6F9, F98EDB, F75E2A, F5D9CE, F51B04,
F4D90D, F45819, F33CF2, F18882, EF8026, EDB694, ECABD1, EC9A9C,
ED3018, EDE640, EE6188, EEA656, EEC6F4, EEF223, EF1EC6, EF0EAA,
EEAFE6, EDFD89, ED42EC, ECCC2C, ECAA5C, ECAE99, EC991D, EC61B3,
EBEB61, EB2E03, EA2A90, E905B6, E7F08D, E6FC8C, E64CAE, E5D5B1,
E58568, E507F7, E4285B, E2CB89, E17780, E0B057, E1041C, E2B4AD,
E54B1A, E8263E, EAB181, ECA674, EDAF4C, EDFE0D, EDC9AD, ED77E0,
ED5E35, ED61C9, ED52DB, ED01A6, EC55F4, EB9ABA, EB0DAE, EAC446,
EADC5C, EAE578, EA7F21, E94173, E73FB6, E507C0, E352C3, E2C7B3,
E383B2, E543FA, E7920F, E9DF7D, EBA6FC, ECABD1, ECDFFC, EC9485,
EC9F91, EDC8DF, F0266A, F32002, F59B33, F6BFC1, F63A62, F45441,
F244A1, F0EB22, F09CBB, F17CD3, F3226E, F5AB98, F907D4, FCEE33,
011C13, 04EB41, 08100A, 0A6FAA, 0C54F1, 0E0270, 0F544A, 107D6B,
117D55, 12997A, 140618, 159679, 170808, 17D750, 17C3EF, 16CC09,
154523, 13FFFA, 13B535, 14A69C, 168BB0, 18D056, 1AC4CF, 1C046F,
1C9C7B, 1CD908, 1D6C5B, 1EE7D9, 215AE5, 249616, 280F75, 2B3AA4,
2DAC85, 2F4580, 300919, 300BFE, 2F5025, 2DC03D, 2B8E33, 292A4D,
2711E3, 25C8BD, 25767A, 25ABB9, 25DB9C, 258799, 246C76, 22BADC,
209B45, 1E67FE, 1C95B0, 1B95EF, 1BF131, 1DC3AF, 20CA85, 2441CE,
273CC2, 28FC0C, 293139, 2864E7, 278CC7, 274F4A, 27C57B, 286C78,
28A43C, 2815A5, 26C9C5, 251B80, 234AB8, 217C6A, 1F7F39, 1D3839,
1AE245, 18BBB4, 177871, 1766EF, 1829F6, 192683, 197351, 18A8A5,
169C9C, 139A13, 1029D0, 0CA73E, 096024, 06BBEF, 04D8AC, 037D15,
02852E, 01A75E, 0092AE, FF37DB, FD9B33, FBF35D, FAAFCB, FA30A8,
FACDF6, FC6211, FE5334, 00064A, 010D43, 0154E8, 0106AD, 0065F0,
FF97AF, FEAAED, FDB358, FCE2BE, FC5881, FC3B2D, FC8677, FD1837,
FDA3ED, FDAB02, FD1D56, FC070A, FAB066, F99DB1, F8DEC3, F8B764,
F91C52, F992FC, F9A8C3, F92322, F8411A, F7628E, F6EFF8, F7153E,
F7D181, F9357E, FB18BD, FD4A34, FF670C, 00E61C, 017DE8, 01637C,
0103A0, 00B5E3, 008D7E, 00604A, 001AAA, FFB589, FF6453, FF2162,
FEDC19, FE49E7, FD1AD8, FB8327, F9F2CA, F91EBD, F95BF2, FA6DA1,
FBC545, FC8E58, FC9146, FBBB8E, FA3E63, F84322, F5D3AA, F36415,
F13C44, EF8094, EE2E7B, ED2FB7, ECA569, EC7C9F, ECB934, ED4158,
EDF565, EEC969, EF9E30, F030EE, F0616A, F05461, F04E7D, F0AA39,
F198DA, F2EDF5, F443C6, F53E04, F5854C, F529FE, F47A9D, F3D75D,
F3AC53, F41249, F4DFE7, F5B157, F5ECF9, F55BC9, F44921, F330C4,
F2ACB9, F2DD64, F39C15, F46A9D, F4A6C1, F42215, F30DB2, F21B53,
F20BFE, F33341, F58B4D, F885B5, FB72F0, FDF73E, FFDB58, 0103F7,
0169EB, 013093, 00CD21, 00A029, 00E006, 017A4F, 020A48, 027104,
02B36E, 031063, 03DBD7, 051C15, 067395, 0767CE, 078EC6, 06DB07,
05E59F, 053834, 052F8C, 05DB01, 069F20, 071963, 06BECC, 058F92,
03CEB0, 01ADBB, FFA80A, FE0CED, FD1556, FCC19D, FCD0CB, FCDFEF,
FCBF9E, FC73DB, FC1495, FBEF4E, FC4820, FD24C0, FE76D7, FFFDEA,
014A3D, 02183B, 025896, 0237C1, 01F995, 01A94A, 01625B, 00F2F7,
0070E0, 001CAE, 003EF1, 00FB75, 0204B7, 031122, 03B564, 03E494,
03CE8C, 03865F, 033EBF, 02D40C, 0229C9, 013A0D, FFEE43, FE5777,
FC7118, FA704F, F89AFF, F72981, F65482, F5DFBA, F5953D, F50B10,
F4386A, F35E9A, F2909A, F1D6E1, F112B1, F03253, EF271F, EE0297,
ED07CA, EC706C, EC88C5, ED820E, EF3A72, F19577, F3F2E1, F59093,
F5D240, F43191, F118A1, ED7640, EA7591, E91A92, E93C09, EA000E,
EA7215, E9BD44, E7FC61, E5B091, E38FE9, E24EA3, E2041F, E29EA6,
E3BF1F, E50A66, E66881, E7A65A, E8882D, E909AD, E949F6, E98FB9,
EA23B2, EB1391, EC22B3, ED204C, EE1994, EF3811, F088FD, F1B6F0,
F253F7, F1B512, EFA38B, EC4F9D, E82F9C, E4623D, E1D88C, E1275D,
E25100, E482FC, E6C3A9, E837B1, E8B426, E8C36C, E911EC, E9E8F6,
EB46A5, ECE1A0, EE6342, EF7C57, EFDC3B, EFA508, EF02A7, EE2132,
ED225A, EC1181, EB1B53, EA9960, EB0A6F, ECAC35, EF54DC, F2B118,
F61E4B, F8F5CA, FAFCBB, FC3C8F, FD0916, FDE5DD, FF5E12, 01DB87,
05665A, 09B782, 0E306C, 12112C, 1491CF, 152824, 141EF2, 124251,
1091B7, 0F9CED, 0F7E16, 0FDFE8, 108428, 111FF2, 11B722, 127C70,
13781D, 14E8A4, 16966F, 184BAB, 19D38E, 1B15EE, 1C3CB5, 1DD52B,
205C2D, 23C3EB, 2778C0, 2A9774, 2C7985, 2CF9D2, 2C60FF, 2B4D4E,
2A7C8E, 2A4E1D, 2ADAEE, 2BD2AE, 2C9677, 2C6A6D, 2AC104, 279FDC,
23B273, 1FF823, 1D6289, 1C5D25, 1C80C7, 1D65F9, 1EB676, 20433D,
21FC75, 23B0A6, 2526A8, 262239, 26AF06, 26C5AA, 266DF0, 26139A,
25DF3F, 25FB78, 263385, 266994, 264BF3, 25AC48, 2493E5, 2324EA,
21CD96, 20DCA9, 20936E, 20EC85, 21A8B9, 2253BB, 227373, 21D708,
2062BA, 1E26F6, 1B7162, 188F39, 15CAAB, 1363EF, 11562B, 0F4B20,
0D02A3, 0A762F, 07D593, 05A6CD, 041561, 0314EE, 026DE8, 01E919,
017C0D, 011D3A, 00E7BF, 00DCD0, 00E13F, 00C122, 004BC5, FF6B4A,
FE619F, FD86F9, FD3E37, FDA102, FE702D, FF59BA, 0004ED, 0052DA,
003509, FFB545, FEF327, FE0769, FD20B7, FC7585, FC0B2F, FBCFF1,
FB840E, FB071D, FA5DF0, F981FB, F89438, F7B10F, F6FBE2, F67344,
F63108, F63846, F6C525, F8031C, F9CC66, FBF191, FDFEF0, FF9DBF,
00A772, 0103F1, 00C8F7, 000EDA, FF11F9, FE25D0, FD92B4, FD6B31,
FD6DBC, FD6522, FD5A4A, FDA5DB, FEA24C, 0047CB, 022A5B, 0385E3,
03E10D, 0308D7, 018958, FFDA6C, FE42E4, FCDC01, FB9794, FA7555,
F94F75, F8144C, F66EAA, F4591E, F1DE80, EFC384, EEA7F3, EEB8FB,
EFA763, F0BD53, F180C6, F1B747, F1ACFC, F1D4D2, F24102, F2B63F,
F2ED8C, F26DAE, F15D51, F02D69, EF8989, EFE8E1, F16488, F3CAB4,
F67238, F8B3D2, F9DF4E, F9BC30, F8556C, F62F59, F3FDE6, F29473,
F24399, F2B66C, F34DB7, F35FE4, F2B275, F19248, F09DEB, F0457A,
F0CD92, F21A99, F3E90E, F5B6A6, F71F3F, F80587, F88E26, F8F60C,
F96EEB, FA2FAF, FB4389, FC91DD, FDB438, FE7E60, FEF42E, FF3BA3,
FF990C, 001092, 00915B, 010272, 015B4B, 01B1AA, 022A35, 030008,
0438DD, 05C4C7, 075AA7, 08B588, 09AA6C, 0A197E, 0A184E, 09A53D,
088CA1, 06BCC2, 0470B0, 0233E1, 0090D5, FF9F6D, FF06F5, FE5521,
FD63CB, FC678F, FBA372, FB413A, FB64C9, FC0424, FD10C8, FE9039,
005637, 02262F, 037317, 039F34, 026E62, 002D70, FDBA26, FC2F19,
FC2AE0, FD9728, FFE149, 023024, 03E59F, 04CAAD, 04DFF8, 044776,
036098, 026DEB, 01AF52, 0119A3, 009FE4, 005E91, 007C51, 010BE3,
01B74D, 0251BE, 026A5C, 01D523, 00A8DE, FEFE4E, FD2ABF, FB6089,
F9DC35, F8B0FC, F7A5ED, F6814B, F4EE60, F2E0B9, F07702, EE19CE,
EC65BB, EBAB18, EC5018, EE4709, F105BF, F3E779, F5E9FB, F68470,
F5878A, F34331, F0D9AF, EEF8AB, EE2CFB, EE43AE, EEBF21, EF2937,
EF30FD, EEDE56, EE245B, ECFDA1, EB4BF6, E91C4E, E6B37F, E47E98,
E2C6F6, E19EF8, E11886, E11BA9, E196BD, E25F0E, E32E5D, E3F663,
E4A461, E563CD, E6B061, E8C626, EB93A6, EEB180, F15DA8, F2DE48,
F2D66D, F13F8E, EEA5A4, EBBDC6, E90278, E6E41F, E57B43, E4C97F,
E4C9E7, E553CF, E6256A, E6FCB6, E7A51A, E7F114, E7CBFC, E75480,
E6CC67, E691E3, E6F65C, E810B7, E9C330, EB9A13, ED0A31, EDC280,
ED79BF, EC2B7C, EA3C1B, E83CE8, E6EC0A, E6BC84, E7891B, E8F52B,
EA7FC9, EBBDD3, EC9187, ED1907, EDB325, EEFBB2, F16502, F4D995,
F8FD17, FD4CBE, 013773, 0462AD, 06AFCA, 0854F1, 0978BB, 0A4C4A,
0AD372, 0AD3C3, 0A6BF3, 09F065, 09D273, 0A763D, 0BD854, 0DA39F,
0F2F41, 0FEA7E, 0FBF55, 0F01B2, 0E2C43, 0DCDAE, 0E52BF, 0FFEDC,
12D00E, 166137, 1A33AF, 1DAB61, 2044D9, 221E88, 23B13E, 2550ED,
2754C1, 2981FA, 2B61D3, 2C792D, 2C6E75, 2B5ACC, 298420, 276303,
255927, 23C896, 22B21A, 21FB70, 214A8E, 20902F, 1FFF4B, 1FCC80,
202618, 20DCB9, 21B10E, 22642C, 22DE76, 2339BE, 238C4E, 23C778,
23D3D4, 23C08A, 23790B, 231229, 22A30C, 2218D3, 2191D4, 2145EF,
2181C9, 225A38, 23C83B, 2578BA, 27172F, 283693, 289B31, 28358F,
2739F2, 25C748, 24016D, 222381, 202ECA, 1E740C, 1CDA1B, 1B5B42,
19C259, 17E770, 15C66F, 13704B, 111663, 0EB2B6, 0C5AD0, 0A3DB8,
088C8B, 077343, 06C923, 062CDE, 05478F, 0421F1, 02F679, 0212A0,
018195, 01306A, 00F2C6, 007A13, FFCD40, FF17E5, FEB7A1, FEE979,
FF9BCF, 00914B, 019D83, 02A0F3, 036863, 0383BA, 02A70F, 00EEDC,
FEC2A1, FCB091, FB1499, FA0BA9, F94A72, F8AFA0, F82135, F7CE04,
F7F631, F8909E, F98084, FA5B0C, FAD62F, FAE486, FA9BA1, FA6F94,
FABA47, FB8C12, FCC2B8, FDE115, FE8B59, FE593F, FD3968, FB9AB3,
F9D8AB, F89CFB, F87EB6, F9CC4C, FC74AB, FFD2AD, 0336DB, 05D419,
0735D2, 073751, 064823, 054CDC, 0493E4, 042360, 0393CC, 025AA5,
0058AD, FDBD2E, FB328C, F96465, F88918, F88D5E, F8F81A, F92914,
F8A78F, F74A6E, F576E6, F3C519, F29FCD, F219E7, F1D20F, F18C9D,
F12652, F0A7F7, F0668E, F0A0D2, F1563C, F26D3E, F3C286, F5250C,
F6755A, F763B8, F7BC00, F755EA, F67256, F58C64, F50CB8, F545F0,
F60D08, F6D316, F702CF, F65D98, F5099C, F36A4F, F1FEA5, F11C48,
F0FA80, F16694, F206DD, F2BAD6, F383A7, F485D1, F5CF17, F727A0,
F82E56, F8A56E, F893EF, F8729C, F8BFB7, F9BCE8, FB359F, FCBF7B,
FDE28D, FE34BE, FDB997, FCB848, FBB011, FB2364, FB7CBD, FCED01,
FF728B, 02BD22, 0643A9, 094E9B, 0B5B92, 0C62FA, 0C7102, 0BD58F,
0AD9E0, 098A1F, 08279C, 06D0CF, 05DE02, 055D94, 05003C, 049067,
03D4CB, 02C7EC, 01770F, FFF736, FE88AC, FD997A, FD76CD, FE0963,
FF311D, 002E36, 00A8E2, 0078FC, FFABF9, FEBEDD, FE0267, FE0A0F,
FEEFDD, 006B4C, 023E93, 040C93, 05719D, 061498, 05AAF7, 041253,
01B734, FF616B, FDC2F5, FD5096, FDE9C4, FF3428, 00F603, 02F57C,
04EE19, 06969C, 078014, 076B84, 0660E5, 04A608, 02BCA5, 01133A,
FFF002, FF55B4, FEF4FA, FE4C25, FCEB67, FAC555, F81387, F56309,
F36B6C, F28509, F289F9, F3189C, F3BE81, F42FE9, F44F53, F3FE72,
F34EC3, F25141, F14FB0, F0AA66, F0B388, F184CF, F2ECF6, F4A8E2,
F657DB, F79896, F80A42, F74A50, F52D55, F1F70D, EE13BC, EA4706,
E72EDE, E507A4, E40715, E3EDBE, E46425, E4F4DB, E51B5C, E4E986,
E47C73, E4602D, E4E0A4, E626E3, E803BB, EA12D9, EBD6C9, ED0183,
EDBEF9, EE2631, EE6031, EE4848, EDA720, EC69CB, EAD537, E980BF,
E8DBA9, E910E9, E98C1D, E9BE4C, E96A1D, E87375, E72061, E5A216,
E48764, E43D05, E525DF, E71E8E, E9BD1B, EC5A18, EE0E1B, EE5C7C,
ED523F, EB8BFF, E9C7B1, E896BD, E81EA7, E7E596, E77B1F, E69323,
E56D46, E47C1E, E43B6E, E4D46A, E62DEA, E82145, EA3B7A, EC3516,
EDE06A, EF5FF1, F0FAC5, F32E45, F61830, F9889C, FCF47A, FFC56D,
01D6B8, 03269D, 040F9D, 04FB37, 062C20, 07C003, 094C9D, 0A579F,
0A8637, 09D203, 0889FF, 07399A, 065DEE, 064499, 06F611, 0830FD,
09D1B2, 0B8E86, 0D41E4, 0EFC1C, 11107F, 13BF30, 1716C5, 1ABBB7,
1E5227, 216565, 237D24, 24BEBF, 2561FB, 25A41D, 25A210, 2562CC,
24D66B, 2417CE, 23691D, 22FA7B, 22DD3D, 22D651, 22C40B, 22CA81,
231869, 23D92D, 24BDD3, 253933, 24F5A1, 23DF1B, 226847, 2127AB,
20645B, 201249, 1FE524, 1F9BAB, 1F3365, 1EEA59, 1F08EE, 1FBEA1,
20D0D6, 21E1FF, 227A02, 22AFDD, 22CFA8, 2346F9, 244B91, 25AEA5,
2739AE, 2854AA, 28DCAD, 28BF77, 280F3E, 2711A9, 25C0D6, 24187D,
21F0D0, 1F64C3, 1CF4D9, 1B1669, 1A2976, 19F8FC, 19FCE5, 199928,
183ADE, 15D04B, 128711, 0EBEE7, 0B2AD5, 084560, 064ED4, 05577C,
051CF3, 0527A4, 0506BF, 048F70, 039FC8, 02475D, 00E3FC, 0007D7,
001F39, 01295E, 02BBB9, 042E68, 04DEE2, 04A61A, 03C6BF, 029595,
019BFC, 00DD88, FFF405, FE8046, FC5131, F9FE6F, F8375E, F788B5,
F817B8, F977C3, FB2E1E, FC8523, FD35C5, FD0CC4, FC4CEC, FB6FC6,
FAD937, FAA029, FAA544, FA90F1, F9F948, F8D2F3, F737EE, F59C7F,
F49CFD, F4BE24, F626FB, F89702, FB639B, FDE0DE, FF9ECA, 0095CA,
01099F, 013CD9, 0188BB, 020868, 02A8D6, 0349C4, 03B8D8, 041CBD,
049C47, 05266E, 056616, 04E6A8, 038E54, 018B72, FF4A0A, FD54D9,
FBF771, FB2B0D, FAC4BA, FA84A3, FA1EE9, F9545D, F7D1D7, F59945,
F330BB, F125EA, F02359, F06AC3, F19EE3, F3501A, F4C5BF, F5A4B8,
F5D608, F57FFB, F4FF9B, F49F69, F49A9A, F52414, F61067, F70784,
F7F09C, F89C74, F91227, F93F64, F90C1E, F829C1, F64E39, F38E4E,
F092F6, EE6EA8, EE0A4A, EF7FC6, F21A0B, F4F3B0, F6FCD3, F7E834,
F7AFA2, F6C430, F5B915, F510EE, F528D5, F5FDF7, F74534, F86960,
F90920, F8E392, F8095F, F6E4F0, F621C8, F645ED, F77BBE, F95C5D,
FB8E4E, FDC832, FFDCE8, 01CE7B, 037CFF, 04F293, 05F6B5, 067C37,
0687A6, 0637D7, 05F995, 063A13, 0730C8, 08C671, 0A6BC8, 0B77C3,
0B6193, 09E4C3, 0769F0, 0478B7, 0191F1, FF45E1, FDCF43, FD55A3,
FD9F22, FE36A0, FEBE48, FEE766, FEB0F8, FE4D0E, FE1146, FE4297,
FF1271, 003C0F, 01745E, 026C69, 02E8C0, 030A20, 02BE3E, 01F581,
00CAA0, FF6D96, FE4BD1, FDAF84, FDD381, FEC615, 0069F9, 029213,
04CDD5, 067A85, 0714A3, 068026, 050EAE, 034CC7, 01D240, 010D50,
012AF2, 0203A0, 032214, 04195F, 047DEA, 0429B0, 030467, 0103A4,
FE69FD, FBAE45, F93D23, F738A9, F5C4E1, F4A529, F3CE8D, F31A55,
F2A130, F274B5, F2694F, F2A22E, F32CB0, F41073, F55B99, F6FEBE,
F8A01E, F9BE3F, FA0517, F930D5, F77452, F53302, F2E2C6, F10E96,
EFC914, EECA88, EDB853, EC6D49, EB0490, E9A465, E8773E, E77D58,
E6A1F5, E5F8F5, E57A49, E529CE, E52B32, E588CF, E6512B, E77F18,
E8FAC6, EAA19A, EC34ED, ED5164, ED9CB3, ED30C1, EC1407, EACE5C,
E9EEC2, E9793A, E9721F, E967A9, E903EE, E82B4B, E70AA7, E612C2,
E5E4A6, E6AF52, E880B9, EAA0FB, EC2735, EC7A01, EB7C04, EA2263,
E93D12, E96628, EA4C1E, EB4078, EB6BDE, EA9DE4, E90756, E741E0,
E5D307, E4D464, E45603, E4002F, E3C155, E39F2F, E39B74, E3CDB8,
E43FAD, E4D4D6, E5B44B, E7074B, E8E898, EB4A69, EDDCFF, F09070,
F35346, F61E69, F915D5, FC27EE, FF2B25, 01D616, 03D2BF, 04C424,
0493C8, 039CC4, 0286F7, 01D861, 01ADEC, 01E3D2, 02086A, 01F918,
01D04A, 01EB62, 02B5BF, 048532, 0758E3, 0ACF30, 0E63B2, 11A66A,
14579E, 16505A, 17B6F0, 18BDE7, 1980D9, 1A0889, 1AA48F, 1B959C,
1CF994, 1EB29A, 206D76, 21DC80, 22BE5B, 22F55C, 2296DA, 221EA4,
21E21A, 224CFE, 2358BC, 24DB9A, 2667BE, 279013, 280C38, 277AC2,
25E7A5, 23A168, 213E40, 1F3934, 1DF507, 1D7BAC, 1D77E1, 1D7C1B,
1D9DAA, 1DDCC7, 1E5A9B, 1F4B09, 2082B7, 21D7D0, 22E7AE, 239FB4,
2415DD, 246FF5, 24DC65, 254DAB, 25E3D7, 26796A, 27005C, 27496A,
27002C, 263572, 250E39, 240E88, 2364F6, 233D9A, 2351AC, 233057,
228A83, 210C9E, 1EA5C3, 1B6CFE, 17ED50, 14DA2C, 128FB2, 1105CA,
0FA1EB, 0DF95D, 0BD147, 094CAA, 070065, 058266, 051821, 05A4BC,
06B162, 07BAEF, 0890FC, 091502, 091DCA, 089AEA, 0782E1, 05DDB2,
03CB9F, 017771, FF27B5, FD42AE, FC1420, FBCE17, FC8434, FDF59D,
FF80EF, 0064D4, 005FE7, FF999F, FE7BEB, FD731C, FCC297, FC8B76,
FCB036, FCF0E2, FD0C34, FCC79C, FBF36F, FA8D81, F8D14F, F7127D,
F5D45A, F53ED2, F56197, F5F786, F6CF28, F7C9BD, F8D61A, FA2962,
FB5933, FC1896, FC2120, FBD140, FBE2C1, FD0959, FF5D1E, 02795A,
058566, 079CFE, 087DC1, 082FD4, 06FFB6, 054B0F, 039453, 02328C,
019A0F, 01CA04, 0266F7, 02CF61, 024407, 00A44E, FE2D85, FB9307,
F98019, F81523, F73612, F6510A, F541E4, F440E5, F39B9C, F3A5C2,
F447F3, F52712, F600D3, F691D2, F6CE62, F6DD95, F6D2DB, F71DF7,
F7E827, F928CB, FA5AE8, FACA1A, F9E40C, F7BA7B, F4BBFC, F1AE2A,
EFD224, EF9AA9, F111E9, F396EC, F630F9, F81404, F8B83D, F83322,
F700D7, F593C1, F44D4C, F37005, F33931, F3A2AC, F44D38, F4E887,
F538F5, F571CC, F5BFE7, F62BA7, F69DF8, F6C44A, F6675C, F5A221,
F4FA96, F52322, F68A59, F8DDBA, FB54E8, FD55A5, FE48CB, FE88DB,
FEB1CC, FF3E62, 009ED9, 02CC09, 05AE28, 08DBD0, 0BAB6B, 0D6930,
0D9B45, 0C3BA6, 09AB46, 06C394, 042C7C, 026D26, 019FB8, 017B6A,
01AFF2, 01DBF7, 01F454, 01F348, 01F9FE, 01EB3A, 01909C, 00CB83,
FFA75D, FE8758, FDC96F, FD9BCD, FE22AA, FF2DBD, 003532, 00CE8C,
00D3D3, 00841F, 005CEC, 009B12, 0130A5, 01CC69, 021D03, 01FF95,
018A33, 010274, 00A7CE, 00A662, 00EE8A, 01686F, 01F66B, 0277A3,
03241B, 04169A, 0562D5, 06DC11, 07F71B, 085155, 07C420, 067D8D,
04AF31, 028DDE, 003AB9, FDD78B, FB8C30, F987DD, F80F31, F72812,
F6ABEC, F63B9F, F5A6F0, F529A2, F4F3B9, F5625C, F66F06, F7C1D7,
F8B19F, F8AB17, F7D111, F6D205, F64EDF, F6A0A6, F7809C, F851CB,
F889B6, F79A2D, F5A3A3, F2E764, F00A8E, ED84E3, EB9E36, EA4A2B,
E94B30, E86D78, E78D3F, E6E329, E67D86, E6985E, E73A3D, E8436D,
E97127, EA5AB1, EAA677, EA426F, E958D6, E8693A, E7F424, E82288,
E8CC52, E9646B, E97B8D, E8D485, E7AB25, E69022, E5F4A5, E60C8E,
E6AAEE, E780CF, E8533D, E8E8B1, E9012D, E8A5E1, E83662, E80A25,
E8AA6E, E9E654, EB5CE5, EC5740, EC4DF7, EB867B, EA4381, E8EEF4,
E7E245, E753DE, E75A42, E7B28C, E7F5FA, E7A159, E66CC7, E44B42,
E19366, DEF2E7, DD081F, DC5798, DCFE22, DEBCA3, E14D74, E48CA1,
E868E0, ECA6BE, F0D51A, F42783, F63F04, F777F5, F83390, F9011D,
FA1BEE, FB496C, FC6222, FD2814, FDA09F, FDB92A, FD9850, FD4B44,
FCF205, FCBB06, FCCABA, FD6F82, FEB413, 00AA93, 033D2A, 061E17,
0916CC, 0BE717, 0E6F11, 104F8A, 114214, 117B02, 116120, 119D42,
128C83, 140D49, 15EABC, 17E4CB, 19C07A, 1B3BBD, 1C438C, 1CECAB,
1DB3BB, 1EDDFD, 20AED4, 231D70, 258AF1, 27684C, 2818D3, 279974,
2647DD, 24A854, 233CEB, 2234CC, 217A7B, 20F868, 2099DE, 2051FE,
200984, 1F9CDF, 1F1D20, 1EA346, 1E4844, 1E476E, 1E908F, 1F1A90,
1FC3FD, 209321, 218105, 2260F4, 232C54, 2396F0, 23804C, 23088A,
224E2D, 21BEE3, 21DA6A, 23330D, 25CDA4, 2921B2, 2C12E9, 2D9DC6,
2D4FDB, 2B3465, 28085A, 248A64, 213B16, 1E51D7, 1BF3BB, 1A0BBF,
186D80, 171123, 15D162, 148556, 133337, 11C888, 105384, 0F1DF9,
0E4E78, 0E09A8, 0E400A, 0E8B31, 0EA77E, 0E2A81, 0CD733, 0ABC57,
080A03, 053F98, 02E3D2, 016FEA, 011B19, 01AE0F, 02B042, 038E2F,
03D746, 034E4F, 022B4F, 00BBF4, FF743E, FEBD34, FE8D69, FED7BB,
FF6ACB, 00148C, 00A558, 00E095, 00B9A4, 0012DE, FEE01A, FD22AC,
FAEAAE, F890BA, F6908D, F56509, F564E1, F673F8, F7D5D0, F8B86C,
F89A46, F78D79, F6524D, F5833F, F5C4C6, F73A7C, F97F48, FC3ABB,
FECFF8, 00DE27, 022786, 0296A1, 024644, 01E2FB, 02131E, 031C5F,
04D8BB, 069DA5, 07D40F, 081FEF, 0797A4, 06C6C7, 05D669, 048C3B,
0293E4, FFABB4, FC3176, F8DD7D, F68000, F5AEE7, F641AB, F7D731,
F99F38, FABC6B, FB185B, FAB0C4, F9D55C, F8D424, F7F975, F7C123,
F8354D, F902BC, F9BA8E, F9CBF8, F8F99C, F7946F, F60B34, F4C975,
F43A62, F48BBE, F5D09B, F79322, F91430, F9BABF, F95A93, F83A0B,
F6E013, F5D3CD, F53415, F4EB0B, F4B568, F47F60, F47029, F4D1A7,
F5D20C, F749CB, F8BB59, F96840, F8C5AA, F6FD05, F4AF26, F2A547,
F17E43, F148CF, F1EFFA, F2EA7B, F3EE04, F50CA9, F65984, F8015D,
F9DD37, FBD191, FDBE36, FF8A24, 0158D1, 02F90F, 045799, 05264A,
057EBD, 05BA77, 060E76, 06AD35, 073137, 076B65, 075FC1, 071519,
0706DC, 072959, 0741D8, 070B8D, 063F23, 04F367, 0356E0, 01B4A3,
004E30, FF4207, FEA4E5, FE5F46, FE5EF1, FE8761, FEB4B3, FEE86E,
FF488C, FFFA30, 00EB47, 01C142, 021A91, 01B4A0, 008C95, FEF7EF,
FD7B91, FC85A5, FC453F, FCD10D, FE04D3, FFBE4F, 017920, 02D74E,
03BC55, 044E9D, 04F654, 05B847, 0690DA, 072EEC, 07380F, 069D33,
05AA2A, 04AF09, 043133, 04316D, 043E87, 03CE21, 022C42, FF614B,
FC0076, F8E2D2, F6E8DC, F647FF, F6AFBE, F79CEE, F86933, F8AE5A,
F85259, F7A508, F74604, F7AC72, F90D94, FB03D3, FCABB8, FD53FB,
FCAA84, FAD369, F85264, F5B3F6, F36174, F1CACC, F0EA52, F06907,
F0033A, EF3AB8, EDF2BD, EC63BA, EB05E5, EA6511, EA97CE, EB2D94,
EBA68B, EBA7B1, EB356F, EABF06, EAA6AD, EAE04F, EB03BC, EAAA84,
E99D9F, E8231B, E6AE7B, E595F4, E52D78, E5899D, E678C5, E7B589,
E8E497, E98BB4, E952AF, E83A47, E68656, E4DBDB, E3BB1D, E39DF2,
E48EB2, E63370, E81296, E9DC26, EB75B7, ECC245, EDD02F, EE6B1E,
EE645D, ED916B, EC3B6E, EA8FC1, E8EC14, E78BAD, E67543, E58F45,
E46075, E2B45C, E07590, DDF68F, DBC58B, DA810F, DAA783, DC3369,
DECED6, E1D5FB, E4A694, E6EBE7, E8AD71, EA88E1, ECD670, EF7145,
F21381, F41F49, F56545, F5EFF4, F5F01A, F5AC89, F53787, F4CBAE,
F49CD6, F4D858, F59D36, F6DA03, F8719C, FA28A8, FC0C89, FE0726,
0025C5, 024D0A, 0421BA, 057321, 061479, 064CC9, 06A4A0, 079215,
0962DA, 0BBF8A, 0E0011, 0F973F, 10515A, 1069DC, 105041, 10A00F,
11E49C, 144650, 17AE75, 1BA8AA, 1F6A10, 224C17, 23D941, 24001F,
232275, 21D250, 209803, 1FEA07, 1FD9F8, 203B77, 20DA6C, 217981,
2227E5, 22D74F, 235DDF, 23834B, 230DDF, 21F6F8, 207D6E, 1F0912,
1E0CB6, 1DAB39, 1DD23F, 1E3150, 1E4143, 1DE733, 1D4044, 1CA2E9,
1C9196, 1D5602, 1F20DA, 21CC49, 25074F, 283A09, 2ABB0C, 2C2C42,
2C7983, 2BEE42, 2A8EFD, 28A11B, 2661EB, 2430D2, 226A10, 2159C4,
20E47C, 208C6F, 1FD764, 1E6D68, 1C7926, 1A560D, 186D11, 16DB29,
158A07, 148BFD, 13F843, 13F6A4, 1434C5, 142DEF, 136301, 11775E,
0EC830, 0C015A, 09E79E, 08C309, 0850CC, 082773, 07BBAE, 06D92C,
05B1C1, 048C59, 039DA3, 02E7C7, 02510C, 01AB55, 00E92F, 004386,
002140, 00E403, 028EB5, 046769, 058AC8, 053839, 0345B7, 003E9A,
FCF737, FA599C, F8F728, F8FDEE, FA0FE0, FB9D44, FCAC05, FC9230,
FB1F01, F8985E, F5F4FA, F3ED7D, F2EAAF, F3074A, F3CA20, F4C097,
F59839, F6385C, F6EEF4, F7E9F4, F96F0A, FB9959, FE3258, 00F81E,
0372C2, 0557A6, 069F11, 0773C4, 081D90, 089158, 0886D4, 07A50E,
05C300, 032501, 006CA0, FE39D6, FCFAD4, FCD891, FD8E3E, FEA9EE,
FF9E45, FFE8EF, FF5DBF, FE116B, FC56BD, FAB2F7, F99ABC, F94BCA,
F9A06A, FA12CE, FA1A62, F996B0, F8DA6C, F867E9, F8AF8D, F98C1D,
FA6FAF, FABDA0, FA421D, F94398, F827EC, F7402C, F6B03A, F66136,
F6240C, F61005, F6313C, F6A18F, F75D85, F84440, F94301, FA1730,
FAA901, FAC2A7, FA243A, F8F0DB, F75DE9, F5E1BF, F4AF43, F3D4D1,
F32F3C, F29FCE, F22942, F1DB8B, F1F2E7, F277E7, F355FF, F47754,
F5A737, F6D2DC, F7DC48, F8A2DB, F92D67, F99889, FA1AE7, FAF923,
FC54EC, FE0CF0, FFEECE, 01CB51, 0388BD, 054726, 070B77, 08B2E7,
09EC2B, 0A5446, 09A02E, 07E3DC, 05B128, 03E32F, 03095B, 03274B,
03E201, 04A193, 04F933, 049EE8, 03A7C9, 027646, 014A51, 0084E2,
004302, 007363, 00DA7E, 010EB0, 00CBD9, FFDF08, FE916E, FD4879,
FCA994, FCEDF1, FDEF22, FF1739, FFA9D5, FFA9D9, FF378B, FEBC02,
FEC388, FF6714, 00BC03, 02630D, 03F350, 052D29, 062551, 0723B6,
083AC8, 093C2F, 09E54C, 09E445, 090F7B, 077F73, 056D8C, 0359BF,
01774A, FFFB1E, FEF725, FE1CF2, FCF2BA, FB6F02, F9C588, F84D6B,
F78E37, F7BF62, F8F71D, FAD657, FCD801, FE9756, FFBA3D, 003D26,
FFFBC8, FEEB91, FD3280, FB011F, F8C2FC, F6BEEF, F52681, F40F94,
F37C21, F3641A, F3B183, F40DCF, F41D11, F384CA, F218B4, F01665,
EE0424, EC82B4, EBF020, EC4D9D, ED20B2, EDB464, ED96B2, ECC1ED,
EB9E77, EA8F0E, E9E946, E9B606, E9CED0, EA25E5, EA6542, EA356A,
E950B4, E7CBE4, E61F25, E4CBE7, E42515, E3F7D0, E3E652, E3AAB5,
E35846, E365F3, E43FD5, E61382, E879A4, EAD2FF, EC808B, ED281A,
ED0080, EC8750, EC7B25, ED1952, EE3C34, EF62AE, EFABD2, EE9B77,
EBD9A2, E7CA0D, E331F3, DF12B9, DC52DB, DB566B, DBE5EF, DD6160,
DF0C7A, E03617, E0A2EB, E07844, E02C89, E07C83, E1CDF4, E42D87,
E7367D, EA4242, ECC1B8, EE8529, EF8770, F00932, F038E5, EFFCF5,
EF8528, EEE5D4, EE64AE, EE4BA0, EEFB29, F0C6D3, F3C5EF, F7724B,
FAF232, FD366C, FDBC9A, FD057C, FBE763, FB8F04, FC5398, FE182A,
003E52, 021EC7, 0399C3, 04D5EF, 05D290, 06BB69, 079E4B, 089BF4,
0A26A5, 0C44AB, 0F2146, 124986, 1538F0, 175CA2, 1892EA, 1913CF,
19386D, 193993, 193083, 195B4B, 19D7F5, 1B04C9, 1CEF3A, 1F90E6,
228712, 250CC4, 268EC7, 26B3DE, 259C5A, 23CDD6, 21B159, 1FC519,
1E8062, 1DE7EF, 1DD142, 1DF28A, 1DC795, 1D2E51, 1C462D, 1B3DBC,
1A90AE, 1A8B53, 1B4098, 1CC097, 1EE386, 217549, 242310, 267828,
2807AB, 287FBB, 281A97, 272CA3, 262CB6, 258495, 256E7D, 25F80B,
26C684, 276EE9, 2778E1, 268701, 247EB0, 21C50D, 1EDBC8, 1C8163,
1B3835, 1AF522, 1B676C, 1C0645, 1C62C2, 1C3D7D, 1B8E2D, 1A7E28,
19289A, 1766DC, 154E74, 12E61C, 104D98, 0DCCAD, 0BE3E5, 0AF9A0,
0AF2D5, 0B5687, 0B748B, 0AE30C, 097F98, 07C3EC, 0629C0, 05189C,
04DA5E, 05249D, 05AE15, 061539, 05CDBC, 04DCF8, 03615E, 01A2C7,
004BBE, FFA439, FFEADA, 010244, 026482, 03836B, 03A6E7, 0297A3,
00B2AA, FE6E1C, FC420E, FA4190, F844AE, F63A4E, F4202B, F246C6,
F0ED85, F06D57, F0FCE6, F28DEF, F4EA91, F78B64, F9ED30, FBC974,
FD1DF8, FDF762, FEB4E8, FF9622, 00B122, 01EAE6, 02E888, 03703D,
036FED, 032A4F, 030B2E, 033D0E, 03A9A3, 040905, 042A18, 03D320,
02E36D, 016622, FF9D58, FDEBCD, FCC73D, FC77B1, FCCF45, FD71D0,
FDE8A4, FDE2A0, FD735F, FCDE9C, FC5FA9, FC3CEE, FC5301, FC6081,
FC262C, FB7024, FA76DA, F97B2A, F896CA, F7BB66, F6D3AF, F5F92A,
F59A51, F5F883, F72AB3, F8F7AA, FADCAD, FC541C, FD121A, FCF6AD,
FBFBDA, FA7DC1, F8CA85, F7599C, F68D4F, F674FB, F6E63F, F774F1,
F79F34, F73A00, F66FD1, F57EF1, F4B99F, F44B80, F42364, F40C2E,
F3C26B, F3331F, F26846, F1914B, F11955, F1663E, F296A9, F48180,
F6BDD5, F8F22C, FAF080, FC7911, FDB03A, FEC52F, FFEFA9, 012B67,
02413A, 030065, 0340D6, 031AD6, 02F157, 033CD3, 042FE9, 05BCEC,
074FD2, 084345, 0831D2, 0721E4, 0585E3, 04003D, 031A41, 02F094,
034E16, 03D03C, 042236, 04008B, 031A3A, 018800, FFA6B7, FDF980,
FCE1C2, FC6448, FC4F43, FC6B6B, FCAA43, FD0A92, FD8B52, FDEF2E,
FDBF78, FCE471, FBD957, FB3633, FB969F, FD1B4A, FF80B4, 026E50,
055E63, 080C13, 0A3BEF, 0B915E, 0BD258, 0AE1DC, 08FEFC, 06A4B6,
04536F, 026604, 00FA51, FFEE1F, FEFF3C, FE1CA4, FD5958, FCD91D,
FCAF88, FCC604, FD09ED, FD6BA0, FDE332, FE4062, FEAA43, FF1DE0,
FF70DB, FF87C1, FEFEA8, FDC5F4, FC10F0, FA8BA2, F9A8DE, F9D680,
FACD9C, FBC375, FBF502, FACEB2, F88B34, F5BCF1, F32678, F16DCA,
F0A582, F0AF47, F12CE1, F1B317, F1F373, F1A67E, F0D333, EFAB6A,
EE92B9, EDE07A, EDB5D3, EE1758, EEA42C, EF02A9, EEE259, EE25F5,
ED01D0, EB9FD5, EA2C33, E8933B, E6BC41, E4B5E2, E2A9B5, E10A7A,
E04686, E0C764, E2803C, E4F7D1, E75A12, E8D821, E90A50, E86A1D,
E7F49F, E86E91, EA40EB, ED0AFA, EFEFB0, F223F6, F2F517, F2312F,
F00EFB, ECEE61, E971DA, E64912, E40665, E2D7A9, E24E18, E1CF5C,
E10794, E00D6D, DF47FC, DF0FF0, DF73B2, E03E19, E10401, E19CC1,
E23011, E2F091, E4202C, E5BA8B, E7784B, E8EA2C, E9967D, E96868,
E8852C, E78791, E71870, E7BDBD, E9A000, ECBF98, F08561, F3FE12,
F67EE4, F75F7D, F6EEF4, F5BB1A, F47024, F3A250, F38864, F432C2,
F5A68F, F7BCEB, FA2383, FC857B, FEA74F, 006936, 01CBB8, 02FD77,
041517, 0539CD, 06768E, 07D2B9, 0954CC, 0B0751, 0CC5F0, 0E4CED,
0F558F, 0F9F79, 0F9066, 0FD29C, 112173, 13DAAC, 178D5C, 1B7850,
1ECAAF, 20EC08, 21E368, 21F436, 2175A4, 20E646, 207F3C, 204206,
203EE7, 205068, 20563A, 2012C2, 1F7F96, 1EA3A7, 1D8901, 1C6E31,
1B5BB7, 1A5C6E, 19A2C8, 19687A, 19EC16, 1B5A34, 1D830D, 1FF949,
2209D9, 232FA5, 238C7B, 237E5E, 2380F2, 23F7BD, 24E960, 2620C1,
271FA5, 277343, 26E97E, 25AC01, 241403, 22A0C6, 21BE68, 217D34,
21B307, 2219F6, 22683D, 2286D2, 227903, 222F07, 21B765, 210553,
1FE91A, 1E2D74, 1BCC4D, 18F874, 161876, 13D2E0, 128CDA, 125014,
12CDDA, 1352AF, 135138, 128B32, 111C3D, 0F7FF8, 0DFDCB, 0CAF6A,
0B8273, 0A3EDC, 08DB0E, 075135, 05AB4F, 041864, 02F0A4, 029903,
036D88, 054B6A, 0779BE, 092753, 09BA25, 092404, 07AE04, 05D8D9,
0420B7, 0285B2, 010B8D, FF86C4, FDE6B9, FC37D3, FA8C46, F8EB66,
F75C2F, F61561, F53DE9, F4E340, F4E4AF, F4F7EA, F4ECA1, F4DCEC,
F51DA5, F5FC08, F74055, F890AA, F99955, FA55B0, FB1583, FC21AD,
FDB643, FFBBDB, 01F6A4, 03C7F7, 04BD8F, 049D60, 038060, 01EB3B,
0090C0, FFAAE1, FF552F, FF6BDE, FF877F, FFCB75, 001D9E, 00A371,
014DB0, 0200B5, 02935A, 02C1A9, 023A74, 0110EE, FF6FD6, FD8160,
FBA8A8, FA0F0E, F92425, F8D3B0, F8D63E, F9028C, F910BF, F92CA8,
F99145, FA18E0, FABACF, FB454E, FB9AE4, FBC567, FB7216, FA8F41,
F93ACF, F7E37B, F760B6, F80EAD, F9A6D6, FB8B88, FCCADD, FCD5A3,
FBCE7C, FA2837, F89484, F78922, F6FB30, F6A6E3, F62903, F55770,
F4670A, F37E4D, F2BE23, F216FE, F165CD, F0C59A, F06F29, F0B0CA,
F17614, F29477, F3E849, F555BA, F6E414, F86E60, F9DC1C, FAE7AB,
FB50B3, FB2BF8, FACBD6, FAD781, FB8FBA, FD2259, FF483F, 018129,
0382F5, 04F9E0, 05B434, 05CF62, 057407, 04FCE1, 04E433, 053853,
05C804, 063239, 065511, 065CD6, 0647AA, 061744, 058487, 045C6D,
02C65A, 010933, FFB782, FEF6D2, FE7D75, FDDCAE, FCA330, FAD61B,
F8CD26, F701D0, F60E82, F6305E, F78177, F9E5E6, FD1120, 00B8F0,
04110E, 066F16, 078B79, 078B88, 06CF0B, 05EA01, 052E68, 04CDFE,
04CD60, 0500E7, 0564AB, 05B823, 05BAAC, 05241E, 03D3F0, 01F0FF,
FFD57D, FDFD5D, FCDCE7, FCC217, FDC096, FF61DD, 010FED, 023476,
024064, 014398, FF83A0, FDAEFE, FC70E2, FC4C65, FD6354, FF2DC9,
00F7C7, 02069A, 01E3FD, 008155, FE31F8, FB9679, F9181C, F7160C,
F5C8AF, F5211C, F4E9A5, F4C782, F48764, F43A0F, F40F26, F42372,
F4518D, F46032, F4162D, F3619E, F2A542, F25945, F2A732, F3841C,
F45951, F46C02, F34AB0, F0AC1F, ED048D, E90818, E5646C, E31634,
E26B4B, E33A32, E4E5BE, E677CC, E71657, E68B69, E55B72, E45462,
E44D8D, E58FBF, E80574, EB488E, EEAF2B, F18C7F, F35963, F3C30B,
F2CC37, F0C759, EE2DC1, EB7A5A, E90758, E71A55, E5EE5D, E58AC2,
E5C720, E67198, E73A93, E7A6DD, E74050, E5FFA1, E443D2, E2AF0C,
E1C4DB, E18A65, E1D291, E244FE, E2A7F6, E302E7, E33C48, E35007,
E368D5, E39CE4, E43729, E57DF5, E7716E, E9E57D, EC6C6E, EEAE1F,
F04AD5, F0FF1D, F0DCF4, EFF9D9, EEB927, ED811D, ECBF4C, ED1692,
EEB1D6, F1591B, F484B9, F77D1C, F9BE8A, FB050C, FB7AF7, FB854F,
FB94C3, FC08AB, FD2FFA, FEE652, 00BCA8, 0259F2, 03851E, 04665C,
052966, 061A6B, 074588, 08A426, 0A561A, 0C3956, 0E5410, 1093ED,
12D0C5, 151E93, 1768B1, 19B253, 1BD22B, 1D78B2, 1E8CC7, 1F1FF1,
1F7218, 1FC321, 203C4C, 20C17D, 21130F, 20E6DD, 1FFD25, 1E63B6,
1C3F9F, 1A21D6, 18B3CE, 1864FA, 1938AE, 1AE2CD, 1CC364, 1E4EA0,
1F510F, 1FF869, 20AC5D, 2193E3, 2296A2, 235974, 23AB03, 236A39,
22D163, 2221BF, 219C81, 216685, 21A62B, 227800, 23A604, 250E2D,
2660A1, 2747D4, 27B8D8, 27C125, 274859, 265A6D, 251F09, 23C5DB,
228231, 214BF5, 202AB8, 1F3830, 1E76F4, 1DF6C7, 1DA523, 1D56E3,
1CDF10, 1C123B, 1AE7C3, 198954, 1822DD, 16D31A, 15A288, 145CDE,
12C2B5, 10ACC8, 0E3983, 0BF369, 0A59B1, 09BA2E, 09FE84, 0ABD0A,
0B8068, 0C0579, 0C2DE6, 0C08D0, 0BBE3D, 0B42E7, 0A9F5B, 09CE28,
08EF7F, 082937, 076AB6, 06A395, 05B32E, 04BE8A, 03F30E, 0328D3,
022E1B, 00C769, FEDEDD, FC8DE6, FA1CE5, F7C0E8, F5DFBE, F4ADB4,
F44510, F48131, F516C6, F5C23A, F64938, F7074B, F84F9C, FA574B,
FCD66B, FEF041, 0008A3, FFA881, FE0EBB, FC1B5D, FA930D, FA286B,
FAC6EC, FBFACC, FD8BE2, FF2F0A, 00D1B2, 02329C, 030D55, 036618,
0350A1, 0308B2, 02A582, 0227DE, 018F95, 00CDF2, 0016EB, FFA899,
FF9304, FF9941, FF6E51, FEC585, FD8670, FBCF3E, F9FFB5, F8C116,
F86DE2, F910E6, FA665D, FBCA5F, FCBEFF, FCDB4F, FBF83C, FA5F7E,
F8AC35, F773AA, F73699, F8318E, F9F2DA, FBE914, FD84D9, FE5D3D,
FE9B70, FE4A38, FD87D0, FC6903, FB06B8, F9A981, F86A7E, F77BE3,
F6D8E8, F6510F, F5CFC4, F525DE, F45100, F33ECB, F229FA, F14562,
F0EDA6, F12988, F2043A, F34423, F45F62, F50F59, F4F3A1, F4588C,
F3C3E2, F3AC63, F47234, F5E5F5, F7BA19, F99E3B, FB3386, FC610E,
FD1637, FD5436, FD25C6, FCB1DF, FC66E2, FC992B, FDA068, FF945F,
0237A5, 052BB6, 07EA55, 0A0060, 0B2912, 0B3ECB, 0A59D9, 08C7EF,
06EF32, 053F29, 03F5C3, 030229, 02209C, 00F2DD, FF4C5E, FD2988,
FAABB0, F830DB, F63377, F503A2, F4E8B1, F609BC, F7F004, FA399E,
FC845B, FEA5D4, 006D4D, 019F41, 022FE6, 021934, 01961A, 01173E,
0111F7, 01D7BA, 03683E, 054AC1, 06E62C, 0793F7, 070C76, 056815,
031AB5, 00A5B9, FEAFEC, FDB998, FDEBF4, FF2565, 0076BC, 0147E4,
00F5BD, FFE2C6, FE948F, FD9540, FD4099, FD9AF0, FEC383, 007074,
02481E, 039C2B, 03E885, 031BC8, 01894C, FFBEC0, FE0F25, FC85C6,
FB00A0, F9603C, F7E007, F6C3C3, F63C1E, F653A9, F6A58C, F6C6AB,
F66745, F58576, F46F6D, F39A43, F3800A, F45BCA, F6229C, F87ED3,
FAB03B, FBBF95, FAF6BF, F833C6, F3F7E9, EF47DC, EB26F3, E84575,
E6DF83, E67E74, E67C4B, E63BE9, E57BAC, E4726C, E383F3, E3450A,
E3C56B, E4F9DF, E68DE4, E8767B, EA8B78, EC7938, EE08DC, EEE240,
EEDCAC, EE0756, ECB260, EB397A, E9FDF9, E93E3C, E923BC, E993E9,
EA6F0E, EB45DF, EBD9D1, EBE75A, EB2E42, E9E00A, E80E47, E61830,
E42D88, E27374, E11EF4, E0532F, E02E22, E0917D, E11F2C, E19BA7,
E1D20C, E1E27B, E21690, E28742, E3784E, E49E01, E5C00B, E6CCFA,
E7AAD6, E85149, E8C730, E8DB34, E87761, E80D58, E811FA, E8FB4D,
EADE44, ED2179, EF2137, F04BCF, F097DD, F0A4F5, F0FCB2, F20032,
F3844C, F52B12, F6C09A, F807AD, F91836, F9EA92, FA8AEB, FB1722,
FBC39E, FCB007, FDE210, FF2D0B, 0052FE, 014EB4, 0236A4, 035E9E,
050DE0, 075BF2, 0A49C3, 0D8A1E, 10E787, 14178A, 16FEAA, 197703,
1B667F, 1CC140, 1D709D, 1D999C, 1D3558, 1C5D0D, 1B2ADD, 19F749,
193BF6, 19369F, 19ED37, 1AF303, 1BD356, 1C421B, 1C4866, 1C671F,
1CCCE0, 1D7DDC, 1E5349, 1EDBBE, 1EFF11, 1EBB43, 1E35C7, 1DF884,
1E3E50, 1EEAA0, 1FB66D, 206A2C, 210C63, 21B461, 2272FB, 23272A,
23D6D7, 248175, 250B7B, 255557, 253730, 24BE63, 241715, 236B42,
22F960, 22F898, 236214, 240F4C, 24C52F, 252BA9, 25027D, 24318C,
22E9A3, 2194DB, 208737, 1FBDB0, 1EFB08, 1DE744, 1C37D4, 19FCD5,
176C86, 1526E5, 138470, 12D08C, 12EAC4, 1356CF, 1395E0, 134493,
1248D8, 109CA1, 0EBF9F, 0D1C58, 0C0B2C, 0B9F3C, 0BB183, 0BF678,
0C4AD4, 0CB1AE, 0D4BCB, 0E303D, 0F1418, 0F8146, 0EE711, 0CF098,
09BB70, 05C806, 02007A, FF16D2, FD6543, FCD46D, FCD5E3, FCE52C,
FC8829, FB9A0E, FA513A, F8F5C3, F80752, F7DB4B, F8856D, F9BD03,
FAE8B1, FBAB38, FBD6A0, FB66AE, FAA1F4, F9CFBD, F9215E, F8C393,
F8CD7D, F9405E, FA1F29, FB43CC, FC84AA, FDE3B2, FF3DDA, 00917A,
01B977, 026D8E, 0286B1, 01E6E8, 011690, 00AF64, 012258, 026446,
03DDAA, 04A830, 044F7B, 02FFD7, 013DB4, FFA557, FE6DA3, FDB5DB,
FD93E6, FDDBDD, FE3753, FE3E92, FD91F1, FC3644, FA8835, F90E05,
F85D5A, F88EEE, F98560, FB1BB6, FCEF82, FEB983, FFF58E, 004C3C,
FFABE2, FE7059, FD1191, FBF0C2, FB8F4F, FBFAAF, FCEE9D, FE1344,
FEDDCD, FEF825, FE3988, FC9BCE, FA545A, F7A987, F500FA, F2F5FA,
F1DB12, F1D021, F2A4B3, F3CF24, F4FDBF, F5E247, F64F51, F63212,
F5B0C3, F525BA, F4A119, F45B4B, F48778, F52FDF, F66FB9, F7ED89,
F9040D, F934B5, F858E0, F6B5DF, F512AD, F41B9E, F472EC, F664C0,
F9D240, FE4258, 02EBB7, 06E3C3, 097879, 0A845D, 0A2595, 093498,
086609, 081394, 085514, 08B671, 08A4D0, 07EA11, 0690E0, 04DF85,
02E915, 009A7A, FE243E, FB8F1C, F9582D, F7E4E3, F78CBB, F8683F,
FA113D, FBFCCC, FD8771, FE3C29, FE0E40, FD4855, FC6ED9, FC32B3,
FCF8E6, FEEB26, 01C4B7, 04DC04, 07575A, 089022, 084978, 06C997,
04B3B4, 0293E6, 00F75D, 00400B, 00887B, 017C1D, 0276CE, 02CE79,
0231B2, 00ED2F, FF8B5A, FEA566, FE8677, FF08D6, FFE0FF, 00B49E,
019352, 029337, 03CD3E, 053A99, 065BBF, 06A6B2, 05B5B2, 03B520,
012E99, FEA62A, FCAD5A, FB6311, FAAA49, FA33E5, F9B76B, F8EBFA,
F7B72A, F64B25, F5286D, F4F2AD, F5E90E, F7F68B, FABB00, FD80AC,
FF9C3A, 008470, FFE4A0, FDDCEF, FAEB63, F79BE0, F460C4, F184F0,
EF2BE2, ED52EC, EBFD8A, EB2445, EAA810, EA6895, EA0112, E94F7D,
E85BAD, E73486, E65E82, E64289, E6F58B, E82D27, E94068, E9EF3E,
EA3F5A, EA55A3, EA92CA, EAFABF, EB8336, EC065E, EC75C4, ECE02C,
ED4355, ED8B8C, ED9DB7, ED79C7, ED1687, EC9442, EBC930, EAB37D,
E951FF, E7B9FB, E62345, E4AA58, E3818B, E2D90C, E2B235, E309FB,
E3A41A, E40E8D, E41B64, E397A2, E2CAE0, E21C11, E1E2DE, E238C7,
E2DFAA, E3A0D2, E438B0, E49BE2, E4F6E4, E5848F, E65692, E7453C,
E80705, E85F05, E844BB, E7F8B0, E7E3AA, E85A8E, E984FF, EB4842,
ED5742, EF6DBF, F16DBF, F33B10, F47FFF, F50B3E, F50E3A, F4C729,
F48ECC, F4619B, F42BEE, F40586, F40915, F48F8F, F5AC95, F784CD,
F9DBCB, FC7EB4, FF515A, 024F21, 058606, 08C93B, 0BDCF1, 0E618A,
100961, 10F276, 117836, 11F728, 12C4BD, 13E887, 154AB0, 16C1CB,
181AFA, 192F19, 19CE44, 19F94B, 19D02C, 198F45, 197A5F, 198B1B,
19B167, 19C93E, 19D778, 19ED48, 1A1E09, 1A5365, 1A8228, 1AD830,
1B75CD, 1C6053, 1D6FF1, 1E70CB, 1F2017, 1FA13C, 1FFFC1, 206407,
20CA40, 20EA80, 20B5B5, 2021EE, 1F494F, 1E8264, 1E3D42, 1EEECE,
20D14E, 2365AB, 26174F, 2801B0, 288E59, 27BCAF, 25F64E, 241D37,
22C9DB, 2243C1, 227D95, 22FB82, 23549E, 235AC6, 22F39E, 223728,
21182B, 1F8D9F, 1DA329, 1B6D9A, 194637, 175024, 158B9C, 14273E,
13328B, 12B453, 129442, 127D18, 11EF11, 10DF66, 0F8E07, 0E8D49,
0E73AA, 0F690D, 11502B, 137BD5, 152B34, 159FC6, 146C3B, 11CAA4,
0E54C9, 0AE38C, 084557, 06DB82, 06811E, 0699CE, 065BDE, 054B6B,
0364E4, 010A77, FEF247, FD81BC, FCD53B, FCC4E9, FCF9A7, FD08C4,
FCB537, FC09A2, FB3948, FA7522, F9C055, F92EAD, F89CD9, F81BE9,
F7A88B, F77D5B, F7D7D9, F8B962, FA0837, FB4227, FBFD19, FC0B57,
FB6F37, FA95EF, FA0A56, FA1B9F, FB02FD, FCB971, FEF9F6, 017147,
03B1E0, 0535AA, 05AB83, 050629, 036E73, 016270, FF5E42, FDD9E4,
FD40DB, FDA361, FEBA8F, FFCE41, 003364, FF9B74, FE18F4, FC26EA,
FA412D, F8EDA2, F874F6, F8CE73, F9D5EA, FB2432, FC61BB, FD56FE,
FDBD3C, FD8018, FCD4C3, FC2F1E, FC2C36, FD37D9, FF1BE5, 011E74,
0287FB, 02E74A, 023D14, 00CE65, FEE14A, FCBA5C, FA5C54, F7EEC5,
F5C7B1, F42FFD, F39705, F40404, F56039, F734E3, F8D57F, F9B9C1,
F988C1, F86CEC, F6D745, F552E1, F48F0A, F4E034, F6047F, F74685,
F7BD87, F6F61E, F5069B, F29320, F06F94, EF441C, EF4DE9, F08598,
F2F503, F63444, F9A714, FCC058, FF0348, 009EEC, 01EF37, 033F9F,
04B0FE, 05F66D, 06D54B, 0761AC, 07F759, 08D1D3, 09D22E, 0A97D5,
0A74A1, 092060, 06B02D, 03AA52, 00B297, FE5214, FCCB4A, FC1298,
FBFBB0, FC2135, FC4D56, FC3D0D, FBAAE7, FAC15F, F9CF47, F95D4C,
F9E8F3, FB932F, FE1E6D, 00D555, 02E2C1, 03FF9D, 043796, 03C099,
034CC2, 0324DB, 03444A, 037A6A, 039986, 0381BE, 03157B, 0276C4,
01CA0F, 010BBD, 003AEC, FF4A0A, FE2E5F, FD3024, FCB526, FD4358,
FF2000, 01EA7F, 050E6A, 07ABC9, 092D1F, 097BED, 08A709, 072DEE,
05629B, 03768F, 0181AA, FF727F, FD6200, FB63A1, F9B92F, F8A693,
F856B5, F8C488, F9BB62, FAEFB8, FBE00F, FC7ADA, FCBCFC, FCF052,
FD6225, FE0393, FEBBD1, FF2B5F, FF1276, FE54A6, FCE3CE, FB0A25,
F900CB, F72321, F5B5CD, F4A4C5, F3A1EC, F27781, F0EF86, EF2879,
ED757A, EBF507, EAC3A9, E9E230, E92A7F, E87A72, E7D2F5, E73D19,
E6DE00, E6FC89, E7C5C5, E92456, EADDDA, EC8B92, EDB6B6, EDF7E9,
ED3B28, EC1882, EB5033, EB5A1E, EC1CB5, ED1256, EDBA00, EDB7F6,
ED1CE2, EC0B8B, EAD768, E9C5E2, E8D107, E81B27, E77423, E6C20C,
E5C3B6, E4805C, E3722B, E2D7BD, E2D454, E3465F, E3BF57, E412B9,
E43AA0, E43EB3, E4455C, E44A39, E43355, E3CBC3, E312A2, E2271C,
E146D8, E0A3E5, E07B76, E0F8CF, E20256, E39BC3, E5B7A9, E82C94,
EA85F1, EC8A42, EE1AE6, EF12CA, EF7229, EF6004, EF0A0D, EEACEF,
EE67B2, EE3823, EE244A, EE1105, EE1DA1, EE4F33, EED123, EF9BF8,
F0C9B3, F25FCA, F4564B, F6D3AC, F9B7B2, FCB690, FF4DFE, 0139B3,
02594D, 02E953, 03644B, 04639F, 064475, 09064C, 0C683A, 0FF724,
1333C5, 15B5F2, 172EFF, 17746B, 16D4B2, 15BF45, 14A3FC, 13C4D7,
135435, 135183, 13DA51, 151030, 16EEA3, 19389E, 1B4546, 1C984F,
1CCAC6, 1C096D, 1AE282, 19F7A7, 19C793, 1A6A00, 1B9FCD, 1CFB72,
1E0D2C, 1E9DE2, 1E99A1, 1E0FD3, 1D664D, 1D0438, 1D2E08, 1E147D,
1F7983, 20DED4, 21DB55, 223048, 22034F, 21B11D, 217260, 217F44,
220F47, 2328E4, 24B6D8, 267045, 27C185, 28648C, 2850B0, 27ACCA,
26C870, 25AFAF, 244E6D, 226F55, 1FFE67, 1D50DF, 1ADE06, 192CDD,
184FEA, 17DF6C, 175FB3, 16403C, 146992, 127723, 110511, 10B13F,
11B60F, 13A2AF, 16159D, 18260D, 192B02, 18B4EA, 16D0A3, 14149E,
113E7A, 0EF90D, 0DA11D, 0D3291, 0D58C9, 0DF0FB, 0E788B, 0E77A6,
0D755B, 0B64A4, 088CB9, 055ECF, 026B1B, 002637, FECF85, FE47B7,
FE716A, FF10AF, FFC7BF, 00437B, 001726, FF118A, FD41C9, FB221D,
F949DA, F81CB2, F7C449, F7FF7D, F8749F, F8E325, F91A7D, F8F504,
F88981, F7CDBE, F711AC, F6A605, F6E27A, F81352, FA2A14, FCD5CA,
FF7074, 015FA7, 0223FF, 01CA45, 0099B3, FF15DB, FDC856, FD3754,
FDA43E, FF0E7B, 011736, 02E83A, 03EBCA, 03B4D4, 022D16, FFCAB3,
FD068B, FA6B84, F89B47, F7F98C, F878F7, F99C66, FAC30C, FB5B77,
FB4173, FAD89D, FAB84C, FB572E, FC9E34, FE2E59, FF980B, 00AAD4,
018BF6, 026FE7, 035DE2, 03EADE, 03859A, 01E274, FF2A47, FC0BC0,
F94F8B, F79990, F735D4, F7F6ED, F9784B, FB3EA5, FC93B9, FD0F11,
FC894F, FB4072, F9EFAD, F8F4AE, F89E08, F8D6FC, F93973, F95E2B,
F91074, F8431A, F6EE83, F524C1, F319F9, F13A6B, EFDF69, EF4F67,
EFBB5A, F0CE9A, F23519, F3BA4C, F547F5, F6EAC9, F8A175, FA5B4E,
FBFA2F, FD84AD, FF1FD2, 00FAD0, 033469, 059245, 07C630, 0981F5,
0A9592, 0ACE69, 0A1AE7, 08A748, 06EADD, 056602, 04491D, 038783,
02CCB0, 01EC59, 00D112, FF8F89, FE445C, FD2427, FC3BE1, FB8262,
FAE92D, FA6691, FA25A4, FA5E9A, FB610B, FD3EA5, FFD52D, 02A06B,
04FD62, 063FD3, 064A23, 055A24, 040CD8, 02F9A3, 02299D, 0190AA,
00CD23, FFC4CA, FEAAAA, FDCB61, FD6409, FD9C31, FE5D73, FFA138,
014C72, 030E44, 04BE3B, 063000, 07641D, 08653B, 091C27, 0986A9,
095264, 0844FA, 066F26, 03E89E, 0114A6, FEABED, FD3B70, FCF490,
FDA4BE, FEB82E, FFB437, 0021DD, FFC4F4, FECD42, FD8F11, FCAD02,
FC8969, FD1BE8, FE2A48, FF379E, FFECDB, 0043AF, 007B9E, 00BBC6,
010EAB, 012E1E, 00CECE, FFA8E9, FDAF52, FB274E, F884E6, F65E6D,
F4D9DF, F3CD56, F2F63B, F1EB1B, F08275, EED358, ED1434, EBA59A,
EADED7, EAC8BD, EB1552, EB6415, EB675F, EB1097, EA97A6, EA4164,
EA530E, EAD39E, EBDA47, ED4CB3, EEDF7C, F031AB, F0D95C, F0C4A7,
F0289F, EF4277, EE2E25, ECFF45, EBBDBF, EA96B1, E9A43A, E90456,
E8C5B9, E8BCE1, E8C2F3, E8C195, E8B76C, E892E8, E83ED2, E7D236,
E749A4, E6C698, E67881, E65C27, E65572, E5FF62, E4CE94, E2A9E3,
DFF101, DD7A48, DC2C73, DC6531, DE0939, E078A4, E33752, E60159,
E8A466, EADCE6, EC4865, ECBCF9, EC2FE4, EADEBE, E95B20, E83CF7,
E81177, E90BB7, EB0BE9, ED6DF9, EF8DD2, F0B31B, F05C7F, EEE615,
ECEED0, EB6632, EB0F93, EBF026, EDC6E6, EFE2C8, F1D01E, F3720C,
F4F4AF, F6B06E, F8CB0A, FB315D, FDD48C, 00A9B1, 039F08, 066CC1,
08AEA9, 0A553F, 0B543C, 0C2B6C, 0D0C81, 0E1DBF, 0F45EA, 102098,
109FD4, 10EE76, 119358, 12EB29, 14E53B, 16EDA3, 184D63, 18864D,
17BFE4, 166F7A, 154ED3, 14EDE4, 1599E6, 175682, 19B937, 1C34AC,
1DF72D, 1E86AA, 1DEAD1, 1C9502, 1B388F, 1A7521, 1A8F1E, 1B81D3,
1CC6A2, 1DB728, 1E07A6, 1D9B43, 1CC631, 1C0D8A, 1BC3D7, 1BFE34,
1CD3DB, 1E3190, 20120E, 2261E0, 24EBD5, 278FEC, 2A17A8, 2C3477,
2D39FA, 2C87AC, 2A3C45, 26D9D9, 23627E, 20DA22, 1F7FA4, 1F210B,
1F2FF1, 1EEEAA, 1E0FD5, 1C8DDF, 1A765C, 1834C9, 163A08, 14C10F,
141044, 143F77, 153340, 168B3C, 17BC29, 186BEB, 1875A6, 17E215,
16D0C1, 158497, 14535A, 139E91, 13A828, 141E70, 149A71, 148DCB,
13AAA8, 11F479, 0F9EF9, 0D0D70, 0A7E0E, 084013, 068E77, 05BF7F,
05C919, 063EA8, 06BF33, 06B8A8, 060D40, 04D3CB, 03241D, 01406E,
FF5359, FD9D46, FC4150, FB6B30, FB0A35, FAE8EC, FAC298, FA78A3,
FA1594, F98D65, F8C95B, F7D0DE, F6D994, F63BA4, F65A66, F76E90,
F943FA, FB3E5F, FCB72F, FD267E, FC9788, FB8E4D, FAC8F6, FB0281,
FC6F23, FEC451, 017206, 03BC10, 04F22B, 04D375, 036925, 0149DF,
FF04AC, FCF97A, FB66E7, FA363F, F94B47, F8A3FB, F8572D, F8619F,
F8BC29, F9582C, FA14AB, FADB69, FB8732, FC20CE, FCDA6E, FDBCDC,
FEBD19, FFB1B4, 0075DD, 00F1B6, 010B71, 00BED9, FFDF26, FE9719,
FD2DCB, FBEDC2, FB1412, FAC07F, FAE836, FB665C, FC0EAE, FC8653,
FCB806, FCAB08, FC939F, FC910A, FCA9DC, FCA9A7, FC7C50, FC13D5,
FB801A, FAF3AC, FA6E71, F9D455, F8CEE0, F74CEB, F544B5, F2FC16,
F0EEE5, EF840B, EEDCF6, EEE976, EF8D29, F09C7E, F1EB75, F32689,
F435F7, F55559, F6AB8A, F85EDF, FA3D29, FC0099, FD81B5, FEE388,
0075E9, 0279FA, 050AE1, 07B535, 09E24E, 0B0FB4, 0AE2C5, 09890F,
077A72, 055425, 038C98, 0237BE, 013751, 005683, FF6441, FE3E58,
FCC999, FB1F09, F9CC23, F96F79, FA52C2, FC676C, FEECCC, 012F98,
02DCE0, 03CE3D, 0429CA, 041312, 039A74, 02C33E, 0197D0, 0022C1,
FE814D, FCDCD8, FB6FC8, FABA43, FB0816, FC5F94, FE67CF, 005C6F,
01A8F3, 020825, 01CB6C, 01A1BE, 021D9D, 0378E5, 053A6F, 06CBD8,
0780CC, 0713AA, 05EEE6, 04A459, 03C712, 037232, 0382CF, 03A973,
03747E, 029FEF, 013585, FF8DB0, FE1239, FD03BF, FC56CE, FBEB4D,
FBB8B9, FBD52A, FC64B5, FD59A6, FEB488, 002E5F, 017162, 026352,
02B9C8, 026245, 018A96, 0072DC, FF7136, FEB6F5, FE6663, FE7330,
FEA521, FE8EE6, FDCB4C, FC121D, F96D9B, F66664, F386D7, F13C64,
EFC242, EEE2AE, EE573F, EDD4F6, ED13A3, EC279E, EB2EEB, EA5833,
E9F2ED, EA0EE6, EAC42C, EC23AB, EDE65F, EFC04A, F158D7, F23DBF,
F22856, F0FF51, EEF03E, EC7726, EA2595, E8A0BF, E847EA, E9214F,
EAAC02, EC35DD, ED5C7E, EDE571, EDEDF5, ED702F, EC8EB9, EB7C07,
EA899E, E9C9F5, E9353B, E89AC9, E791F0, E62B50, E4AFEF, E38090,
E2D1FF, E26455, E1E1C9, E10042, DFEAEF, DF3A43, DF607E, E08962,
E2557E, E40922, E50FF5, E52755, E4A7D8, E423F4, E403BE, E4C071,
E67EE5, E93379, EC33E4, EE71E4, EF3A62, EE5CCD, EC5860, EA01E0,
E82AE2, E73AF1, E731E3, E7D5FE, E8C8EA, E9E70B, EAE9F7, EBBB8D,
EC7149, ED30A3, EE2C2F, EF6B79, F101BF, F2CDB6, F4D990, F71C1F,
F997AA, FC4349, FEF894, 018E2D, 0397A4, 04CBB6, 054B8D, 058FAF,
064024, 07DCEB, 0A8EE3, 0DE1DE, 112636, 13796D, 1436AC, 133524,
10F358, 0E9119, 0D134F, 0D25A8, 0EE872, 11E12C, 154036, 18440A,
1A8132, 1BB9F4, 1C34FB, 1C39C6, 1BE248, 1B4D15, 1A92C2, 19D976,
194AFD, 1916A6, 1931B6, 1990E5, 19F2DE, 1A1CD0, 19CEB5, 191A4F,
1855C5, 181817, 190D29, 1B49EB, 1E8965, 22255B, 254AB7, 278A3B,
28B57F, 28DEFA, 28532A, 276B60, 268175, 25FED8, 25FC2D, 264BB4,
26AA91, 2699FE, 25CC78, 24257F, 21C000, 1EECAE, 1C0D32, 19905D,
17AE71, 169BC2, 167C71, 173123, 187685, 19B276, 1A656A, 1A5A02,
1990F2, 1868FA, 1735F8, 165ED2, 164959, 16DB62, 17D839, 18C09C,
18F377, 180EF5, 162937, 13DF1E, 11B890, 103ED2, 0F7489, 0F5B15,
0F74C7, 0F4EAD, 0EB8C8, 0DAB87, 0C6C96, 0B09A7, 09A2E0, 0820B1,
066CEA, 048F78, 02DDB0, 018739, 00BFCA, 009AA5, 00CADB, 010A75,
00DCBC, FFE207, FE2E14, FC0160, F9DF9F, F828AE, F70EB1, F6BE0C,
F70F03, F7C43F, F88C9B, F915CD, F94139, F95155, F9AA8B, FA7BE8,
FBDE78, FD7E79, FF2C62, 00C11A, 01FB8C, 02C72D, 030149, 02A142,
01C5DE, 009E98, FF483F, FDD0CB, FC57DB, FADCF7, F99984, F8CAE7,
F8CFAD, F9A7FB, FAEF55, FC0C84, FC95A4, FC866A, FC2BCE, FBFCC7,
FC0550, FC4F83, FCC947, FD74E6, FE5BFE, FF66A9, 004A43, 00B898,
0089CB, FFBB76, FE720F, FCE321, FB7F72, FAC667, FAEABE, FBE3C6,
FD6F8D, FF1651, 0062AB, 011636, 013029, 00E4B6, 006E5B, 000162,
FFAFF4, FF5A5A, FEEF6D, FE4D43, FD86E5, FCC36B, FC01C1, FB28C8,
F9F6BA, F86D5B, F6C208, F52D9F, F3E192, F2DD42, F22700, F18F49,
F11826, F0E924, F11D4A, F1AB36, F26342, F32649, F3FF0B, F56563,
F7CCBE, FB4620, FF9041, 03AFDF, 06CF0F, 08BF0F, 095A46, 08F442,
081016, 071630, 064E90, 05AE0C, 05092F, 040530, 027BDA, 0096A9,
FECCF2, FDB77C, FDA0BB, FE6211, FF8AE3, 00AA95, 01A0A0, 02652C,
0301D5, 039620, 04115F, 04438E, 03EBC0, 02FD90, 0180CF, FFB596,
FE11B5, FCF727, FCD4A7, FDB374, FF27E3, 0081F3, 00F8D1, 0058C3,
FEE076, FD4915, FC6051, FCA4F8, FE24FC, 008EC7, 0341EF, 059ED4,
073908, 07D664, 07ACDC, 071020, 06577D, 05CDBE, 05765E, 054A4D,
05404F, 0527AB, 04DCD4, 043F0F, 033F11, 01E488, 0067E0, FF181B,
FE0D45, FD8E4A, FD9A85, FE0963, FEB77E, FF8347, 005CA8, 0103FC,
0143AD, 00F906, 003902, FF7FFB, FF4D82, 000C5F, 01B3A6, 03D3DC,
05C78A, 071E5A, 077909, 06A89C, 04A9D3, 01A1FD, FE1464, FA7198,
F740EB, F4EE33, F39714, F2F2E4, F2B5F4, F2911D, F24808, F1C898,
F111BF, F03135, EF62EA, EF07A6, EF5E5E, F05FD4, F1709E, F1F6AE,
F16A05, EFD332, EDB5E1, EBCF3B, EAC3D5, EAB769, EB99A9, ED1598,
EEA601, EFC9E1, F048AE, F02B87, EF7EB2, EE90C5, ED97E3, ECB926,
EC2AF8, EBDB45, EBD38C, EC09BC, EC784B, ED230F, ED84F8, ED4E6E,
EBF18C, E979E6, E64C03, E30F9F, E0B2D4, DF7FBC, DF8E67, E09BAD,
E1F905, E30B26, E35DC7, E2DCAB, E1E523, E0F0E1, E08FEA, E13220,
E2E3DF, E56109, E81A59, EA5C7C, EBA7CB, EBD73A, EB1E6F, E9E503,
E89C34, E791C5, E6DBCF, E69C41, E6D865, E787CD, E89666, E9C122,
EAC39F, EB4CF7, EB2C34, EA4B28, E900BB, E8072B, E7CE1E, E8E3E8,
EB2CE7, EE49D2, F1C624, F4E3EA, F77655, F94516, FA839C, FBD223,
FD9CCE, FFF75F, 02A11D, 051408, 06C730, 07C9CF, 0865DC, 08C5FB,
091171, 093293, 094101, 09789E, 0A220A, 0B93AC, 0DCBEB, 1082F7,
135DED, 15E8AC, 17D298, 18DC6D, 18FBAD, 1863B5, 175D3C, 168578,
1666CE, 172064, 185311, 1958BB, 1994E2, 18DBC4, 176D5E, 15D6BD,
149E71, 140B47, 1454D0, 15624E, 1706B7, 19030D, 1AF283, 1CAAEB,
1E3BC8, 1FCD12, 21781F, 233D57, 24D336, 25F84E, 26A8F5, 26DC0F,
26D44F, 26C342, 26D400, 26D25B, 265305, 250DC4, 22EF2F, 206079,
1DED4F, 1C2184, 1B4D4D, 1B3FE0, 1B9661, 1BD0E3, 1BA977, 1B0B15,
1A0AA5, 18E039, 17DDC6, 173E57, 171262, 1744EC, 1791F0, 17B307,
1785CA, 174392, 1723C0, 1744CE, 17698B, 176776, 170350, 1632D1,
151AB2, 13C520, 126177, 111373, 102273, 0FA85B, 0F8118, 0F20FE,
0E260E, 0C722E, 0A7415, 08B620, 0795D3, 073EAE, 076FEC, 07C0B7,
079751, 06AE55, 0513FB, 030BC5, 00C9FF, FE8E3C, FC7678, FA6553,
F87CFE, F6F313, F6078E, F5FD44, F6CFB3, F857DD, FA1C24, FB8608,
FC41AF, FC42BE, FC0E49, FC0771, FC7B7C, FD73ED, FE9F70, FFE9A7,
0107B0, 01B640, 01B4B5, 00DD61, FF5259, FD74DC, FBBBDA, FA676B,
F982D2, F9180A, F91A52, F98C37, FA759A, FBAC07, FCE1BB, FDA26F,
FDB988, FD2F90, FC7101, FBE1FF, FBC0EE, FC2E6A, FCD137, FD57A0,
FD9549, FD5A2D, FCBC65, FBE7D0, FB0CEE, FA9B4C, FAB79D, FB7267,
FC870A, FDA350, FE95D9, FF379C, FFAC43, FFF06F, 00108F, 000005,
FFC480, FF744C, FF2775, FF1284, FF3F3A, FFAB21, 004D4B, 00F8D5,
015E87, 012A4B, 002C57, FE4182, FBB4A2, F900B8, F6975B, F4B5CB,
F33C5E, F1CF66, F01AC4, EE1514, EC2575, EAF285, EB2428, ED2AAD,
F0C98D, F54D70, F9C22D, FD42DC, FF6BD6, 005C3B, 009412, 009FF6,
00ED8B, 019625, 0267AC, 031D93, 03697D, 0369AE, 032B88, 02D7D5,
027204, 01EBCF, 01517B, 0091A1, FFCD88, FF40E9, FF2EF0, FFE102,
0161A8, 0347F0, 05014F, 05FB51, 05E379, 04C07B, 02FCA1, 013804,
FFF967, FF7A82, FF9C5D, 0010D1, 0068F2, 004CD6, FF85C8, FE309C,
FCA007, FB3382, FA71DA, FA9017, FB848C, FD2068, FF120C, 0103B2,
029620, 03BFD3, 046096, 04A7AF, 0491B3, 043A26, 03E136, 03C043,
040EB2, 04A738, 054BDD, 05AE6E, 05C540, 059C23, 052426, 0466FB,
035652, 021A04, 00F4FB, 0009B9, FF3E98, FE635F, FD58EB, FC3034,
FB4E31, FAEAEA, FB424E, FC4DF9, FDF65C, 001991, 02964B, 051FF6,
075DC0, 08F265, 097A1C, 08D3B2, 070045, 0452C1, 014621, FE848C,
FC9366, FBC2CA, FC195F, FD1A18, FDF3B6, FDD626, FC3A6D, F96309,
F60A11, F2E3F7, F0B7BB, EFC1DA, F000A5, F10E89, F2541F, F336DB,
F3296C, F22F73, F0ADE1, EF2BE6, EE12B3, ED6EA5, ED358C, ED596B,
EDB600, EE2601, EE927E, EED60F, EEF0BE, EEB4D7, EE2838, ED836A,
ECE3FB, ECAE3D, ECFA0B, EDDAB4, EF3966, F0B12B, F1C31F, F1FE49,
F10413, EEE04D, EC04F3, E8EAD2, E6479E, E4BA24, E43FC0, E47894,
E4E8F9, E50222, E49125, E39E9C, E267FC, E14BBF, E07EE5, E03DD8,
E09E3D, E1951E, E304EB, E47E8E, E59EA0, E62B67, E62906, E5D100,
E57E79, E57AC3, E5D8F9, E6C3E3, E8425E, EA1A58, EBCC92, EC9DCE,
EC34D5, EA9BF9, E85D45, E604E8, E41EDA, E305C5, E2E63A, E3B04A,
E52D88, E724EB, E92955, EB01AF, EC76A2, EDD521, EF47E8, F0E296,
F2A885, F45CFC, F5FACD, F78B64, F92C45, FB24DA, FD6CA7, FF9D57,
0155C0, 0254EB, 0291EE, 0280C0, 02AF82, 038EB6, 054780, 07BFBE,
0A8ACE, 0D1074, 0EF8D8, 101007, 10A7C2, 11529F, 124F2C, 13B9E3,
1551A1, 169C16, 1770C8, 179C25, 1745FF, 16B410, 15FD3C, 155867,
14A275, 13EF67, 134E13, 12DCC3, 12A382, 12AF5C, 1321CE, 143CA5,
16168E, 1860B4, 1AC6C4, 1CDFD3, 1E6BD4, 1F658D, 200391, 209517,
215980, 2251C9, 23785E, 24792A, 2527B1, 2575DC, 254EA1, 24E52A,
244944, 239E73, 22D260, 21FC39, 2118D4, 202681, 1F36C3, 1E51AD,
1D6FE0, 1C8820, 1B9770, 1A7FF8, 194D04, 1815D0, 170DF8, 1663A1,
1636FF, 16A6A2, 17AA9C, 18F76E, 1A3669, 1AF08C, 1ABB32, 19961F,
17CE3B, 15EB80, 146EB6, 139B4E, 1348C6, 1338C5, 1330C0, 131AB5,
12E059, 127818, 11E4D1, 11229C, 105225, 0F713A, 0E89FF, 0DA292,
0CC0DC, 0C178E, 0B84C6, 0AE2BA, 09E77A, 08332D, 05C0C2, 02B5AC,
FF8881, FCCBD0, FAD854, F9ABBD, F91606, F8DEDF, F8DAD7, F91AE6,
F98F16, FA2594, FAF1F5, FBCC89, FC9B3F, FD5288, FDDFAF, FE5B3F,
FEC416, FF15A9, FF5A75, FF530E, FEE5CD, FDFB43, FC97AC, FB1E11,
F9EFCD, F97330, F9CA72, FACB2C, FC0E5F, FD1C1B, FDB5FF, FDBAE3,
FD366D, FC8B6B, FC0957, FBF3C6, FC5CD7, FCFB30, FD7055, FD3FA9,
FC4D49, FAE1BB, F97B51, F8AB06, F8B353, F9A7E6, FB2B4A, FCD5B9,
FE3671, FECAD4, FEA938, FDEE26, FCE418, FBE455, FB34B4, FAD8D0,
FACF95, FB28C9, FC20D6, FDE0C0, 005B6F, 0345D6, 05EDF1, 07AAFE,
07F294, 06DE7B, 04F3D6, 02C037, 00AF42, FF0BB9, FDDA33, FCE612,
FBC3A8, F9F649, F75457, F41A26, F0F16C, EE8BB0, ED77B9, EDA72B,
EECD56, F074DC, F26238, F470B5, F66232, F82826, F993F6, FAA8D0,
FB80F6, FC3B44, FD114F, FE1BF5, FF5B32, 00A157, 01C978, 02AB33,
030A8F, 02AAC9, 017C73, FFE0E8, FE4E08, FD68F8, FDB774, FF351B,
0182F0, 03E2D4, 05DBC6, 070549, 0720EF, 068149, 057AA2, 04766F,
03B9A6, 0351B0, 033CE0, 0347D5, 032001, 0279EB, 0133EE, FF863F,
FDE738, FCC23F, FC5172, FC9257, FD5504, FE664D, FFA0EF, 00D355,
019810, 01A07B, 00C613, FF5745, FDE604, FD1B4B, FD736E, FF160C,
01C7D4, 04EE5A, 081A6D, 0A7AB0, 0BC2EF, 0BB8D7, 0A68A5, 083D21,
05B4D3, 03779B, 01E43A, 010BE1, 00C2C7, 00C50B, 00CF08, 00CD60,
00997A, 001FE0, FF56C6, FE48A9, FD6B83, FD34C0, FDE80D, FF920B,
01E00E, 04658B, 068A3B, 07C0DA, 07CDA3, 069D93, 04C2C3, 030359,
02115E, 024C4A, 0368A6, 04CEF3, 05BD0A, 05A7CC, 0452A3, 01E75D,
FEFABC, FC0761, F9A1A1, F812F1, F72EF7, F6DB14, F6D5F1, F6E01E,
F6EEF5, F6D70B, F66BA3, F59212, F43954, F2901C, F0E16A, EFACA8,
EF0055, EED6CA, EEF57A, EF04EE, EF1199, EF2863, EF6312, EF9185,
EFA745, EF98A9, EFC7FA, F070F5, F18432, F2B7BD, F37C33, F37145,
F281AF, F0F081, EF3AEC, EDC87F, ECADA7, EC0068, EBA6B9, EB98E6,
EBB799, EBC857, EB7F40, EAA870, E942DD, E767CE, E56DD8, E3A2DB,
E24A3D, E16F33, E134E8, E1A27A, E27A6D, E376DD, E42E05, E48042,
E4AA37, E4F372, E5AF31, E6CEF2, E80AE6, E91438, E99620, E99BCC,
E943CA, E8B8B9, E8208B, E79622, E736A3, E6F470, E6B996, E676E1,
E62153, E5B16D, E57A67, E5BB27, E68BDE, E7C24C, E90BF2, EA2F7E,
EAF213, EB661A, EBE662, ECC373, EE44FA, F06D52, F2E31C, F544D4,
F71EFF, F8566E, F92738, F9DA7E, FAB760, FBC8C8, FD0AA7, FE7F01,
001404, 01C7F9, 03A9DB, 05CB4F, 0832C3, 0AC3E2, 0D3DE4, 0F5E1C,
10D5A1, 119B2B, 11D1D0, 11C439, 11E6D3, 1254A3, 131257, 13C257,
141E20, 13F23B, 134531, 126277, 117592, 10C526, 108D54, 10E8A8,
11EE77, 137D63, 155490, 1716E0, 1840FE, 18CD00, 18FA45, 1921EB,
19808C, 1A19DA, 1AFFD9, 1C268A, 1D8465, 1F271D, 210798, 22F38D,
248A14, 257EF1, 25BD59, 254BE7, 245A17, 231EE9, 21B4EF, 2066BF,
1F92B7, 1F4D9A, 1F60BC, 1F667C, 1EE489, 1D8CFE, 1BCE5E, 1A1CD4,
18EE16, 1856A8, 183223, 186F77, 18C801, 194420, 199EEB, 198972,
18D483, 178EA5, 1617C5, 14D734, 1420B9, 13F9C4, 142881, 148F25,
14DD28, 14D395, 14726D, 13AA04, 12CFBC, 12269D, 120642, 1292DA,
13814A, 14572C, 148E52, 13C519, 120DEF, 0FC36E, 0D24CB, 0A7D70,
07D39E, 052D3E, 02994B, 0036B6, FE3650, FC9D39, FB7CF0, FAF6E5,
FAF911, FB56F3, FBE1F0, FC68D1, FCD13A, FD1CB6, FD6392, FDCEF5,
FE5BF1, FEEE5A, FF163B, FE723D, FCF70B, FADA5B, F8D6C8, F79FEC,
F7A7DD, F8E8E0, FAE817, FD07BC, FEA95F, FF3D1F, FE95A5, FD0EEE,
FB42B2, F9DBE5, F9562A, F9AA16, FA8341, FB7025, FC0961, FC3747,
FC208F, FBE829, FBC05E, FBA01B, FB6A45, FB16EA, FACF75, FAB443,
FA94A3, FA7CC7, FA2392, F99E50, F8EC34, F7EC75, F6BE7C, F597A4,
F4F091, F55230, F70CF6, F9D8CC, FD13F0, 001AF5, 0266B7, 03D8EA,
0479C3, 048333, 043BBF, 03D20D, 0378B2, 035010, 03268F, 02C014,
01F456, 007658, FE6BEE, FC00BB, F98101, F6F3DD, F46E2B, F21CDD,
F043A1, EF58D5, EF7410, F074B4, F1EBF9, F33DFB, F41D93, F4AAEC,
F503C6, F5A244, F6D04E, F89080, FAD5A9, FD15BB, FE9F8A, FF1204,
FE589D, FCA4BE, FAA01D, F906F4, F86923, F906C9, FABAE4, FD3611,
00098F, 02A372, 04A9DE, 05CC49, 05D4FC, 04E043, 033B8F, 01A39A,
00920C, 0063CA, 00F578, 01F9AA, 033025, 043DCA, 050EED, 054E0C,
049B64, 030C90, 00E4BF, FEA832, FD0BC5, FC6217, FC8C82, FD4056,
FDDE98, FDDD3A, FD251C, FBE62A, FAB375, FA35C7, FACC62, FC8687,
FF0360, 01A5CE, 03FCE1, 05BED1, 06DE8C, 07692F, 075E13, 06BF85,
05A90B, 046C26, 036479, 02D7E7, 02DE42, 0356ED, 03E517, 0434F5,
03F143, 030019, 018208, FFA5A5, FDE5A8, FCC4BD, FC9585, FD649F,
FECEDA, 003FB4, 015861, 01EC58, 02006B, 01E205, 01D85C, 022882,
0305B6, 0440BA, 059E0B, 06B9DD, 071F3A, 06CA4A, 05BD63, 044F0C,
02F03A, 01B6B9, 00B432, FFE514, FF51A5, FEFD2F, FEEAF1, FF08CE,
FEDEBE, FE2C81, FCBACC, FAA843, F851F5, F600EF, F40FD4, F2A6BD,
F1C1CC, F14CA4, F12BA6, F13FB0, F165E2, F1862D, F17708, F15A4C,
F1449C, F143B8, F1589E, F1555C, F12F65, F0FBFC, F0E0B3, F0E99C,
F104CA, F11677, F117CE, F11352, F10BCF, F0F8B5, F0ECFE, F0DA26,
F0D2AD, F0C6E2, F07360, EF9E6D, EE0E31, EC16DB, E9EC6C, E80C31,
E6AA32, E5CA0C, E561F8, E5425C, E54C4F, E550E1, E53231, E50AA3,
E50057, E51020, E556E9, E59444, E58A11, E540C1, E4C3FE, E47605,
E4BB8C, E5ACD0, E71F48, E88AA5, E974B7, E98E16, E8BE74, E76989,
E5F19F, E4D9D3, E474FE, E4C861, E5A71C, E6AB8E, E764F8, E7A120,
E798C4, E79D98, E8092B, E8CDFF, E9B3E8, EA7B82, EB1408, EB83D5,
EC0070, ECCA7D, EDF128, EF6111, F0D619, F22489, F326D9, F3F673,
F4E041, F61C7F, F7FA48, FA8B9F, FDB58A, 015465, 04D9AE, 07CDAC,
09DD66, 0AC63C, 0AEBBD, 0AE76C, 0B32ED, 0C02ED, 0D39A0, 0E782F,
0F91EC, 1058EE, 10DA44, 112965, 113B28, 114AED, 1150B2, 1172FC,
11B46B, 1216A7, 1267CE, 12A437, 12C764, 12F860, 136C20, 140E38,
14C916, 156F9F, 1624BF, 1709F4, 185838, 1A0989, 1BC50D, 1D5997,
1E9B71, 1F7214, 200B26, 207EFC, 20D747, 2139FD, 21BE9D, 2271B2,
233E37, 23D3B9, 240993, 23BA16, 22E74C, 21B874, 206594, 1F4CF6,
1E9487, 1E4B12, 1E685B, 1EA641, 1EDCB6, 1ED5D2, 1E47F2, 1D18E4,
1B64B4, 197E42, 17D90B, 16D204, 168160, 16A74D, 16FB0C, 1728EE,
16B9F1, 15A3D6, 14247B, 12C9C6, 120DAB, 124924, 139EB1, 15CAFD,
184D0B, 1A7F08, 1BD344, 1C071F, 1B27B6, 195A95, 16F326, 141959,
110B9D, 0DF112, 0AF9D7, 0881D8, 06C2F8, 05BE00, 055334, 05505B,
05266B, 046AA6, 02F0ED, 010E69, FF7060, FE9D27, FEA08A, FF4093,
00022E, 006990, 0053BC, FF986C, FE4FDA, FCC9C6, FB588F, FA9127,
FADC65, FC2DD3, FE034F, FF932F, 00244E, FF8928, FE08DD, FC1293,
FA3E01, F8DA07, F81C94, F827D5, F9067D, FA7A88, FC4B33, FE16F2,
FF7191, 003BDA, 0055DE, FFCB18, FEAFB1, FD4D8D, FC3CE3, FBCCFD,
FC0FCF, FC9465, FC9D04, FB889A, F956E7, F6991C, F41013, F28B2A,
F24490, F31589, F4AF51, F6AE83, F8D37D, FADDA5, FCA891, FE12E8,
FF01B2, FF7A44, FFB18C, 0006CA, 00C786, 02297D, 041C37, 064AC1,
082C09, 0945EB, 08FA5D, 06F0CA, 03539E, FEA45F, F9D03B, F5F975,
F3CCEE, F3568C, F45390, F5F39D, F77809, F858F0, F84051, F743F5,
F5EA43, F4CB97, F46BD3, F4D3C9, F5BB66, F6EC10, F7E97A, F8846A,
F8BE58, F8C80F, F8D365, F8F883, F94584, F9C71D, FA8E4E, FBAA33,
FD0A14, FE7B26, FFBE43, 008461, 00B9A7, 0047DF, FF5134, FE48B0,
FDBFEB, FE2912, FFB4FD, 0223F3, 04E3AE, 075DDC, 08F51C, 095B16,
0881D1, 06A967, 046475, 0236CC, 008A3F, FF7C4F, FEE614, FE7E25,
FE1A12, FDA5D5, FD29FA, FCCFA1, FC78F8, FC5677, FC3C09, FC4B96,
FCAB46, FD5F9F, FE74F9, FFC0DA, 011E46, 02462E, 030FE0, 036702,
0348AC, 02E6C8, 02B182, 02EA0D, 03AF31, 04CB85, 05BB53, 06387C,
06041B, 051917, 03BA2D, 021E8E, 009FD2, FF80E1, FEF729, FEDB0F,
FF00EE, FF4CCF, FFA28D, 000F25, 00964D, 0132F4, 01BBA4, 02017D,
0201F2, 01C472, 0164A1, 011C8E, 012BB2, 01A5A1, 025AB4, 032ED5,
03FD65, 04B22E, 0563CA, 060302, 06818E, 06B9A8, 0686D8, 05D168,
04994E, 03063A, 014379, FF870E, FDE7C6, FC60C3, FAF80F, F9A1F6,
F853AD, F71DFF, F627DF, F58244, F54D41, F561F9, F5855F, F563BE,
F4A426, F35076, F1A62C, F02309, EF3EB3, EF1D92, EFB02D, F0C35C,
F20745, F31652, F3B47A, F3CA78, F37D72, F32E1B, F31453, F340C5,
F35A20, F2F4EC, F2236D, F0F898, EFCE9B, EEF9B5, EE7759, EE4770,
EE08A2, ED73AC, EC642F, EAD986, E930F6, E7BFEE, E70665, E70906,
E7BA80, E8955E, E9166D, E8C7F0, E7940A, E5F402, E46B6F, E396C1,
E3AB33, E47A31, E59C7D, E6A147, E74F4C, E7824A, E72661, E65C7D,
E56D8F, E48316, E3D5B2, E3A495, E3DD24, E46D05, E53DF4, E63BB7,
E77A75, E8D07C, EA039E, EAB26A, EA9A90, E9C785, E89A8B, E7B2A3,
E73F0D, E72256, E73963, E75B24, E7776E, E7B132, E813FE, E8C4F9,
E9E128, EB827B, EDCFF0, F0A58B, F3A663, F65B75, F88ED7, FA56A9,
FBCC5B, FD3C18, FEB6AB, 0036D0, 01D34F, 038D1B, 057164, 0773AC,
096006, 0AEDDF, 0BCE9C, 0C0FD2, 0C0EE7, 0C0C1F, 0C32A9, 0CA13B,
0D3D98, 0E0E19, 0F1121, 100D15, 10C697, 110149, 10A9E9, 0FECA2,
0F26D5, 0ED22C, 0F65B3, 10E05B, 131393, 15794E, 17756F, 18AEF7,
19230E, 1919CB, 18E50B, 18E776, 193AE7, 19F219, 1AF5AE, 1C5A84,
1DF2C3, 1FA946, 2140C8, 224A78, 228E2A, 21D5FB, 208652, 1F3675,
1E6787, 1E93C5, 1FB068, 217763, 2355D1, 24A5D6, 24FFA7, 241C64,
222E56, 1FAFAC, 1D21FF, 1AF239, 193748, 17E3FC, 16CBE3, 15C9A4,
14C6F3, 13D29E, 130329, 127F55, 125A1C, 12C757, 13E354, 158D8C,
17A915, 19A3E1, 1B25DD, 1BD354, 1BB5A9, 1AFD87, 19BC22, 17F60A,
15D04C, 139E7D, 11D613, 10E213, 10BDAD, 111454, 113613, 10B31B,
0F35F2, 0CB872, 0999B7, 064E94, 038A8C, 01B980, 00FC0A, 013C31,
01E3E4, 026B75, 027894, 01F706, 010A51, FFF113, FF083A, FE7E63,
FE7668, FF088A, FFFB17, 00EC03, 0166D6, 00FDD4, FF7FC4, FD115C,
FA21D0, F76891, F58400, F4F2D4, F5FE2E, F85B87, FB6F01, FE7318,
00A2A6, 0197FB, 015416, 00426E, FEF710, FDF756, FD9216, FDDFFC,
FEB03E, FF98D7, 001AC2, FFD8DF, FEC274, FD0142, FACD70, F83F02,
F59E89, F340B2, F182C0, F0CDD2, F11B5B, F25C2E, F44D58, F67C34,
F8A24C, FA583F, FB9769, FC9E6D, FDB671, FF3716, 013F2A, 039324,
05AD5B, 06FF55, 0719B0, 05DD8E, 03A808, 01070F, FEB41C, FD449F,
FCCFBE, FD4251, FE1919, FEC8A2, FEB971, FDC7EE, FC320F, FA3B62,
F851AA, F6A714, F54855, F43CE0, F3B899, F3C0BF, F459BD, F54DC1,
F64DAF, F72AD7, F7D3B0, F84534, F894F4, F8D81D, F91223, F9727B,
F9FEF5, FAA24F, FB1D7C, FB2FF7, FAC0E3, F9F8E0, F93A18, F8FCD9,
F99DB3, FB1A4A, FD4A4B, FFD66E, 02432D, 044EA4, 05BE10, 068C2C,
06996C, 060C98, 052EFE, 046024, 03AED0, 02F5AC, 0241D1, 017C1D,
00F10D, 009E22, 0088E1, 007399, 001522, FF4D70, FE2403, FCF495,
FC0181, FB7986, FB7740, FBDDE2, FC8FB2, FD71D5, FE7743, FF9166,
0097DD, 0182D6, 02591A, 031182, 039A84, 03F4C0, 041517, 03EFA6,
03A7A2, 034D53, 02F9DC, 02A93F, 025245, 020D88, 01FB11, 0234D1,
02B87B, 0354CB, 03EE93, 0459A4, 0453DE, 03BEAA, 027936, 00D624,
FF2697, FDDEEE, FD38A6, FD431D, FDD384, FEA0BD, FF9F7C, 00B997,
020D32, 038D1A, 051AF9, 068B7C, 078BB1, 07F40B, 079534, 06B511,
05A549, 04BCC0, 046712, 04957B, 050957, 05294F, 048346, 02F331,
00B983, FE735E, FCAB58, FB929A, FB0EB1, FAC332, FA6A78, F9D13D,
F8C3A4, F7459F, F57091, F3A993, F262C8, F1D26D, F1E6C5, F25731,
F2BD2C, F2FBEA, F333D2, F3814F, F40C27, F4AB4A, F517BB, F527D4,
F4A7D2, F3BC09, F2A3B6, F1A4B9, F1270B, F151A7, F1ECE0, F2926B,
F2BF93, F2139F, F08C29, EE7BD0, EC93AB, EB66A1, EB0C3D, EB3C99,
EB649F, EB3751, EAAAAB, E9EBA2, E952CE, E90254, E8FA7A, E9156F,
E93167, E9290C, E8FC17, E88DDE, E7CAB3, E6A133, E522EF, E380FF,
E1FF21, E0F06C, E06D95, E0B307, E1B70E, E3415A, E51A78, E6CB18,
E806C4, E8B037, E8D7FF, E8A581, E8555A, E8109F, E7EE4B, E82A76,
E8912E, E8E07A, E8AEB4, E7D526, E65A4F, E4B122, E35D49, E2B0FE,
E2FAED, E418F6, E5CF5E, E7CA71, E9CB8B, EBAD7E, ED4676, EEBC5F,
F02A78, F17B00, F2B61B, F3EA21, F54B72, F72FB7, F9CDDC, FD0FFC,
0089C0, 039544, 058284, 062BEF, 05D780, 052AA5, 04C820, 0535EA,
069F67, 08C1A9, 0B2528, 0D28E1, 0E6545, 0E9163, 0DE64A, 0CBFB9,
0BB787, 0B4081, 0B78AD, 0C6263, 0DBDF8, 0F705B, 114B5E, 13087F,
148A8C, 15A963, 16764F, 16C73A, 1698E2, 1638FE, 160F6C, 1680F1,
1797FC, 191451, 1A8DC4, 1B8635, 1BBB13, 1B406F, 1A6A0C, 19E162,
1A5CCB, 1C1D96, 1F21CD, 22C941, 262F22, 288937, 295CD6, 28A501,
26A41F, 24119E, 218861, 1F91FC, 1E2C73, 1D330C, 1C75EA, 1BB4EF,
1AEAC7, 19E6E2, 18ACBA, 17593B, 160645, 150BD5, 148847, 14BAAF,
159A75, 171483, 18E1B4, 1A771B, 1B5535, 1B12E3, 19B288, 17BA91,
15EB51, 14F651, 153505, 168746, 189649, 1AA19F, 1BD549, 1BBFAA,
1A26CD, 17261F, 134763, 0F0BB7, 0B0D1D, 07FF55, 06350C, 05C503,
065B17, 07766F, 087F81, 09101D, 08C46B, 078FFF, 05AF13, 039658,
01F4BB, 012007, 0154F1, 0242FE, 035C5B, 040C38, 03AE43, 023F0F,
FFFC97, FD5AA6, FB0C08, F97078, F8D6A6, F9241C, F9D9AC, FA9917,
FB0C6B, FB46AA, FB6FA7, FBE738, FCE15C, FE36AC, FFBCB5, 013F02,
029F35, 03BCC2, 047D70, 049FDC, 03FE8D, 02BBFF, 009E67, FDC89A,
FA61D8, F6D67B, F3D942, F1F115, F19775, F282EB, F41D8F, F5DA04,
F71CFA, F7AFF4, F7BD46, F7B644, F805AE, F8E5A0, FA54F6, FC1BAF,
FDEA2E, FF5EE8, 0030A4, 0059FF, 003F3B, 005B06, 00E790, 01DA82,
02DCFC, 036B1F, 03860B, 033F69, 02C61D, 02381F, 015CA3, 002CB4,
FE80E0, FC8F73, FA7944, F87766, F6C703, F5B736, F57057, F5FC1F,
F7209C, F8675C, F96F08, F9EAEF, F9E07C, F94EB9, F898E4, F7F9F3,
F79ABE, F7717D, F773F0, F7A992, F7F201, F84771, F89626, F8E29D,
F94AD8, F9DE3B, FAA639, FBA03E, FCCA51, FE07E0, FF419F, 007914,
01A6F5, 02BD3B, 03ADB7, 0468BB, 04E9D8, 053AB1, 0561EC, 057F05,
059861, 05A70A, 057B61, 04EB73, 03DD3D, 026B29, 00D2BD, FF51B0,
FE3B4F, FD8EBB, FD399A, FD116F, FD1AB0, FDB2E7, FEF057, 00B4A0,
0271E9, 038FD3, 03B57F, 02C61F, 01497D, FFCA3F, FECAA1, FE8C85,
FF08F9, 003B39, 01C3E3, 034026, 046C39, 052476, 0597AE, 05F8F3,
06512C, 06771D, 0640E1, 05A035, 04CABE, 0400DC, 035EE9, 02F64D,
02802D, 01E782, 013CFA, 007906, FFBC01, FF0D37, FE9C45, FE8E28,
FF02C7, 000970, 018A99, 03328D, 0472C1, 04E86F, 0491A8, 040E05,
03E899, 045A5C, 057E53, 06DBA0, 083305, 08EDC0, 08B75F, 07C250,
064586, 04CEF2, 03B54B, 030610, 028F86, 01EB05, 00EFF1, FF8AE5,
FDF468, FC548A, FADC20, F99C23, F88C00, F79620, F6A2CA, F5DF7A,
F55DBA, F52E2C, F55C22, F5A70F, F5DAF6, F5AC15, F50709, F42AD1,
F36EF0, F33718, F3C297, F4E2E3, F63E7D, F76169, F7C4FB, F74D71,
F60407, F41685, F1EA8B, EFE47B, EE5B9F, ED8E75, ED5C69, ED9A13,
EE20EE, EEAB69, EF10DE, EF23F5, EED6AC, EE3CB4, ED8E8D, ED0EFB,
ECCA3F, ECD70C, ED1FBF, ED4FA1, ED23A3, EC4504, EA7C0F, E7E566,
E4E7FB, E2261B, E03B8F, DF89B7, E025A9, E1DBA7, E3F861, E5E2BE,
E71957, E76556, E706A8, E64F7A, E5D9B0, E5DCF6, E66EA5, E75907,
E84EBB, E91ABA, E9876D, E9AD68, E97C91, E8CA6A, E797E4, E5D880,
E3DD25, E233A8, E14C0E, E1786A, E2A36F, E47431, E65F13, E7F658,
E8F67A, E93E45, E9104A, E8DE64, E9537D, EAE1A0, ED6C84, F0AD9E,
F3F402, F6A9E5, F88AC0, F993ED, FA39DA, FB03BA, FC48F9, FE2D13,
00911C, 031F9E, 057F2B, 074960, 082718, 082EFA, 077C8E, 065E91,
054C13, 048831, 045B76, 04F646, 066750, 08CD60, 0C115D, 0F7F28,
12527F, 1403F7, 144D01, 136CA1, 120F51, 10E55B, 10731B, 10EF70,
12103D, 135EA1, 146961, 14B8AD, 143FB6, 1352CE, 127781, 12638D,
13904A, 15F6A9, 193A69, 1CC7A6, 201C13, 22D9A1, 24B5EA, 25951A,
254F61, 24034A, 221681, 20288C, 1ED986, 1E6B41, 1EDEB7, 1FDD8E,
20E408, 218444, 21473C, 1FED3C, 1D9E05, 1AC74B, 1827B3, 16444D,
156762, 1573E4, 16214B, 16EBED, 177DDE, 17CDE7, 17B93B, 1794BA,
176117, 176144, 179584, 1817F8, 18E8D3, 19D39E, 1AB4B9, 1B3967,
1B2B0E, 1A666D, 18E729, 16B0EC, 141915, 11AC40, 0FE147, 0F0249,
0ED8ED, 0EF992, 0ED68D, 0DFF35, 0C650A, 0A2431, 07BEA9, 05C551,
04A6C5, 04B432, 05B4C1, 07237D, 086B97, 091710, 08C575, 0795E6,
05D2AB, 03C0E1, 01A03E, FF5CF3, FD24F4, FAE5D5, F8DB51, F739C0,
F65339, F6720E, F79252, F9A081, FC28F4, FE8D0B, 003EAE, 01160F,
018245, 01F1DA, 02A4D7, 0390C3, 042F47, 03FEDA, 02BD25, 0095AB,
FE00CC, FB9EDF, F9F873, F924D9, F90811, F948D3, F98A68, F960C2,
F8C37C, F7BD8C, F69333, F59918, F4F92E, F4D95D, F52BEB, F5D376,
F6A362, F79CCC, F8ADA8, F9BC44, FACCF6, FBEB59, FD314D, FE997D,
FFE65C, 00D11E, 01500E, 0194DC, 01D7B7, 023241, 027A0C, 0273C5,
01CDD0, 009C3D, FF236F, FDA34E, FC4D3A, FB587E, FAE8BE, FADB01,
FAFEE9, FB043E, FAC850, FA412A, F990FF, F8D144, F7FED0, F734B3,
F67FC1, F5FDD8, F5D6CB, F62FCC, F70B01, F82AA2, F93028, F98349,
F91D26, F8191F, F6E97F, F60034, F598C8, F5FFDB, F71457, F8BB5F,
FACD3F, FCF1C2, FF12CF, 010725, 02BC8F, 04285B, 050060, 051525,
046C38, 035FF5, 025C7C, 019132, 013BF2, 0156ED, 01A0E1, 01D843,
01A669, 012A2A, 007BED, 0008E0, 001447, 0074DE, 011C25, 01ACC5,
01F13F, 01BB15, 00DEF8, FF9F16, FE3004, FD02D3, FC6BA3, FC7CA1,
FD39E9, FE53B0, FF7F0A, 008566, 01439D, 01DBE0, 02632E, 02EA71,
037ECF, 0407AF, 04827D, 04E7B4, 0535F0, 056CF5, 057665, 0561EB,
052567, 04B09B, 03F5FE, 02DF03, 01AEC7, 009E0C, 000CFD, 001A9C,
008CE0, 01044F, 0124D9, 00ADA0, FFC087, FEC88F, FE20A4, FE52E0,
FF79D8, 01610A, 03B059, 05DBD5, 079773, 08C417, 093239, 08E3F7,
07FC4B, 06E078, 05EFC0, 054C39, 052353, 054FB9, 05BCC0, 061B6D,
0628CB, 05A03A, 044F74, 023C1D, FF9ED4, FCFAF2, FABB0B, F931BB,
F86D83, F8537D, F8A94B, F8FF64, F9025C, F887E5, F7A6B2, F6A1A0,
F5E700, F5C663, F65FFF, F78CD2, F8C7E3, F9CFD2, FA3186, F9E4DD,
F8FFF4, F7900D, F5BC83, F39F31, F192C0, EFEF50, EEF8BD, EEDEEC,
EF8328, F0A75B, F1E971, F2DDFB, F317FE, F2500B, F0DAB0, EF7022,
EEB801, EF06DF, F03BD7, F1C15C, F2BC8A, F29297, F123B8, EEBC05,
EBC080, E8DF1C, E68D70, E51DFE, E4B867, E50B56, E5B05D, E6247A,
E61070, E577DE, E4A43A, E409E6, E3DF61, E43470, E4F79B, E62613,
E7A689, E94569, EAC529, EBB4F4, EBCCFD, EADA13, E8F756, E69B53,
E43A44, E27C77, E1E001, E28530, E440DB, E663EB, E823F7, E8E09C,
E83D57, E671B0, E42956, E22FE4, E13DE2, E1AA75, E358E1, E5ED6E,
E8D224, EB95CD, EDF75B, EFD430, F15C78, F2CC8C, F45E74, F63377,
F83E6A, FA6DF2, FCA006, FE95B0, 001AF4, 00FC22, 00FF2E, 0033AA,
FED8E0, FD6E07, FCC0A6, FD5BA4, FF901C, 03290E, 076E6A, 0B99B5,
0ED7FF, 10A123, 10F97B, 104661, 0F207F, 0E16A8, 0D7F1B, 0D5DB8,
0DA0B1, 0E3186, 0EE244, 0FA8D3, 106683, 10FE6A, 11565C, 117082,
118E57, 1205C5, 13137F, 14B65D, 16E6A0, 19479D, 1B98F9, 1D5872,
1E42B0, 1E6D14, 1E41EC, 1E5439, 1EF415, 20350A, 21B960, 2332C0,
243999, 249661, 24573F, 2368A6, 21D79F, 200071, 1E10B7, 1C4C29,
1AF207, 1A04C1, 199ADF, 19976D, 19DAE0, 1A543A, 1AC4D3, 1B0AC0,
1AE348, 1A0F54, 18A6AD, 171673, 15F3FB, 15BE4C, 16BCCD, 189CB5,
1AC155, 1C9F28, 1D838D, 1D2737, 1BC909, 19F674, 183BE0, 16D227,
15B88A, 14ADD8, 1361EB, 11B72A, 0FD18F, 0E08C3, 0CAE53, 0C116A,
0C4E43, 0D1206, 0DF650, 0E959B, 0EC998, 0EAAE6, 0E643D, 0DF849,
0D1942, 0B8F57, 092358, 06099A, 02882E, FF08D1, FC290D, FA6B79,
F9F4D8, FAA109, FC2A2A, FDE232, FF3F6D, 0006A5, 001EFD, FFE5EF,
FFB622, FFCD91, 004AE8, 0105D5, 01BFB1, 0239FF, 02601F, 024751,
020B89, 01B4E2, 014D1E, 00E472, 00569D, FFB1E3, FEE6F7, FDEB79,
FCF5D1, FC2768, FB7B62, FAB9E8, F9ADB5, F8572B, F6E8C0, F5A4A8,
F4EAB6, F4F5F5, F5DD3C, F77082, F95E38, FB1DC5, FC32B9, FC9091,
FC5819, FBE944, FB9C54, FBBB2B, FC6EF9, FD9B05, FF034C, 005F10,
019E51, 02D530, 03E1FF, 047C5F, 044C4A, 03268F, 013A22, FF0068,
FD1716, FBF373, FBBC11, FC5011, FD3680, FDE578, FDF048, FD48B7,
FC3D63, FB23F1, FA5446, F9DDEC, F9A43D, F97395, F8FC1C, F834E2,
F7226E, F60BC5, F530C7, F4B623, F4C22E, F52E27, F60C29, F74B68,
F8C3FA, FA6E62, FC192A, FDB54A, FF2BBE, 0051E8, 00F9C2, 00F9E9,
0067D2, FFAE3C, FF584B, FF8BE8, 00471D, 014C0D, 022EA5, 02BC0D,
02DB38, 028F16, 022C28, 0203A8, 025FC7, 034F04, 0466A1, 05306B,
0541BA, 046B76, 02CAD2, 00E5ED, FF3B87, FE091F, FD7AEB, FD882C,
FE041D, FED5D5, FFD019, 00B476, 014992, 014CE9, 00C973, FFEF37,
FF2DE8, FEC538, FEF3AC, FFDF28, 018EA2, 03D00B, 060B6D, 07E245,
08D6EC, 08C3C2, 07C595, 061E7C, 045E59, 02EF10, 020900, 01C202,
01FA18, 0275B4, 02DE85, 02DFDC, 0242CA, 0112BD, FFA240, FE5D33,
FDA9C6, FDC993, FEB31C, 00296D, 0204DE, 03FDB9, 05A77C, 06A047,
06AA26, 06020A, 05298B, 04BCA2, 0521A9, 067C09, 08673A, 0A6894,
0BDB3F, 0C434E, 0B76F1, 095B7D, 06788C, 035D80, 00B3EE, FEEB77,
FDFEA5, FD94C9, FD3A60, FCB334, FBF998, FB4BBF, FAE4B8, FABF1D,
FACEA9, FAE065, FAD3DB, FAD5A0, FB0ADF, FB7DA7, FC05D1, FC4BC4,
FBFDAD, FAFBC0, F93B0F, F6DD7F, F482BE, F2C020, F1F950, F2616C,
F38BDB, F4E68B, F5B446, F55032, F3C992, F1911F, EF896F, EE85CD,
EEE176, F07F22, F2B8FE, F4FB6D, F68E33, F72B77, F6A1EC, F4F42B,
F281B6, EFB6E4, ED2FAF, EB4440, EA15EB, E997B1, E9828C, E98FFE,
E9737A, E92F31, E8B6DD, E7FD24, E7091A, E5D433, E4A926, E40977,
E45E12, E5B4C5, E7A5FE, E98446, EA9A44, EAA2F0, E9A5A7, E7D5A4,
E5DC04, E4769C, E43677, E540BA, E71787, E909B3, EA5114, EA68FF,
E95819, E76A55, E505F6, E29092, E04EC8, DE9F6B, DDDE2F, DE1F16,
DF7E9C, E1DE8A, E4C8E4, E7CBA2, EA6902, EC7F5F, EE098C, EF5DAC,
F0927D, F1B5A5, F2BAB5, F36D22, F3DC86, F410AD, F43B44, F4784B,
F4F220, F5CF45, F71F46, F8D2E6, FAC5DF, FD074F, FF743F, 01CF9D,
03F10D, 05A279, 06E70A, 07BC6E, 082699, 084E7B, 085B60, 088402,
091298, 0A2EB4, 0BA25A, 0D20E4, 0E5174, 0EE0D5, 0ED12F, 0E280E,
0D1AF6, 0C338E, 0BDDDB, 0C69A5, 0DDE00, 0FE8D8, 1223D5, 1438DE,
15EE0D, 17514E, 18905F, 19CE9B, 1B11B2, 1C2A2A, 1D1388, 1DA318,
1E0039, 1E5CC7, 1EE0DA, 1F8FA5, 203A98, 20C9EE, 210BD2, 20F162,
206E9A, 1F886F, 1E8275, 1D9E14, 1D20FB, 1D0884, 1D0286, 1CA92E,
1BAF65, 1A2189, 1876AD, 172B6C, 16A3E2, 170DE3, 1824E0, 19B31D,
1B2E92, 1C5976, 1D1855, 1D4FDD, 1D06B2, 1C3DB4, 1B0E65, 197987,
179A85, 158D51, 138A76, 11F56F, 111661, 110653, 117B9A, 121198,
128C46, 12D866, 130340, 1320F3, 133E18, 134D4A, 1333B3, 12B91C,
11BA9C, 1015D8, 0DE393, 0B3597, 085DF0, 05A826, 034D51, 01A7FE,
00B861, 006D80, 0087B7, 00D98F, 0123B9, 013307, 00E16F, 000DAF,
FEE8AF, FDBAE5, FCD23C, FC7538, FCBDE0, FDBA93, FF5CD1, 017570,
0380FC, 04E07F, 051F4D, 0420BB, 0259BB, 0077EC, FEEABD, FE11FD,
FDCD5B, FDB993, FDB034, FD6599, FCEEAC, FC35E1, FB58E9, FA79BC,
F9D042, F960B7, F9047E, F8A2BF, F8049D, F756C1, F6C9FC, F694E9,
F6C872, F73EF3, F7C061, F82B2F, F8B20D, F99427, FAE512, FC6E58,
FDE776, FF1F8B, FFD3A0, FFEA2E, FF5D95, FE5E68, FD3B78, FC7221,
FC4EBD, FCFBB6, FE43B7, FFA386, 00B5F2, 0121CC, 00CEFD, FFEB72,
FEEF36, FE1A08, FD7F40, FD0E89, FC7FE8, FBB4B4, FA8FB6, F901BB,
F7462A, F597A1, F42CB5, F32761, F2917C, F28B4F, F32592, F459CF,
F62CDD, F85726, FA624C, FBD2C9, FC639C, FC1AD8, FB1746, F9BFB9,
F8A9D6, F86DC9, F94EF5, FB2E18, FD7D47, FF9051, 00F995, 0190A5,
016EB7, 00DC48, 002EB1, FFA72C, FF83E9, FFF712, 00FBD7, 0260DC,
03C7C7, 04DA89, 0535E6, 04C6E6, 03A4B8, 0212B1, 00989A, FF7A2D,
FEFAD3, FF2BA5, FFD847, 00A5FB, 013BA6, 013CA5, 006C0D, FF034A,
FD72CE, FC34A0, FBAAF1, FBFA80, FD360F, FF36D5, 01A5D4, 0408EF,
05CD3D, 06A97B, 067B46, 0590BF, 0449A1, 03127E, 027E0C, 02A6BA,
03703E, 046ED7, 052B7C, 056FB9, 05270B, 045424, 030D5D, 0153EF,
FF7443, FDF73A, FD43D5, FD850F, FE8CAC, FFD2E8, 00B248, 00D9E2,
0037CD, FF71DE, FF26C5, 001224, 0258E8, 0576C7, 08C1F4, 0B6E93,
0D178A, 0D699D, 0C8286, 0AAF19, 086F3D, 062D7B, 0443A9, 02D1FA,
01CC77, 0141F5, 01138A, 01331D, 0153D1, 0100E4, 001EF5, FE9426,
FCC3B9, FB03E5, F9E546, F9D2E5, FADCDD, FCA9C6, FEAAA9, 00642F,
011918, 005B8F, FE27AC, FAEDC8, F795C5, F52121, F41486, F47A0F,
F5BAFB, F6E08E, F74DCB, F6C6FB, F572EF, F3BE88, F21ED0, F11FE7,
F10B8D, F1C329, F2F1A6, F41D2F, F4FBEE, F58F99, F5E228, F5EE79,
F59C10, F4B138, F31F97, F12EEE, EF4044, EDD5BF, ED35E6, ED664B,
EDF817, EE8264, EE97D4, EDEDAA, EC9497, EAB61D, E8B699, E6E163,
E5A354, E52124, E532F5, E59CB7, E62AD5, E6B608, E754B2, E8045D,
E8A617, E92956, E985C7, E9DEF5, EA3ED3, EAB348, EAFB8E, EAC4BA,
E9EBFF, E85E0B, E6463F, E3D21D, E15A7C, DF5846, DE31D0, DE29EE,
DF203B, E0EE0C, E31BAF, E535E1, E6E802, E80D03, E8D081, E9409A,
E97664, E98872, E990F3, E9C388, EA4FAA, EB7549, ECFA20, EEB238,
F05D14, F1C344, F2C5E3, F35D8C, F3AAA8, F3E864, F47F52, F5C108,
F7C394, FA3E2D, FCD391, FF3639, 0133EC, 02B1AE, 03BD1B, 04924C,
0560FD, 0650BB, 077582, 08A1DC, 099E82, 0A31F7, 0A3562, 09D66F,
0949C2, 08F760, 09134A, 099A7D, 0A7083, 0B72E4, 0CB5FF, 0E2D16,
0FD662, 119697, 1322CE, 146B29, 1553EF, 15A1D8, 158DF4, 156381,
15A495, 16C3AF, 18E58D, 1BC723, 1EA86B, 20F270, 222B18, 227641,
21E848, 20CF72, 1F7F97, 1E3B91, 1D53FD, 1CEBFC, 1CED7F, 1D2141,
1D5164, 1D3919, 1CDABA, 1C671C, 1C12FB, 1BFC89, 1C2B94, 1C9FE8,
1D6CC6, 1E8AD8, 1FDB3F, 20EE61, 213995, 207C87, 1E9EA8, 1C04AA,
190FBF, 164EA3, 143C6E, 1312BE, 130F47, 140CAF, 159989, 1732BA,
185BCD, 18DAC6, 18B84F, 183EA3, 17AD70, 1712E1, 16711A, 15BB51,
14FD93, 1445E8, 13AA81, 1329A9, 1290BC, 119CF9, 101648, 0E0ADB,
0BA308, 094030, 073138, 05BA83, 04DD67, 045148, 03C702, 02EA01,
01A4BF, 003EAC, FF2B2D, FECD48, FF6361, 00D437, 02AF41, 045705,
052BA6, 04F7CE, 03E922, 027958, 013298, 0073EA, 0054E6, 00A0A7,
01407B, 01F735, 0292A4, 02E05E, 02AE44, 020C3E, 011125, FFDCAE,
FE822F, FD156B, FBD4A2, FAD399, FA2BA7, F9F8AF, FA1A99, FA7E64,
FAE011, FAE325, FA680D, F99DC8, F8F37B, F8C78C, F95781, FA8B2E,
FBEFE4, FD142F, FD95CD, FD38AD, FBF7F7, FA3D45, F8A51C, F7DFEB,
F86E1B, FA2BC1, FCA2C1, FF45FA, 01906D, 034552, 04510B, 04903C,
0420FF, 0300F9, 017855, FFE77C, FEA967, FE044A, FDD5EC, FDDEE2,
FD8A94, FC80D3, FAB356, F87317, F658B2, F4CD80, F428B1, F480CC,
F59902, F72153, F8AA57, F9C3BF, FA46D0, FA390F, F99945, F8B246,
F7CD8B, F75E5D, F7B97D, F8EC6C, FAC4C6, FCB788, FE5306, FF4505,
FF6716, FEEABD, FE1BDE, FD539E, FD06D5, FD6A06, FEABCC, 0085D4,
0283FC, 04423B, 0562E4, 05CCE3, 0576D6, 048EBD, 0362A7, 0273F3,
01FB93, 022B3C, 02D789, 0396D0, 03E99D, 037CA0, 024D6B, 00BF46,
FF6494, FE67DE, FDF37B, FDDB66, FE17CC, FEB53D, FFBC81, 0107DF,
023B99, 030D4C, 0325CF, 028CCD, 019140, 00A536, 007DFF, 016C50,
03709C, 0619D7, 08B5D1, 0A7EF1, 0AD907, 09A9B5, 073C6C, 04590B,
01BF7B, FFFFAD, FF4B10, FF33D3, FF7F11, FF98FB, FF6272, FEE7B5,
FE3296, FD9D22, FD6E2F, FDFDD1, FF5939, 014FC0, 038D50, 05A519,
0780B2, 0904E5, 0A2D6F, 0AF07C, 0B07FF, 0A63E0, 093012, 079260,
05DE89, 047DE0, 03A58A, 0353F1, 03591E, 0375B5, 031FAC, 021FA9,
007C59, FE8CB8, FD175F, FC8E21, FD2206, FE9C20, 0053F0, 01BECD,
025A8D, 020254, 00F41E, FF6879, FD8EFD, FBB48D, FA1B18, F8E69E,
F7F91C, F73965, F6B7BE, F68162, F6C504, F75004, F7C495, F7C921,
F7296A, F6143D, F4DA03, F3E9E8, F36CC9, F35076, F37934, F3B241,
F3D991, F3BA58, F384DE, F32280, F2DFA2, F2EAF8, F32BC6, F39EF9,
F3E0C2, F3B794, F30E84, F1E45E, F07189, EECA42, ECE556, EAE02D,
E8D994, E7228B, E5F4C4, E57A5B, E5C9C0, E6AE31, E7FC39, E97C36,
EACF58, EBA742, EBF8E4, EBDAEB, EB62E3, EAC2F6, EA02B7, E929EA,
E84CCE, E76A46, E685A6, E58325, E476E4, E38DC5, E2CBD3, E246CF,
E1DF31, E1A9DB, E1B249, E1D712, E23017, E29C5D, E31412, E39B87,
E41311, E48A41, E4ECBD, E55EE0, E5FD80, E6F1DE, E81375, E937C6,
EA4300, EAE676, EB16A3, EAC9E3, EA2E14, E9B8A0, E9D057, EAD1F5,
ECC59E, EF6DE5, F25C60, F549F2, F7FCDB, FA4C03, FC26D6, FD52E3,
FDD1FB, FDD52E, FDA6EC, FDAC3A, FE3DED, FF8F44, 0167B2, 036272,
052962, 0676E2, 072B76, 0754F8, 071741, 06B754, 068AD7, 06C4AC,
07962A, 08B499, 09F893, 0B1AF6, 0BF6F0, 0C9270, 0D0CF9, 0DB91F,
0EBA98, 104EDC, 12778F, 1506E6, 17B937, 1A53B0, 1C7A88, 1DDE1F,
1E5E49, 1DFD6C, 1CF702, 1BA2E2, 1A5070, 194615, 18A999, 1886E1,
18F50B, 19D539, 1B0216, 1C348F, 1D2B3A, 1DE7BA, 1E74BA, 1F0BF2,
1FCEE8, 20A62F, 2167FC, 21A77D, 211E45, 1FCE1F, 1E14D0, 1C53CD,
1AEAC0, 19EF75, 195052, 18DB9E, 1863C1, 17E674, 1750F7, 16C817,
164E42, 1603AD, 15F5DE, 161D90, 164BA6, 165741, 167CAD, 16F6E0,
17E3B1, 192D54, 1A44AD, 1A9723, 19C863, 17D3D4, 152F1E, 1256DC,
0FDA2B, 0E0E86, 0D0775, 0CA202, 0C780F, 0C2107, 0B36E8, 09881B,
072D8A, 049CAB, 026C9A, 013623, 013249, 02156E, 0333DB, 040330,
0443E7, 03D965, 02F1F7, 01DD5A, 00F129, 00755F, 0083C6, 01054A,
01C47A, 02AA52, 03B653, 04B72B, 055229, 0535D3, 041C22, 021487,
FF84EB, FCDC64, FAC731, F9C8AA, FA09DD, FB35C7, FCAD33, FDF4D5,
FE9C32, FE7AA3, FDB34E, FC9010, FB7CBE, FABF2E, FA8687, FAB960,
FB0B15, FB3AD7, FAFED8, FA4868, F91B36, F78F8E, F60D44, F50A64,
F5084F, F6375B, F854CB, FAF106, FD679C, FF4B98, 00714A, 00F929,
0105BC, 00B0BC, 004EAC, 000AC0, 001AD2, 00A3F1, 016436, 01FB12,
01FA72, 01298E, FF9571, FD6DAE, FB1286, F8D0EF, F7128E, F63373,
F643F5, F72762, F8537A, F94655, F995D4, F9169B, F813B2, F6E44E,
F5F386, F58499, F5B815, F6B2CB, F856DA, FA40CB, FBD65E, FC9DB3,
FC4A62, FB0C2F, F963BB, F81362, F7D583, F8CF4C, FAED56, FDC3C2,
007D24, 0289A5, 038D18, 03824B, 02D51A, 01DEF5, 010CF0, 00A10B,
00A9C4, 011BC1, 01DB24, 02DE46, 03EE46, 04D9DC, 056ADF, 055AC8,
04A70E, 036007, 01C633, 001B5A, FEC7B6, FE3286, FE669F, FF29E4,
FFFF09, 006E65, 00476A, FF9CFB, FEC048, FE2EB0, FE4296, FF5FF9,
015775, 03DECA, 06606A, 083B24, 0938C5, 0947BF, 08B7A7, 07C3A6,
06C044, 05AFC3, 04A0AD, 036C6F, 02295F, 00F57B, FFEE55, FF4808,
FEEAAC, FEC19D, FE9568, FE533D, FE2211, FE3454, FEC363, FFD37B,
01A78F, 041065, 06BE32, 09275C, 0AB3EB, 0B4643, 0ACD75, 09C9F0,
089AF6, 07890A, 06C76E, 06280B, 059BF3, 04DFC7, 03E4DB, 03017D,
025FAE, 022B3B, 0259A2, 02B997, 03159D, 0356A8, 039EEF, 03CBCC,
03F5A3, 0403B2, 03C748, 031720, 01C41E, FFEE04, FDD5B2, FC07E7,
FAF121, FAD2ED, FBAE97, FCEDCC, FE198B, FEB8D7, FE7A3A, FD7992,
FBED13, FA2C42, F86293, F69D46, F50FA2, F3E841, F34F5C, F35948,
F3E5A3, F4CFBC, F5E750, F705D1, F7FAE8, F88135, F88B9D, F81578,
F7359B, F634A4, F5471B, F4954A, F3F263, F326BC, F1E758, F02516,
EE15C7, EC1F91, EABE98, EA2BD7, EA6852, EB34C4, EC47C8, ED3459,
EDC3DF, EDB3E8, ED270D, EC5219, EB8C26, EB2459, EB0861, EB2BA8,
EB5308, EB6F60, EB7972, EB44C5, EAB612, E99349, E7E1CA, E5B295,
E37172, E1A63B, E0B332, E0CC77, E1C693, E3411D, E49B9F, E59B04,
E5F85F, E5D9E2, E58122, E513C7, E4C699, E4B083, E4D246, E52B4C,
E5ADB8, E643D5, E6C988, E6FE50, E6DD67, E66E1C, E62454, E63F69,
E717E1, E8A3D6, EAB61E, ED406F, EFCE97, F2285A, F3E3C6, F4C9B0,
F4E5EB, F490DD, F441BE, F46BAB, F56778, F7402F, F9CE3F, FCC4E0,
FFBFBC, 025263, 0416D9, 04F663, 051087, 049DF2, 03EE65, 0337AA,
029273, 021C69, 01D23B, 01CDBE, 025D91, 03A3C7, 057CAB, 07A162,
09D83D, 0C01BC, 0E3580, 107BD8, 12EC32, 15492E, 171BAA, 181F09,
184628, 17D224, 16F284, 15F735, 155A1D, 156801, 1645ED, 17AB31,
190748, 19D71D, 19F35E, 1970F1, 18C5DE, 1886C9, 18F23E, 1A30A8,
1C062A, 1E29D6, 204E2F, 221D75, 235132, 23DD04, 2397A8, 228E9B,
210D33, 1F4DD1, 1D8A53, 1BEFD4, 1AB91F, 19ECF4, 19A2BF, 19A7EE,
19C178, 19893D, 18D145, 17A1A2, 16457B, 1541F6, 1512D4, 162321,
184231, 1AF507, 1D54B2, 1E8BE7, 1E222F, 1C25D6, 192FFD, 1641C2,
14159F, 1317B9, 1336FD, 13DBE6, 148C76, 14B54B, 14259E, 12B3C0,
109032, 0E0A30, 0B807C, 0936B8, 07464C, 05B879, 04907A, 03E2E5,
03B072, 03EAC3, 042854, 042BA3, 03DE33, 0380CE, 0351C9, 03A379,
046A73, 056F39, 067BBC, 072BB3, 074BDA, 068D27, 051055, 02F3FA,
007A5A, FE3E46, FCA94C, FC0A9C, FC6EC7, FD9E1E, FF193A, 005A8E,
010E55, 00ED7C, 001E29, FEEB11, FDD4EB, FD290F, FD2511, FDBB58,
FE7EB2, FF0153, FEE399, FDEC85, FC1146, F9A0D2, F72A22, F54761,
F46D93, F4C91F, F62124, F80001, F9F5A4, FBA235, FCBC64, FD1C5E,
FCDECB, FC633F, FC2D01, FCA428, FDB4EB, FF2D2C, 00CA78, 023CB5,
035E37, 03F506, 03BB7F, 0294AB, 008AFF, FDF9D9, FB67EB, F96790,
F87893, F8999D, F98A74, FACBA3, FBCA66, FC326A, FBD91E, FACEB4,
F942D5, F7932F, F63FAB, F592DD, F5A66F, F63F0A, F6EDEE, F77F70,
F7EB36, F84E3B, F8B5B1, F90A36, F95E66, F9AF36, F9F5C3, FA53DC,
FACA83, FB6AD6, FC42F9, FD40A5, FE4298, FF0BEA, FF8092, FFA8C4,
FF9A5D, FF955A, FFD356, 0085D1, 01BB7F, 0325E6, 04717B, 054888,
0586D0, 053620, 048EB4, 03BF2D, 02C35B, 01CAA5, 01099B, 00743B,
FFE98A, FF4D4D, FE88BE, FDC99E, FD3F52, FD15B6, FD6F9B, FE41D6,
FF5E80, 0095F6, 01D36D, 030C9E, 044617, 058BA6, 06E43D, 081E3D,
08E7A8, 08EF91, 082BCC, 06D146, 0533E1, 03C6B2, 02B660, 01FB07,
01543A, 005F07, FF21CA, FDC1F1, FCBD8B, FC539A, FCA4F1, FDB5F4,
FF41CC, 012A9B, 0337DB, 052BD3, 06DFFA, 08450C, 0946FE, 09A684,
093D68, 07F93E, 062275, 043479, 02C468, 023732, 02A810, 03DD97,
0560D2, 06EB52, 07F74D, 0864B3, 081F37, 074747, 0622FD, 04D81A,
03B469, 02F04D, 026C9F, 0211E6, 01B9CC, 013717, 00D0DF, 00A607,
00CCC8, 0137D1, 01AC5D, 01E8E1, 01C616, 0147C1, 008220, FF85F0,
FE5968, FD0F6D, FB93EB, F9D5E9, F7FDAD, F65221, F5563F, F55A83,
F66824, F8216E, F9D7AF, FB0936, FB5AA3, FACEA6, F9A5A3, F844EB,
F733CD, F6ADE8, F6CBC7, F7242B, F776EE, F7717F, F6C7BB, F58949,
F3BBEF, F1C01E, EFD97F, EE4F2B, ED34B3, EC8F20, EC6147, ECBBE5,
ED6D7F, EE3824, EEF0B3, EF6325, EF9A7E, EF9A22, EF6A99, EF2D18,
EEDB60, EE7298, EDF53C, ED5EDD, EC9574, EB7A20, E9F1AB, E81F8A,
E644FC, E49902, E36FB1, E2E004, E2F53C, E396F7, E46A03, E56329,
E64B10, E6DD8E, E6F600, E68B01, E5C10F, E4C69E, E3D060, E2EF73,
E2486F, E1DC44, E1EA12, E26083, E30259, E39F5C, E415B3, E4933B,
E55152, E67229, E7CCFB, E90A14, E9D723, E9EFD6, E97CC9, E8BB02,
E803A4, E7F93F, E8EAF0, EB02B5, EE16D7, F18FAA, F50768, F81A52,
FA806B, FC27C1, FD1F6C, FD8059, FD55FA, FCCBEA, FC1007, FB777F,
FB5FD6, FBDF15, FCCA82, FDDA73, FED2EA, FF65AC, FF92AD, FF800C,
FFA5B7, 009644, 029E91, 05B7D7, 09666E, 0D0E79, 1018FA, 121245,
12DB42, 129F78, 11E6DD, 1131E2, 110634, 11AC58, 12E7D2, 143EBD,
151A6B, 1543C2, 14C343, 13CC21, 12E8A8, 1273E6, 12BD31, 13C6C5,
157324, 1782E2, 19C8EC, 1C38D4, 1EB718, 210BF4, 22C67A, 239BB9,
233F21, 21B107, 1F8D7C, 1D4868, 1BA539, 1AF5F1, 1B32F9, 1BECE1,
1C7962, 1C5DFD, 1B4D97, 198C93, 17B058, 16595F, 15EF76, 16B5A0,
1834DB, 19DC70, 1B02D5, 1B3A20, 1A8F87, 193FFF, 17D03D, 16ACCE,
162645, 167A7A, 179DC1, 1930A4, 1A863F, 1B1612, 1AA33E, 1926FE,
16D8E7, 1413A5, 1133D5, 0E8C3C, 0C4C98, 0A89A5, 09532D, 088F5B,
081705, 07BFA2, 072B34, 0630B1, 04FCA1, 03F04B, 037695, 03D041,
04E281, 065CDD, 07D9DB, 08E2C5, 0953B0, 08CAB2, 07486D, 04F001,
023D7A, FFCFEB, FE0446, FD50A9, FD94AE, FE70B6, FF95CA, 009DB8,
015959, 0191DC, 013766, 004F0D, FF231B, FE290D, FDCE4F, FE3E9D,
FF3723, 005ACF, 011FD8, 012758, 005975, FEC23C, FCA906, FA5274,
F83868, F6BC21, F60837, F5F677, F63D1B, F6C5F5, F7687E, F837D5,
F9343C, FA3574, FB12E6, FBB50C, FC21B6, FC8828, FD1EAC, FDF36F,
FEF7AB, 000CC5, 00D071, 00E8CA, 006696, FF7B85, FE81F9, FDB706,
FD4763, FD501D, FD93BD, FDC4AA, FDC071, FD7998, FCFC41, FC5B4B,
FB8C66, FA883F, F9659A, F8484B, F75F76, F6D6E8, F68903, F67E24,
F6A9C9, F6F8DE, F77C8E, F7FB08, F85839, F86EA8, F8644D, F83F01,
F81ADE, F83195, F886A6, F91AA4, F9D3DF, FA7509, FAE80A, FB2CBC,
FB5932, FBC48C, FC996E, FDDB8C, FF7358, 00FD4A, 023080, 02D826,
031639, 03577A, 03DD3E, 049374, 051B76, 05269B, 047536, 03510F,
01FF71, 00CD19, FFE4A5, FF2CDD, FEA627, FE1948, FD761D, FCD826,
FC4C5D, FC3100, FCD1F4, FE57C4, 00AC97, 0367F6, 0608A7, 0808C0,
092563, 097E2A, 0943E1, 08949B, 077E44, 0618A3, 049AAE, 032EBE,
01E3E6, 00BDC6, FFCB80, FF198A, FECC92, FEE2ED, FF329A, FF88B4,
FFCE1B, 004438, 0116A5, 0259EB, 03DD8A, 05422F, 06397A, 0662B4,
05AFB9, 045535, 02CFF7, 01C6FD, 01B7A9, 02DD5A, 04DD0E, 072BDC,
0908AF, 09FC13, 09F02B, 090BE4, 07C7A1, 067AED, 054B50, 045162,
038C86, 031CB2, 0316EF, 0371EA, 042FBD, 050C5E, 05D2C8, 065C87,
0670D4, 05FE96, 050F43, 03EC87, 02F50F, 0271FB, 027805, 02A30B,
028E5F, 01F423, 00C1A1, FF1B8D, FD46A1, FB994B, FA784D, FA0385,
FA1E9B, FA99D3, FB18A7, FB75F8, FB993B, FB720C, FB33CC, FB092D,
FB2361, FB9A8A, FC4777, FCF05D, FD3AF6, FCFCA3, FC2467, FAA943,
F8CAC6, F6A2C7, F4623F, F23D6D, F0817A, EF52F8, EEC0FC, EEE349,
EF843E, F06ECF, F1696F, F225A8, F29CDD, F2EDF9, F32330, F37B74,
F3D75F, F42464, F41B98, F36725, F20310, F00B7A, EDD732, EBB0D0,
EA0387, E8E603, E869DF, E87DA5, E90A4E, E9FA4C, EAF1F6, EB9B06,
EB908F, EA97DA, E8C283, E66BD9, E43879, E2B539, E26A9C, E327B0,
E49DEA, E63711, E7568F, E7C030, E7437C, E6369E, E50816, E42501,
E3F428, E46350, E5344E, E5DA5A, E60D93, E5D32E, E5485C, E4A423,
E417CB, E3EFC8, E457E4, E56CC0, E73D22, E9A6D9, EC7EAE, EF7903,
F25CC6, F4DD07, F6C1FF, F7D2EB, F80490, F77632, F6C2DE, F68F4E,
F71336, F88C66, FA5CBF, FBEF83, FC8CB8, FBEA24, FA455F, F85321,
F6F6F2, F6F138, F8ABE5, FBE0D8, FFFE11, 040C21, 075641, 09B5F7,
0B2FF9, 0C11C1, 0CF055, 0DEAD3, 0EF57F, 0FF8A0, 10C8A9, 114D37,
117147, 115295, 1103B1, 109C03, 1012A9, 0F8E92, 0F2AFF, 0F2A0A,
0FD818, 117FC2, 1425CA, 175EF9, 1A9A42, 1D1DE2, 1E8488, 1EA026,
1DC1E9, 1C8B9E, 1B933F, 1B6294, 1C1EE1, 1DA3B6, 1F7992, 20FB9A,
21AA75, 213E77, 1FE42D, 1DFA92, 1C1CD0, 1AA92E, 19BA67, 195A0E,
196E30, 19CB5E, 1A3B5D, 1A7487, 1A622E, 19F204, 193262, 1887FB,
1827F6, 186667, 193FF0, 1AA407, 1C4093, 1DBD19, 1ED4E0, 1F2A86,
1E8C31, 1CD85F, 1A515B, 174F6A, 1446B1, 11B98F, 0FF5A0, 0EE43B,
0E2D8E, 0D8237, 0CBFBD, 0BD5ED, 0ACC73, 09C324, 08CDF8, 081140,
07A5BB, 0783C7, 07AB7A, 081F13, 08D097, 099D73, 0A1D42, 09F67D,
08F417, 071D7F, 04DE19, 02A9EB, 00FAE4, 000F56, FFE57E, 003201,
00993D, 00E122, 00DFE3, 00ABD9, 005C83, 001DCF, 00291E, 0075C0,
00F639, 015F60, 0190CA, 01A06E, 016C31, 0108F4, 005583, FF2F1A,
FDBC38, FC27EC, FABAFC, F97A78, F871D9, F7BED7, F76BFF, F79965,
F83791, F90621, F9D31E, FA4F4E, FA7EAB, FA8AFD, FA9052, FAC179,
FB1427, FB8694, FC0341, FC928E, FD29B2, FDBC49, FE4A2C, FEC6A5,
FF3BEF, FF9AC5, FFCE97, FFC56E, FF742A, FEFB78, FE7348, FE0878,
FDAEAF, FD34DB, FC7A02, FB67D0, FA3ECD, F92928, F85AC7, F806D0,
F8090E, F85214, F892DD, F8A04C, F86A23, F7FECB, F77C0E, F70C22,
F6BA25, F68A68, F689D8, F6A516, F6DC0C, F71E04, F76A8E, F7C5BE,
F824DB, F873B5, F8A88A, F8B74F, F8CD62, F92B01, FA1763, FBB5A0,
FDEF3D, 009014, 031617, 051DC6, 06253E, 0624D2, 056D09, 0451DF,
032EE2, 0226CA, 014400, 0065E2, FF6113, FE1A08, FC9253, FB2360,
FA27FF, FA11AF, FB0EAE, FCDDDB, FF22B0, 01769B, 038307, 051D7C,
063CE5, 06EE47, 073CED, 070D4A, 064806, 04FBB9, 03607C, 01E450,
01027A, 00F697, 01AC4E, 02C599, 03BDF5, 040AEF, 0363C3, 02033F,
004715, FEB76E, FDED86, FDE66F, FEA65B, FFA7F7, 008275, 012A4E,
017F32, 01CE65, 022222, 029A51, 033EBA, 04078C, 04CB58, 055955,
05A877, 05C838, 05E564, 060155, 05EE87, 05A721, 052BD0, 04977E,
042901, 03F074, 03F346, 043251, 04AA6B, 054B61, 05D141, 061590,
060ADA, 05A490, 051C51, 04B34C, 04A522, 050F0E, 059D0B, 060682,
05D4EB, 04DB47, 035C2D, 01998A, FFF209, FE9425, FD8C5E, FCEC8E,
FCA045, FC6572, FBF8B9, FB44C9, FA5BED, F995B3, F94A69, F9B499,
FAF10B, FCCB39, FEEBD2, 00F190, 027F75, 032B3B, 0283C7, 00669E,
FCF47A, F8E4B8, F51515, F246B9, F0E967, F0D448, F1A5C9, F2D2D1,
F3ECEA, F4A7C0, F4DC19, F49013, F3C5BF, F2D593, F1FD0A, F16204,
F14555, F19F59, F259C2, F32FF5, F3CA39, F3F9F5, F37E6A, F25D9A,
F0DAE7, EF35CB, EDD039, ECFB13, ECCA61, ED26CE, EDB412, EDDBEB,
ED300C, EBA04D, E95CBC, E6DF06, E4CEF0, E3B0A3, E3D966, E50B62,
E6C31A, E86C4D, E976A6, E98C09, E89EDD, E717CC, E5674D, E419D8,
E3864F, E39325, E40F39, E48EAA, E4CBA4, E4ACA4, E42BB0, E35DAD,
E24C7B, E1230A, E00C89, DF7440, DFC4B7, E121DB, E3823B, E69019,
E9AC07, EC6171, EE4DF6, EF4E4C, EFB845, EFEDD9, F082D4, F1E305,
F3EA95, F63366, F81937, F8B6E5, F7E922, F5F566, F3A3A6, F1CA7C,
F0B80C, F0B359, F19F97, F373D9, F5E4DE, F8D1C0, FBE899, FED9ED,
015EE1, 034FD5, 04A607, 05776F, 0612B6, 06AA64, 0781DF, 08AA8F,
0A1A99, 0B9F68, 0CF759, 0DD51D, 0E0178, 0D782D, 0C850B, 0BC38D,
0BB39C, 0C8EBD, 0E4722, 1068BA, 127CD4, 143D5D, 153A2E, 159A6F,
15A081, 15901A, 15DDB7, 16A074, 17F2DE, 19BA04, 1BA1D0, 1D6E22,
1EE34F, 1FFD24, 2089E7, 209F99, 20110A, 1EE166, 1D5528, 1B93EB,
1A2867, 1959F0, 19225D, 1953A2, 1986A9, 199318, 196E7A, 19181A,
18D32E, 18E31B, 1974AB, 1A7DD3, 1BCE77, 1D20D3, 1E2897, 1EBA0F,
1EBC60, 1E61FD, 1DBDEC, 1CECFF, 1BFA8E, 1AC162, 19415D, 178913,
15BB32, 13F75C, 125CCB, 110158, 0FC49D, 0EA135, 0D8FE4, 0C9922,
0BC828, 0B2DD5, 0AE554, 0B0AF1, 0B9D66, 0C51A8, 0CC088, 0C93B2,
0BB206, 0A4953, 08A53A, 07108C, 05C1D0, 04D757, 04371E, 03B423,
031E65, 027964, 01F98D, 01AD07, 01B6A4, 0206E2, 02553C, 028073,
025B88, 020B81, 01A913, 01692C, 017CEF, 01B6A5, 01EC3B, 01DF43,
015EDE, 006726, FF28E1, FDD33A, FCA6C4, FBCC28, FB50B8, FB3222,
FB3905, FB3462, FB15CD, FAD133, FA7D48, FA1FBF, F9A289, F92740,
F8C8CF, F8B6B2, F917AF, F9D153, FAE5F1, FC1AD3, FD2934, FDE9E7,
FE3393, FE357B, FE2613, FE38FD, FE6BFC, FEC9EE, FF4F32, FFBAED,
FFEF0B, FFB80C, FEFB74, FDF957, FD0528, FC776F, FC4215, FC2375,
FBF4C3, FB696F, FAB2B9, FA01D0, F95AFE, F8E7DA, F8AE03, F8B02B,
F8CBA9, F8DBFD, F8DB25, F8BCF2, F88E0B, F849E9, F7F1D9, F762EA,
F6700B, F50D9D, F35F60, F1CE03, F0EACC, F14972, F34080, F6AAE6,
FAD3FB, FEF376, 023926, 043918, 04DC73, 04667C, 037998, 028D54,
01C82D, 011890, 00569D, FF74E8, FE95F6, FDD14C, FD5F6E, FD588B,
FDA337, FE1807, FE8687, FED2A4, FEF154, FEFE73, FF4D11, 001F3F,
016BBE, 02DC7A, 03E37E, 044EF3, 0407D3, 03633A, 02E5AC, 02F9AB,
03C271, 0500BD, 065F1F, 073906, 0737F5, 0645CE, 048FD2, 027537,
008401, FF3FBC, FEE64A, FF66A5, 004504, 00F3C4, 011C24, 00C3B5,
003D03, FFD17D, FFCAC7, 00310F, 010462, 022AE4, 037142, 04AB1D,
059D3C, 061A4C, 061C53, 05BC86, 050E3E, 043637, 036210, 02D106,
02B3AE, 034180, 046B90, 05E428, 072ED0, 07C215, 075E0B, 062380,
0499CB, 0349F8, 02BD46, 032D23, 049B13, 06C144, 09322C, 0B5C2D,
0C9E34, 0C9E40, 0B459C, 08C581, 05698A, 01C130, FE9BAB, FC78AD,
FBA20B, FBD433, FCA473, FD9510, FE26E1, FE1E1D, FD99AB, FD150F,
FCF656, FD9D4E, FF07D4, 00CEFA, 026347, 035DDB, 0349E4, 022B7E,
002AF6, FDB2F8, FB6577, F99561, F8913C, F843B0, F8948F, F924EF,
F980B9, F95C98, F8839B, F6EEF1, F4EE81, F30296, F17FB2, F09A33,
F070B7, F0FB0E, F21F57, F39CE6, F520F9, F64A04, F6B026, F6183D,
F4B977, F32EBB, F20FE5, F1A592, F1EEC9, F28B58, F2ED3E, F2A2CB,
F146C0, EF1718, EC814F, EA0FD9, E8593D, E78DCB, E7BDAC, E8AD6E,
E9D3D6, EABB8E, EB1E53, EAEF12, EA40C1, E94557, E81408, E6EDD3,
E61842, E5B9A2, E5FC9A, E6BAB9, E7A085, E82ED2, E7E780, E69B32,
E42E79, E124AF, DE2A89, DC0575, DB4593, DBE4FD, DDA4ED, E033DC,
E31073, E5C87E, E8112C, E9A584, EABA57, EB91A5, EC61A1, ED672F,
EE8DDB, EFB2E4, F0C2E9, F18CD9, F21123, F25780, F23DD0, F1C510,
F0F2FF, EFDF0C, EEE296, EE7E78, EF182A, F0C6D8, F344EC, F615B2,
F8B826, FAC060, FBEBC4, FC52B4, FC6022, FC9B82, FD8B86, FF2C9F,
015184, 0386AC, 057698, 06F4D3, 080BCD, 09059F, 09E555, 0AB75A,
0B4E7A, 0B9531, 0B9AE0, 0B866C, 0B8C91, 0BDC6A, 0C778C, 0D5A05,
0E648D, 0F7640, 1092A0, 1191C3, 12846C, 13B4A5, 15483D, 173917,
195192, 1B4280, 1CC1D4, 1D8887, 1DA330, 1D42BD, 1C9C24, 1BF1B5,
1B60B9, 1B02EB, 1AC81C, 1A99A9, 1A4619, 19B695, 18F5E4, 18413C,
17EA90, 181277, 189E98, 194BFF, 19F625, 1A8866, 1B2542, 1BF320,
1CF6DA, 1E1BE1, 1F3615, 2003E9, 202C02, 1F73E9, 1DEC33, 1BE1E5,
19D3AA, 182BBC, 17083B, 164E74, 15B09A, 14F0E8, 13F7ED, 12D68F,
11B99C, 10C7B5, 100943, 0F88DF, 0F3DD7, 0F01EA, 0EC39D, 0E58FD,
0DCD14, 0D1ECF, 0C48F5, 0B4DBF, 0A214B, 08D667, 078F77, 0677C7,
05B351, 0558F1, 05609B, 059DF6, 05DCC0, 05DE47, 0583E2, 04D890,
040C08, 033FEA, 029A55, 023F98, 022A0D, 024EB4, 028477, 02A1CF,
02841E, 022F93, 01A0AC, 010327, 005D92, FF9BF7, FEF152, FE6653,
FE192D, FE0CEA, FDF433, FDC260, FD5280, FC8D22, FB856A, FA5455,
F951D9, F8CDA6, F8EF3C, F9B25D, FAC65E, FBA888, FC01AE, FBE626,
FB7C51, FB1E84, FB2399, FBA816, FC8946, FD9D97, FECAEC, FFEBA5,
00CE1A, 014AD2, 015F20, 010BA9, 0054DA, FF3E64, FDEB2D, FC7954,
FB20B0, FA3853, FA20A2, FB093A, FCBA15, FE8E40, FFD961, 0042F8,
FFA0C1, FE53CE, FCDCBB, FBA7A5, FACFAD, FA0494, F905E1, F792BA,
F59445, F33CEF, F0FD82, EF7E81, EF41D0, F08719, F2F3FB, F5F6D3,
F8C33C, FAED60, FC630C, FD54B6, FDF7A7, FE66C3, FED3F5, FF12A5,
FF372D, FF549D, FF6B49, FF935F, FFC5CE, 00019F, 002421, FFFC11,
FF8B5E, FED6DC, FE1A0D, FD893A, FD4A28, FDA92B, FE831F, FFB510,
00F8C2, 01CD2B, 01DCBB, 0133E3, 0042D0, FFAADD, FFF990, 01692B,
03C0A5, 0650C4, 0856D3, 093849, 08E443, 077D3F, 058EC0, 03ADA1,
021F84, 013745, 0103CC, 01607D, 0216AB, 02D508, 036246, 039B45,
033D3A, 0241EB, 00B8C6, FF0539, FDC4F6, FD6EAE, FE61F4, 006960,
02F956, 057F56, 074217, 07E975, 077FF4, 063534, 04B0A8, 035F68,
0299BE, 02731D, 02D1EC, 038C49, 042322, 0468AE, 042059, 038413,
02DA5A, 029529, 030A5A, 045039, 066A6F, 08F62A, 0B826B, 0D8E31,
0E901F, 0E51D5, 0CDAD0, 0A8B3C, 07D54F, 052333, 02D66B, 016693,
00F2E9, 01543B, 021AC6, 029D1C, 027B01, 0181C1, 0005DA, FE983C,
FDA306, FD8500, FE4175, FFA317, 0132F6, 026E7A, 030535, 02DC40,
0226CD, 012AF8, 00371C, FF813D, FF1C77, FEEDAE, FEFF89, FF19DF,
FF23B1, FEECAB, FE29A3, FCB6CA, FA87D7, F7EEFD, F56232, F385BE,
F29086, F296E4, F39201, F4FE60, F68B46, F799E5, F7DB0A, F74397,
F5F4C9, F4A365, F3BCC8, F39D00, F4129D, F50810, F6162E, F6E69D,
F71B81, F65F11, F4C2A8, F26ADF, EFC01D, ED5827, EB9C8B, EAB043,
EA8BB7, EAECD5, EB963D, EC5292, ECFF9B, ED7211, ED7E0B, ED16F5,
EC5D44, EBA6AF, EB37E2, EB1F9B, EB3739, EB2A07, EAA290, E9694F,
E773F7, E4EC2E, E23FF1, DFD874, DE19D9, DD2A38, DCEB40, DD5F46,
DE6BB7, DFF838, E1DCF7, E3E873, E5C41D, E74D7A, E851BE, E8DCC6,
E91F66, E9533D, E9D4D6, EAB4E6, EBEE3F, ED1291, EDE2E4, EE2B61,
EE06CF, EDC1EA, EDA42C, EDF4EE, EEAA6A, EF8697, F0453F, F0C7FC,
F11E6E, F172DE, F1F140, F2A41B, F38F3F, F4B866, F60900, F76950,
F8DA45, FA44A0, FBAC45, FD3886, FEF82A, 00FB0A, 030F2B, 04DF83,
06188A, 069B4B, 068FC3, 064F88, 063565, 06748D, 071178, 07EB30,
08DC46, 09BD23, 0A7079, 0AF5CA, 0B798F, 0C3BEA, 0D8976, 0F7D97,
11C37C, 13FA0B, 15BA63, 16D780, 178D53, 181321, 18A220, 19335F,
19A234, 19CDFC, 19B699, 196300, 19023B, 18AFBD, 185EA4, 1815C1,
17CCCD, 178510, 1738D4, 1706C0, 1707AA, 175BCD, 18269D, 1966A5,
1B128C, 1CE58D, 1E7D56, 1F8D10, 1FD430, 1F5C20, 1E5D8C, 1D25FB,
1BFCBA, 1B120E, 1A868C, 1A5611, 1A2F4A, 19EBF9, 19689D, 18A4BC,
17CE2F, 16D611, 15DAFB, 14E212, 13FC0E, 133BFD, 12AD8D, 123F76,
11C944, 111825, 1023B9, 0EE9FB, 0D6BBD, 0BDB28, 0A7562, 097CFA,
08F8C2, 08DFFA, 08EFDB, 090543, 08F560, 08A19A, 081060, 074615,
0661B4, 057B59, 04ADDC, 0414AA, 03E42B, 04238D, 04AA55, 051C66,
053D7B, 04C67B, 03BE12, 025648, 00C283, FF5868, FE5331, FE0A25,
FE8851, FFB67A, 010439, 01E999, 01F079, 00DF7E, FF1024, FD0D3C,
FB6FC3, FA9781, FA5C07, FA49D4, FA0E4D, F98467, F8D5BB, F85771,
F8405D, F8AF93, F9913D, FAC092, FC2797, FD6C7D, FE74DF, FF466C,
FFADD9, FFBEBB, FF41DB, FE31E5, FC93E7, FAB1C5, F92274, F85858,
F8B8C1, FA4C09, FCA923, FF3F5E, 016E56, 029193, 028543, 018CB2,
00249C, FECFAF, FDC836, FD24D8, FCE4A0, FCC564, FC6BDA, FB7A6C,
F9AEE8, F728A7, F45EAC, F1F016, F03BFF, EF9B82, EFFE0A, F1466D,
F32832, F52F71, F72EF0, F8C57B, F9B4F8, F9D12C, F931A6, F83F36,
F79346, F7CAF8, F92040, FB6E29, FE2A82, 0075FA, 01B125, 018E88,
FFF5B2, FD6BEF, FAE06D, F92043, F8C8E8, F9A210, FB4F01, FD3842,
FEB263, FFA92A, 0005C4, FFD824, FF5F80, FED0A6, FE7942, FE98B4,
FF43C2, 006624, 01D0CA, 034E48, 0493E0, 057356, 05CACA, 05A4DF,
053628, 04A0F3, 04371C, 042537, 046B91, 04CC96, 04E13C, 044EE8,
02FE69, 011D5B, FEFCDD, FD243F, FC1347, FC32E2, FDB353, 0040AD,
0345D5, 05E389, 0773D5, 07C8B8, 071289, 05B70C, 040C5B, 02864A,
017298, 00D210, 009851, 00A231, 00E9B8, 0163AC, 01F115, 02677D,
02B739, 02CA91, 02DB60, 03289A, 03EC34, 05724F, 078C63, 09F677,
0BFDD6, 0D0F55, 0CF1DD, 0BCA6E, 0A1ED9, 08701D, 072D9A, 0694A0,
06874C, 06C254, 06EAF6, 06B813, 061410, 04EE34, 037726, 01DA78,
0047F3, FF11A8, FE68CA, FE7855, FF2C85, 004A15, 0193C5, 02B45C,
036792, 035E36, 02B441, 01A9E2, 00B01D, 0015AE, 000276, 007BB1,
0139C6, 01F719, 025895, 021944, 011035, FF4C07, FD0810, FA9BAF,
F88405, F70180, F64364, F637C6, F69BE8, F7165D, F74133, F71F33,
F6C6CB, F675BA, F63E3E, F62FB0, F655EF, F6B89B, F756F9, F81769,
F8D62A, F94BFA, F90D53, F7D40A, F5BF6B, F3245C, F08243, EE6138,
ED20E3, ECBB5C, ED0395, EDB194, EE940A, EF8BD9, F06B32, F12148,
F1A185, F1F420, F1E33E, F152DD, F04538, EF009C, EDADD9, EC6EC7,
EB4BA1, EA2341, E8C99C, E70D49, E519C0, E316C2, E15960, E035D6,
DFC1A0, DFEBEC, E0A354, E19BF8, E2AA3A, E39A21, E428D9, E470D0,
E48580, E4C2AA, E58172, E6A1DE, E7F57F, E93A23, EA1E59, EABC62,
EB3D17, EBC09B, EC5917, ECEEA7, ED6746, EDA6A7, EDB5EA, ED978F,
ED9B52, EDEA6A, EE9A56, EF8600, F06B28, F12AAC, F18F94, F1B83C,
F1DBDE, F24286, F355AD, F51926, F780E4, FA2485, FC7B4F, FE3F05,
FF4E0B, FFBABF, FFDEE1, 001B30, 00AB00, 019C8F, 02BB3C, 03D0B6,
04935D, 04F8C0, 05300B, 057DDB, 0602A8, 06DA82, 07F9CE, 094C06,
0AE67C, 0CA270, 0E70D9, 104C60, 122EE3, 14075D, 15945D, 16B65C,
174164, 173955, 16D815, 166AFB, 1635EE, 1645D9, 16A133, 171B44,
179B41, 17D6C6, 17BBD9, 1740E2, 169117, 16162D, 16067E, 16ADE1,
181E90, 1A1CF2, 1C4113, 1DFFA4, 1F071B, 1F16D9, 1E743D, 1D729B,
1C4FEC, 1B766C, 1B16E4, 1B48E7, 1BFBE2, 1CDFD5, 1DA1E9, 1DFD49,
1DC79C, 1CEB65, 1B8DE4, 19FCE0, 187B2D, 176372, 16CF63, 16B4EE,
16D8EA, 16E557, 16B004, 160A2C, 150441, 139A10, 11EF8B, 1035F6,
0E8864, 0D0110, 0BAF24, 0A9DE4, 09F0AD, 09B8D9, 09EB27, 0A5F2D,
0AB4D7, 0ABF57, 0A6C84, 09F2B1, 09AB4C, 099F50, 099FDB, 094046,
082AD7, 06639A, 043651, 0231D7, 00C522, 003F14, 00C0DB, 021068,
03D6A2, 05952D, 06C4B8, 06FCC4, 0614B3, 043353, 01AE9F, FEFE54,
FC9769, FADA05, F9ECA1, F9D87C, FA73A3, FB5B10, FC37DB, FCC07D,
FCD0F1, FC7012, FBCF06, FB4421, FB129C, FB67D2, FC454B, FD7EAB,
FE9E44, FF232B, FED4E8, FD74F3, FB4339, F8DA24, F7054C, F6704A,
F74119, F975A1, FC48F3, FF0F51, 012A1F, 02519C, 028953, 02278D,
018374, 00D717, 005C9A, 0009C0, FFEE67, FFFFDA, 002908, 00368E,
FFCB27, FEB3A5, FCE392, FA8024, F7CD52, F5445A, F36F03, F29A26,
F2CCD5, F3AF7F, F4C610, F584D9, F5B463, F57BF0, F53913, F570DB,
F6602E, F80861, FA1E0F, FC137F, FD7324, FDF9A3, FDB652, FCD030,
FB9620, FA4D23, F96499, F92872, F9B7EB, FAFD56, FC8E8C, FE09C6,
FF37A5, FFCF5D, FFAB63, FEF711, FDA278, FC11C5, FAB84C, F9F09B,
FA1592, FB4AC1, FD8245, 0058CD, 033379, 058543, 06F25F, 07514D,
06CEBA, 05CBD6, 04C793, 044A64, 046E37, 04E35A, 052420, 04AFED,
03647C, 0194CE, FFE5B2, FED644, FEA66C, FF5098, 007E85, 01FE3B,
038F28, 050404, 0629BE, 06CF5D, 06BEFF, 05E1C2, 04707F, 02A2BC,
010A05, FFF01B, FF98A9, FFF0C3, 00D1E5, 01F454, 02EC93, 035EC4,
030A16, 021357, 00D9D3, FFDFB8, FF8F53, 0035FF, 01BF74, 03FC33,
067A8D, 08C8A4, 0A94A5, 0B9DCF, 0BD52E, 0B5BF6, 0A93F7, 09C3FD,
091F41, 08BFC3, 087EAC, 08487D, 07F6C5, 078BA1, 070374, 066327,
058C35, 0474F8, 034D30, 0235A1, 0194DB, 016179, 0188F0, 01D32A,
021A13, 0233AC, 021960, 01EF62, 01D221, 01EF1F, 022D70, 026C54,
02BC79, 032ECD, 03CBAE, 047342, 04D641, 04B840, 0405BC, 029DE1,
009DB5, FE4C82, FBF67D, FA04CD, F8B850, F83B11, F869B8, F8EDB8,
F97B80, F9D4A1, F9E70A, F9D4AD, F9D257, FA0494, FA7532, FAF8E2,
FB3BA4, FB0F4B, FA63F9, F94200, F7D222, F64D8F, F4C420, F357AC,
F20936, F0F6A6, F05C0F, F0348E, F094D9, F171B9, F29DC6, F3CB24,
F4A504, F4EE6E, F4AD87, F3F46C, F30DED, F23F15, F1B80F, F18F13,
F1861A, F158B8, F098F6, EF2096, ED1AAB, EAD55E, E8B5FE, E6FEDD,
E5BB4E, E4DC61, E43F41, E3B20F, E31987, E2790B, E1E5A5, E19D0F,
E1D3B9, E26CB1, E34CE1, E41979, E4C55D, E546C2, E5BAFD, E670DD,
E768A5, E8A10F, E9AB6A, EA4F71, EA70B9, EA2663, E9C487, E9B038,
EA249E, EB3C66, ECACDF, EDF135, EEA28B, EE76AF, EDA4A4, ECAE26,
EC25C1, EC6404, ED5E15, EF0521, F116E6, F35671, F5533B, F6E385,
F8172F, F8CAB3, F94286, F9972A, F9FA55, FA9110, FB697B, FC6EE7,
FD8AD7, FE9565, FF5DA9, FFE915, 003C06, 006625, 00A212, 01235A,
021015, 038FAA, 05AB13, 0855FD, 0B4FD8, 0E1837, 1037C4, 115DD2,
11A459, 116DA3, 111AC9, 111F62, 119570, 125820, 134051, 1408DC,
14A6C5, 15057E, 151EB0, 151F4B, 150748, 14E4F1, 14D4CC, 14E01F,
152B78, 15D983, 16DA04, 182018, 196D09, 1A5D3E, 1ACC7D, 1ABE1D,
1A7F09, 1A7AC2, 1AF795, 1C029F, 1D45E3, 1E45CC, 1E8804, 1E04A2,
1CD361, 1B5A61, 19FDC4, 191CF7, 18F874, 199C13, 1AF505, 1C8FB6,
1E1D33, 1F1422, 1EFD2B, 1DB500, 1B371C, 17F197, 1477C3, 117BBD,
0F985F, 0ECEDE, 0F0B63, 0FF829, 10FB9E, 11A29E, 118B2D, 10AC00,
0F119B, 0D19E4, 0B51F3, 0A0A37, 097302, 0989F7, 0A0579, 0A82CF,
0A8935, 09C165, 0859F3, 069623, 04E425, 03CFAD, 03A33A, 049920,
066140, 085585, 09E3F4, 0A6D78, 09B18D, 07B9B6, 04CEC4, 016FDE,
FE2796, FB90BF, F9FE45, F9B6D3, FAB41D, FC8B44, FE8FE6, 00086D,
00A060, 002C34, FEF5AF, FD81B9, FC478B, FBB616, FBBCED, FC1FCD,
FC8294, FC9021, FC357F, FB66A9, FA5F09, F96955, F8B33B, F8636C,
F873F5, F8CADD, F969CE, FA463C, FB6543, FCA81D, FD9F75, FE2603,
FE4F87, FE450A, FE745F, FF20F7, 005F8F, 020E0E, 03B75F, 04CE66,
04E8C7, 03DF57, 01C940, FEF932, FBE6CD, F90E78, F6F2D1, F5D312,
F5856F, F5C5E0, F63778, F67774, F66344, F604BB, F575D0, F4F1AC,
F4AEBF, F4C6A9, F53850, F5CF35, F673F3, F73545, F7F194, F8B78C,
F962A7, F9C52A, F9EF3C, F9E4FB, F9D2A0, F9FD7E, FA8FEB, FB81C3,
FC90AC, FD4D03, FD5AC4, FC5F85, FA7A72, F81A87, F60B05, F4FA90,
F53582, F6E7A3, F9ADF8, FD0064, 003176, 02A937, 043B1F, 04CE6E,
049234, 03E012, 02F70F, 0211C5, 014E88, 00D040, 009C1B, 00AD23,
01157D, 01B53E, 0262F0, 02C858, 02CAF9, 026FD4, 01E7D6, 01734D,
014B07, 019BD7, 02452D, 032BB6, 042AE9, 04FA12, 053D54, 04F78C,
042935, 031887, 021D8B, 016967, 012512, 0137E7, 016CDD, 016D36,
011B31, 008B5E, FFC6FE, FF0DCC, FE7729, FE34E9, FE845D, FF5CAD,
00C9EF, 029989, 0484F8, 067101, 07FE25, 08F83C, 096513, 093A61,
08C402, 085FA4, 0837BC, 085C92, 08AC74, 090FEB, 096A68, 09997B,
098A40, 092632, 0875C9, 0768DF, 062325, 04D263, 03893E, 027E09,
01D9E5, 01ADA7, 01EA22, 025029, 0295CA, 028DB1, 025B58, 024779,
02959A, 0384E6, 04F92C, 068F62, 07E840, 085FC0, 07B3D8, 0618CC,
03D337, 01639F, FF1A10, FD4D3D, FC23DD, FBA61C, FBA93C, FBF983,
FC7341, FCEE3B, FD7204, FDE1CE, FE164E, FDFF70, FD8CBF, FCF75F,
FC60E9, FBDCFB, FB6611, FB04A6, FAA755, FA2B7D, F96ACD, F83621,
F69D15, F4D4CB, F34862, F25C55, F24595, F30306, F42FDA, F54FB1,
F5F403, F5D8AD, F52388, F41D7B, F33E80, F2FFFD, F36E97, F46991,
F58030, F62ED6, F6463A, F5C489, F4C319, F37138, F1D654, EFE932,
EDB7CF, EB7613, E9841C, E8337C, E78A38, E74493, E716D5, E69C2D,
E5AA74, E45FE9, E2F556, E1D33F, E14F46, E19C9B, E2B303, E43834,
E5CA8D, E7046C, E7B580, E7EA5A, E7BD4C, E7698E, E728DB, E72C9C,
E796D9, E86DB8, E9A182, EAD450, EBA15B, EBD839, EB7968, EAC830,
EA23FB, E9CD6D, E9F44B, EA9489, EB9F7F, ED1F02, EF0655, F13364,
F3618B, F534DA, F65345, F6A82D, F65F8D, F5E8FD, F5B868, F62B93,
F72F9F, F8722C, F9AB28, FA8C93, FB049D, FB03D8, FAE4B6, FB0E90,
FC05CD, FDDB2A, 00528E, 02D49C, 04EFCE, 069AA5, 07BA8A, 089593,
09619F, 0A3F6E, 0B290F, 0C2B1F, 0D5747, 0ED128, 108A90, 127953,
144362, 154C0A, 154E99, 14421F, 12988F, 10E541, 0FC6E0, 0FBCA6,
10DED1, 1304F5, 15A4CA, 180EA7, 19BA17, 1A51C4, 19EF0B, 18FACD,
17F490, 175100, 175A36, 181947, 195869, 1AB952, 1BEC57, 1CB071,
1CEFF6, 1CB0FE, 1C35DA, 1BE343, 1BE831, 1C784D, 1D89C6, 1ED24B,
1FFAFF, 20CC83, 20F7D9, 206CFD, 1F26AA, 1D1C1F, 1AA26A, 184098,
16737A, 159CD1, 15DA07, 16C59C, 17F2DC, 18BAFF, 18AFF7, 17B35A,
15EEF2, 13B9B5, 1168BD, 0F4241, 0D761E, 0C26A6, 0B4067, 0AC028,
0A799B, 0A6DD8, 0A624C, 0A7517, 0AA6E5, 0ADBAC, 0B3229, 0B87DE,
0C0567, 0C9D8E, 0CF0D2, 0CC5D2, 0BD884, 0A0C71, 0794F8, 04CCEB,
0243CE, 007321, FFA02B, FFD80E, 00D4E2, 021827, 030B9A, 033DD4,
029BEE, 017F3E, 0049F3, FF5640, FEB1D2, FE5D85, FE5B5D, FE92C6,
FF03F1, FF7D81, FFC331, FFA5F1, FEF50B, FDAF6E, FC00A5, FA4615,
F8BAF2, F7B3D9, F76032, F7CCA6, F8D1D6, FA0D33, FB4AA2, FC2AE2,
FCA4A9, FCE54F, FD41A5, FE006A, FF584D, 011979, 0300B0, 04A091,
056A53, 052EE6, 03F256, 022000, 00378E, FEA713, FD9ED3, FD2708,
FCFFB7, FCECF8, FCC00F, FC677A, FBE3F6, FB1490, F9F7BD, F884A9,
F6C440, F4EDAB, F35C89, F27CED, F28B9E, F38C90, F55DD0, F79863,
F9B3A9, FB3798, FBF038, FBE861, FB554B, FAA1E5, FA06B9, F9AA76,
F98BE4, F979A8, F94559, F8D21C, F82A72, F77873, F6E6BE, F690FD,
F6885D, F6D10C, F773E5, F8831E, F9F82C, FBCBE1, FDCA74, FFA280,
0107B9, 01D5D6, 020023, 01784B, 006EFB, FF399F, FE50C9, FE0BA9,
FE841E, FFA3F8, 0112B1, 025BFB, 02FEF2, 02E85F, 0250AE, 0180FA,
00EA3D, 00B3C5, 00FBD1, 01AF55, 02AC06, 03CB99, 04D1F7, 0596C4,
05E097, 05C60B, 054C37, 04824E, 03AAC7, 02B90F, 01EE2D, 014A52,
00DEC2, 00962D, 001FCB, FF7E69, FECAA1, FE30D7, FDF992, FE3ED7,
FEE9B0, FFCA9B, 009B9E, 013664, 01C722, 02724B, 034823, 042EFF,
04F55A, 059272, 06090E, 068025, 072CF0, 082B82, 0970CD, 0ABA52,
0BCB62, 0C3655, 0BBEBA, 0A60AB, 085BC5, 062680, 043CEF, 02F3A4,
02595B, 02606D, 02C0CF, 033298, 038271, 039F22, 037910, 033790,
03238F, 0382C3, 045E5A, 058221, 06A3E4, 075B9F, 075FE0, 069488,
052B2F, 036475, 018E5F, FFE7F8, FE933B, FDC20B, FD677F, FD7FF3,
FE1A66, FF07FA, 0010F8, 00CDCC, 00EACC, 004A56, FF134C, FDC84B,
FCCC87, FC7890, FCD8AA, FD9C6B, FE4A76, FE43C4, FD5D9D, FBC328,
F9D1E5, F81B9C, F6F704, F64ECC, F60123, F5E51F, F5B57C, F56410,
F4FAC1, F49E07, F466ED, F443E5, F43508, F40386, F3D8C3, F3E02D,
F44BAD, F55542, F6B2A0, F7FA2B, F8A9A3, F8708E, F762D1, F5BD2C,
F3EAC5, F2235A, F0BB54, EFB723, EF09D4, EE865F, EDD42F, ECC3E0,
EB0FB1, E8D360, E67D17, E47D1B, E35A0A, E31EE3, E395E8, E46FF4,
E527C1, E58228, E569F5, E50F90, E4C47E, E4AE63, E4F43A, E5A22A,
E6A19E, E7B45F, E8A8E5, E94071, E94E36, E8C8BC, E7BB46, E64B3A,
E4E507, E40209, E3F055, E50C0F, E74AE3, EA505E, EDA1F4, F04B37,
F1A6E7, F190B3, F05A3F, EECF85, EDAD2A, ED7611, EE4845, EFFA4C,
F23C6D, F487BE, F65BF9, F7573B, F784ED, F703F6, F61047, F50DEC,
F461E0, F4546B, F5130C, F69532, F8AFC6, FB4D58, FE0EB7, 008527,
0236E4, 031E0A, 037BEB, 03C92E, 049A0B, 061B2E, 082AA3, 0A5EF0,
0C4A88, 0D9B08, 0E0F0A, 0DCCD2, 0D2935, 0C942C, 0C7CAF, 0D23FD,
0E8C79, 107CA6, 1290D9, 144D30, 1554FD, 158030, 14EF50, 1400CB,
130CFF, 125FE3, 121FBA, 126CDA, 13420B, 147708, 15ECAB, 176DFF,
18C304, 19CCCF, 1A73D0, 1AA448, 1A9CB3, 1AAD4F, 1AF728, 1BB3AE,
1CB1A3, 1D8C00, 1DF467, 1DC576, 1D090B, 1BE0B6, 1ABFC7, 19EF25,
19B2D1, 1A160F, 1AFB48, 1C0EB5, 1D1053, 1DC2A5, 1DE55E, 1D3558,
1B9600, 1926FC, 160FF2, 12CE43, 0FE148, 0DCC65, 0CBDAF, 0CB89B,
0D62C3, 0E3A04, 0EC004, 0EA0D1, 0DECA6, 0CDFA3, 0BF479, 0B8B39,
0BD1A8, 0C9B3B, 0D68CA, 0DE0C5, 0DB8A8, 0CE3C5, 0BA25F, 0A3156,
08BE8E, 076B4F, 064AC1, 054D33, 0463C9, 038453, 02A857, 01FAC8,
018D5F, 0168AB, 018A4C, 01CA34, 01F2DA, 01ED05, 01B31B, 016345,
0158BA, 019CDE, 020D85, 02323D, 01A5C4, 003DA4, FE0509, FB525E,
F8BF8C, F6E897, F61EF0, F6718C, F79C83, F91ADE, FA47BC, FB05FB,
FB701D, FB9882, FBBD44, FBD630, FBF49E, FC120E, FC4123, FCC9A9,
FD9895, FEE3AC, 00805D, 023AAC, 03B8B8, 0495F2, 04946E, 03B466,
023ABE, 009027, FF1DD8, FE1AFE, FD8EC9, FD2E01, FCB923, FBE75F,
FA7F9C, F8B5CD, F6D10A, F54475, F46194, F44151, F4E6A3, F61931,
F796AE, F8F959, FA023D, FA9A78, FADF9B, FADFA9, FA9460, FA23F4,
F977DF, F88D80, F7926A, F6B378, F63ECF, F6371A, F67252, F69949,
F6671E, F60273, F5A632, F5A04A, F6343D, F75B10, F8D610, FA72A3,
FBF990, FD1C74, FDCE23, FE044F, FDDFC3, FDA133, FD885D, FD9F63,
FDD17C, FE16FD, FE66C2, FECC4A, FF4812, FFB871, FFF89A, FFEF70,
FFA8F4, FF6AF0, FF7530, 001DB9, 016339, 0314E9, 04CE0C, 06079C,
0691ED, 0656BF, 05950B, 04AAB3, 03E063, 03596B, 032862, 033E8F,
038732, 03EF08, 0433CE, 042069, 038A5C, 026650, 00ECA0, FF575A,
FE1400, FD75CE, FD7BE7, FE02F6, FEC2AD, FF7EEB, 002504, 0095BE,
00E466, 013E30, 01D5E3, 02EE20, 0468C4, 063493, 08301C, 0A1E01,
0BC4D8, 0CC569, 0CE163, 0BEA36, 0A0360, 07B8C2, 058AA4, 040335,
036139, 039477, 045EA5, 054F64, 061881, 069764, 06CBE7, 06C155,
0688D8, 063DA8, 05F096, 05D411, 060AD6, 0690F5, 074324, 07CEC3,
07E165, 073D48, 05D908, 040966, 0237E1, 00CB23, 001746, 0020F6,
00C3FE, 01B111, 027BDB, 02E1DE, 02A0CA, 01D406, 00DB9C, 002756,
FFF714, 003165, 009677, 00DC2B, 00F0AB, 00BAA2, 00433B, FF9A10,
FEC946, FDE29E, FCE355, FBF016, FB37E5, FAAE20, FA517D, F9F36C,
F960DC, F8953D, F764BB, F618AA, F4C577, F3C953, F364BF, F3CCC2,
F51686, F6F5BA, F8E30A, FA1F3C, FA794E, F9D713, F89356, F721D2,
F60308, F5A62F, F62384, F73E9C, F879A2, F935F8, F8DC41, F72D63,
F44251, F0A5D0, ED237C, EA3DAF, E867A7, E795BD, E77F37, E7E28E,
E89090, E9660E, EA2645, EA6F05, E9ECA6, E8B8B4, E71929, E58FD4,
E489FF, E478A4, E53A66, E66BB9, E7955B, E840E1, E84726, E79911,
E67F25, E565DD, E4BBBA, E4D41F, E5BA5E, E710AD, E87AA4, E9AC45,
EA61C2, EACDD9, EB3795, EBC490, EC8FC8, ED7B80, EE7558, EF7119,
F07C1A, F1959B, F29297, F34002, F35ED8, F2FAD7, F23B6A, F15AA4,
F0BA19, F09163, F100E4, F2110F, F3D0AB, F600EB, F8546D, FA53ED,
FB8F8C, FC1554, FC3A29, FC6543, FD0967, FE364C, FFB9DE, 016D73,
02EECB, 044244, 054BFD, 063351, 07133F, 0822B3, 098F7F, 0B3C35,
0D2020, 0EF68B, 10906C, 11B6C9, 12475E, 122829, 117E24, 105925,
0F0AD8, 0DEAD1, 0D6F38, 0DF7E2, 0F693E, 11850B, 13C84D, 15B7E5,
16FABE, 17A062, 17C7EB, 17A798, 1771C5, 174B15, 175147, 178495,
17E32D, 1878BF, 193F87, 1A22FC, 1B0AEE, 1BCC88, 1C6368, 1CB0BD,
1CCD33, 1CE296, 1D0E15, 1D80B4, 1E4735, 1F4A1D, 202803, 207551,
1FF33F, 1E9326, 1C985C, 1A61DF, 184B14, 16A45C, 15813D, 14AC0C,
140F45, 13685F, 126DFD, 113E96, 0FF4E9, 0EE01F, 0E38BB, 0E1A07,
0E535E, 0EA16D, 0EEE38, 0F267E, 0F6752, 0FCC32, 105033, 10B9BA,
1085DA, 0F471B, 0CDACA, 09A50F, 06454A, 0382D0, 01F3B9, 01B0AF,
02973C, 042E26, 05CE0B, 0703D2, 078B1E, 075CA4, 06B8E6, 05EC9C,
053653, 049F47, 04129E, 0356CE, 025679, 010F0D, FFA021, FE735A,
FDA45F, FD28CB, FCC96D, FC3874, FB84A1, FACE24, FA3E05, F9D9CC,
F98912, F94BCF, F9121C, F8C9E0, F86BA1, F80E22, F7E975, F83AA9,
F91E51, FAB2A3, FCE775, FF78AD, 01F04F, 03BA55, 04827A, 046107,
0397E4, 0296C9, 01C87A, 011AC4, 008CD3, FFD6EC, FF006A, FE1DCB,
FD2433, FC4052, FB5F9C, FA7CFE, F9881F, F87C95, F7A126, F71BCD,
F7307F, F7FD86, F95360, FAD39B, FBF8EB, FC63A2, FBE4CE, FABE74,
F9708C, F87665, F825E4, F847BE, F881F3, F8513E, F7A8E6, F6BAAD,
F5A99C, F4CC90, F442DC, F4277F, F47B6A, F5247B, F6222A, F74942,
F88E4B, F9BFE3, FAD4EA, FB953C, FBF6B4, FC01D6, FBA221, FB0710,
FA7C8F, FA50F6, FAA9D4, FB815B, FC7CC0, FD4D38, FDA9CF, FD9ABF,
FD47AA, FD07FA, FD2A7A, FDC559, FEE6A4, 004424, 018CEC, 028497,
02F774, 02F3AD, 02A6FF, 024F58, 02367C, 0285A3, 032D6E, 043C46,
057659, 06962F, 0778CD, 07C251, 076E9B, 06589B, 04B67C, 02B3A8,
008D8B, FE81B7, FCDEA3, FBEC54, FBB2C9, FC3A70, FD26D7, FE0E6F,
FEA683, FED2AC, FEF049, FF57F6, 003F70, 01D078, 03EB21, 0634FE,
082896, 095310, 0987E0, 08DE37, 07AC74, 065EB0, 055C18, 04C2FE,
048C30, 04950E, 04D9D4, 054E08, 05CBF7, 062FC4, 064A01, 062827,
05F307, 05E3F8, 063204, 06E6D7, 07E5B2, 08C5DD, 093B92, 0917A6,
083FC4, 06E237, 054E09, 03E3AA, 030A38, 02FC90, 038C0F, 047005,
0520D2, 054560, 04C5B0, 03B058, 024C78, 00EE49, FFE6EE, FF7883,
FFCB20, 00C1BE, 021269, 0363D8, 04596D, 04AB35, 045198, 033CF5,
019A57, FFC616, FE2AFB, FD2CB1, FCFA76, FDA5F1, FECC92, 000AAE,
00CEAF, 009452, FF0E0D, FC488A, F8DB83, F58EA0, F339BD, F26C3B,
F31FB1, F4E6F3, F6FB3A, F89B62, F975DD, F99A7A, F96B63, F9323F,
F9228B, F9482C, F994C3, F9E8E2, FA1B70, FA1FDD, F9D242, F93B6F,
F84582, F6F2C6, F543B6, F355C4, F163FD, EFBE4D, EE98BC, EDFCB6,
EDF613, EE318D, EE3CB9, EDD146, ECBD23, EB088E, E93046, E79EBD,
E6AB06, E67307, E6D808, E7B149, E897C1, E920FC, E8FF7C, E81AAC,
E6A5FB, E518D2, E3DC67, E3450B, E345EA, E3A1B4, E423EA, E4A814,
E5404F, E60806, E705B1, E82590, E94875, EA4754, EB31FF, EC26F0,
ED3EA6, EE7166, EF5BF9, EFCAD4, EF9157, EEAECB, ED87ED, EC5C17,
EBB28F, EBE557, ED0B94, EF045F, F17389, F3F0B7, F5FC57, F748CB,
F7B4A3, F74623, F650E5, F53264, F459EC, F407BD, F44E77, F554C3,
F71536, F97C95, FC3EBB, FEF227, 0160A8, 036302, 04F8AC, 062F85,
071F52, 07DC16, 087538, 090A54, 099ACC, 0A1DCE, 0A9F56, 0B13D3,
0B93F8, 0C2477, 0CBAF9, 0D6301, 0E0B30, 0EC88C, 0F860F, 105276,
113933, 122C3E, 13278F, 13ED80, 143EF0, 140C38, 13710D, 12C115,
12592C, 127CC5, 134EE7, 14B3F5, 167331, 183C0E, 19AD9B, 1A7B43,
1A8611, 1A0C71, 19910D, 199174, 1A41EF, 1B7DBA, 1D067B, 1E7310,
1F7BA3, 2007D8, 2033DB, 2019BE, 1FB092, 1ECA07, 1D299D, 1ADFEF,
182F5D, 1583A8, 135A6C, 1202FC, 1185A9, 1195E3, 11FF7E, 126B0D,
129F6C, 12A4DD, 128014, 1262C2, 126EA7, 129DD9, 12B668, 127937,
119F31, 101590, 0DFB43, 0BA09B, 098B74, 08069F, 071BA5, 06BCF3,
06D214, 073FBF, 07D554, 08651E, 08AC89, 089D51, 083EDF, 078301,
068622, 05746C, 046C54, 03A41F, 033A7D, 0341AE, 03B9D4, 043836,
045239, 03BD87, 028160, 00EAE8, FF4CC0, FDEAC9, FCE0F0, FC17E2,
FB593E, FA6C93, F93777, F7CA3F, F641AD, F4EB3E, F410E9, F40BF4,
F4FF91, F6B06A, F8E05A, FB2767, FD1FB6, FEA46D, FFBF61, 00941D,
012239, 0168BF, 015138, 00E604, 006558, 000CA0, FFFAC8, 001DE9,
003E85, FFF55B, FF019C, FD6ACB, FB595C, F94F67, F7CF92, F74085,
F7B178, F8C1BC, FA0E36, FB35ED, FBF732, FC3AB8, FC0C02, FBA3DD,
FB2532, FAA74C, FA2B37, F9AAAC, F9124A, F85FA2, F79F33, F6E551,
F62842, F55262, F46BE2, F38B8B, F2F275, F2D7FB, F38908, F4DE47,
F696DA, F82F41, F93C5E, F98FEE, F913D1, F815D2, F6E8A4, F5F21F,
F589A7, F5EAEC, F70444, F88A92, FA093C, FB20D3, FB8F0B, FB7613,
FB12DA, FAB4BA, FAA4B0, FAD5DE, FB4BB4, FBC060, FC18CF, FC3B00,
FC2C01, FC0008, FC076E, FC79C2, FD538B, FEA546, 004EB7, 0231F7,
042EBA, 0620FF, 07DCFE, 09120E, 095BBE, 089C00, 06DC7E, 0488DC,
023B8E, 006F62, FF64D1, FEF42D, FECD89, FE8379, FDEE0F, FD1C80,
FC39AE, FB7F6C, FB3A2F, FB9327, FCB257, FE8B80, 00C674, 030671,
04DB04, 05E81F, 0601AF, 055593, 04110F, 02D3DA, 02042D, 01E1E1,
0291EA, 03CE34, 05411C, 066C6C, 06F910, 06C12A, 05D7AD, 0497ED,
0371FF, 02D3D6, 030472, 041369, 05CDE7, 07CB46, 099435, 0AAD47,
0AC50C, 09F07E, 088617, 06DFDC, 056657, 045B3F, 03DB61, 03C2F9,
03CE10, 03EBF0, 0437A2, 04AA3E, 052165, 056DEB, 053B13, 0474E2,
0337BE, 01E708, 010643, 00D6FB, 014BAB, 020C64, 02BA13, 02FE4C,
02B953, 022189, 0188E6, 014E8C, 0198B8, 027908, 03A49E, 0484E2,
049FB1, 039220, 016F73, FEACCC, FBE63B, F9B5F9, F85875, F7D67A,
F7E516, F82894, F86C61, F89147, F89EAF, F8B29B, F8C32E, F8CE82,
F8D853, F8E4E8, F915E6, F96B51, F9E864, FA8027, FB1980, FB9EB5,
FBD5EB, FB8CFE, FAA62E, F92BA9, F77E76, F60BB3, F516CC, F4B6F9,
F4B5C7, F4A1C0, F41204, F2CBFB, F11662, EF52C9, EDD72C, ECFE40,
ECCEB2, ED1E8C, EDA110, EDFF60, EE0262, ED7CA9, EC7FB4, EB233A,
E98BDD, E7DB73, E6312E, E4A571, E3543D, E27845, E24539, E2D555,
E3FC62, E56D0E, E6D756, E7FF3B, E8DB76, E969A1, E9B2C6, E9B170,
E97C93, E942BC, E9201A, E92C3F, E95F60, E9C2A9, EA32EA, EAAE2E,
EB4DE3, EC1A7D, ED370A, EE9A3F, F00CAA, F15DDF, F261C9, F30819,
F349CE, F32599, F2997B, F1B330, F0B1C7, EFD36B, EF8997, F00068,
F1419F, F33CF7, F5AA91, F8462C, FAAE01, FCA8E1, FDFC7B, FEE5D3,
FF5A9D, FF9F7B, FFD8E1, 00425B, 011301, 0245E6, 03E835, 05AF95,
0793D3, 095EF1, 0AE1BB, 0C0CA9, 0CA336, 0CD035, 0CA3DC, 0C7278,
0C8866, 0D0E22, 0E2E8C, 0F9747, 1118CD, 125C4E, 131800, 134A37,
12FC82, 1270B7, 11EE89, 11B201, 11BE4D, 1215BF, 12A691, 133F82,
13F851, 14D83F, 15EF93, 173CBF, 189CAC, 19FB65, 1B4B95, 1CAA4E,
1E4010, 1FDBFB, 2138BE, 220D25, 2213D0, 214E01, 1FD6C5, 1DFC8D,
1C2654, 1A9AAA, 197324, 18CBB2, 187C06, 186084, 1859CB, 182D36,
17DA8C, 177744, 17326C, 1715AB, 170D07, 16EC32, 168C9F, 15E72D,
14F37B, 13D2E9, 12957C, 114FCB, 10118C, 0EDC87, 0DDE03, 0D1605,
0CAFE6, 0C97E6, 0CB31E, 0CCA41, 0CA96D, 0C1DEE, 0B2742, 09C69E,
0810B6, 0673DC, 05585D, 052FAA, 05E1B6, 073989, 08C582, 0A1FC5,
0AD620, 0AB638, 09C8D2, 083F4D, 06A530, 053C0B, 0407CE, 02E4CB,
019FC0, 0018E2, FE4A22, FC6DE2, FAC585, F957AD, F8148E, F6ECB3,
F5EF24, F56326, F58A6D, F683C3, F8337C, FA2D0A, FC17AF, FD9C2B,
FE932F, FF16D8, FF4DA8, FF7F88, 0003C0, 00F936, 022A6F, 0325F9,
0373FE, 02D890, 01619E, FF7484, FD7E26, FBE332, FAE576, FA8635,
FAB421, FB4FB2, FC2569, FCF927, FD8C0F, FDC2F9, FDC033, FDA249,
FDA2A1, FDAF61, FDB762, FD9392, FD0F7E, FC44C6, FB498A, FA41A2,
F926D1, F8002C, F6F54F, F61DE9, F5CE4E, F628EA, F725D5, F87823,
F9978E, FA14CB, F9935A, F831D4, F64413, F44AF8, F30698, F2D3DB,
F3BD13, F56181, F74B05, F919D4, FA6C0A, FB10EF, FB1AED, FABAAC,
FA2C1A, F9B684, F972B1, F9822C, F9CE2D, FA45D7, FAAFD7, FAC622,
FA5D57, F96538, F835D8, F7422A, F6F172, F7937A, F95592, FC261A,
FF97C3, 033648, 0653D4, 08636E, 093C90, 08DD67, 0794AF, 05EA3E,
0447E6, 0309C6, 026E6E, 024009, 024BE6, 0258BF, 0220B1, 019552,
008C7B, FF3043, FDB923, FC78DC, FBE194, FC007A, FCE9BB, FE44E3,
FFD35D, 014BC1, 0275D8, 03267F, 033955, 02D74A, 024376, 01CFB4,
01D5B6, 028029, 038DD1, 047DAE, 04E999, 04994E, 03C0D1, 02C953,
022E9A, 0235A4, 03004D, 045FB6, 05EA2A, 07569E, 085304, 08D86E,
08D590, 086275, 079ABF, 06B50F, 05D7D5, 052CF0, 04DDD2, 050844,
05CBD0, 06F3C6, 0839EA, 09367F, 0970C9, 08B0F7, 07044A, 04E3C4,
02DD74, 017E62, 0104CD, 01611D, 025906, 036374, 040DC0, 04098A,
03739E, 02B8AD, 023959, 024BD2, 03018E, 040EF6, 0503D5, 057D81,
054EF6, 0497F6, 039ADD, 028EA9, 018F66, 008C41, FF7F79, FE4F7F,
FD15D4, FC01E2, FB3BB6, FADBCB, FAC5EC, FABD55, FA847C, FA0429,
F92ACE, F82A68, F76982, F72D74, F7B3BD, F8EB29, FA8A28, FC1F49,
FD3CE7, FDB51B, FD7E1B, FCB071, FB788F, FA288E, F8E3BB, F7C482,
F6C325, F5E2C2, F536AF, F4D2E4, F4D5E8, F52B05, F58C7C, F5A0B1,
F52E22, F4384B, F2F6E7, F1CE2E, F0F129, F03C37, EF8008, EE7EA4,
ED1DCB, EB774C, E9A8C7, E7F706, E6A031, E5CAFA, E58331, E5A6C3,
E62231, E6C861, E76724, E7E02E, E80F2A, E7FC99, E7A128, E6E4C9,
E5EC61, E4DD13, E3EED3, E378F7, E3AB52, E49E08, E6390D, E8149C,
E9F6A1, EB73B4, EC589E, ECBC11, EC98CD, EC4846, EC058A, EC2293,
EC9C10, ED531C, EE11AF, EEA151, EEF2CD, EF01A2, EF0985, EF3096,
EF7501, EFE21D, F064EB, F0F05E, F1A68E, F285F0, F388E9, F4A6A8,
F5DC56, F70FEE, F828C5, F91F18, F9FA4C, FAE324, FBEFA3, FD4C15,
FEDAA7, 0069DA, 01BC40, 02A68E, 0332EF, 03A0FF, 044D4C, 056A07,
06F8AF, 08CDB8, 0AAD6E, 0C562D, 0DA412, 0E8FFF, 0EEB7F, 0EDD6A,
0E8284, 0DF915, 0D6FB7, 0CE917, 0C9573, 0C7F48, 0CB46B, 0D4B5A,
0E1F8B, 0F180C, 10212A, 113921, 1264A5, 13BFA5, 155076, 17067D,
18DA32, 1A943C, 1BF989, 1CE411, 1D3DE0, 1CF9F7, 1C5DA7, 1B94C4,
1AD634, 1A77AF, 1A8202, 1AE97C, 1B8174, 1C0720, 1C4947, 1C12E3,
1B6270, 1A5EB1, 194A87, 1869E9, 17CD6B, 177AA3, 175ACD, 17678B,
178B79, 1793A0, 175A9C, 169AED, 1545E3, 138D21, 11DAFB, 10994E,
1010C3, 103D34, 10C08D, 11195E, 10B770, 0F5D86, 0D4469, 0AD738,
08988B, 06ECEC, 060BDB, 05FF5B, 06A4EC, 07C47F, 091207, 0A315C,
0AF143, 0B562E, 0B645C, 0B3C78, 0AF2BF, 0A71CC, 09C929, 08EC0A,
07F36D, 06DF64, 059496, 040253, 01F899, FF763C, FCB51A, FA1418,
F7FF9E, F6B813, F6443B, F68028, F72463, F80852, F8D7AD, F950A3,
F97492, F985FA, F9F155, FAF01B, FC93CA, FE9C0E, 00A4CF, 021E73,
02846B, 01CC0C, 0029A7, FE24B9, FC3FA4, FAFDD9, FAB436, FB56F1,
FCAF06, FE1A4D, FF3ED5, FFD5A8, FFCEB3, FF314A, FE3CB1, FD2850,
FC39E8, FBADD3, FB9E79, FC2533, FD0461, FDE46C, FE53C5, FE18FF,
FD219C, FBB8E5, FA4AC0, F9224F, F889A9, F88908, F90EBB, F9E673,
FAC1D6, FB58D6, FB3D5C, FA3C35, F84DB0, F5D999, F3753E, F1C8C0,
F14290, F1E10B, F3848F, F5D14A, F83EF5, FA5547, FBB6F7, FC34C3,
FBE172, FAE31F, F9A706, F88369, F7BCA4, F76FE1, F783C3, F7B2A6,
F7A12B, F74D6C, F6C762, F64210, F5F89E, F609FF, F69225, F79AD5,
F91C90, FAF548, FCFFE1, FEFABE, 00B08A, 020D74, 03047C, 03B3DF,
041C50, 046C55, 0497AC, 04B176, 04C65E, 04C600, 0483C1, 03B802,
026E02, 00E4BF, FF6EBC, FE529A, FDD126, FDEC4C, FE9C2A, FF8F84,
00917D, 01562C, 0184ED, 0108C9, 0003B7, FEFBA3, FE64D4, FE87DC,
FF6727, 00AC28, 01E16F, 02B52D, 0314DE, 032201, 03208E, 033A37,
0353F8, 036BA1, 0381A3, 0384A7, 03A0BD, 03F574, 048E3B, 053F8A,
05D733, 0642FA, 067BD3, 0679B5, 064A6C, 0611BE, 0609C9, 066394,
0720A0, 0832EA, 093AEC, 0A03AA, 0A2A21, 09BE93, 08C76B, 077558,
061D6C, 04F5D0, 044CC9, 03FB4E, 041115, 044C0A, 049851, 04FA04,
05497F, 0575BD, 0576FE, 054B85, 04EDD9, 045CDF, 03D599, 0398B8,
03C1A6, 0456E6, 05237B, 05F0B6, 06756D, 0665B4, 05D329, 04C776,
036D6C, 020C04, 00B409, FF820C, FE581A, FD0BBC, FBB1B0, FA817A,
F9D93C, F9DCAE, FA768B, FB5D36, FC3CFE, FCD173, FCFDB0, FCE2AE,
FCA440, FC6F37, FC3C49, FC07EB, FBB5F6, FB183C, FA39DD, F93FB4,
F85724, F7E59A, F80457, F8B8BB, F9D521, FAC7BD, FB69A8, FB6535,
FAD625, F9D360, F87E6C, F70175, F57CAC, F42765, F31081, F22E1C,
F165D1, F0B0D8, EFFE68, EF4C94, EE8EB1, EDD4FA, ED0A6D, EC2A9F,
EB4F2D, EA8654, E9E1FC, E964DE, E90C3A, E8B608, E83917, E77B91,
E68607, E587B1, E4BEB0, E46832, E490B7, E5255C, E6026F, E6EE5A,
E7A943, E80183, E80466, E7EA52, E7F410, E84825, E8DEFB, E99A6D,
EA5ADA, EB1D37, EBD97C, EC8EAC, ED3815, EDA2A8, EDB4C1, ED6F11,
ECEFCB, EC8507, EC6B62, ECC1D1, ED9D79, EED90C, F05E54, F1E3F6,
F31CBC, F3F4D5, F44281, F438D5, F41824, F4336E, F4B289, F59431,
F699F5, F79AFC, F889B1, F95D14, FA4A3C, FB65DA, FCCCD1, FEA217,
00CDEA, 033B4B, 05BFCC, 082975, 0A2925, 0B83B4, 0C2104, 0BF7D6,
0B340A, 0A22C7, 091E74, 0878C6, 085F7E, 08CA43, 09A2E3, 0AB481,
0BCB83, 0CA096, 0D1670, 0D4EDE, 0D8BEC, 0E177B, 0F263E, 10CFD9,
12C1EB, 14A142, 16218C, 170BEA, 176F56, 178D27, 17AD61, 17F035,
1856BD, 18E756, 199FA1, 1A7416, 1B5AD3, 1C3379, 1CD037, 1D18A3,
1CE3D7, 1C16C4, 1AE476, 19BB5E, 18F4E5, 18BDA9, 192A77, 1A0304,
1ADAA4, 1B55C4, 1B2E95, 1A4C80, 18F157, 178711, 168E9A, 16524A,
16B9EC, 176FA7, 17EF9E, 17BC06, 169C45, 1486DA, 11BFC2, 0F0184,
0CB55D, 0B2D64, 0A6B30, 0A266D, 0A22DD, 0A1944, 0A0063, 09FEE9,
0A2D83, 0A8795, 0B03AD, 0B8F65, 0C3C21, 0CFEC9, 0DE90D, 0EE820,
0FC46C, 10215D, 0F9FAB, 0E12E2, 0B67B3, 07EDED, 041709, 0086C2,
FDBA56, FC3AA1, FBE4D8, FC4F8F, FD1DEE, FD997C, FD5E3F, FC59BE,
FAC613, F93491, F83036, F82248, F9149A, FAC863, FCB29D, FE5C33,
FF60D3, FF8DD2, FF19A8, FE3417, FD2C7E, FC3BD1, FB8322, FB6568,
FBFE84, FD529A, FF1557, 00CF72, 01F63F, 0235B9, 0186F4, 001607,
FE425E, FC6DF1, FB226B, FA91EF, FAD216, FBCE33, FD1082, FE4521,
FF1E9C, FF79B5, FF66AA, FEECDE, FE447C, FDB3E6, FD5ACA, FD3E12,
FD3C51, FCFAF8, FC54EA, FB0723, F93C81, F76583, F5E23B, F5106A,
F50252, F5A3C9, F6A716, F7CDBF, F8E3DE, F9B28E, FA08D4, F9D3D3,
F9437F, F8B501, F87A68, F8AEE5, F94067, F9E9B4, FA6479, FA72A5,
F9DF30, F8D4A3, F75442, F5B270, F43CD0, F34377, F2FCEE, F373D9,
F4A664, F64E0E, F84DCF, FA5772, FC36A2, FDE164, FF0299, FF8044,
FF6C1F, FF0D4A, FEE75E, FF52C4, 0067C7, 01E63F, 035EEA, 046606,
04BC38, 046FDF, 03B2E1, 02C3B1, 01FBF0, 01785D, 0144AB, 014364,
015842, 017D5D, 01853D, 015918, 00D9A7, 001790, FF37AB, FE6EBE,
FDFE40, FDED46, FE42A7, FF1855, 0050A7, 01AE41, 02E2F6, 03A791,
03E4AC, 03954E, 02DAA9, 0202A1, 01583F, 00F89D, 011BC2, 01AB04,
028223, 037074, 044798, 051157, 05AEED, 064184, 06AB12, 06E4EE,
06FACD, 06FB6A, 06E14F, 06DA74, 0700E8, 075C22, 07FC36, 089D8D,
08FFCD, 08EB50, 08544D, 075945, 066A02, 05AF6E, 05830D, 05B578,
060A0E, 063BD1, 05FE2A, 057529, 04BA79, 043B5C, 03FBEC, 04487C,
0516A2, 0658DF, 07B676, 08D437, 099724, 09C23C, 095AD6, 087892,
073223, 0595A3, 03A9D2, 01A9FC, FFE632, FE9971, FE26CF, FE7A14,
FF5ECE, 00779E, 0141E6, 018B94, 013852, 0067B7, FF40DF, FE0A58,
FCF3CA, FC13F5, FB699F, FADDD5, FA5235, F9DBD4, F99303, F99489,
F9FFAF, FAB4A4, FB8C72, FC4671, FCBCB7, FCDC4E, FCB2FD, FC52B5,
FBD01D, FB2D39, FA69D9, F993D6, F8C4B5, F8267B, F7B246, F75DB6,
F72522, F70304, F6D97B, F678A7, F5A3CB, F42F3C, F24B41, F05F47,
EED64A, EDF9B1, EDB7D1, EDCB46, EDDC98, EDA4E6, ED056E, EC0051,
EAA732, E924BC, E7B65E, E68B16, E5C528, E58260, E5B38F, E6226C,
E68EAA, E6AC8F, E68596, E65915, E6417C, E67A7B, E6EFE5, E78559,
E83F52, E8F5D4, E9A0BD, EA0CC6, EA1932, E9B68A, E8EFBF, E80966,
E7603A, E745EA, E7F6DA, E979ED, EB928F, EDC2B7, EF9E11, F0F0E9,
F1A9FB, F1E849, F1B0B5, F12598, F0863E, F00AE8, EFD72E, EFE176,
F02132, F08B5C, F1136E, F1A241, F221EB, F2BF41, F3ADC4, F52CAA,
F764F4, FA5A2B, FDC918, 01351C, 040660, 05D102, 06716C, 060225,
050BE0, 04207B, 03ACA6, 03DB09, 04B65A, 05FA26, 077146, 08ABD6,
09502A, 0956B6, 08D625, 085BEC, 085202, 08E3CB, 0A0361, 0B7762,
0CDE26, 0E1198, 0F21FD, 1019AF, 10E946, 117B7E, 11D4BD, 120A0B,
125B07, 130E4E, 144C37, 161430, 181FC9, 1A11BD, 1B7FCE, 1BEC34,
1B4FF0, 19FD50, 1857F1, 171B57, 16C342, 175E0C, 18B342, 1A1C8E,
1B3947, 1BA686, 1B3C80, 1A403F, 18FF46, 17FC11, 1784A2, 17C244,
18B10D, 19FD61, 1B5246, 1C2675, 1C4358, 1B7583, 19CE6C, 17577C,
14510B, 111CF1, 0E09A3, 0B8B8E, 09E4B5, 094585, 0981F6, 0A468F,
0B2C5A, 0BDF54, 0C1694, 0BD84A, 0B7891, 0B56D1, 0BF3CF, 0D4B0B,
0F0A78, 10D00F, 11E4FE, 11EF83, 10B8A0, 0E6DF9, 0B7501, 0870DC,
05CD54, 03C5E7, 02709A, 0193F3, 011BC5, 00D6AB, 009B1B, 00481C,
FFA5A6, FEB307, FD7BC6, FC28D3, FB0111, FA21D3, F9A276, F973D6,
F97CC0, F99D1F, F9AA45, F9B2B8, F9B6C3, F9E985, FA7947, FB5B26,
FC77B6, FDB482, FEE320, FFC4DF, 001C17, FFCDBB, FEE161, FD7B78,
FC067E, FAE1A6, FA412B, FA3671, FAB177, FB76C9, FC723D, FD61BE,
FE2A66, FEBCD6, FEF238, FEF89D, FEA303, FE2CB1, FDC30E, FD7F6E,
FD6BA4, FD790D, FD8F4A, FD68C2, FCEB83, FBF87A, FA9CAF, F911F8,
F795EB, F6AF98, F65B76, F6882D, F70FAA, F7BCFA, F874D6, F91368,
F99A20, FA0FD7, FA722A, FAB6AA, FAC8DA, FA95D7, FA335C, F9B49F,
F9177B, F85726, F76D31, F666D4, F56BB1, F49CE0, F40FBB, F3DE3F,
F41AF2, F4CC7D, F5E065, F728C2, F86A1C, F95044, F9CD07, F9D8C5,
F99532, F9555D, F95D66, F9DF82, FACB07, FC062E, FD4E3F, FE9F44,
FFEF76, 013E83, 027B4B, 037E01, 041400, 0420AC, 03AFF3, 02E5A9,
0208CF, 0151E1, 00FD60, 00F684, 011EA1, 013D5F, 012F6C, 00F679,
008CF2, 001415, FFAC0C, FF80D8, FFACCD, 00074B, 0077FC, 00DE08,
0111F4, 011539, 01010D, 00E93A, 00E407, 00E9F8, 00F3F9, 010996,
013FA6, 01A499, 022CC2, 02E3FF, 038C8C, 041696, 04548B, 043742,
03ED7E, 03A3ED, 039F5E, 04024B, 04F04F, 064CA1, 07C22A, 09188B,
0A01B4, 0A5F8C, 0A2ADD, 098644, 08A2E4, 0798BD, 068B6E, 057D7B,
049228, 03E821, 037864, 036D96, 03CF22, 049FB8, 05CF90, 073A8D,
088730, 097B2C, 0A06DE, 0A27A6, 0A1C86, 09F90D, 09A5F9, 08EA56,
07985A, 05DF21, 0410EF, 02BDC6, 023C7D, 029E14, 03A720, 04DC8E,
05E82B, 067A41, 065AAF, 05864C, 044746, 02D80F, 01800D, 005901,
FF759C, FEE446, FE8520, FE493E, FE1B19, FDDAAE, FD7093, FCDDA1,
FC4F6E, FBEF33, FBCDC5, FBFD7D, FC5F18, FCF448, FD8A98, FDFE8E,
FE4693, FE34A0, FDCB98, FD03F7, FC1E29, FB56A4, FB01B4, FB4377,
FBD9C3, FC718C, FCA8FB, FC42E5, FB299E, F97FE4, F7A35F, F5FD6E,
F4F731, F49A9F, F4CB6E, F52645, F5550B, F52754, F45EC7, F3029A,
F12322, EED78A, EC84E5, EA8261, E92F6C, E8BE4B, E8E098, E96960,
E9E9E9, EA150C, E9E8E1, E983D4, E920D0, E8EC44, E8F6B0, E9314C,
E99721, E9F309, EA159F, E9C1E1, E8DA3C, E789E3, E625D6, E5047E,
E48115, E4CC0B, E5CCA3, E76157, E9452B, EB41F1, ED365A, EEDE7A,
F01275, F0A2C3, F09210, F02C9A, EF9F1A, EF40A1, EF22A2, EF298F,
EF49A8, EF33E3, EEF386, EE6E57, EDBA10, ED1527, ECE34B, ED9E04,
EF9173, F2A698, F64C59, F9E0D2, FCBCAA, FE74C1, FF0C41, FED63B,
FE6C88, FE3A73, FEA40A, FF9C2E, 00F856, 028C8C, 041B5E, 057E39,
067483, 07050B, 071FF2, 06D954, 065D8D, 05D6DA, 059CDD, 05E045,
06D07D, 086C45, 0A450C, 0C0A06, 0D4538, 0DB7C8, 0D950E, 0CFA54,
0C8508, 0CB1F9, 0DBE8B, 0FBB58, 125566, 150893, 1755BE, 18DDBA,
196A7B, 19211D, 184F52, 175C19, 16C577, 16AFD6, 170766, 1784E8,
17EF42, 18278C, 18397D, 1841E9, 184E47, 18716C, 18B55A, 193EB3,
1A16FE, 1B5BDE, 1CE0FF, 1E7F0A, 1FC751, 2049C2, 1FC9EE, 1E31E3,
1BDBBE, 1927E2, 1676D5, 14051C, 11FE59, 106834, 0F2796, 0E17E0,
0D2E8D, 0C76A7, 0C13AD, 0C1BE2, 0CA104, 0D9454, 0EBF20, 100053,
110BF3, 11BA6A, 11F185, 11B703, 110F72, 100CF0, 0EC333, 0D4192,
0BBB38, 0A7890, 09B02C, 09709B, 09AF4A, 0A2171, 0A7A5F, 0A34FA,
091AD3, 071785, 047137, 01ADDC, FF436F, FD94C0, FC9CAC, FC3C8B,
FC2DCA, FC3A98, FC1D26, FBD48F, FB777B, FB1930, FACD7C, FAB839,
FAF79B, FBA085, FC9F99, FDBA57, FEB5AA, FF2E48, FF2F8B, FEB1D6,
FDF224, FD1496, FC1F36, FB656B, FB01BD, FB19F8, FBBD02, FCB377,
FDC89E, FEAC08, FF322B, FF4D14, FF15EF, FEDCA1, FEC3AD, FED8CD,
FF10FE, FF4232, FF55A6, FF4820, FF1066, FE872E, FDA940, FC7A4E,
FB16DF, F9B186, F8883D, F7C518, F78BA5, F7FAB0, F8FEC7, FA6C04,
FBE55D, FD09E0, FDA02F, FD6A71, FC7B61, FB268B, F9D1A7, F8EE1C,
F895C7, F8B3F8, F8E386, F8B944, F844F0, F791EC, F6E00A, F66A9F,
F630EB, F63B8E, F66CB0, F69294, F6B2F4, F6C2BA, F6C4B9, F6CAE0,
F6C11F, F6AAF9, F6824C, F644C3, F61A4B, F6427B, F71703, F89B2D,
FA98DB, FCC158, FE8598, FF9DDA, 00132B, 0011C1, FFE34A, FFA098,
FF638A, FF6662, FFC9D8, 00A826, 01BF94, 02C2E2, 036136, 0367FD,
02F5D0, 02232E, 014804, 007650, FF943B, FEB5AB, FDFAFE, FDAF83,
FE0FCB, FF0E94, 0060DD, 01A1E2, 026FDD, 02996D, 022BFF, 015EE5,
00A35F, 002612, 000CD9, 003B4B, 007AFC, 008C63, 00449D, FFCAA3,
FF6AD9, FF9E8A, 009B1E, 024DCD, 04720F, 0690B6, 085F2A, 098E89,
09F9B4, 09BE13, 0908E1, 0803F6, 06D5E9, 05AB60, 04A399, 03E66C,
0391C1, 03B29C, 042609, 04CEC3, 0590E7, 064CF5, 06DAAF, 0718FD,
071F17, 073DC5, 07ABCE, 0868F9, 0957AE, 0A138C, 0A611C, 0A0C69,
091B98, 07BF65, 064FBB, 053566, 04C564, 0521C1, 060E85, 0735C7,
08321F, 08B413, 08718E, 079506, 065286, 05057C, 03F990, 035820,
031FFB, 03159E, 031E3A, 0302CE, 02A718, 01ED91, 00D010, FF7432,
FDFBC6, FC969A, FB96C9, FB4791, FBB960, FCCA59, FE0527, FEEB44,
FF46E0, FEF0C6, FE21FA, FD2DF0, FC68CE, FBF0AD, FBD050, FC0309,
FC7080, FCD6F4, FCF9DD, FCBBFB, FC120B, FB403B, FA7186, FA13E0,
FA2909, FAA36D, FB48AB, FBC48A, FBD586, FB48D9, FA0A26, F8024C,
F57813, F2B50B, F030C9, EE61F1, ED6290, ED2959, ED76A3, EDF62E,
EE4C6F, EE3665, EDA15B, ECA292, EB930A, EAC388, EA623A, EA6A7C,
EAD227, EB4FE8, EB8346, EB2AF8, EA3FCB, E8D565, E7110E, E52F25,
E37966, E23A3D, E1B55B, E24FC1, E401FB, E68263, E936D8, EB915B,
ED1B8D, ED9864, ED3AB5, EC5A0D, EB74C8, EB0110, EB3F2F, EC1A91,
ED4967, EE33AB, EE9391, EE0AC5, ECAE04, EAF484, E97ACC, E8E264,
E95145, EAD443, ED0D51, EF95BC, F20506, F425DB, F5D9A9, F71A21,
F7E553, F860B5, F8A41C, F8D53D, F944CC, FA17DA, FB7B2A, FD5A9A,
FF6B98, 014DEA, 02BFBE, 039669, 03C020, 03774D, 030579, 02B91C,
02C9D4, 034079, 040330, 04D8EC, 05B156, 066004, 06DDC0, 0735AD,
078211, 07F2A6, 08B60F, 09EC1F, 0B92D5, 0D6278, 0F1DDD, 10BFB2,
1225CC, 1367CD, 145CDE, 15055D, 155528, 153724, 14E32B, 146E0C,
140819, 13D4C9, 13C231, 13C342, 13B1FF, 13A9C3, 13E7E1, 14AFE3,
162387, 184E96, 1AD0B1, 1D49AC, 1F7254, 20D8AE, 21474D, 209877,
1EE78E, 1CA39E, 1A53F7, 183281, 166BF8, 14FE42, 13E767, 130C05,
12724C, 12362A, 122488, 121AD3, 11C963, 110C86, 100BA6, 0F14FD,
0E6AE2, 0E3FB3, 0E9B00, 0F4684, 0FF967, 10724D, 108A80, 102B3E,
0F68A9, 0E88AB, 0DC9A8, 0D51DB, 0D1553, 0D048E, 0CFDBE, 0D01CA,
0CEAD3, 0C830E, 0BB3DF, 0A5BC2, 089359, 066988, 04331E, 02333D,
007E77, FF2DA9, FE33B3, FD973C, FD4F63, FD3ED3, FD4301, FD0F89,
FC9437, FBF301, FB64D6, FB3005, FB678D, FBFCAC, FCADFD, FD2557,
FD2380, FC9553, FBB296, FAB557, F9F1E0, F9AB07, F9C441, FA2A11,
FAB097, FB5848, FC2556, FD12BF, FE183B, FF0293, FFACA3, FFE5C5,
FF8F08, FED8D0, FE1887, FD949C, FD59A0, FD3C6C, FD15BF, FCBB27,
FC1C62, FB57A5, FA7FE2, F9CC5D, F978A5, F98A5D, FA0CAC, FAE406,
FBCD9D, FC7F9F, FCD078, FCB615, FC49B0, FBBB9E, FB1AEB, FA6E7F,
F9D27D, F95699, F91B0F, F93FAA, F9A5B4, FA2A81, FA77CF, FA3DFC,
F97C6B, F85F77, F72ABF, F622FA, F57294, F534B3, F57BF8, F60F5E,
F69D07, F6F3B4, F6E31A, F6880B, F619B0, F5CE5A, F5EB88, F65784,
F6E4CD, F761EE, F7A1B2, F7C64D, F7E50C, F84991, F92228, FA6E23,
FC018E, FDA28A, FF1831, 0041D5, 01241D, 01C918, 024597, 028213,
025820, 0198A6, 0047D4, FEAE5D, FD3DF6, FC89FB, FCF53A, FE7485,
009C70, 02D6A1, 04727F, 04F4BD, 045340, 02C1AB, 00EDC4, FF5C72,
FE667B, FE2A79, FE5F12, FEC07D, FEF99B, FEE698, FE9406, FE2BCB,
FE04FC, FE4B15, FF40D1, 00A4FF, 023D18, 03CD67, 05184C, 061664,
06AA92, 06E2C6, 06BCDD, 063D9C, 058866, 04BE8D, 04233D, 03D95C,
042D38, 04DA1F, 05A115, 063879, 064784, 05E779, 05317E, 048828,
0436BA, 0466F0, 052F77, 067F32, 07F77B, 094A98, 0A0F3D, 0A1022,
097910, 088131, 078EB0, 06E249, 069FEB, 06CC14, 072CD1, 07BA95,
084E8A, 08CF62, 091138, 090297, 08A87B, 081B01, 078FFD, 07176E,
06DD95, 06DF66, 070088, 071854, 06E65F, 0618EA, 04977F, 02A3D8,
00AE63, FF2859, FE635A, FE7A94, FF4010, 005433, 013EFA, 01AE48,
01928F, 00DC96, FFD5E6, FEAE75, FD757E, FC7126, FBCE4F, FBADC1,
FC021C, FC8401, FCF7DD, FD3C22, FD3B90, FD11D3, FCDD94, FCC966,
FD02BC, FD9524, FE6BD1, FF7649, 006299, 00B50F, 003DA4, FEB60D,
FC33C9, F9280C, F619A4, F3CA26, F2873E, F242C4, F2C23B, F3723A,
F3DEB5, F3D525, F34FA5, F25C47, F12A66, EFEA1B, EECA79, EDE4E5,
ED581A, ED21E5, ED367E, ED642F, ED63FC, ED03AB, EC14AC, EAAA92,
E8B2D4, E68593, E49FD2, E38129, E38571, E48689, E619BA, E7AD1F,
E8EBA7, E9C58E, EA431A, EA9A96, EADF2A, EB223E, EB5FAB, EB802C,
EB708D, EB3104, EADE93, EA8BD9, EA53C3, EA4CD9, EA6C83, EA9DA2,
EAC0C5, EACB52, EADDE3, EB2FBF, EBE714, ECF305, EE0A10, EEF5B2,
EFB8F9, F0743E, F144EA, F23277, F347F0, F47D2C, F5E046, F79C2A,
F97F03, FB3FDB, FCABB1, FD7B33, FDDA5F, FE133C, FE6B0F, FF305E,
0040CB, 016C19, 024F47, 02C544, 02C197, 02589A, 01DF9C, 018837,
017E6D, 01D0EC, 028083, 03AB42, 05433F, 073C73, 099A70, 0C1797,
0E671C, 102EA4, 1126E8, 11414B, 10C7A4, 1011DD, 0F7AAE, 0F3F51,
0F49A4, 0FA361, 100F93, 1099B3, 113F85, 11F861, 12EBAA, 1400C1,
15178C, 1624F9, 1742A4, 188A3F, 19FAA7, 1B8268, 1CDC9D, 1DE0B3,
1E5512, 1E426E, 1DC04A, 1CCEB1, 1B98C0, 1A6461, 197551, 18EB69,
18C38A, 18C3D4, 18A68F, 18345C, 175412, 1606E6, 147611, 12F5E0,
11C252, 1117F4, 110F94, 117210, 11F42E, 1248BF, 1249EF, 11F83A,
117141, 10D0D9, 1021AF, 0F8F38, 0F2618, 0F0BD4, 0F5AA1, 0FEECD,
10B967, 1173D9, 11E0DF, 11CD35, 10E4FE, 0F2696, 0CADD8, 09E403,
0762E5, 05A289, 04C172, 0475D4, 046C0D, 04417C, 03D280, 031CF7,
022255, 012BE1, 004D80, FF8EC1, FEF190, FE5EE2, FDE4C4, FD77AE,
FD071B, FC8318, FBDCB9, FB1DD4, FA514E, F9AE42, F95DCF, F96D3F,
F9EE72, FAE5D1, FC4345, FDC821, FF1510, FFD890, FFF569, FF879F,
FEC206, FDF0CE, FD57EA, FD0A6B, FD1333, FD6662, FDC0B5, FE064C,
FE1174, FDCB2E, FD404F, FC80F8, FBEBE1, FB7A60, FB5384, FB7377,
FBB811, FC1B5D, FC8379, FCDB3B, FD0614, FCE415, FC6ABF, FBD267,
FB677D, FB7F12, FC1914, FD1DE8, FE0FC4, FE7DCE, FE0879, FCA7D0,
FAB325, F88573, F6D92A, F609BC, F63ED1, F7606F, F8F232, FA8541,
FB8742, FBBF34, FB1509, F9D074, F86F99, F705CC, F5D117, F4D028,
F400F4, F39549, F3A5A0, F44DDF, F57523, F6E70D, F8703F, F9A935,
FA6D08, FAD19D, FB135D, FB9312, FC6A5D, FD8405, FE77E7, FEE01A,
FE97FF, FDC83F, FCC07F, FC04DC, FC1626, FD17DE, FF093B, 016713,
038B9E, 051BDB, 059911, 051F5D, 03E86C, 025F7D, 00F182, FFE0F7,
FF5004, FF2DAA, FF535B, FF7EB1, FF81CF, FF3B3A, FEDC43, FE7BBA,
FE5576, FE72D4, FEB543, FF1024, FF80D3, 003184, 0124F5, 02491B,
036FF0, 043479, 046146, 0409A8, 038698, 03301A, 035010, 03E552,
04C40C, 059254, 061169, 0629A8, 05C1C1, 050C4D, 042039, 035B03,
030D8C, 037AAF, 0476CB, 05B4B6, 06FAC3, 080468, 08BD49, 08F97D,
08A51C, 07CA89, 068997, 055026, 0483F6, 0480A4, 057EBD, 07283B,
09029A, 0A91AB, 0B642F, 0B58F9, 0A8A77, 095DE5, 0852D4, 07D323,
080199, 089BA4, 095739, 09DD05, 09D855, 092A1D, 07D666, 062675,
046F72, 03009C, 023BB6, 022C3C, 02B578, 03A2BA, 047487, 0502E7,
05191C, 04A066, 03A8A3, 02476A, 009FCC, FEB636, FCE48F, FB63C8,
FA8B97, FA9BB4, FB5755, FC839B, FDBA7B, FE77EA, FEAD2A, FE7999,
FE3D13, FE5C09, FEE6D1, FFBF21, 007235, 00C2C9, 007996, FFC39E,
FED8E6, FDCB89, FCAF0C, FB82AF, FA25EF, F8B656, F78775, F6BC19,
F68D72, F6A7D3, F6DCD2, F6D0AC, F6463A, F55260, F40FDB, F2D47C,
F1CF12, F10AD0, F08E6C, F04A00, F008E8, EF71BF, EE5FBE, ECD60C,
EB0996, E95CF9, E813E6, E74E69, E71125, E738BA, E78C7A, E7DCAF,
E80C93, E816C6, E8102D, E80B67, E82AB4, E85E27, E887E7, E889F4,
E85ED5, E83BDD, E8418D, E88D20, E91A5B, E9A163, E9D4A0, E99D5F,
E8FC29, E84684, E7BAB9, E7A3D4, E81618, E8E7EC, E9F56F, EAE044,
EB8577, EBC039, EBA453, EB6E85, EB60FF, EBB312, EC985E, EE0656,
EFEAB2, F21775, F45B7B, F6AFFD, F8E1C2, FAC57D, FC06DD, FC8EFB,
FC5351, FBAA00, FB01E9, FAA51A, FAC02D, FB389E, FBE45F, FC92E5,
FD3876, FDD704, FE88AF, FF82F5, 00C502, 02574E, 0419B3, 05FB63,
07D548, 09613A, 0A6FAE, 0ADA05, 0ABFB2, 0A5A77, 09EC98, 09911F,
097AFA, 09B3D9, 0A49EF, 0B3855, 0C5613, 0DAC25, 0F292D, 109E90,
11C589, 126B22, 129D2D, 12803B, 128EBC, 1322AE, 14776A, 166E5F,
1893A9, 1A96C0, 1C01D2, 1C8B5A, 1C308E, 1B3039, 1A186C, 1935DC,
18BE4A, 189F82, 18D01E, 190B19, 192308, 19020F, 18997E, 17FE67,
17273D, 161FB8, 14F288, 13C54C, 12ABBC, 11F115, 1192D7, 1189B5,
119D20, 119589, 117455, 112442, 10CBE8, 107F50, 105FC5, 109CA6,
1139E8, 121CA4, 12D038, 13075C, 128453, 1152E3, 0FBA8A, 0DF689,
0C5DBA, 0B0AA6, 09FC85, 093B3F, 08D443, 08BC17, 08F72F, 092D44,
091E08, 088020, 075117, 05CC59, 04138F, 026B3C, 00EBEB, FFB4C1,
FEA6E4, FDA8F1, FCA13D, FB8C7E, FA7A30, F99F3C, F91C22, F90E9A,
F992EC, FA8CDE, FBC2E3, FCE136, FDA8EC, FDC5C1, FD37CC, FC4B2A,
FB5733, FAD756, FB014D, FBD7DE, FD23A3, FE6BC5, FF7883, 0012BA,
000A40, FF61FE, FE225E, FC7C22, FABDEC, F94D38, F88CAF, F88D10,
F9537A, FAAAB1, FC10A4, FD419E, FDF73E, FDFE25, FD82DE, FCCFC7,
FC4592, FC3A44, FC8788, FCF11E, FD1DB8, FCD266, FC2C83, FB48A7,
FA700B, F9D7DB, F9B260, FA0706, FABA3B, FB8655, FC3A57, FC9F64,
FCA656, FC55D9, FB9BF5, FA90E3, F93E24, F7CF3F, F67258, F558B2,
F4BDCB, F4C861, F577E7, F672D1, F76788, F81587, F8457F, F819A0,
F7C42A, F77E3A, F77230, F7AC32, F830CF, F8DE37, F989D1, F9F02E,
F9D0E6, F93B08, F87DB8, F8233E, F8C004, FA6B67, FCD119, FF7700,
019A10, 02E9BB, 036C1D, 0333DB, 029A6D, 01C290, 00DE25, 00248B,
FFA0C5, FF8EC2, FFDBA2, 0065DE, 010C42, 0167CA, 0124ED, 0027EC,
FEA282, FD0DF3, FBE4C3, FBA783, FC7684, FDFF1A, FFCEC3, 015A59,
02659A, 02C979, 02A7F1, 02284F, 0191B9, 0114B0, 00C849, 00CB33,
0129B1, 01EF23, 02E3E7, 03E194, 049461, 04F92E, 0507E2, 04DA17,
0494D6, 04569C, 044999, 047557, 04E387, 057A23, 062765, 06BE93,
06F378, 06A1EB, 05BEA5, 049440, 0395AA, 032DD8, 039F4F, 04C7B8,
064F7F, 07DC2C, 0919E2, 09E23B, 0A50A9, 0A6BFD, 0A5D24, 0A4077,
0A1BEF, 09D509, 096BEB, 08F0C2, 0871D2, 0807B7, 07BC8E, 07AB28,
07B54A, 07C75E, 07A98B, 076E4C, 0732E4, 0727EE, 0772E9, 07F407,
085E0A, 084768, 0786F8, 062946, 047529, 02AB3F, 010C7A, FFB78D,
FEC516, FE2622, FDA301, FD4D74, FD2D83, FD4AD2, FDB4B4, FE452D,
FF06D6, FFE837, 00AC16, 012864, 0146EE, 01229E, 00D9FC, 009790,
005D3C, FFFCE9, FF5EC9, FE7F03, FD82B3, FC904D, FBE2FB, FB8943,
FB9F26, FC01B7, FC78C9, FCBF2B, FC9550, FBD3DF, FA7CAB, F8F13E,
F78188, F67AA1, F5D452, F573E6, F51A9D, F46C5F, F37BA1, F24E4E,
F11512, EFDED0, EE8846, ED2812, EBC3E2, EAB2DC, EA0670, E9DE4C,
EA378A, EADED1, EB9573, EC021B, EBF889, EB64A7, EA66C3, E9456C,
E84B0D, E7C9A2, E7BC1A, E809E1, E87C10, E8DD03, E939B3, E9940D,
E9F9DA, EA63E8, EAAA2C, EAAE2F, EA5B46, E9BA9D, E8EE7E, E83C72,
E7B571, E780D9, E77CFF, E78F98, E7A90D, E7BA28, E8052E, E8C2C1,
EA37E3, EC7354, EF3D2B, F23CA5, F4EC1A, F6D2B2, F7C4FB, F7B9E7,
F6F366, F60359, F55889, F53D8A, F5B932, F68F92, F796A6, F895D4,
F97BB3, FA56C7, FB3ACF, FC339C, FD4C1C, FE854F, FFDEC0, 0141D6,
028C81, 03BE97, 04C19D, 059A3D, 0660BB, 0701E1, 076689, 07594F,
06D1DC, 06151E, 059A59, 05DDFE, 06FD47, 08C996, 0AC543, 0C66F9,
0D789A, 0DEBEE, 0DF8AB, 0DEF79, 0E3B71, 0F0D27, 106844, 1234BD,
141DF4, 15EBB7, 17523D, 182BB9, 1899FA, 18B8BB, 18B249, 18BD20,
18E4E0, 19359D, 19B7CE, 1A78F0, 1B668C, 1C2BA0, 1C7AD4, 1C2035,
1B1752, 199AAE, 181B6D, 16E391, 162389, 15C92D, 15A4AD, 15880B,
1541D8, 14D004, 142883, 137627, 12FD4E, 12E2B8, 13562D, 142D79,
1515B9, 15BFD3, 15DAA4, 154B7C, 142950, 12B181, 111398, 0F8162,
0E333A, 0D61EE, 0D5846, 0DFBC0, 0F25B5, 105CCC, 11432E, 118C3E,
110C35, 0FCB86, 0DCB48, 0B7754, 093C62, 079911, 06AA77, 066DFB,
0680BB, 066B76, 05B4DD, 043A51, 0249C0, 003CE2, FE8ED7, FD6DB3,
FCBA6F, FC45B7, FBE56C, FB7365, FB26A0, FB1EEC, FB723F, FC0DF1,
FCD3EF, FD9195, FE1B39, FE9221, FF0CDE, FFAE8C, 002C7A, 004DF2,
FFDACA, FEDB6E, FD7326, FBEF8D, FAA74A, F9DD3E, F9CE94, FA740F,
FB9F4C, FCF22A, FE1E4F, FEC214, FED157, FE5255, FD826A, FC9C2F,
FBDD6F, FB86C7, FBA08B, FC0EFB, FC8917, FCE908, FD02F0, FCDE26,
FC96DD, FC5DC1, FC6A94, FCCD96, FD6B2D, FE0EF7, FE8B30, FEC583,
FEBB4E, FE5367, FD6A32, FC0E0B, FA5D31, F8A384, F76265, F6F365,
F76D69, F893E1, F9E7B0, FAFDA0, FB71E7, FB1A65, FA3A43, F915E2,
F7F5E2, F71F42, F6C80D, F70B10, F7AC82, F85ED3, F8CB13, F8B9D4,
F83F82, F78F96, F6ED60, F68110, F67C4E, F6E8F7, F7EE45, F97B48,
FB6795, FD8294, FF6D73, 00DF5F, 01A679, 01C647, 015D45, 00BD68,
004128, FFFEDA, 0014FD, 0062F5, 00CC66, 011AA2, 011173, 00B36C,
FFE917, FEDF35, FDF15F, FD6206, FD60AD, FDE2D0, FEB2EE, FF9CD8,
007FC3, 012DD5, 0195BF, 01A17B, 014C96, 00B0C9, FFD669, FEFAD8,
FE5BBF, FE3DBA, FEB6F3, FFCF6F, 01399F, 02A943, 03E40E, 04BCF2,
05294C, 0536C7, 052DE9, 0522D8, 052914, 053A39, 052242, 04CC9F,
044CB7, 03AF58, 0349F7, 0339F3, 037BBC, 03FA99, 046E75, 04C7C6,
04EF95, 05211A, 057B3D, 06276A, 0706CA, 07DF32, 089701, 09024F,
0931EF, 092B58, 08F866, 08BF89, 088865, 086D5A, 085A02, 0835CB,
07EE0C, 079F52, 075CF3, 076403, 07DC45, 08B867, 09EDBC, 0B1388,
0BEA0F, 0C4327, 0BF796, 0B1908, 09A111, 07B40B, 058637, 035C46,
0193E8, 0038E3, FF65A1, FF2591, FF5892, FFF284, 00B426, 016B48,
01CAED, 01BD1A, 0147F3, 009A24, 0001CC, FF8B3E, FF6CDB, FFB2D7,
00294E, 00A509, 00CB6F, 007DDB, FFBD60, FEC194, FDC2F0, FCFDCD,
FC926C, FC8157, FCD873, FD65EA, FE130E, FEC6C1, FF4EE4, FF9B56,
FF5B30, FE74C7, FCE4E6, FAFD10, F92CCA, F7BA15, F6CA75, F62B3F,
F5AED0, F509EB, F4037B, F29E57, F10F3B, EFAFE6, EEBFE1, EE408C,
EE1FD3, EE1D4B, EE112E, EDD10E, ED4362, EC8B48, EBA5CE, EAB99C,
E9BD23, E8CA3A, E80F95, E7C167, E8038A, E8CFFF, EA10C7, EB6C68,
EC993C, ED4BE8, ED31CD, EC5466, EABFE5, E8CECD, E70082, E5C510,
E53456, E52069, E53C5E, E5519C, E55DE8, E5583A, E559DE, E59325,
E638C5, E75EC5, E929A9, EB4D3E, ED7E77, EF630B, F09F1D, F13FD1,
F16044, F14374, F12E02, F12DF9, F129E0, F12E03, F14308, F1A378,
F274CB, F3A954, F51890, F672E0, F7987A, F88A56, F94E7D, FA2C8B,
FB6BFE, FD0923, FEF959, 00DC14, 02467B, 02F580, 02EB82, 02635D,
01AEA6, 012EA3, 0116EA, 018C88, 027226, 038FDF, 04B935, 05B5BF,
067E35, 06FCDF, 074802, 0788B9, 07E32D, 0899D2, 09C1A1, 0B5487,
0D0863, 0E85F9, 0F98E9, 105717, 10E306, 1175CA, 12382D, 133289,
145F7B, 15C11B, 1753D4, 18EF3D, 1A5DAF, 1B4495, 1B79D0, 1AD9ED,
19A57D, 1835B0, 16EDB9, 16190B, 15B8FF, 15C10E, 15FEA5, 163D60,
165FDD, 166C68, 167639, 1688CD, 169A88, 168DAE, 16477B, 15C3F3,
15267A, 1492B4, 142714, 13DB7C, 13875B, 131A80, 127A91, 11B92C,
10F227, 106187, 1044FF, 10B417, 117D5F, 1236EA, 128548, 121454,
10F7B5, 0F7F02, 0DFFDC, 0D1208, 0CDEED, 0D5372, 0E4B75, 0F3099,
0F9F52, 0F46F7, 0DF76D, 0BE25D, 09355B, 065702, 03A623, 01668D,
FFBAF9, FE8EB8, FDC957, FD73E0, FD7F8C, FDC339, FE0313, FE1040,
FDF177, FDBFA9, FDA791, FDC57A, FE1834, FE8A0D, FEDC38, FEE020,
FE79C7, FDAB21, FC8C5F, FB6997, FAAE77, FA9C31, FB641C, FCCB3E,
FE56AA, FF75A8, FFC283, FF4643, FE285A, FCC74A, FB7A38, FA661D,
F9A937, F959CE, F986A3, FA14E3, FAFF5C, FBFE22, FCEBEB, FD8759,
FDBEA7, FDA42D, FD3400, FCC034, FC784C, FC8503, FD0C0A, FDD8D3,
FEAC0A, FF3899, FF2BF9, FE6E68, FD0B03, FB588A, F9CDA0, F8CDB7,
F88294, F8D891, F9A58E, FA950D, FB7022, FBFBD9, FC2620, FBF5B9,
FB7932, FAD29C, FA1CE3, F97D8F, F909A7, F8B44D, F86228, F80F48,
F7C529, F76499, F6F2F7, F66A44, F5CF86, F5417A, F4FCD6, F549D6,
F639ED, F7A9AC, F93F83, FAC3B6, FC2EB1, FD705E, FE8BC8, FF7049,
000328, 003F3F, 0024C2, FFC986, FF4C62, FEC10A, FE3FF6, FDEC0F,
FDEF52, FE5E5B, FF203D, 000B00, 00CF24, 0125C2, 010E16, 00CA9B,
0090A6, 00877D, 009735, 006D6E, FFEEEC, FF0762, FE07F8, FD481E,
FCF876, FD51E7, FE3929, FF6EBA, 00A699, 019DBF, 023CBD, 0279E2,
028B70, 02A50D, 02D411, 031EB1, 037B69, 03D4BD, 041B43, 044F0D,
046828, 046D90, 0462BC, 043C54, 03E979, 036612, 02FDAF, 02CB36,
02E9B9, 036247, 040F66, 04EEB1, 05DBBC, 06BB41, 077F29, 07F4F9,
080F2F, 07CCDD, 073BC9, 06908F, 0615DF, 05CC4B, 05D8D0, 062D83,
06BA74, 07803A, 083879, 08D9BE, 094E32, 099525, 09E199, 0A5172,
0B0132, 0BC4CF, 0C7855, 0CF043, 0CF285, 0C6A6E, 0B63BD, 09E0F2,
07FD7D, 06120B, 044E5E, 030EA4, 027264, 0268CB, 02C1D5, 03368A,
03811B, 0391EC, 0377B8, 036187, 0369E3, 035F5F, 032E33, 02AD04,
01FE7A, 01507F, 00CAF8, 006AA6, 0013B0, FF977D, FED7F2, FDF28F,
FD2E08, FCE8A6, FD4FD1, FE6BEB, FFE3B9, 01548F, 025735, 02B225,
025DE2, 0189BD, 005E3B, FF093F, FDC576, FCC2A8, FC27BC, FBCC1F,
FBAB6C, FB7D7D, FB2CE1, FA8A91, F97C37, F84BDB, F6FEE1, F5ACCE,
F46464, F31C94, F1ECB8, F0CA65, EFB798, EE9C1E, ED92A8, ECAC56,
EBEBAE, EB5F13, EAFDA0, EAEE38, EB56F8, EC48FD, EDA9FE, EEF9AE,
EFC51B, EFB7C1, EEC4DC, ED51D2, EBD545, EAAF11, EA066E, E9B97A,
E97E73, E90C78, E8327B, E6F575, E59E9B, E456DF, E35D83, E2F610,
E34F35, E46C79, E61C1D, E80BA0, E9E760, EB79B4, ECA133, ED5C3C,
EDB206, EDA249, ED4CAB, ECEE02, ECC1B1, ECF216, ED90CD, EE7441,
EF6037, F01C4E, F0898B, F0CABB, F10F0F, F191C7, F2820B, F3F9CF,
F5E769, F831CA, FA6E49, FC4A72, FD9C1B, FE3EBA, FE4C72, FE04BB,
FDCC9E, FDC3FB, FE104E, FEC385, FFC763, 00F7BF, 023FDE, 0364C0,
044222, 04C6AD, 04D075, 047C25, 03EE94, 0371D3, 035DD4, 03D6F5,
04D404, 06317A, 07ABB0, 0915B1, 0A564E, 0B8ABF, 0CE65B, 0E858E,
108440, 12B759, 14DEC9, 16A199, 17B290, 181043, 17C7CC, 172577,
1677D5, 16013B, 15F88A, 1655F8, 1705F5, 17E368, 18C5D0, 197AF8,
19EF38, 19D068, 191EF0, 181747, 1707C2, 1641C9, 15E0AA, 160D00,
16A6BA, 177A40, 1849B1, 18BD78, 18C587, 182725, 16F409, 158719,
14395B, 135CA6, 130785, 132440, 13628A, 136620, 12FCE4, 124285,
1173CD, 10D39C, 109F8B, 10DF8F, 118576, 1274FF, 138BB3, 148E6F,
1539E1, 155F3D, 14C30E, 135807, 112445, 0E52A0, 0B4744, 0880D9,
0661FA, 0524A7, 04C948, 051BD9, 05B328, 061014, 05EA28, 0504E8,
0374CF, 01A877, FFEF6F, FE9E7A, FDDD5C, FDA9D5, FDD39F, FE0C57,
FE30F1, FE330A, FE23D6, FE189D, FE2C5D, FE60DF, FEAEC1, FF04BD,
FF43D6, FF7757, FF8E6D, FF765E, FF336F, FEAAD2, FDDF29, FCE3EE,
FBD9C5, FAE8B9, FA4584, FA1B0E, FA5C8B, FADDEF, FB7CDF, FBF9C1,
FC4DA5, FC8ABD, FCBEAF, FCFEDF, FD2FF4, FD7457, FDAD32, FDF901,
FE3AED, FE700D, FE8E26, FE7C81, FE3FDB, FDC435, FD2C4D, FC6E9B,
FBA0C6, FAD6DE, FA498E, FA24AA, FA7BD0, FB24F6, FBFAB5, FCB087,
FD1397, FD32B8, FD0BD9, FCCDA6, FC83AF, FC406A, FBF7A0, FB83C5,
FAE5E7, F9F56A, F8AC1E, F7388A, F5DF3C, F4E5E0, F48C48, F4EF1E,
F5D23E, F6F8F8, F80806, F8E916, F991C0, FA3DCD, FB08A1, FBD892,
FC90DD, FCDEBA, FCAAAE, FC14BA, FB6DB1, FB2A56, FB88F4, FC8245,
FDDF14, FF4B70, 004D8C, 00C8BA, 00DC24, 00AB8C, 007DC1, 007551,
0097D9, 00C241, 00C166, 007CB0, 00104B, FF85F4, FEE911, FE39FF,
FD88BB, FCFF94, FCCC07, FD0D2D, FDB499, FEA503, FFA871, 009AB1,
015978, 01F005, 024964, 024F18, 021266, 019BF2, 011157, 00B36A,
00B975, 0132B1, 01FE1E, 02D091, 035F14, 0382E1, 035867, 0313AD,
02D772, 02C66F, 02EAC3, 035460, 03EB0D, 0480E8, 05127F, 058187,
05DB3A, 05F264, 05B450, 0519D8, 04382C, 036706, 02F578, 03109E,
03B4BD, 04B115, 05A9C2, 066BA9, 06D8B1, 06FB3B, 070EC2, 075756,
08111E, 093E7F, 0AAB60, 0C11E9, 0D1F2D, 0D8DEB, 0D5155, 0C72FD,
0AFCC1, 09302F, 073EC8, 057BF9, 042A7A, 038E8D, 03B5DA, 046CD0,
0576D2, 0676B9, 073BF0, 0780FC, 072643, 062FBA, 04BC46, 033817,
01E184, 0111AA, 00B59E, 008536, 00502B, FFD760, FF389B, FE8CBE,
FE23DC, FDFE15, FE3992, FEC489, FF5FF8, FFE5B0, 003334, 0013DC,
FF7C0F, FEA386, FDCB13, FD553A, FD7118, FE0BA5, FED222, FF852B,
FFE766, 000E5D, FFF2CB, FF9671, FEF10F, FDE727, FC9BC3, FB1F9D,
F9BC98, F861B8, F72063, F5DFE8, F471D7, F2C65D, F0EE6E, EF1233,
ED667D, EC3376, EB8AF8, EB8ECA, EC3CB6, ED49CF, EE8B40, EF92F9,
F019C5, F01AC4, EFA84A, EEF247, EE2ECE, ED7791, ECCB62, EC391C,
EBAE7E, EB1829, EA59AC, E95794, E80DC3, E698A9, E51112, E3B3D5,
E2BFF8, E260F9, E2BA51, E3BCBD, E543D3, E71232, E8CDA5, EA0E94,
EA971E, EA6B2D, E9B9BB, E8FB04, E88CC1, E89948, E91016, E98F0D,
E9E6C3, EA0B21, EA2028, EA7318, EB1DAA, EC2A66, ED9825, EF2858,
F0B00B, F1F5E9, F2E1AB, F37D83, F3BA94, F3CCC8, F3F2D8, F4735D,
F571DF, F6FD76, F8EF30, FB2606, FD6FDE, FF8BE3, 013E65, 022878,
020F39, 00FACB, FF57F2, FDB384, FC9165, FC41A0, FCC957, FDFA42,
FF6F56, 00EBE3, 022532, 02F562, 038143, 03E806, 048068, 056C48,
06D87B, 08AA15, 0AA204, 0C91EC, 0E49BE, 0FCF39, 112CA5, 123804,
12EA22, 134D37, 1370AC, 13AE23, 142A42, 14F163, 15F3FF, 16EF59,
179C86, 17C610, 17464D, 1645C1, 152046, 142F00, 13E074, 14532B,
157877, 1720B6, 18D9C4, 1A3193, 1ADDC0, 1AA8CA, 19B6AE, 1866B3,
16E782, 155DD7, 13F716, 12CBC3, 11EFF0, 116AC0, 113DCC, 116603,
11DEF2, 126B59, 12F1D6, 136007, 13B023, 13F9D7, 142BA8, 145C67,
147928, 1488F5, 148173, 1441CA, 139727, 126E3F, 10F0B6, 0F6DCE,
0E3E8C, 0D7231, 0CFA44, 0C9D4E, 0C0F47, 0B56CC, 0A5E00, 094D5F,
084368, 0728B9, 05F8B4, 0488E8, 02CF35, 01144A, FF9BF2, FE96FD,
FE2152, FE2021, FE6314, FEA0EF, FECBE0, FECD4A, FED8FA, FF0B27,
FF5334, FFBA0D, FFFF57, 0012B2, FFDCDF, FF52D7, FE9D2B, FDDC11,
FD345C, FCAA76, FC47CA, FBF2E2, FB9B47, FB4C1D, FAE8D6, FA8F9A,
FA5706, FA4A25, FA7985, FAD35A, FB65ED, FC0E31, FCADD1, FD31BA,
FD77ED, FDAB79, FDE630, FE34B8, FE8319, FE6E9E, FDD132, FCB336,
FB5A84, FA45F6, F9D695, FA1E19, FAE791, FBCD79, FC9F2C, FD4131,
FDA348, FDE57E, FDF27E, FDEF02, FDCC89, FD92E4, FD4DAF, FCCE79,
FC2D1A, FB7C70, FACF7D, FA49F1, F9D205, F94BDC, F8AC8C, F7FCBF,
F76375, F7109A, F713DD, F77477, F82F9B, F914C3, F9ED03, FA8E33,
FACF3D, FAA247, FA1D4A, F96FA2, F8D6CD, F88537, F8AA11, F93EAC,
FA3296, FB6800, FCBF26, FE2C02, FF81EB, 0091E5, 012D9C, 015490,
0123FB, 00BE3B, 0048E0, FFD62D, FF8057, FF38A6, FEF90C, FEB2F6,
FE5471, FE00C3, FDC313, FDCA74, FE1B9A, FEAF60, FF6BAA, 0029B3,
00C25B, 010999, 00EA6A, 006F35, FFD01E, FF48AE, FF09AB, FF2E9A,
FF9C2C, 0038B7, 00DFFD, 015869, 01B9EF, 01FF5C, 0224FE, 022408,
01F548, 01CBDE, 01C380, 021C3F, 02E1B0, 04049F, 0543F0, 0644BF,
06BBC8, 067601, 05A75E, 0497DF, 037771, 028542, 01F555, 01DE9D,
021D14, 028279, 02D843, 032CD4, 036F69, 03E6F9, 04BE2E, 05F3F5,
078303, 091211, 0A6ADE, 0B4E0D, 0BAD4D, 0B791A, 0AE3FB, 0A0AAE,
091192, 083E17, 07BB57, 0798C5, 07D6D7, 085D13, 090E42, 09D290,
0A606C, 0A83ED, 0A1E63, 094076, 081327, 06F55E, 06228B, 05B9C0,
05AEBA, 05D3DB, 05E2B4, 05A33B, 0525C2, 0444CC, 035AE8, 027415,
01BCE5, 016079, 01596E, 019286, 01CBE4, 01BBB4, 013D79, 005FD1,
FF2DDC, FDFD76, FD0038, FC7787, FC7681, FD0FD1, FE2FB5, FFBA5E,
017692, 0301D3, 041F87, 048F72, 044685, 03624C, 023716, 010A18,
000F90, FF4DB6, FEA703, FDF31F, FCD35A, FB3227, F8FF3E, F65C9D,
F3DD23, F1BF8A, F055FF, EFA765, EF9F5A, F01C8C, F0D048, F17994,
F1E3C3, F20377, F1E2F2, F1A9A5, F178E8, F156B5, F14FFD, F13132,
F0F323, F0593F, EF61E9, EE0757, EC4EAA, EA5F82, E872F4, E6E353,
E5F02E, E5D853, E68139, E7B735, E8E50B, E9B1C3, E9DAF1, E962CF,
E8869F, E7712C, E68A68, E61263, E6172F, E6A41D, E78F22, E894AF,
E9903B, EA58B8, EAD285, EAFA5F, EAD07E, EA6BE9, E9F5F3, E99E38,
E99AA7, E9FE77, EAC9EB, EBF5C9, ED3E5B, EE6726, EF3E58, EFD218,
F07020, F164E5, F30134, F54EEF, F81637, FAE77B, FD18B6, FE488D,
FE68D1, FDC6ED, FCDE26, FC0FAB, FB97E9, FB82E7, FBE193, FCB1C7,
FDC687, FEE20B, FFBF31, 0031B4, 001DD8, FFB3C5, FF3162, FEE341,
FEFB71, FFA93F, 01020D, 02D46F, 051188, 079788, 0A2409, 0C7CBD,
0E5749, 0FA13A, 105AD9, 1092DF, 108539, 107F3B, 10BBA4, 113AC3,
11DFA2, 128F81, 132578, 1397FB, 13F2FB, 144C13, 14C5F1, 1556A9,
160529, 16B0DC, 175516, 180122, 189F11, 192893, 19752A, 196347,
18D695, 17DA08, 16A12C, 157409, 1497CD, 14053A, 13B94F, 1385C8,
135217, 1326C3, 1305B8, 132355, 136B60, 13DAD0, 14550C, 14C07B,
150912, 1515A2, 150270, 14C0D0, 144E49, 13D2E4, 136070, 132DD9,
133B52, 13460A, 13245E, 12B547, 120E04, 115F9F, 10C046, 10220E,
0F481F, 0E13EB, 0C7D01, 0AA148, 08B9F3, 06F9CE, 05AC96, 04B685,
042726, 03B0CF, 033AEB, 028D42, 01A38D, 00A06C, FF9196, FEE889,
FEB154, FF1095, FFC27B, 0088B2, 012BBE, 017F18, 018EA1, 015ABE,
00E558, 0025EE, FF105F, FDC11A, FC50F6, FAF146, F9F950, F99D4A,
F9FFF1, FB0869, FC4398, FD4DA8, FDD8A2, FDB4C1, FD049C, FC1A7A,
FB6921, FB3042, FB66D7, FBFC6C, FC93CB, FCE338, FCE972, FCB0BF,
FC67F2, FC1BF9, FBB9CC, FB597D, FB03A5, FAC8C8, FACD93, FB1D91,
FBCB88, FCBA00, FDB2FC, FE794D, FEC85B, FE8EAF, FDEA73, FD1987,
FC574D, FBCF29, FB8FC2, FB88B5, FBA061, FB9361, FB585C, FADFCC,
FA4571, F9CC7E, F983CE, F9842F, F9B036, F9EAF7, FA1730, FA019A,
F9C91F, F95628, F8B266, F7F20C, F719CD, F675C0, F632A5, F693CD,
F7A6FC, F92092, FAD1DE, FC5AFB, FD810B, FE26A0, FE41FB, FDEE15,
FD7395, FD3BB3, FD6275, FDFAF2, FED84C, FF8F2E, FFDD44, FF8612,
FECCBF, FDF059, FD3950, FD0484, FD5C9A, FE1622, FEF956, FFB22C,
00261D, 005B70, 005164, 002190, FFCBBE, FF706D, FF1140, FEAF9D,
FE5B19, FE1C3C, FE1BD7, FE49E4, FE9382, FEE310, FF00B8, FEF92B,
FEE50E, FF0550, FF9978, 00A94D, 021635, 03A2F3, 04FD61, 05D54F,
060AA6, 059CEC, 04988A, 0348C8, 020C09, 011895, 0095CD, 008E54,
00CA91, 012780, 017A77, 01CED4, 0242ED, 02C1FC, 034884, 03C4C0,
0432B9, 04A31A, 05334D, 05DCFF, 06935F, 0737B5, 079627, 0798E4,
074D36, 06CFB3, 066F2B, 0681FF, 0729C5, 085F44, 09CBDB, 0B0AEF,
0BC080, 0BB24C, 0AD00D, 096F97, 0803FD, 06E1B8, 0656D1, 066A19,
06E29A, 07773F, 07E5F7, 07ED27, 07AD59, 07578E, 071CE7, 070351,
06E655, 06AFD2, 0645F9, 05AB3B, 04EDFC, 04144C, 031ADA, 01F6A2,
009348, FF1741, FDA73D, FC7608, FBBFC4, FBB3FA, FC5D36, FD8562,
FEF011, 005E30, 01A0E7, 0289D0, 030EFC, 03550E, 037F19, 03D7B3,
0452A0, 04D442, 052C4B, 05027E, 04313C, 028786, 0020C2, FD3665,
FA404A, F7AE4E, F5E26B, F4EC7A, F49615, F4B4D4, F51D3B, F59822,
F5FC1F, F61E21, F5BFA3, F4D4F9, F37401, F20902, F1110F, F0DB84,
F15E39, F22522, F2AD33, F28916, F1A894, F03550, EE8075, ED0E35,
EBF9FB, EB5C75, EB15C9, EAE1E9, EA8BF9, E9F557, E93A9E, E878EC,
E7C7A4, E731A4, E6B1D6, E66388, E6558D, E67C1D, E6F794, E7CF68,
E8E85A, EA1435, EB01CF, EB567C, EAE12D, E9AB1B, E7FDDC, E64B2B,
E4FB85, E47EA9, E4EA21, E61B95, E7BF44, E96092, EAAC92, EB7629,
EBDFA8, EC36FE, ECB6B7, ED8CC1, EEBD5A, F017BB, F1887C, F30EB0,
F4A255, F64CDA, F7FA18, F9964B, FAEB6F, FBD196, FC5B44, FC7C84,
FC57F1, FC08CF, FBA253, FB37CB, FAD217, FA8735, FA59CF, FA52B5,
FA8A0D, FB054A, FBF3B3, FD4F84, FEE2CE, 009B3E, 022CE1, 03A324,
04E1DF, 0611DC, 073F03, 086903, 099194, 0A740B, 0B113C, 0B7CEC,
0BF610, 0C9FF1, 0D9933, 0EB426, 0FD0A4, 10E747, 11D811, 12A7AD,
134F65, 13E643, 1498B3, 1562CE, 163F67, 16FE45, 177B0D, 17A57B,
1769C8, 17054A, 16AB30, 16828C, 16938F, 16AE12, 16B2BB, 167226,
15F768, 156845, 14D3DE, 146D60, 141DA5, 13CFCC, 139AC8, 136B7E,
13549C, 135A68, 13854D, 13ED0C, 14788A, 151686, 15882B, 15A4A5,
1560D7, 14E2CC, 14458B, 13D3D5, 13AEF4, 13CBAE, 1418DC, 145653,
146857, 141C5E, 135C8C, 123871, 10BF99, 0F25D1, 0D7606, 0BCC84,
0A372F, 08BBF0, 075DD7, 06274C, 0542D4, 04B7F3, 048E15, 04881F,
046B4F, 03F19C, 032D62, 0249BC, 019585, 014CED, 017A47, 01EDC8,
022A1C, 01F529, 01260B, FFE21E, FE79DA, FD3096, FC6A6D, FC401E,
FC8FC8, FD2B43, FDB244, FDF831, FDEF7A, FDA97F, FD5026, FCDF3E,
FC713A, FBFEF5, FBA44E, FB6CB4, FB5B91, FB6F5D, FB7F5D, FB7D68,
FB5D1E, FB2C26, FAF7EF, FAC30B, FABADF, FAED87, FB54BE, FBEDF6,
FC9A9E, FD2CA7, FD72D3, FD4B87, FCCE44, FC255F, FB8A31, FB44A8,
FB59B9, FBB369, FC26C0, FC87FB, FCBE84, FCAB06, FC7017, FC3738,
FC19E7, FC1B95, FC1492, FBFB0E, FBC245, FB7E75, FB3444, FAEA18,
FA815A, F9E690, F911D4, F825C6, F74C85, F6B3BE, F6979E, F6EE74,
F7ACD1, F888FA, F953E7, F9D73E, FA0D01, F9FED5, F9DB7F, F9FE87,
FA9564, FBA62D, FCEE4F, FE147C, FEC186, FEC4FC, FE3EAA, FD5142,
FC53CD, FB7E4A, FAF9EA, FAFA1B, FB9735, FCD3EA, FE7006, 0015AD,
017942, 02646E, 02A189, 022244, 011695, FFB384, FE5B62, FD5012,
FCAE23, FC84E6, FCC1DC, FD355D, FD8D37, FDA86C, FD70E7, FD0E0A,
FCC1D7, FCDBAD, FD8B1B, FED217, 007DC6, 022732, 0364E0, 03D750,
037DD7, 02A9BA, 01B341, 00ED85, 007575, 0044A2, 00555E, 0086ED,
00EBC8, 016AF0, 01F1F0, 0277BC, 02BB53, 02B0EC, 022D34, 017686,
00F2F4, 00F5E0, 017AF7, 0263D5, 035C72, 03F1FB, 041F93, 03E983,
038835, 0366EC, 03BB7C, 049B49, 05E256, 0753FC, 08ADD5, 09B0BD,
0A221D, 09F469, 092DDC, 080554, 06DF41, 060462, 05B343, 05DBF0,
066882, 071F35, 07E37F, 088E54, 08EE8D, 090218, 08DA84, 087889,
07FF14, 07B3E9, 07CA13, 08668E, 093209, 09EACB, 0A1816, 095CA6,
079AF4, 04FD03, 01DB20, FEC221, FC5B56, FAE146, FA7D57, FAF412,
FBF3F4, FD5A4D, FED699, 006BCC, 01E9C8, 033A9E, 0449CD, 04E28C,
05201B, 05058E, 04C305, 047863, 043749, 03F872, 039793, 02E555,
01C911, 004CDE, FEB1CE, FD3F9A, FC33C6, FBB4BA, FB9D8E, FBA3AF,
FB6529, FA9E49, F93B26, F77432, F5AD6A, F43C86, F35E6E, F3302B,
F38061, F40FD7, F4AF5D, F517A2, F53F1B, F51EA6, F4A842, F3D7EB,
F2A902, F134CD, EFA177, EE1C96, ECCBAE, EBA594, EAC11F, EA3E92,
EA067D, EA001C, E9FC18, E9DE94, E9A25F, E95DE8, E94787, E9700A,
E9C0DE, EA148C, EA4861, EA3138, E9C37C, E92589, E86A98, E7CE61,
E74CCE, E6F0EC, E6D266, E6E634, E71A95, E74C81, E760BB, E746A0,
E712B2, E6E0B6, E6D5E4, E7033C, E77714, E8405D, E97E3F, EB32A4,
ED4D75, EFAC9D, F20E81, F42DFB, F5D17E, F6F01C, F793AE, F810C4,
F881DE, F8F488, F949D6, F954D4, F92A88, F8E693, F8A84B, F88193,
F8952E, F8F80B, F9B0CC, FAB33E, FBAACC, FC9724, FD6DFA, FE31A8,
FF146C, 000AFC, 00F751, 01B522, 022A51, 0269ED, 02C167, 0370D8,
049FD9, 064C2A, 08362D, 0A12D4, 0BA471, 0CDF28, 0DD9BB, 0E907A,
0F07C3, 0F6477, 0FD422, 107E3D, 1172F3, 12A366, 13D8E2, 14F6C3,
15E9AD, 16B14F, 174C19, 17ABF0, 17D361, 17B01E, 1754BC, 16E1B1,
167F3D, 165F12, 16869F, 16D98D, 171B7F, 170CCA, 1696DD, 15C546,
14CD46, 13F455, 137FC9, 13899B, 13EAD5, 147962, 14F01C, 1518C4,
150BC2, 14E3F5, 14CA92, 14DABE, 151B43, 15A511, 165A26, 170ACA,
17985F, 17E939, 17F680, 17B050, 16FBD7, 15C291, 1400C7, 11EC55,
0FE30B, 0E3B9F, 0D2EE0, 0CC2AA, 0CBC74, 0CBAA0, 0C77B8, 0BC85E,
0AABED, 094352, 07E0B9, 06C98F, 063FE0, 064589, 06713E, 067624,
05F350, 04DBE4, 034C1A, 019921, 001CC9, FF189F, FEA901, FEBA61,
FF381C, FFF514, 00AD43, 012CCE, 0156D3, 011C7B, 00AA13, FFF691,
FF1228, FDFA80, FCD13F, FBD6DC, FB3479, FB1F09, FB7CCF, FC0373,
FC5A09, FC5879, FBFC3D, FB9FCD, FB8DBA, FBE44B, FC82CA, FD2ABD,
FD9431, FD9265, FD394F, FC99D5, FBEAF7, FB4BD6, FAD6CD, FAA72E,
FACD45, FB3D6D, FBDBA5, FCA30A, FD5C04, FDE61F, FE0994, FD9C92,
FCDE75, FBEB9F, FB3FBF, FB1937, FBADB9, FCC945, FDEF32, FEBBE3,
FED5FF, FE1ECA, FCAE53, FAEB5D, F92B52, F7AF62, F6AECD, F64F42,
F6B233, F78A29, F886FF, F969CE, FA0FDD, FA7EF9, FAD658, FB3944,
FBA518, FC1675, FC4B28, FC3C2F, FBD2B4, FB34F9, FA9849, FA1286,
F9D19C, F9CDB3, F9EC04, FA4344, FAF6DB, FC1408, FD8EF3, FF2CD4,
00B8BD, 01F7D5, 02B615, 02CF9E, 023A67, 011CD4, FFC446, FE8ECA,
FDB943, FD59BA, FD51A4, FD67E5, FD78FC, FD4B4D, FCFF77, FCBF10,
FCC474, FD2C1D, FDD63F, FEB82D, FFA0EA, 00744A, 010CD0, 0144B9,
010918, 0060FC, FF9B7E, FEF16F, FE9CAE, FECDE8, FF82FD, 00A1AB,
01E446, 03031C, 03BE05, 03DD99, 034F2B, 024E36, 011352, 000428,
FF6872, FF6A5A, FFFF49, 00DFCA, 01CC9B, 027D9E, 02E02F, 02EBFF,
02B89A, 027162, 025EDB, 028698, 02FDE0, 03C27C, 04B75C, 05DAA0,
070B5D, 082047, 08EE1B, 09507C, 090F59, 082DB5, 06C223, 0532D2,
03F476, 03720F, 03DF30, 04EA56, 062A43, 0744B5, 0801A9, 087449,
08DB63, 09658D, 0A40B5, 0B7339, 0CB4AA, 0DA658, 0DF1A3, 0D6F7E,
0C019D, 09CCA5, 073FE1, 04B18C, 027AC6, 00A995, FF49B6, FE4B5E,
FDBB4F, FDD208, FE9214, FFF7E2, 019C00, 02E928, 0391B1, 036F8E,
02C3BB, 01F069, 016AC1, 01792A, 021F4F, 0321B6, 042DFE, 04FD1C,
055809, 054375, 04DD9E, 044C42, 03A5BB, 02DB05, 01E1A1, 009C0C,
FF19B3, FD8673, FC0A0E, FAE57C, FA2535, F9B9F2, F9832A, F94F2C,
F917CF, F8D151, F88B75, F85BC1, F83544, F7FE5F, F7B563, F74054,
F6750E, F5680A, F41655, F2A945, F15E20, F054C9, EFDA21, EF8E44,
EF54F0, EEEBF3, EE1181, ED04F0, EBF323, EB272B, EABF8E, EA9B09,
EA971D, EA94F6, EA9ED1, EAC3CA, EB0C30, EB5DBE, EB87D1, EB7A87,
EB1E57, EA88FE, E9D6CD, E915B7, E86CB3, E7DFCD, E773E8, E70161,
E67A08, E5B4B7, E4C95C, E3E388, E34086, E334CD, E3D64A, E52F25,
E6F919, E8EEF8, EAE731, ECA59F, EE5A8F, EFE1DD, F11A72, F201D2,
F28E4D, F2D3D3, F2E8E8, F2EF1C, F31B88, F3B6C9, F4C36F, F61A20,
F776BD, F89F44, F94E25, F970F5, F9319C, F8DAB2, F8BC25, F90829,
F9C31B, FAB634, FB979E, FC3071, FC85B8, FC9D9B, FCBDF1, FD2460,
FDF987, FF4E86, 00F00A, 0284FF, 03D392, 04D6E6, 05A9DC, 0688D9,
0778BE, 088230, 0980ED, 0A6840, 0B49BE, 0C4BAB, 0D7C44, 0EDBA5,
105D63, 11C285, 12C553, 132C6B, 133CD2, 1339A7, 137C9C, 143021,
15412C, 168668, 179AB4, 183001, 183C11, 17D6BF, 1729D0, 1660B6,
159D1E, 14FC8D, 147BE5, 14279A, 13EF2C, 13CEC1, 13A889, 136FF2,
1322D2, 12E7DB, 12F563, 1330D6, 13ABE3, 14343B, 14E4E0, 15AE26,
16BEBB, 17F149, 18F044, 199A70, 1995FA, 18C083, 172C55, 153E13,
1365C6, 11F788, 11140B, 10B90A, 10A459, 109147, 10601B, 0FD26E,
0F0F66, 0E5A8C, 0DDBEB, 0DB744, 0D8E27, 0D1DDD, 0C2D2D, 0AB362,
08D968, 06D103, 04DA95, 03275E, 01DAB1, 011CD8, 00FC7D, 015C20,
02155C, 02F166, 03B485, 042871, 04138E, 035AB9, 021E29, 009DD4,
FF1E0D, FDEE6D, FD3F29, FD226A, FD6F08, FDC9CF, FDEE5C, FD883C,
FCDB8D, FC04D6, FB6476, FB1BB2, FB2495, FB8122, FBE3B1, FC4E03,
FC9E2A, FCD09A, FCD848, FCBC07, FC62C9, FBD1D3, FB1B59, FA8541,
FA351F, FA202C, FA568D, FABA95, FB37F6, FBAD9C, FBE1AB, FBB128,
FB32D5, FAA381, FA75DF, FAEB53, FC26D7, FDD802, FF7BBC, 0087D6,
0079B1, FF62B5, FD67F9, FB23CD, F91C14, F7BEE3, F7216D, F72FB8,
F7B7CD, F88466, F95604, F9FDEC, FA8A7A, FAE08E, FB24AB, FB5CEF,
FB7DF6, FB8BED, FB630E, FB1114, FA99DC, F9FB5E, F94D88, F8A044,
F8039E, F7820C, F74996, F781DF, F8529A, F9B7D8, FB83B8, FD623D,
FF06F2, 003953, 00D6C1, 00D162, 00410F, FF64F3, FE6D92, FD9E3C,
FD294D, FD2B0E, FD9393, FE3367, FED734, FF4FA9, FF6ECA, FF1DB7,
FE69C5, FD632E, FC61DE, FBDB01, FBF29C, FCBBD3, FDEF75, FF13EA,
FFEE82, 002A35, FFD53B, FF2E86, FE6722, FDDFC4, FDB798, FE06BD,
FECDAA, FFD5DF, 00CBBF, 019421, 01F36F, 01F9F2, 01C435, 0153D5,
00C7CE, 0033C2, FFBBA0, FF5B5A, FF2003, FF0BC1, FF3B64, FFA95A,
003B74, 00BF94, 011D49, 015155, 016ECD, 01A53E, 021EFA, 0304F3,
044432, 05B33D, 06DCAD, 0771B6, 074928, 067B08, 055490, 04078D,
02DD9C, 020F7A, 01A827, 01B53D, 02326B, 030B35, 044960, 05E6BB,
07B17D, 096DE6, 0AE25E, 0BD077, 0C36FC, 0C2D89, 0BE584, 0BA466,
0B64F7, 0B26C0, 0AC6B5, 0A172D, 0923C0, 07E7CD, 0695A5, 056AF6,
04876E, 03F102, 038E55, 033DCD, 02BDE9, 0203F3, 011FAD, 0045AF,
FFC40E, FFBD8A, 003B34, 011839, 022AA8, 034404, 043D90, 050043,
056DD7, 059102, 05786C, 054F25, 05014B, 048A40, 03E563, 03163B,
024C76, 01A18F, 012799, 00DE7A, 009B17, 002A06, FF74AB, FE7601,
FD6834, FC96F8, FC2A52, FBF313, FBE46E, FBD026, FB9D9A, FB5B98,
FAE38B, FA4218, F9550B, F8392A, F70666, F5E061, F4E335, F41B3D,
F39734, F32CCF, F2B92D, F21129, F10083, EFA1EA, EE2A98, ECCC0E,
EBC299, EB3FC1, EB4640, EBE70C, ECCDBC, EDBA06, EE9758, EF186F,
EF254E, EEB27E, EDCEDA, ECAA87, EB919A, EAB25D, EA029B, E96623,
E8B07D, E7CAD6, E6BF2C, E5B459, E4DF48, E45B96, E42E59, E44BB4,
E4A7CC, E53B5B, E61B67, E75A8A, E8D76B, EA5022, EB72BA, EC17BF,
EC38EE, EC1BFF, EC3869, ECBF32, EDDE7F, EF74C8, F140AF, F2EE52,
F42565, F4D140, F51432, F51E3D, F53913, F5AAAB, F67B39, F79390,
F8B851, F997DD, F9FB29, F9F792, F9C516, F98D1A, F97E41, F9A014,
F9F577, FA9A14, FB85E4, FCB5C1, FE1984, FF868B, 00E252, 01FA1E,
02B966, 0314DE, 033776, 036638, 03DCF5, 04ECC6, 069483, 08A99D,
0AD21F, 0C9559, 0DBE28, 0E3B68, 0E5E68, 0E8398, 0EF766, 0FEB69,
11463D, 12E839, 1491D5, 1619D5, 175E6C, 182532, 1876DD, 1859CC,
17FAB9, 177028, 16D094, 162A27, 1583EA, 14E4E7, 145350, 13E427,
137C5D, 131F8A, 12BB86, 126210, 123FF9, 12A108, 13B3C0, 15548B,
173751, 18E1D7, 19E1A6, 1A1D51, 19AEE3, 18B7EA, 1785C6, 164F4F,
15534C, 14BE50, 14896D, 14B142, 150650, 1557B5, 157F37, 155C1B,
150399, 148207, 13EA54, 13339E, 125504, 116EA1, 10A1BB, 0FE46B,
0F339E, 0E6191, 0D2DAD, 0B9B61, 09C756, 07FB3D, 068BF3, 05BB5B,
058F6D, 05DF0A, 0672D2, 06E31A, 06F4E0, 0683C7, 059D3A, 048102,
03602A, 028399, 01EC2B, 0198FB, 01602E, 0102C0, 006D1C, FFAFA1,
FEEAAB, FE518B, FDF0BC, FDAAD0, FD848E, FD8213, FD9778, FDBF7E,
FDF62C, FE2C70, FE5AE8, FE6294, FE329A, FDC065, FD0EF6, FC3FDA,
FB780F, FAD114, FA63D8, FA61C5, FAB5B7, FB304D, FB79BC, FB789D,
FB58AD, FB49AC, FB9F35, FC6D7E, FD8206, FEA202, FF835F, FFF6E4,
FFDF94, FF25A2, FDDF65, FC4FCC, FABF07, F98340, F8C1FD, F89488,
F90391, F9E862, FB1900, FC4289, FD31C4, FDB52C, FDB217, FD29CE,
FC4C15, FB5CE3, FA9CE3, FA23CE, F9F496, F9F7DE, FA046D, FA0E3A,
F9F8C2, F9DBDB, F9941A, F953BE, F921B7, F924E1, F96B2B, F9D990,
FA8928, FB5E01, FC55DE, FD4A25, FE1910, FE9950, FECAB2, FEAF2F,
FE6AAB, FE1BAD, FDF3E3, FE115A, FE6C92, FEF327, FF6904, FF9481,
FF4B89, FEB6C2, FDF8A2, FD55D8, FCF7F6, FD0583, FD699A, FDE9CA,
FE4539, FE4792, FE0CAD, FDAEE8, FD65DD, FD4B43, FD62F2, FDA923,
FE1759, FE95B0, FF287E, FFD8B1, 00A2E7, 017207, 021086, 023958,
01B34B, 008BA8, FF02B4, FD984F, FC7F3D, FBFF34, FC2E05, FCD769,
FDC73F, FEB6FA, FF9F67, 007628, 013545, 01E756, 0275D1, 02ED04,
035D8B, 03BED4, 03F5B1, 03E471, 038728, 02F836, 026B06, 020420,
01C57C, 019A88, 0169B3, 01328A, 012113, 015A4C, 01FCD3, 02F69F,
042177, 053060, 05EBF3, 065052, 066011, 067BA1, 06F39D, 07E885,
0931E6, 0A8A2C, 0B8B8C, 0BF9B1, 0BCA60, 0B2ADB, 0A65F8, 099D40,
08DC9C, 080476, 0704BA, 05E8B3, 04CFD7, 03DE77, 033121, 02C75D,
027329, 021C00, 01AEF1, 014935, 011400, 012680, 01A942, 026870,
0357FF, 0435C5, 04D1E3, 050F9F, 04DE08, 04513A, 0392C3, 02E4E8,
027A08, 0280D2, 02E6BE, 037158, 03D21B, 03C1CD, 033811, 023B0C,
00FB5A, FFA534, FE733E, FDA6B9, FD4D1E, FD687D, FDCB3F, FE5291,
FED0A4, FF07C1, FED7F8, FE3662, FD3321, FBEB98, FA95EF, F95F7F,
F84E0D, F766D8, F68297, F57FCE, F45221, F2E7D6, F1840C, F02B42,
EF18B1, EE7AC3, EE5322, EE9481, EF0129, EF69DA, EF9BF5, EFA5C3,
EF89F6, EF6611, EF2C3E, EED5A8, EE60D9, EDCB56, ED2FD6, EC9478,
EC0662, EB70D6, EAAD3E, E9B864, E88543, E72391, E5C4AD, E4ABCF,
E40765, E3FD64, E48366, E56E44, E68386, E74D0B, E79751, E7590F,
E6BE8E, E64DC2, E634B2, E6B4A4, E7B832, E9165D, EA9BC1, EBFEA2,
ED2DF9, EE02E6, EE98F5, EF31C1, F00684, F11D43, F22EF7, F33338,
F3F717, F49123, F50EA4, F57CDC, F5F7C4, F6514F, F68F39, F6ACFB,
F6C468, F70A66, F79AAA, F87CFE, F985F6, FA7997, FB384B, FBB245,
FBFB52, FC2F04, FC7AEB, FD15AF, FE1207, FF681C, 00D4F6, 021C3A,
03150E, 03B3D7, 041B1B, 04684F, 04C3A9, 056197, 065F49, 07C811,
099B61, 0BBF1D, 0E0551, 10551A, 127DC2, 143B2E, 1559BD, 15C3F1,
15915D, 150701, 146B3D, 14079C, 140313, 1446BD, 14AADD, 14D32A,
148A6E, 13D545, 12E4AB, 121F91, 11CED5, 123370, 132F8D, 145EF8,
157571, 161333, 162853, 15D4EC, 156C5A, 154453, 155F93, 15C1B6,
163519, 169CDB, 16E219, 16DEA6, 16ABA5, 1654B4, 1606D8, 15C842,
159C6B, 156E09, 1535AB, 15001D, 14DBBA, 14D75E, 14FFCF, 151ED8,
14F0DB, 143DEC, 12BF84, 10ADC5, 0E605B, 0C5825, 0AF3F0, 0A4AB8,
0A4259, 0A98BF, 0AFCCC, 0B2DFD, 0AFF90, 0A5F8B, 095C46, 080A2C,
06C017, 05A150, 04B33D, 040A1C, 037EF3, 0308C9, 0290B4, 021147,
019A19, 0115AF, 007BA4, FFB4B6, FEF9DE, FE7050, FE5107, FED1C6,
FFA1BB, 009A32, 014880, 01580E, 00CA19, FF78B0, FDAAE5, FBB8F1,
FA14EF, F8EEA5, F87961, F8AF68, F96B85, FA6BD7, FB7BAA, FC6CE0,
FD1936, FD796E, FD7FE0, FD5528, FD0725, FCB046, FC6135, FC221A,
FBFE8C, FBEB59, FBD0F6, FBA8E8, FB6DF7, FB26A5, FADCFD, FA90CF,
FA595C, FA4D61, FA8B15, FB0075, FB9F6D, FC2444, FC61A1, FC4D84,
FBFA55, FB9476, FB2955, FADB5C, FA9A05, FA58B5, FA125C, F9E37C,
F9FD50, FA58C9, FAA3C8, FA9E32, FA111E, F91F01, F83BDC, F7BAE4,
F7E099, F89C63, F9C237, FAF62D, FBE9CF, FC5B36, FC4F33, FBFAD8,
FBA3C3, FB7CB4, FB8CA3, FBECA6, FC7FF8, FD372F, FE0D8A, FED972,
FF995C, 003C41, 009C12, 00A7CB, 004270, FF67DF, FE3FB3, FCFF50,
FBD10E, FAE35E, FA62AE, FA5ABA, FADF17, FBD152, FCF9DB, FE25E0,
FF288A, FFFAB9, 00AD07, 014F42, 01DD34, 0242FA, 02405A, 019781,
0060BC, FED587, FD508E, FC188F, FB6A24, FB423E, FB7F00, FC18C7,
FCEE1B, FDF006, FEF56C, FFE26F, 009275, 01031E, 0132C0, 013677,
011256, 00EA96, 00E5B4, 012CCD, 01D927, 02AD02, 0370DD, 03AB67,
03515A, 026F0A, 0156A4, 008625, 003A7F, 007DCB, 0100DA, 018AC1,
01FFC0, 024D16, 0287BB, 029E91, 02B7D1, 030C90, 03A568, 04A653,
05ED3B, 075498, 08BAAE, 09E124, 0AC5D6, 0B49C5, 0B65C5, 0B31DD,
0AAB2C, 09F284, 0923CC, 0866CE, 07F601, 07C659, 07C841, 07D357,
07AB1C, 072D79, 063BF6, 0503F2, 03CF67, 02EBFD, 029734, 02CF80,
0355DC, 03F1E6, 0465F0, 0490EE, 049193, 048405, 048282, 04AE4F,
0504C4, 05647E, 05CACC, 0600EF, 05F3BE, 05A2FA, 04F938, 041581,
02E9AE, 0187DE, 003FE5, FF479D, FEEB30, FF4920, 0055BE, 01AE1B,
02E3E7, 03AD09, 03D0B7, 035F95, 027524, 014C9F, 002866, FF1FEE,
FE568D, FDC314, FD4A8F, FC9092, FB77A7, F9EB5D, F81D20, F66AB9,
F4F747, F3EFDA, F33FF4, F2C6F4, F2799D, F24ABC, F2335A, F2287E,
F21954, F1F5C1, F1B90F, F16394, F0FED7, F0AB6F, F07048, F041B1,
F00E3F, EFC39D, EF54A5, EE9450, ED88EB, EC3331, EAD073, E9A401,
E8DB0D, E89E13, E8ACCD, E8CF50, E8CB39, E87692, E7DAA7, E6F6F3,
E6065B, E5330A, E4BDAB, E4C285, E53E73, E61DF7, E739D2, E86C4B,
E97568, EA40B4, EA9323, EA93E9, EA8418, EAB36D, EB6498, ECB240,
EE9075, F0A603, F27E9A, F3BB99, F42843, F3E3C6, F35628, F2CE63,
F2A685, F2ED43, F39AB4, F48D9A, F59D6D, F6B641, F7CF01, F8F2FD,
FA113F, FB131C, FBE09A, FC69E1, FC9A16, FC962B, FC5CC3, FC17B9,
FBEC4D, FBFA83, FC7BCA, FD4780, FE460C, FF5DEE, 0067B5, 01887E,
02EC01, 04B320, 06E23F, 0942CB, 0B6A82, 0D173E, 0E2DC1, 0EBF52,
0F21C7, 0F9385, 1042AD, 1144CC, 1288D4, 13CBF1, 14CE91, 15615D,
155AF4, 14F1BC, 145641, 13C61F, 136FC1, 133D3F, 134471, 13656E,
13A4E9, 13FB73, 1470B4, 14E743, 155BE5, 15A12F, 15A8DB, 157B5C,
151FB1, 14D7A2, 14C774, 152DA4, 15D6AF, 16A30E, 17499C, 179F77,
17988A, 1748DC, 16E9FD, 16B8ED, 16E555, 17434E, 17A464, 17BCB4,
175D39, 16B9D5, 15C408, 14A708, 137239, 122A8A, 10E7A5, 0FC134,
0EF670, 0E9ABB, 0EB281, 0F1B59, 0F9AB7, 0FEFD4, 0FE3D1, 0F6287,
0E5DFD, 0CC993, 0AC4CC, 08772B, 0633F2, 0464E5, 033A57, 02BC45,
02C85F, 032EC7, 039E3D, 03EE6C, 040F42, 03F456, 03C947, 039982,
03709A, 03393B, 02C9FA, 02296A, 014151, 003233, FF0C5C, FDE6EB,
FCC7E1, FBD63E, FB1668, FA9A5F, FA823E, FAD0EA, FB7DD3, FC5586,
FD2D83, FDB647, FDE35C, FDB26A, FD4BA5, FCC7F9, FC4CDD, FBEB99,
FBAF13, FB97DF, FB7B5C, FB6DC3, FB60BA, FB5530, FB5C8A, FB5425,
FB4098, FB008B, FAB067, FA7DB5, FA655D, FA96BC, FB1545, FBBBA8,
FC5F47, FCB11C, FC8936, FC071B, FB3DB6, FA9124, FA1361, F9D50E,
F9DB26, F9F9EA, FA2609, FA3C5E, FA4CA1, FA5AF6, FA7443, FA9B38,
FAB80C, FABB7F, FAA723, FA69A4, FA0283, F96FF3, F8CBF8, F83F1C,
F7EBAA, F7FF03, F86270, F90D81, F9F65D, FB2975, FCC044, FE9EE7,
009D69, 024157, 031236, 02D995, 019028, FF8DF0, FD3F1F, FB3AA1,
F9E33F, F95CB0, F98798, FA267A, FAF62B, FBCADC, FC9CAC, FD6FB2,
FE54A2, FF4BE8, 003C13, 00FF0B, 017ACF, 01974A, 0175E2, 011377,
008F66, FFDED1, FEEF40, FDE221, FCCF7E, FBFA1F, FB7A34, FB6F66,
FBCE02, FC756B, FD3BCE, FDF758, FE7558, FEA628, FE8F83, FE48E1,
FE1066, FE2B8B, FEC10D, FFAE32, 00C785, 01C12B, 026210, 02A00F,
027632, 0209EE, 017729, 00D079, 004069, FFD5C1, FF8CDA, FF6165,
FF585E, FF6FD7, FFA980, FFFC17, 00375E, 006ABB, 0091A2, 00D6C0,
016E58, 026353, 03BCE7, 051A23, 064589, 06FC7C, 073D7B, 0714AB,
06CBEB, 06B26E, 06E8CF, 0786E0, 087BCF, 0986E9, 0A44FC, 0A7790,
09FB29, 08EBB1, 07A36F, 06762B, 057FAE, 04B69F, 041B6F, 03A425,
0355DE, 033775, 034A23, 0395E2, 040233, 0488DA, 051504, 058D85,
05DB3C, 0612E9, 062194, 0615C9, 060352, 05CB1F, 056CA3, 04C9FF,
03DDAB, 02BE90, 0192ED, 008202, FFE19C, FFD8C1, 006A3B, 016909,
028BAB, 037806, 03E667, 03D788, 036A33, 02FD08, 02C349, 02D1F4,
02FF99, 031168, 02BFF2, 01FAB7, 00BA42, FF1CCB, FD6F60, FBEA0C,
FAB5C9, F9B6B7, F8FF9C, F86CFD, F7F223, F78799, F6FB24, F64514,
F54221, F40F4F, F30123, F23E27, F1EB6D, F1F263, F239B3, F2A477,
F30036, F3178A, F2CB57, F212F2, F11654, F00892, EF0D57, EE4584,
EDA630, ED1733, EC8D9E, EC02FB, EB8F86, EB37DE, EAD739, EA4EB0,
E97965, E8621A, E7341E, E62DFE, E58BA9, E54EA1, E56AEE, E5A11B,
E5CFC7, E5F189, E6037A, E62C7D, E6A065, E7724B, E8A658, EA1C8B,
EB9976, ECEB92, EDCC0A, EE0FFB, EDC93D, ED391F, ECA8A8, EC5C9D,
EC8D66, ED51C8, EE87AF, F003FC, F1A02F, F32618, F484B3, F5B021,
F6A1F0, F776B9, F810D2, F86A14, F887EB, F873EF, F85AFC, F85A4D,
F896CC, F9140C, F9A28C, FA037D, FA06C1, F9CE26, F9B844, FA262E,
FB54D4, FD3045, FF557E, 014A47, 02DA8E, 03FBE4, 04D197, 058F1B,
064B1B, 075705, 0896EA, 0A19AF, 0BCB65, 0D7027, 0F0B79, 106F76,
119683, 128050, 1311B7, 134D5A, 132299, 12AAF1, 121FF8, 11CE3A,
11F4E8, 129F01, 139DA5, 14916E, 15449A, 157C22, 1535A0, 149C06,
13B1FD, 12E104, 1248A3, 1227C2, 127C9D, 132CDD, 142D06, 156708,
16C9A4, 180B48, 190C28, 19ACC8, 19DEEE, 19AFF3, 191C3C, 184F17,
1753D4, 166FBC, 15AFA6, 150C80, 14A8E7, 145952, 141337, 13CC11,
139261, 138C28, 13BF69, 143DCC, 14DCC1, 1559A6, 15610D, 14CD60,
13A6C2, 11FB77, 100430, 0DE80B, 0BE151, 0A1E39, 08B13A, 07AAE8,
070985, 06D66B, 070FAD, 0783BD, 080226, 085018, 08323C, 07A943,
06D1BA, 05DFC7, 0513AE, 047255, 03EFFF, 036B21, 02C68F, 02058C,
012D51, 003D25, FF4116, FE4D8B, FD6AFF, FCBB59, FC68DF, FC7E6F,
FCE615, FD702D, FE0118, FE74D7, FEB732, FEC380, FE7EBA, FE0040,
FD5624, FC97F3, FC05F2, FB9FD6, FB803B, FB8C0E, FB982D, FB909F,
FB69BB, FB2C2D, FAEF62, FAEB2B, FB40DD, FBED34, FCC600, FD74D3,
FD9F7D, FD1C5B, FBFA67, FA9E1C, F96D71, F8AF18, F88097, F8BDF8,
F93E9A, F9E379, FAA35D, FB7A77, FC4C45, FCE4E8, FD1C2E, FCEB6B,
FC527C, FB640E, FA557D, F959BC, F88A5F, F7FD0E, F7B3F6, F799EB,
F799EC, F78152, F759A7, F755DF, F7B362, F8B408, FA574D, FC63CE,
FE8001, 00330A, 011DB3, 012F8F, 0087F4, FF5C48, FDF539, FCA214,
FB84FD, FAC3C3, FA5BFF, FA4CD2, FAAACE, FB42C8, FBF387, FC9C4C,
FD2957, FDBAE3, FE4E92, FED619, FF59B5, FFD908, 005CE8, 00E9A1,
015F40, 019219, 01514B, 008D74, FF8213, FE7236, FD9C61, FD257E,
FD0FF7, FD35F7, FD4B36, FD2124, FCAC0C, FC12E5, FBA409, FB9D51,
FC2436, FD1E71, FE54A7, FF7A19, 005646, 00DEC2, 011BD6, 014564,
0153E2, 013F75, 0104B1, 007EEF, FFE177, FF44BD, FEF957, FF20C2,
FFA88B, 006974, 00FDC0, 012E9B, 00D27C, 000610, FF3486, FEA967,
FEABC5, FF40B8, 005536, 01A40F, 02C6E5, 037A63, 03B429, 03A3C2,
039514, 03E085, 04A99C, 05CF1A, 071A11, 084797, 0932D7, 09B72A,
09C62B, 0974C4, 08E3DB, 0830F2, 077CC8, 06E1A0, 06617A, 05F45B,
059265, 0532EE, 04DBEE, 04B4BC, 04CBB9, 05203E, 058FBF, 05EF21,
06363F, 068AC2, 07066B, 079E82, 0827A6, 08587A, 0806C0, 0704BC,
0587BC, 03F2F4, 0297D7, 01DB02, 01C383, 022748, 02C713, 03518E,
03AFB2, 03E252, 040282, 041EF4, 043689, 041B68, 03E936, 03A5E2,
0374FB, 038633, 03E4C6, 04807C, 04F445, 04F999, 046319, 0350A1,
01FDDD, 00B616, FFAE3D, FEF255, FE4B8E, FD9CB8, FCC27D, FBB39F,
FA9A62, F987FA, F8AD7B, F7FE2A, F77039, F6E70C, F67970, F61C39,
F5C0DA, F55D0C, F4DD82, F455E5, F3BFAB, F322B9, F287C0, F1FEB7,
F196ED, F157F8, F16645, F1B767, F21399, F22E5A, F1BE6E, F0A63E,
EEF771, ECF6A0, EAFA6F, E94EA0, E81FC3, E785A4, E75186, E75646,
E76E6E, E7758A, E766F1, E73DD6, E72AB4, E75E7E, E7DE32, E8890B,
E9154B, E97373, E98F39, E9A757, E9C6E1, E9FB92, EA4F4C, EA8F77,
EAB81D, EABAED, EABF9D, EB095E, EBD048, ED3523, EF11E7, F11C71,
F2F811, F45815, F52740, F56B13, F55D18, F54A1E, F55D63, F5A91B,
F61932, F6918A, F70161, F76240, F7C8D8, F84187, F8B2E4, F91871,
F9744B, F9C40C, FA2194, FA9E2E, FB4D6A, FC359C, FD49CD, FE9182,
FFDD4E, 013FA5, 027C33, 0389ED, 046BBF, 052625, 0611B3, 073731,
08C583, 0A8872, 0C59CC, 0DF2B7, 0F3EF0, 103290, 10EF8B, 11AF0D,
128C55, 137062, 14272F, 14818E, 1456C5, 13D79E, 131F4D, 128788,
120F55, 11AEE8, 117622, 115353, 116C09, 11D0FC, 1293EC, 13CB82,
155217, 16F0A2, 185F96, 19646A, 19E110, 19C61F, 192322, 1820E7,
16FED8, 1609D7, 156C2E, 15317A, 154DD5, 15A4DD, 161E65, 16A125,
1719BE, 176704, 1765FE, 173CD7, 1702DC, 16D5D8, 16BDA7, 169D88,
167775, 162202, 1581E4, 14853A, 132801, 117BD8, 0FB17B, 0E1928,
0CE226, 0C2FA9, 0BE316, 0BBDF6, 0BA6D9, 0B73E2, 0B1759, 0A9B91,
0A32F2, 09EA51, 09C034, 099955, 094D63, 08BBF1, 07D2BD, 0696EC,
05222A, 03A4F7, 0242C5, 012647, 00582A, FFD18A, FF949C, FF966E,
FFE9A1, 0080C9, 013687, 01CFA6, 01F040, 016A45, 003C0D, FEABE4,
FD2562, FC17FC, FBB1B1, FBD9D1, FC551D, FCDDCB, FD4740, FD8716,
FDA2D0, FD9D48, FD7E2A, FD5C2C, FD3F80, FD1EA6, FCFE75, FCCA63,
FC7856, FC0C6D, FB859C, FAF12F, FA5361, F9BD0E, F95AA8, F93DCD,
F973A6, FA1824, FB0BF7, FC2F31, FD15BF, FD81F3, FD5F58, FCBFBE,
FBEAE8, FB1719, FA7BE8, FA095A, F9B38C, F94B16, F8BA3A, F7F9E5,
F738FD, F6B0B0, F68E99, F6D150, F7634E, F845FB, F94BEF, FA4D7F,
FB2AB1, FBDB17, FC66C1, FCD9B4, FD328E, FD71E4, FD7C64, FD4DD7,
FCF0F8, FC67B3, FBD89E, FB6A3E, FB33F5, FB2D5B, FB3D01, FB2BAA,
FAFA63, FAAA1E, FA7DA2, FAB999, FB8AD5, FD087B, FEEA54, 00CFB4,
02225E, 028295, 01F54F, 00EE11, 0002D3, FF83EF, FF6C5F, FF6F43,
FF36AC, FEA078, FDBC6F, FCD062, FC2294, FBC0E0, FBA5B3, FBCED0,
FC3B6C, FCCA9A, FD72B5, FE1AF6, FEB3E2, FF2E76, FF60AA, FF5A76,
FF21D5, FED8BC, FEB12D, FEA92F, FEED3B, FF6ECB, 0015E5, 00AA2C,
010BBB, 012B6F, 00E2E8, 00620A, FFA62E, FEC43C, FE1413, FDBD7D,
FDDB2B, FE6897, FF2EAA, FFE26B, 004CCD, 006585, 004407, 0027EA,
004AD0, 00C8B1, 019AD6, 0296EA, 03AAEE, 04B1BE, 05A5EA, 069796,
075288, 07CA72, 07EF83, 07A7EB, 070F20, 064316, 058841, 050844,
04D600, 04EF59, 053B9C, 057F65, 059242, 058C83, 0596D7, 05CFD1,
064B0D, 06FCF9, 07AD36, 08180B, 0810E6, 0794AC, 06C75D, 05EA1E,
053C3A, 04CD6B, 0495FE, 0492D9, 04A481, 04BE9B, 04DF10, 04E885,
04DE6B, 049867, 03F8FB, 032B50, 025641, 01CC78, 01BD6C, 023737,
0321EF, 043261, 053C62, 05F02F, 062F82, 05DCA1, 050091, 03E8A6,
02D3EF, 021C6F, 01CF6A, 01DAD5, 0225F2, 02517C, 0251EE, 0211CA,
01834D, 00D0FB, FFD6A8, FEAD54, FD46F1, FBABE4, FA0D65, F88C9E,
F771F9, F6CD05, F69790, F6B0B0, F6CCAA, F695E0, F5F356, F4FCDA,
F415B9, F3B2D8, F3E76F, F48715, F51AD3, F53F98, F4D83E, F3E136,
F2990C, F12EB6, EFE937, EEC9B2, EDBCA5, ECA346, EB7D4D, EA78E0,
E9ABAB, E94697, E93EF7, E9590E, E97831, E96ADD, E92697, E8BB89,
E8344D, E7BE51, E7973E, E7BCF4, E81AC4, E875E4, E88D32, E85D04,
E7E1D6, E768E0, E736B4, E76A7E, E81E2E, E9251C, EA4D85, EB7468,
EC8642, ED7BF4, EE5340, EF2950, F00815, F0FD90, F1EF94, F2A177,
F2FABE, F2F19E, F2B8A5, F2A8D6, F2F64C, F3A3E9, F48C82, F571A7,
F61D95, F689E7, F6C8A2, F71F60, F7C597, F8B6BA, F9E931, FB0CBD,
FBD652, FC28AC, FC06E5, FBBAD6, FB81CF, FB8FB7, FC147B, FD23BD,
FEAD0E, 00A603, 02F1A5, 05820B, 082586, 0A99CE, 0CA0FA, 0E1C02,
0F15B3, 0F85ED, 0FA2D6, 0F93B8, 0F8523, 0F961D, 0FC48A, 1008AC,
105B82, 10A9CD, 10E199, 1110A6, 114603, 1191BD, 1203D0, 12A405,
137A68, 146B06, 154C48, 15DFF4, 161A4C, 162613, 162033, 162530,
1638DE, 164DD9, 1653AE, 16487B, 164DCD, 167371, 16BCBA, 170997,
173DF7, 175130, 1737A6, 171B90, 171F46, 175786, 17E02A, 189D93,
196B2B, 19F227, 19EE2C, 194321, 17BF39, 15BA21, 13A676, 11F61F,
10F768, 1091C7, 109F4D, 10B84D, 10BFB5, 1089AE, 103CB5, 0FE47F,
0F9C7C, 0F5A15, 0EFCED, 0E676A, 0D7CB6, 0C5177, 0AEB5E, 098D78,
0844B8, 07332E, 065439, 059BAB, 050169, 049DD1, 048141, 04AEDB,
0512BC, 055282, 052F34, 0478FA, 0340F8, 01DA35, 007D6C, FF577E,
FE805F, FDFE01, FDC31E, FDCDA4, FE2403, FEB685, FF6FDB, 0019BB,
006D60, 003A57, FF9455, FEB72C, FDEC11, FD6710, FD1E4A, FCF323,
FCC714, FC7B17, FC0E5A, FB8533, FAF6AB, FA89D2, FA433C, FA4949,
FAB304, FB832E, FC9D9A, FDA0FC, FE228D, FDED6A, FD2780, FC25D8,
FB3C2D, FAA36E, FA79E1, FAC233, FB1D1F, FB49AF, FB01CC, FA35FD,
F92399, F81937, F76672, F72E8D, F767E5, F7C2B1, F82927, F879CD,
F8D41C, F97011, FA5894, FB6722, FC5626, FCDE58, FCF083, FCC009,
FC7B8B, FC57F0, FC651B, FC92AB, FC9C10, FC5C5C, FBC224, FACBFF,
F9B69E, F8CF96, F87366, F8F896, FA4A10, FC0C0F, FDE26F, FF61D3,
006E05, 00EE6A, 01045F, 00DC13, 008615, 0033AF, FFEFF7, FFBBB8,
FFAC9D, FFB737, FFC335, FFC4FA, FF974E, FF4B62, FED83A, FE57B0,
FDD2B9, FD437B, FCDC5C, FCB7DB, FCF640, FD95D3, FE672B, FF1D4A,
FF6F2A, FF480B, FEE068, FE7A0D, FE60E1, FEBAF9, FF8074, 0069FD,
0112BE, 01541C, 012A4A, 00C831, 0051BA, FFF1C6, FF981D, FF4355,
FEE371, FE879F, FE2C9E, FDD6DC, FDAC0D, FDA4C6, FDE3CC, FE437B,
FEB6F2, FF2A9B, FFB01C, 006EF2, 0175B9, 02A828, 03C552, 04A556,
05199C, 050923, 0495F2, 040786, 039DA4, 0360B3, 036CD0, 03ACE0,
04363F, 04EAD7, 0597F1, 0614C5, 063327, 060A70, 05AF45, 055B52,
051FE2, 051C33, 054E4B, 05BC72, 0655D3, 070125, 07A911, 081211,
082371, 07C5E1, 06F8CD, 05EC0D, 04DA21, 04149E, 03AA14, 03AD49,
04053A, 0487E4, 05181F, 056AA3, 056AC1, 0538A5, 04F3FC, 04B6BF,
047DBF, 044179, 03FA25, 03A4C4, 035D23, 033D2B, 034F24, 0386BF,
03D74B, 04186C, 041918, 03DC6B, 038873, 036B6D, 03AB8C, 045642,
052D15, 05B475, 059F8B, 04C3E1, 0340F4, 017869, FFA486, FE0623,
FCD174, FBEBF8, FB444A, FAC867, FA666C, FA1859, F9CFFA, F97DB7,
F92C76, F8E95B, F89AA6, F83791, F7A7E9, F6E9B2, F633A6, F5859A,
F52849, F50334, F4EC8D, F4C05E, F42ABC, F321B0, F1B3B6, F022BE,
EEC1B0, EDC8BF, ED433A, ED0609, ECE060, EC9332, EC0EC7, EB762B,
EADBDC, EA69F6, EA294A, EA0432, E9DEE4, E97D27, E8DC00, E811D0,
E75CEF, E6DDE8, E686BF, E65412, E63007, E6272B, E65B90, E6ED49,
E7F618, E96A18, EB2AA6, ECDBEA, EE3E7F, EF0499, EF1171, EE81B5,
ED9C98, ECD882, EC7C49, ECBA45, ED9702, EEC93C, F00EC5, F132A1,
F2389B, F35B2A, F48F07, F5C8DB, F6CE89, F7713C, F7ABB4, F77FF6,
F72B4A, F6CC68, F68513, F658D7, F630EE, F62801, F64DEC, F6DC1C,
F7DAA6, F95430, FB5109, FDA254, 001BDA, 0261C4, 043A50, 0582BC,
063FCB, 069CC8, 06DF69, 07527C, 082539, 095701, 0AC896, 0C4D6F,
0D8FE4, 0E4BCC, 0E7DEA, 0E5C76, 0E5164, 0E9FA3, 0F6031, 103D03,
1113DD, 11B82B, 12201A, 1288AA, 12FB24, 1399B1, 144632, 14BAD2,
14C3C4, 146102, 13C93B, 134680, 132F7B, 1394DD, 144A95, 152066,
15DC27, 16556D, 169658, 16D353, 174330, 180AAE, 18ED5B, 19B0FC,
1A0537, 19D23D, 1935CA, 1844D3, 173532, 1626B5, 153FB2, 149D73,
143F81, 142A13, 14419D, 147A0F, 14BC60, 14F647, 14F28E, 149C70,
13EF06, 12E94D, 11CB1E, 10C11E, 0FEBB9, 0F377F, 0E9077, 0DC062,
0CCCC6, 0BBDDF, 0ACC25, 0A324F, 09ECDB, 09EA7B, 0A004E, 0A0AC0,
09D5B3, 0948F7, 0840EF, 06BD93, 04FD9A, 03270F, 019CB4, 009124,
FFF7F7, FFD7A6, 00062D, 006B05, 00E217, 0155CD, 01C8CF, 02085D,
020F73, 01B9D3, 010B85, 001E59, FF2580, FE4B27, FDA411, FD4F82,
FD1D59, FCF666, FC9E1B, FC0CE5, FB6E84, FB065E, FB02DB, FB7B01,
FC4613, FD04E6, FD6D98, FD598E, FCEAC8, FC5F4D, FBF610, FBDD45,
FC13E2, FC6E49, FCC130, FCE423, FCCAF1, FC720E, FBE7C1, FB2B5A,
FA3768, F92B36, F81680, F732D7, F68E87, F63B5A, F65139, F6DB67,
F7C1E1, F8DE90, FA01DE, FAE228, FB5A73, FB5D56, FB12F3, FAC5F9,
FAB3A7, FAFD78, FB7466, FBEB76, FC1C51, FBDCE5, FB3C54, FA53A5,
F95DEB, F8A201, F86C6F, F8C12B, F98F20, FA91EB, FB5F9D, FBFAF3,
FC7414, FCEE4C, FD7C91, FE08E9, FE8EDA, FEEB7A, FF1424, FF1B65,
FF2BF6, FF5823, FFC2C0, 00353B, 0087E4, 0085D0, 002288, FF8DD5,
FEDEC1, FE5E20, FE25FE, FE3A5B, FE75E3, FE9460, FE5397, FDC70C,
FD0160, FC5ECA, FC3079, FC86A1, FD5A02, FE6509, FF877D, 00879F,
01440D, 01B68D, 01D3AE, 01A647, 0117F7, 0047D7, FF62AC, FE8E3A,
FDE78C, FD6F7E, FD34A0, FD1A71, FD3459, FD83FF, FDDC76, FE1993,
FE0876, FDC70D, FD8885, FD9C61, FE2074, FF00FF, 002858, 0137D7,
02177B, 0299FF, 02CD94, 02CBD3, 02B7E4, 028EDF, 0255B4, 021D81,
01F58C, 020FA4, 02649B, 02E1B4, 036627, 03D13C, 041BA2, 042E44,
042BD9, 042CD6, 046681, 050277, 05E189, 06D18E, 0787C3, 07C21F,
077449, 06CD38, 05E946, 05253E, 04B01E, 0475F6, 04753D, 046F1A,
046A6B, 047A89, 04A0C2, 050F0C, 05AA7F, 0661BE, 06FB0D, 0737A4,
06F9E2, 06292D, 04FBD5, 03C423, 02C3DE, 024642, 024653, 028B7A,
02F1DD, 034BE0, 0390BF, 03D1CB, 040BC2, 046680, 04DF2F, 055712,
05B473, 05DA54, 05C9CA, 058F97, 052FE3, 049215, 03C2E4, 02D897,
01DFF8, 0110E8, 00707E, FFE6BD, FF61C1, FECBAD, FE43A8, FDD02E,
FD691D, FD0403, FC6C31, FB9EB6, FAABA3, F9D574, F9514B, F937E0,
F95B61, F972C8, F93432, F88642, F7971E, F67570, F55234, F44217,
F3557A, F27D91, F1BEEB, F11710, F0983C, F05485, F0514C, F08E72,
F0B275, F07496, EFB514, EE705A, ECEA86, EB7B76, EA690B, E9A3F3,
E90E0B, E865B7, E7792F, E66E80, E5844D, E52AB4, E58C26, E697ED,
E81CA8, E9A27C, EAE8E1, EBA87B, EBB9B0, EB337C, EA417B, E94E46,
E8A454, E86DEF, E8AAE1, E93363, E9FC41, EAE08B, EBF638, ED3EE7,
EEA5C4, F00A7C, F13F52, F23394, F2CF09, F31719, F31C85, F2F5DB,
F2D686, F2D5A4, F2FB25, F34F44, F3AF61, F3E450, F3E02E, F3C03F,
F3D4BA, F464E7, F57B16, F7077A, F8C344, FA5AF7, FB9F75, FC7FCF,
FD2DDB, FDF2AF, FEF8E4, 0057DE, 01C8C0, 031467, 0414BF, 04AD5A,
052CD1, 05A22F, 06469E, 0721F7, 083F3C, 098B27, 0AFC56, 0C8033,
0E04B2, 0F7BC1, 10C231, 11C207, 1217CC, 11D2EB, 111039, 101B5B,
0F57B7, 0EFB0A, 0F2961, 0FD3D4, 10C601, 11BCFF, 129042, 132972,
13885F, 13D50C, 142C73, 14C684, 15A90E, 16BBBF, 17CA9C, 189A34,
18EA51, 18AB53, 1801E7, 172273, 16572A, 15AD8F, 1559FF, 154F35,
157EFA, 15F487, 168958, 173772, 17D7B3, 183301, 181A8A, 175BAA,
161566, 147C5F, 12F657, 11D9AD, 112D92, 1108C4, 111E93, 112BBC,
1115DE, 10BC48, 10402A, 0FCA2D, 0F710B, 0F2C00, 0EEB9C, 0E7FF6,
0DCB6F, 0CC8E9, 0B8223, 0A09EA, 087D23, 06FD11, 058F13, 044154,
033553, 0287D4, 0255C3, 02A606, 03593B, 042995, 04BE34, 04BEAA,
041974, 02F93D, 01AC22, 00A3F7, 0018A2, 000D06, 0058A6, 009B5F,
0092E2, 001DC5, FF4564, FE2CB5, FCEAC7, FBD7FA, FB2449, FAD934,
FB0152, FB6516, FBED61, FC6CEB, FCD0A4, FD3FF3, FDA63F, FE080B,
FE45EE, FE4CB0, FE1636, FDA53A, FD29DC, FCBDFE, FC7BA7, FC4053,
FBF4AF, FB5776, FA663D, F93401, F7ED7F, F6EA38, F65DF2, F68022,
F736A4, F82AA0, F90C86, F98C80, F9B679, F9AFF4, F9ACF0, F9D2B0,
FA2B63, FA9635, FAF7C7, FB3532, FB2B8A, FAF3F6, FA911D, FA0AD9,
F9814B, F902D5, F8B53D, F883EE, F889D2, F8C5B8, F92886, F9D767,
FAADD1, FB9266, FC46C0, FC774A, FC2118, FB6521, FAC584, FA987E,
FB19C2, FC3213, FDB352, FF549C, 00B906, 01AB3F, 01F319, 01ACDF,
00ED1E, FFF744, FF0999, FE3354, FD8A6F, FD1562, FCCCCA, FCC7CF,
FD0165, FD58F6, FDBCDD, FE0A0C, FE2683, FE2410, FE2342, FE34DB,
FE8EF3, FF28BB, FFEE33, 00C850, 01725D, 01BC54, 017B9F, 00BE15,
FFC3F5, FEDA52, FE3A3A, FDD6A9, FD9AA2, FD59C6, FCFEF0, FCA386,
FC719C, FC8096, FCC949, FD340F, FD9B41, FDE8A3, FE0859, FE3AFE,
FEAD23, FF6CEC, 0060F8, 015313, 01FD9E, 0217C3, 01A1D3, 00DA33,
0018EB, FFA01D, FF92E4, FFE75F, 007833, 011C1F, 01C529, 0264FE,
02F7EF, 038600, 0405C1, 0477E0, 04D1CF, 050C86, 0530B7, 05378F,
052A0D, 050EE2, 0501C8, 04FA1B, 04FBB8, 04ED70, 04CA30, 049F36,
046E1B, 046BEC, 048CA6, 0500BD, 05AE49, 0681CD, 0739D3, 079F64,
079626, 07044D, 061338, 04FB47, 041307, 0390CB, 0380D9, 03C4CE,
041FAE, 046E53, 047D2B, 046477, 042F6D, 041171, 04237D, 044E87,
04A2BC, 04F99B, 056364, 05D0C3, 06362D, 067245, 06725E, 060A17,
054F6F, 0462B7, 03708E, 02BC36, 024C94, 021ECB, 01FAB4, 01C25F,
014BA0, 009BAC, 00096E, FF995E, FF722B, FF8A25, FF971F, FF6C6F,
FED968, FDEB84, FCB70E, FB7429, FA506F, F94382, F84BF8, F75A9D,
F67095, F5D1BC, F58EB0, F5B004, F61A5E, F6840F, F6D451, F6C944,
F63BAB, F52651, F39E32, F1D127, F00F0C, EE9FC9, EDADD3, ED29E3,
ECDD68, EC9000, EC0027, EB1EB7, EA0E29, E918EB, E8946A, E89508,
E9059C, E99A72, EA0859, EA203A, E9C3C2, E917E2, E85EED, E7D1CF,
E78BB6, E77732, E77DC2, E7AC44, E7F52F, E88065, E9498D, EA358D,
EB3267, EC0EB4, ECC880, ED4EFB, EDC3AF, EE5BF2, EF1AEA, F0057B,
F0DA2E, F15B2B, F166CD, F0F435, F04FF8, EFB092, EF4A49, EF448A,
EFA82E, F08E58, F1B969, F30DEB, F46624, F5A53E, F6D01E, F7CB24,
F8A320, F96194, F9F27D, FA56B7, FAA04B, FAE94F, FB4522, FBD726,
FC9150, FD8AF3, FE9066, FFBFBA, 0132D5, 02E3A9, 04E7E1, 06EFFB,
08ED91, 0ABFBD, 0C4EB7, 0D7137, 0E0C7D, 0E13AB, 0D9E1E, 0CE84A,
0C5359, 0C3649, 0C8DA4, 0D4D9D, 0E41FD, 0F210F, 0FEA5C, 109C2B,
1155BE, 120C77, 12BC8D, 135F60, 13DCCE, 143DD8, 148F0D, 14E54C,
153973, 157D96, 15AC1C, 15BC37, 15B0CD, 15A250, 15AABD, 15F686,
16A439, 179820, 189F42, 1970B3, 19C763, 198D7E, 18D140, 17CA3E,
16AC84, 15A133, 14CB8D, 1437CB, 13DB7E, 13A136, 139762, 13B7E1,
13E77A, 142B37, 145FEF, 1466D3, 144036, 13DFF2, 134C50, 1289BC,
11BB26, 10EFD0, 10312F, 0F77E6, 0E9093, 0D6CE6, 0C0492, 0A6FFB,
08E45C, 07A3B7, 06D909, 068F06, 068831, 067531, 062625, 05947F,
04EFE9, 0474DC, 043C41, 043EFB, 047720, 04B25E, 04D4CD, 0494EE,
03DC14, 02B6E6, 0145A7, FFD848, FE891B, FD8EE1, FCF914, FC97FA,
FC51AA, FC082B, FBF499, FC229C, FCAF27, FD7AFB, FE2E72, FE9632,
FE944F, FE4E1D, FDF22F, FDBC76, FDBF4A, FDFF68, FE64B7, FEA3AB,
FE71AB, FDA9E6, FC6AAA, FAF7B1, F99D05, F89727, F7EF87, F7AB02,
F7C0DA, F811A4, F88C5E, F9113A, F99A49, F9F029, F9FFCB, F9CB0A,
F96403, F908F3, F8D640, F8E003, F90B6A, F94CCA, F99013, F9E06E,
FA292E, FA531A, FA5085, FA0B92, F9AC48, F9491F, F9045A, F8F461,
F8E2C5, F8CFE8, F8B2BB, F89259, F88D1F, F8C4C1, F95A6B, FA3060,
FB11B7, FBD97D, FC7706, FCE92D, FD433F, FDACAB, FE3084, FEDC97,
FF7F39, FFEFCE, 0000C6, FFA991, FF1087, FE6794, FDF263, FDCB7D,
FDEC78, FE18C5, FE105C, FDB858, FD3291, FCB4EA, FC9B37, FCFB7D,
FDC8FA, FED547, FFD244, 0096C4, 010718, 0141FF, 014C4E, 014517,
013818, 00F2EA, 00726C, FF9A88, FE8463, FD7311, FCA682, FC5C13,
FC7724, FCD4AA, FD3C78, FD7E98, FD8384, FD6157, FD4A1C, FD58AD,
FDA8A4, FE216A, FEA5FC, FF22DF, FF6F89, FF8468, FF514A, FEE73F,
FE5EEB, FDE952, FDB983, FDEE8A, FE80A3, FF4A9A, 001FD9, 00DD8D,
01720B, 01DAE2, 0219D2, 023052, 023F97, 02343B, 0223ED, 0226F8,
024B3C, 02AD57, 033E31, 03CD23, 042475, 0437A3, 04180F, 03ED98,
03E162, 03F595, 041CE8, 044C61, 046952, 048B8A, 04B168, 04F063,
055810, 05B9BF, 060815, 061C47, 05FB67, 05938E, 0509B0, 048348,
041972, 03D90F, 03B051, 039115, 0362C2, 03341A, 032932, 03625C,
0402BB, 04F88F, 060236, 06EDB0, 077E80, 076BC3, 06CB3A, 05C43D,
048F57, 037FA7, 02B9DD, 026429, 0267E9, 02B073, 03279B, 039793,
03FB1E, 0430E5, 043F65, 04372C, 0401D4, 03AFE5, 03381C, 028527,
01902B, 007320, FF463A, FE2B45, FD30B1, FC6D01, FBE089, FB7718,
FB1953, FAD23F, FAC344, FAE47B, FB2009, FB3604, FAFB3D, FA337D,
F8E187, F75750, F5CF50, F4A627, F4097D, F3D928, F3D3C4, F39ADE,
F2F7C0, F1DBE6, F0887C, EF3EE9, EE3DCD, ED95CB, ED2D68, ECCF19,
EC76E6, EC230B, EBCA3A, EB7233, EAF60C, EA5E64, E98F80, E8B6B1,
E7EE05, E726DA, E684B6, E618D8, E613CA, E67E7D, E73E1D, E83837,
E918FD, E9C5DC, EA3C69, EAA2EC, EB2BA0, EBE9DD, ECD9E5, EDC6CB,
EE81DA, EECD0F, EE846A, EDC0FE, ECB3AC, EBB70F, EB16EE, EB12E2,
EBA22D, ECC54C, EE4245, EFEEBA, F199B0, F31FCD, F471FC, F5536D,
F5B45D, F58784, F51033, F4998A, F456DA, F4760A, F4E461, F59A8A,
F68098, F77411, F87585, F97237, FA8002, FBBCE5, FD4065, FF2449,
013778, 0344CA, 04F8F6, 0633FB, 06DA3D, 0709EF, 070E8C, 071841,
075FD2, 07DB5B, 089174, 097E66, 0AA5CD, 0BFF06, 0D59C3, 0E900C,
0F7139, 0FE09D, 0FD767, 0F752B, 0F1824, 0F0063, 0F4F4B, 0FFB25,
10D44C, 11AF95, 126B4C, 13118C, 13A3B2, 142ABA, 14B6B0, 155037,
15FB03, 169D52, 17364B, 17ADEB, 17F851, 182621, 181CD8, 17FDF2,
17AF5C, 173A7E, 16BE93, 16356E, 15C0F6, 1560AE, 1528FC, 1520F0,
154630, 1586B0, 15B80B, 15B523, 1575AC, 14FD85, 148E65, 145DFF,
148560, 150A18, 1599AF, 15D489, 155B1B, 141578, 12329A, 1007A8,
0E01E8, 0C56F1, 0B1DF3, 0A5CCE, 09F376, 09B150, 096BA1, 091D44,
08D1B4, 089200, 084DBF, 080FE1, 07BFCC, 076B57, 0713D6, 06C75D,
068C34, 06544D, 061620, 058705, 048F48, 03179B, 014610, FF5811,
FDB95A, FCA37C, FC44B2, FC925F, FD5002, FE3D96, FF1F1E, FFDC3D,
004A0D, 008429, 00749E, 0022E0, FF91D4, FEE054, FE3416, FDBCFC,
FD9F46, FDBF90, FDFD41, FE1FDE, FDFEA1, FD80B0, FCAF62, FBBF89,
FADF80, FA3A30, F9E530, F9DBBB, FA0073, FA20F4, FA0229, F9A64D,
F92B76, F8AC19, F879D6, F89A20, F91835, F9AEF5, FA3C39, FA89D4,
FA9DAC, FA9636, FA73D9, FA7242, FA5EB7, FA3563, F9DC20, F928D7,
F85AD1, F7A5BC, F752E0, F78D50, F83C3E, F92B0E, F9EED2, FA4208,
FA15B1, F986B2, F90330, F8F7E1, F97D94, FA8FC0, FBF2E2, FD4F17,
FE76DF, FF295C, FF5C0C, FF3591, FEDEAC, FE9A97, FE7B4C, FE775A,
FE5960, FE14A4, FDA7B1, FD135D, FCA139, FC6F01, FC9432, FCFF05,
FD8891, FE3DF5, FEFE17, FFDA7C, 00BDF2, 019193, 023CA6, 028F89,
0274B7, 01E230, 00FDF0, 000000, FEF63A, FE19B8, FDA3A9, FD9188,
FDF175, FE8C67, FF0A58, FF5F16, FF679C, FF477A, FF256D, FEF494,
FECED4, FE907F, FE395F, FDEA66, FDA7D1, FDA202, FDC36C, FDE428,
FE0090, FE0096, FE0086, FE13BD, FE3FE7, FEA039, FF2CA8, FFD57C,
0068C9, 00AE49, 008CE3, 001FC7, FFB23E, FF9A77, FFF7AA, 00B77A,
01A88E, 028464, 03152A, 034DB3, 03410B, 02FFEA, 02B15F, 025915,
020F28, 01EEDC, 020B2C, 027F22, 033DED, 042257, 05063B, 05C341,
063EEA, 067AE3, 065FE8, 05F817, 056044, 04C285, 043CD2, 03DABD,
039AF8, 036A97, 0338F8, 030E7A, 03016B, 031B53, 03A0A7, 049733,
05E05D, 073CCF, 0836C3, 088551, 080F67, 07057B, 05B6D4, 0465B4,
035994, 02A6EA, 0260F7, 0289C4, 030E5C, 03D3FC, 04A62E, 0576F3,
063019, 06BAD7, 06EE14, 06B3F3, 061B47, 0523BA, 042623, 032DAF,
0298A5, 026405, 026106, 025C11, 020C44, 0174AD, 009778, FFAB8D,
FEF1C1, FE9270, FE93D1, FEDC7E, FF1772, FF10AB, FE9B4E, FDBF10,
FCAFDA, FBAD2C, FAC688, F9FA03, F941F8, F86B3C, F79406, F6A5F6,
F5D7E4, F53FC9, F4BC1E, F44BAC, F3CD89, F3441E, F2C6FA, F25A10,
F2078E, F1AF8B, F12C4F, F07C81, EF92F9, EE7476, ED27DA, EBA0D1,
E9EFF6, E855E6, E70C1F, E63C9D, E60007, E63B32, E6C3E7, E765FE,
E8043B, E89CD6, E940ED, E9F30B, EAC3DF, EB7FB5, EC15B1, EC5FF4,
EC4419, EBF303, EB54EC, EAB8C9, EA1589, E9940F, E943E1, E91E25,
E94BCB, E9D7C6, EADA63, EC4BD0, EDF7FC, EF9AB1, F0E12A, F19592,
F1ADD2, F1548F, F0C94C, F055AF, F0184F, F021CB, F05D1F, F0B7BE,
F154F3, F23013, F33AF0, F46A15, F5AF9D, F6F1BA, F80EF0, F9121C,
F9EC4B, FAA00C, FB449E, FC030A, FCEDCA, FDFBBF, FF2401, 0042EA,
016F82, 02925D, 03CE99, 051439, 065F7B, 07A6F8, 08C3AD, 09A8CD,
0A43E3, 0AA777, 0AD287, 0AE1FD, 0AFFB6, 0B3001, 0B982D, 0C5529,
0D3A04, 0E360B, 0F156F, 0FC1AB, 1035BB, 107DF4, 10D39A, 114371,
11FA79, 12DE09, 13DC57, 14D508, 15B04B, 166348, 16ED9C, 1750DA,
1773B5, 1758DE, 170158, 169394, 162A6A, 15C511, 15A25C, 159479,
15B5B1, 15EF64, 16139C, 1623EF, 160BA1, 15EA73, 15DF09, 15EE14,
1617D1, 167749, 16EFF3, 1767A2, 17B829, 17BD94, 1765D5, 16A08C,
157832, 13F10A, 122974, 104F0B, 0E8DBA, 0D1FB4, 0C1924, 0B8D2C,
0B69C7, 0B9D17, 0C036D, 0C7436, 0CC989, 0CDA88, 0CB4F6, 0C539D,
0BB803, 0AEA20, 09D601, 08A2EB, 075533, 06087F, 04D741, 03D60F,
03036E, 0237E4, 016DE2, 00B39E, 00217F, FFD42C, FFDFFE, 00331E,
00C6BB, 014922, 019066, 017D94, 00F3A2, 0024CE, FF5B8C, FEEC80,
FEEF09, FF4A64, FFCCC7, 003462, 0052A3, FFF92F, FF4C80, FE60AF,
FD7D0E, FCDCB7, FC679A, FC1BEA, FBC22C, FB50CB, FADD28, FA67C5,
FA1EA3, FA1798, FA335E, FA6452, FA67C1, FA4AB7, FA2153, FA004F,
FA18AE, FA446E, FA825D, FAA4A3, FAA07A, FA6D6F, FA0FD0, F9A6E4,
F931A1, F8E971, F8D1B0, F8E216, F90641, F8F53F, F8AD47, F81B12,
F780A2, F7064C, F6DD61, F717FE, F7B39E, F8AA84, F9CE11, FB0A41,
FC3851, FD33EE, FDFBB8, FE6A7D, FE77A8, FE51F7, FDE748, FD4AF2,
FC99A7, FC0609, FBA818, FB9BFA, FBD053, FC116A, FC5571, FC6FAF,
FCB2AB, FD2F8E, FE074C, FF1DCB, 003AE6, 01262A, 01B6AF, 01F0A5,
01B32A, 01167F, 004E15, FF798F, FED522, FE98D5, FEC637, FF320E,
FFB1F0, 001A14, 004C9F, 005702, 003D95, 000BE4, FFCCC6, FF6C41,
FF03F1, FEBA2E, FE9C4C, FEAB70, FED278, FEEA64, FED9AF, FE97BF,
FE309E, FDBFE0, FD6DD0, FD525F, FD6C17, FDADD3, FDEB7F, FE2454,
FE4020, FE4BAC, FE65A8, FE9D93, FF07B5, FF91DB, 0025ED, 00A4E2,
00F82B, 011C19, 011392, 00E516, 0097BA, 002F9A, FFBD7F, FF5BAB,
FF4881, FFA0FD, 004E6D, 015986, 02A7E2, 0402D6, 053E21, 0619EF,
066DB1, 062E67, 0563F6, 0450FB, 033DFF, 026D2B, 0205D5, 01F8D8,
022DCF, 02632B, 0275F1, 028738, 02AABB, 031F24, 03D9DD, 04D1D9,
05D8B5, 069239, 06E4F7, 06CB44, 066797, 05D8FE, 054085, 049FF6,
04140C, 0394BC, 032312, 02F20D, 030F57, 0381CC, 044B13, 0542AA,
062AC9, 06B8B1, 06C9CF, 0671E9, 05CF3D, 053572, 04CFAB, 04AAB4,
04B885, 04BE5E, 049580, 0428D6, 036E7C, 028861, 01B999, 012B5D,
00FE2D, 011C9A, 018291, 020D5A, 0289E1, 02C86F, 02AEEE, 0245E1,
018B5B, 009822, FF6C6C, FE1B8C, FCD421, FBA71F, FAA3C7, F9CD58,
F93E4C, F8F0BB, F8C82C, F8A809, F86647, F80C5A, F7B18E, F775A1,
F75DB9, F75CD6, F742E3, F6DE66, F5FE3C, F49BA1, F2D3A8, F0C984,
EEC4EB, ECEAA8, EB5640, EA1C6E, E91846, E859B3, E80008, E82616,
E8CB83, E9AF30, EA9584, EB3589, EB485D, EAE371, EA4F88, E9D545,
E9B58F, E9EC7A, EA429E, EA8735, EA7944, EA12DC, E988EC, E90B8E,
E8E4CA, E939B0, EA0053, EB1681, EC2BD5, ECF56D, ED47C9, ED30CF,
ECDBBE, EC86EB, EC6FF8, ECA517, ED2280, EDBBB9, EE4A11, EED43F,
EF67C5, F01C74, F0DEB3, F1A8E4, F24B4A, F2AE26, F2D336, F2CDBF,
F2DBBF, F32465, F3DC82, F50E2A, F68B66, F81FAB, F9885B, FAA444,
FB6D82, FC0A54, FCC00B, FDB8C2, FEF541, 005FAF, 01E49B, 036394,
04B9D1, 05C553, 067A55, 06F192, 072227, 073F51, 0764E1, 07B48D,
083B96, 08F20F, 09DA65, 0AD5BF, 0BEC59, 0CE93C, 0DBBB4, 0E574A,
0EBFEF, 0F2004, 0F9298, 1031FF, 10F599, 11E032, 12E8F8, 13E99F,
14D58C, 158BE7, 161012, 165539, 16524B, 161ED5, 15ABEB, 1529B4,
14AD59, 1465E7, 146D42, 14A7F1, 1524D7, 159ECD, 1610E4, 1661CF,
168FD0, 16C0B4, 171043, 1793C7, 185172, 19247F, 19C0A0, 19D59F,
1934B6, 17D3AB, 15DA50, 13CA5C, 11FBF8, 10C080, 10387E, 102660,
105C5C, 107485, 105F44, 10406A, 100D43, 0FE8F5, 0FA8C1, 0F41A4,
0EA1A1, 0DD7EB, 0CFD78, 0C3859, 0B9198, 0B0DEB, 0A96DD, 09FBDA,
092D84, 07FD77, 068571, 04ED17, 03617F, 0254EF, 01DC38, 01D758,
021CA9, 025BF8, 026C37, 023E80, 01D593, 01623B, 010F49, 00EF9C,
011229, 014C5B, 0187E2, 01AA4E, 019AFB, 0166A4, 011F25, 00C380,
00548C, FFC52A, FEFBDD, FE1C6E, FD49FD, FCBDE6, FCAA78, FCEC1B,
FD3C2A, FD4C52, FCF773, FC3E61, FB5723, FA97ED, FA29F4, FA215B,
FA62F9, FAD3BA, FB49B1, FBA35C, FBC252, FBABD9, FB6FC6, FB27B2,
FAFA20, FAE56A, FACCA3, FA7E4C, F9DDA8, F8E974, F7DA8D, F6DED2,
F620A5, F5C11B, F5BA6C, F602B6, F699B9, F771E8, F873C8, F9953A,
FABEB6, FBBFF1, FC6971, FCAF3E, FC7998, FBFD63, FB65D2, FAECAC,
FACB42, FAF1A1, FB4C5E, FBA094, FBC173, FBA1E0, FB6D52, FB3C70,
FB596F, FBC09C, FC6366, FD2839, FDEC4D, FEA4A6, FF3D4F, FFC254,
001F05, 005C5A, 0061E8, 004C85, 001A4E, FFE510, FFB89C, FFA394,
FFBD8D, FFEC10, 001F3B, 003AA4, 003671, 000F3A, FFDC3F, FFC992,
0001F9, 00821C, 012121, 019E6A, 01C3B0, 017218, 00BD03, FFC93A,
FEC376, FDE856, FD41C4, FCFC22, FD0006, FD443A, FDBE70, FE3EBD,
FEBD3B, FF1F75, FF6998, FFAA89, FFD2C9, FFEEDE, FFEC17, FFBA82,
FF71D3, FF2B1F, FF0CCE, FF1D31, FF39C6, FF4D7E, FF2903, FECBB9,
FE8AFD, FE9A1E, FF292E, 004920, 01B501, 032BAC, 044316, 04CD84,
04D9C7, 048C08, 041D75, 03B40B, 0376E3, 035957, 0333C8, 02E282,
0274F0, 021716, 01F2A4, 021E09, 029430, 03314D, 03B70A, 0416B6,
046007, 04A450, 04F9A3, 054AD2, 059168, 05BA44, 05B7CC, 057C5A,
050096, 0466DC, 03DE92, 0384B9, 0379F8, 03BFE1, 043CC2, 04EAE6,
0596AF, 062C10, 06A827, 07085C, 0754E7, 077DE0, 077B87, 0733C4,
069354, 05BA99, 04D065, 04094E, 038416, 033A3F, 031DD5, 031B74,
032903, 035662, 03ADBA, 044795, 0515FA, 05D98A, 065EB2, 066965,
05EBB6, 04EBD7, 0387A1, 0206A8, 008014, FF36B0, FE510C, FDBDF0,
FD6820, FD004E, FC8FB5, FC3BD8, FC1166, FC3F05, FCA07B, FD1939,
FD61DC, FD4A1D, FCBB74, FBC5A6, FA9990, F94946, F8099E, F6D957,
F5A809, F461CE, F30573, F1A3E5, F04DB4, EF2BE8, EE6C8C, EE0DC7,
EDECA2, EDB99A, ED3749, EC56B5, EB2DFE, EA181C, E94094, E8E64A,
E90DE3, E998C9, EA496C, EAE01F, EB3ABE, EB45E4, EB1B16, EADF5B,
EAB753, EAA7C8, EAB33A, EAB728, EAA13E, EA5EB7, EA22A5, EA1A0F,
EA57E4, EAD510, EB4D18, EBA2A3, EBBF26, EBBAFA, EBB7C8, EBDCAE,
EC42F7, ECE115, ED9FA5, EE7E34, EF5765, F00B52, F06F05, F06BE0,
F02E3E, EFC124, EF75B0, EF8178, EFF591, F0D123, F1FE3B, F3585E,
F4C62C, F644EC, F7A4B9, F8CE53, F9B7C3, FA65DC, FB1B82, FBDE50,
FCDE63, FE0EA4, FF5837, 00A075, 01AC46, 027A7E, 0302BD, 035FCF,
03C874, 045100, 05093A, 05DBFB, 06AB4B, 076B5E, 08002B, 08944B,
0929A5, 09E919, 0AE5D4, 0BF09F, 0D0A6D, 0E0361, 0EF6CE, 0FEE83,
10E787, 11EDB7, 12D842, 138484, 13CC4A, 13A604, 133A11, 12ACB6,
124138, 1222B2, 12691A, 1321F8, 141696, 1516FC, 15E194, 165478,
167C33, 167882, 16928C, 16FC12, 1797DF, 1834C0, 18AE2E, 18D613,
18BE2C, 1873C5, 1802AA, 1782C5, 16DAD3, 1613D4, 15396F, 14439B,
136CAB, 12C565, 125E1F, 1250F8, 125CE9, 126A6C, 124B7B, 11F559,
116FAE, 10DE6D, 106960, 102154, 100F96, 100C84, 0FDD68, 0F3D08,
0E2885, 0CB28B, 0B1FF1, 09AB6C, 0886F9, 07A26B, 06EE00, 064C8A,
058BD2, 04BADF, 03EC33, 03427B, 02C835, 029212, 028F7D, 02AAB7,
02BEF2, 02BA50, 02A0C3, 027D21, 026152, 024F21, 02419F, 0211DB,
01BAA9, 014F45, 00D2F0, 0084E1, 00683B, 005FB7, 0052FE, 00036D,
FF710A, FE8A98, FD5BB2, FC1FD4, FAFD96, FA608D, FA501B, FAC1C3,
FB9094, FC691E, FD17A9, FD7561, FD91FC, FD8E44, FD6767, FD3207,
FCDF76, FC48A1, FB8B4C, FAB1D2, F9E81F, F944E9, F8CE4A, F878E4,
F81E44, F7AB87, F72508, F6B420, F687AA, F6C966, F7622B, F8282A,
F8E294, F96B59, F9AF70, F9D19C, F9EDD9, FA184F, FA6002, FAACB3,
FB0449, FB4C7A, FB78F2, FB8302, FB495D, FAD4D4, FA3714, F9A785,
F94C8C, F932E7, F97867, FA1180, FB05CF, FC3F28, FD86B0, FEBD01,
FF9439, FFE742, FFC2F7, FF4126, FEA4B2, FE15F5, FDAF2F, FD8F20,
FDC3BD, FE41BA, FEDDCA, FF79E3, FFF52A, 00553C, 00AEFE, 010C78,
017536, 01EF64, 024B96, 0264B4, 022ACD, 017D06, 009231, FF93BF,
FEAE79, FE2057, FDE076, FDF83E, FE40C3, FEA3AB, FF065F, FF55B5,
FFAB9B, FFEB60, 001F90, 001F1D, FFDF3F, FF6E94, FEE807, FE726B,
FE29BB, FE1E32, FE48ED, FE96EB, FED838, FEDAD2, FE9FA4, FE4108,
FDE678, FDC000, FDEEE2, FE7221, FF3BB4, 001D8C, 00F43F, 01B79D,
025007, 02B071, 02CE6D, 02B37F, 027EA1, 023D89, 0207A2, 01F6BF,
02061B, 022B1B, 02637B, 02A39D, 02D401, 02DEE2, 02C29F, 029CEF,
02A068, 02ED54, 0374B4, 041A24, 0495CF, 04AE08, 046335, 03C675,
032887, 02BE03, 029000, 029E9E, 02C966, 031F4D, 0378F5, 04004C,
04BD2D, 059B09, 069D38, 07755D, 0804DE, 0832E1, 07E292, 073831,
0653E8, 056D9E, 04ACD8, 042D7B, 03EC90, 03B635, 036F2C, 032708,
030713, 033D72, 03EE8B, 0508B9, 065791, 07A0DD, 08784D, 08A664,
07F498, 069BF5, 04EE7A, 034924, 0203DD, 013121, 00C7ED, 009507,
007E15, 005EED, 006374, 008E19, 00D6B8, 011FB0, 01130C, 009406,
FFAE4D, FE8B52, FD78D3, FCB3EF, FC4FDE, FC3EB1, FC64DF, FC80C3,
FC54F4, FBC9A0, FADD6F, F9A5D6, F83C9A, F6CA7D, F57BD8, F460D5,
F37427, F29E70, F1C253, F0C660, EFB6F3, EE9CCD, ED717E, EC4D3F,
EB4BFE, EA7CA7, EA0A94, EA02A1, EA5DBB, EB0C34, EBC8C5, EC72E1,
ECDF24, ECF82F, ECA625, EC087D, EB5AF0, EACBAC, EA8606, EA79D5,
EA92D8, EAABF1, EAAC40, EA9837, EA7EBE, EA7E1A, EA9A1A, EAED3D,
EB659C, EBE35F, EC6623, ECDB92, ED42AD, ED8924, EDAC8E, EDB870,
EDAFDD, ED9096, ED6C9F, ED4D82, ED577B, EDA99A, EE42A7, EF2194,
F02CE8, F12CE9, F1FA33, F28888, F2D040, F33209, F3E7D8, F5156B,
F6AFDE, F884BE, FA5AA3, FBE90F, FD1279, FDE06E, FE6B3C, FEB1F5,
FEDA43, FEE3C5, FEDD5D, FEF90B, FF5623, 001F77, 014ADB, 02AED6,
04387C, 05AA3F, 06EB8C, 07FAFA, 08C333, 097BF0, 0A35DD, 0B26AF,
0C4B35, 0D77FD, 0E7B54, 0F0F65, 0F2F6B, 0EF94D, 0EC1A3, 0EC92E,
0F29BF, 0FE2A7, 10D706, 11C63E, 127D79, 12F61C, 134212, 137825,
13C8A2, 144676, 14E983, 15A2D0, 16396D, 16B2B4, 171023, 177E6E,
180955, 18AA28, 1932E9, 19564A, 190379, 184254, 17522E, 166796,
15A6EC, 15327D, 14EAEC, 14CE64, 14B42C, 1483E0, 143BCB, 13D6EA,
1391A3, 138A67, 13C39A, 142F68, 149061, 14A12E, 1432CF, 134FAE,
1218DA, 10E308, 0FCFA7, 0EF97A, 0E58D4, 0DB8EB, 0D0D52, 0C421C,
0B67F8, 0A7A2A, 099921, 08C3B0, 07E078, 06E046, 05CB45, 0499C5,
0387CE, 02BF64, 026A59, 02AB96, 0330B9, 03E20F, 0468EC, 04A9DD,
04A3B1, 047064, 0451AB, 043DDE, 043C88, 04117C, 037B26, 027E90,
01105C, FF8128, FE14E0, FD07F9, FC798D, FC64AA, FCA1FB, FCFB5E,
FD66F7, FDD558, FE4B25, FEB46B, FEF528, FF0512, FEBA32, FE3D95,
FD81B2, FCD069, FC5403, FC24F3, FC47C3, FC82EA, FC955B, FC3286,
FB559C, FA1500, F8C2C9, F7A974, F70371, F6C336, F6C45A, F6E600,
F70573, F73C56, F79318, F81D57, F8E6C4, F9C752, FAA73B, FB49AD,
FB9409, FB4F95, FA951C, F99C87, F8B8A3, F82930, F7F25A, F7FBB0,
F81D0B, F85D8B, F8B546, F95084, FA3A4A, FB521D, FC7063, FD4F45,
FDCBF8, FDC6C0, FD4955, FC81FF, FB9D46, FAEDC8, FAA3F9, FADCAB,
FB8D68, FC8E1F, FDA8B7, FEB3CC, FF8024, 001FC7, 00A78F, 011E62,
018E5F, 01CC93, 01D6E0, 01A393, 01368F, 00C103, 00524C, 000542,
FFDEFA, FFC4CC, FFA8D9, FF9473, FF88CA, FF9CB6, FFDB81, 002909,
009CA5, 00F4C2, 0111D4, 00F9DD, 00A403, 003BA2, FFDC41, FF9497,
FF5D15, FF26CE, FEDCF7, FE7C28, FE36AF, FE02BA, FE090C, FE3529,
FE67E3, FE9378, FE9B87, FEA1E7, FEB376, FEE4DD, FF44EB, FFB1BD,
001AE4, 0068E8, 009A89, 009FC9, 008E11, 0075EE, 007499, 00B1FA,
01299E, 01C2C0, 0245BA, 029134, 029BE5, 028598, 029199, 02E0F7,
038533, 043A49, 04C417, 04FA8C, 04A943, 03E74E, 02E568, 01E936,
014137, 00F9A0, 00F228, 0122D6, 016940, 01BE27, 023CB9, 02F818,
040D9B, 055A63, 06ADD7, 07CC13, 085F5A, 084F23, 0791C2, 0672C8,
0539BA, 0439C6, 03A033, 0378AE, 03AD1F, 0402B0, 046459, 04C986,
052B9A, 0591BF, 06107A, 067EA6, 06D75E, 06F0B2, 06BDE9, 065F38,
05E4F7, 059F1F, 05937B, 059985, 057B54, 04FBEB, 044E0D, 038239,
02EA10, 02B0E6, 02CE1C, 032C22, 037E45, 03A7DE, 038D26, 032041,
02730E, 019063, 00A850, FFDB2F, FF4723, FEE15E, FEB9D2, FEBF38,
FED8C2, FEFAD4, FF0F55, FF0E88, FEDBA6, FE6545, FD9384, FC733D,
FB1D9E, F9A715, F84086, F70122, F5F28A, F503F0, F40653, F2D124,
F15659, EFC67B, EE6460, ED65BB, ECE2C4, ECDF51, ED24EB, ED7F75,
EDAE55, ED94BC, ED301E, EC8EED, EBEE12, EB67BE, EB2869, EB3ABC,
EB6D28, EBB357, EBECF0, EBFA36, EBF99E, EBD7F1, EBA63A, EB65A2,
EB0BC2, EAB61C, EA690D, EA6ADA, EABBB9, EB5B75, EC279C, ECEC98,
ED8C1C, EDDAE2, EDD8E0, ED9FB4, ED4E47, ED037D, ECC73D, EC95E1,
EC600A, EC2AC7, EC0CAF, EC289F, ECBFD5, EDD90E, EF5659, F111F9,
F2D05C, F46119, F5B5F9, F6DD62, F7D83C, F8B281, F95351, F999D5,
F9A690, F97475, F953B8, F96AAE, F9C755, FA9662, FBAE3F, FD1048,
FE7711, FFB3F3, 00BF68, 01AD16, 02A5D8, 03C2AC, 0523C1, 0698E5,
07DF47, 08C97C, 093D34, 0972F7, 099FA4, 0A0195, 0AA646, 0B803B,
0C712B, 0D4B53, 0DEB53, 0E4CC1, 0E8807, 0EAF5F, 0EDF39, 0F3296,
0FAFB6, 104750, 10ECFF, 11B79A, 12A12D, 13C643, 15117B, 166129,
179A9E, 187E8F, 18F0C0, 18D43D, 1845FD, 1788C2, 16CE75, 16460C,
16125B, 160778, 161F6C, 162DDF, 161038, 15E55E, 15B512, 15ABC3,
15C780, 15ECCC, 161373, 161809, 15F1CD, 15B471, 154F13, 14D9B3,
1456E0, 13D19E, 13636E, 1303AF, 12CD03, 12B741, 12B689, 12BD4D,
129947, 120CD1, 10EFAC, 0F4D03, 0D46FA, 0B1D61, 0912EE, 075985,
063159, 05A62E, 059277, 05C963, 060ABE, 0629FD, 06387E, 063521,
064281, 067979, 06BC39, 06F105, 06D51B, 0646E1, 056374, 04559F,
035F14, 02B3DB, 023858, 01C762, 0129DF, 0049FB, FF594A, FE86CE,
FE0C05, FE07F3, FE66F1, FEF3F3, FF5E6A, FF7CFE, FF5C85, FF0937,
FEC4D4, FEAD39, FEE4E5, FF5D62, FFD2AE, 0015B3, FFD541, FF139D,
FDC383, FC2DEA, FA9B0A, F9581D, F88947, F81F7A, F810AB, F82FAF,
F866BB, F8AAA5, F8E743, F93278, F99B4E, F9F05A, FA2BD5, FA2668,
F9D6D4, F95C40, F8CC61, F869E1, F83B36, F829AB, F82771, F81432,
F80150, F808E8, F85304, F8DB38, F9A84D, FA96E0, FB67C7, FC0183,
FC2EF2, FBF2B3, FB5C7C, FA839A, F9BB90, F921CB, F8E769, F921F4,
F9A2BD, FA7198, FB7265, FC6E0F, FD5FE7, FE3A67, FEEC60, FF696F,
FFB43B, FFD6C2, FFE3BF, 00007C, 0043FE, 00915F, 00C708, 00B6BD,
0059B5, FFD14D, FF50A3, FF21B1, FF4C80, FFC985, 006F0A, 010988,
0183D7, 01BE40, 01D9F1, 01DF24, 01CE1B, 01B163, 016CC9, 0108F2,
007F16, FFDF7C, FF4121, FEC906, FE9581, FEB5D0, FF0519, FF43FC,
FF5FF8, FF51E5, FF1F63, FEF1FB, FEDFB6, FEF593, FF45DF, FFB042,
00125D, 002D0E, FFE8CA, FF5A83, FE9C4E, FDE754, FD78DA, FD7488,
FDD9AE, FE9371, FF77F2, 0073A8, 0176B1, 0286EB, 03965D, 046A01,
04DADE, 04C90C, 043D5E, 036D56, 028184, 01B866, 013BF9, 010BD8,
011DD8, 013252, 01315C, 010489, 00CF7D, 00B230, 00DC94, 017E71,
026B8B, 03893A, 04783C, 0510F2, 0535F4, 05135D, 04CEB2, 0487FF,
045340, 0403CA, 03A0EC, 034119, 02F75F, 030038, 036C58, 042578,
051D46, 06057E, 06AC57, 06E03A, 0697C2, 0626BD, 05B9AD, 05822F,
059056, 05B848, 05E680, 05EC2B, 05BB49, 0559BD, 04E355, 047F14,
044F13, 046806, 04BD9E, 052D65, 058D9E, 05B725, 0589A8, 050659,
0442BF, 035ACA, 027938, 01B55D, 011D12, 00BA3F, 0087E6, 0093DC,
00E04F, 014F0B, 01C17A, 02114D, 0211C9, 01AB51, 00F133, FFF5A7,
FEEAC0, FE09B9, FD699E, FCF9DE, FC8A85, FBEF24, FB1372, F9FA9A,
F8B0BC, F763B2, F61B34, F4E462, F3BC0F, F29D44, F1860F, F073C6,
EF640D, EE67BF, EDA11D, ED2147, ECFE8C, ED0466, ED200C, ED230C,
ED1BDE, ED049B, ECEE20, ECDD22, ECAD5F, EC4C8C, EBA64B, EAE631,
EA3B8F, E9FBE0, EA0CAC, EA8BF6, EB3DB4, EBFF50, EC98A3, ECE856,
ED09D8, ECF1D5, ECCB10, EC8984, EC4AAE, EC0741, EBA40A, EB1FE9,
EA8201, E9D504, E944C0, E90154, E9320B, E9D6E4, EAC3DE, EBE2D1,
ED1FBE, EE7413, EFD670, F1338F, F27D2F, F39ECD, F45ACC, F49D81,
F47914, F417AF, F3D0AE, F3E4E6, F47A38, F58E7C, F6DEA4, F81496,
F90D32, F99966, F9EE84, FA58A4, FB12B2, FC3177, FD827E, FEE451,
003562, 017D29, 02BAC0, 04004A, 053D3B, 065FBE, 07560E, 080CC9,
089078, 08EB0F, 092A33, 095571, 096460, 095D9B, 0950AE, 0963CF,
09C01E, 0A5E4A, 0B5E8F, 0CC293, 0E5CE2, 100BF7, 11B405, 131795,
14171E, 14B548, 14E3CE, 14F52C, 14E678, 14F762, 153CD4, 159525,
15E937, 162A53, 1660F5, 1695E2, 16D910, 17067F, 170FE1, 16DDCF,
166F27, 15D8EE, 15389D, 14B99B, 1480D8, 14A37D, 151CB7, 15B351,
162F96, 166055, 16348F, 15E771, 15A438, 15A5AA, 15DA80, 162288,
164281, 15FA2E, 153DCA, 1404D6, 12792C, 10CEF0, 0F4383, 0E0725,
0D0FA4, 0C3E1E, 0B64B3, 0A5742, 0934B4, 082F57, 078C16, 0777F5,
07B987, 080A61, 08357E, 081DDC, 07D49B, 078160, 074DC4, 0741F3,
0734FF, 07124B, 069CF8, 05C923, 049D8E, 03238B, 01B2CC, 006FA8,
FFA03A, FF44A7, FF3D17, FF7C1F, FFC0BE, FFF05E, 0006A9, 0010C5,
003476, 0073C9, 00CBFA, 01178D, 012F0E, 010B3F, 009751, FFDA57,
FEFE5D, FE20C5, FD606E, FCD041, FC59EE, FBE04C, FB6467, FAF19D,
FAA5A1, FA93CC, FA978D, FAA58B, FAA08C, FA70F0, FA1FE9, F9A8F8,
F939A8, F8E7C4, F8AC88, F880D9, F8438C, F7FF54, F7B31F, F79A4C,
F7B16C, F810D0, F8A81B, F94F61, F9E115, FA22F7, FA23D6, F9F739,
F9CFEF, F9C1FB, F9D060, F9D031, F9A7F6, F94419, F8B89B, F832B5,
F7DEBE, F7F3F4, F87C2B, F96876, FA7FA5, FB7F1E, FC4CB3, FCDA15,
FD41B8, FD9B8C, FE02FD, FE5B80, FE91CF, FEAD87, FE95D6, FE74A4,
FE669C, FE7742, FEB02B, FEE6A4, FF21C2, FF6826, FFB0A7, 000E97,
0082CF, 011537, 01BCFC, 025C74, 02E0A2, 032C4E, 0315A4, 027F58,
0190CD, 0067CA, FF6710, FEAFA6, FE5E6A, FE8DE9, FF0FCB, FFC048,
007250, 011C43, 019C0B, 01FB1A, 0228D1, 02115F, 01A895, 00E111,
FFCDB3, FEA57C, FDAFC0, FD1F94, FD0B7F, FD5972, FDC575, FE132B,
FE2C60, FE2AA4, FE4A92, FEB84A, FF9084, 00AEB3, 01D569, 02C0BF,
033403, 0325F1, 02A597, 020933, 018A69, 015179, 01639D, 019D67,
01C17B, 01B523, 018560, 014425, 011FAA, 012E8C, 016214, 01ACC8,
0200EB, 024280, 027E69, 02BF23, 0307FD, 035517, 038B90, 038C10,
034DD4, 02D951, 02422B, 01C0DA, 018695, 01BC02, 0259C9, 0342D1,
045676, 055116, 05FD41, 0646A0, 062744, 05C7BC, 0554CC, 04F044,
04C0C8, 04BD23, 04E35B, 050CC8, 05403E, 05748B, 05BA9D, 0619AD,
066566, 06A105, 069090, 062419, 0586B5, 04E33E, 0478E4, 044524,
0446A2, 04558C, 04479F, 04188D, 03CEC8, 039AC4, 038727, 038E07,
039C4B, 038B04, 0343A6, 02C99C, 023967, 01BB11, 017CF4, 018C48,
01CC06, 021273, 022519, 01EBA9, 016616, 00A8E7, FFF018, FF3C0D,
FE9918, FDF01B, FD3FBE, FC80CA, FB85F2, FA534C, F8F1BC, F787B8,
F64652, F53DD7, F4579A, F38082, F280C6, F1714B, F06549, EF7CD4,
EEF0A1, EEBDD2, EEBF3E, EEA112, EE30EA, ED681A, EC71C1, EB8DDF,
EB0616, EB0BE1, EB971B, EC5F02, ED3471, EDD404, EE0F4D, EDF57D,
EDA5A6, ED6CF3, ED458A, ED3B3D, ED380B, ED05B5, ECA0CE, EBF7EE,
EB18A8, EA4653, E9A491, E949FA, E93317, E940F6, E96A23, E9A2E2,
EA14D2, EABF3B, EBA07C, EC983D, ED7B58, EE2E92, EEB9D0, EF2A40,
EFA784, F067D9, F13F17, F237F9, F2FDD0, F38A46, F3C75F, F3B925,
F3992D, F37919, F37C14, F3B894, F43990, F50457, F62704, F78BF8,
F93E51, FB21AF, FD0FAB, FECB5E, 002544, 011C5D, 01B135, 0215A1,
02779E, 02E3A3, 036691, 04003E, 04AD0D, 05571E, 05DED8, 06327D,
0656C1, 067881, 06C56F, 075F05, 085838, 099110, 0ACBD0, 0BDAA1,
0CB741, 0D7127, 0E3EC5, 0F385F, 105ACA, 118377, 1293D5, 1378A7,
142C89, 14BF18, 153A29, 15B2BA, 16092C, 1633AF, 1611A0, 158135,
14C196, 13F8E1, 137CBE, 137D4D, 140000, 14EAC8, 15D018, 167B5C,
16962A, 1648C6, 15BA3C, 154ED8, 1536CB, 1585C0, 1625A5, 16D3AC,
176CE2, 17BF0D, 17D023, 179D66, 172E99, 168311, 159F09, 14874E,
133F7F, 11DB0A, 10649B, 0F00E7, 0DC0BB, 0CAF37, 0BE67D, 0B4DCC,
0ADF2F, 0A940A, 0A652F, 0A5766, 0A6439, 0A79A1, 0A90F2, 0A85C0,
0A4172, 09BD27, 08E6AF, 07D061, 0693C2, 0563AB, 046AF4, 03BCA1,
0355A7, 032638, 030803, 02CF7E, 02767A, 020AE5, 01A6BD, 0165D3,
014C3A, 014003, 011D8A, 00DBE7, 008100, 004024, 0046D6, 00751C,
00AB58, 00B1E9, 005E89, FFBEE5, FEEB01, FE2CCC, FDA77A, FD6A66,
FD719C, FD84CB, FD7585, FD35E9, FCB66F, FC083D, FB4204, FA766A,
F9BFA8, F922AB, F8A771, F83DF2, F80105, F7E9C7, F805D5, F84CA4,
F89263, F8C524, F8C4AB, F89C63, F86702, F847BE, F8608F, F8A8D4,
F91546, F96F00, F9A227, F99359, F9332A, F8ACE3, F7FB8A, F74A2D,
F6C3C3, F65F0F, F64B8E, F68FF7, F72B15, F81831, F93887, FA6DF5,
FB8E38, FC57D8, FCAD1B, FC8BC0, FC0644, FB52A0, FAAA96, FA4ED9,
FA4C4F, FAB334, FB57D2, FC2BAB, FD01A4, FDA350, FE3E22, FEE21F,
FFA726, 009383, 018320, 0248BD, 028942, 022B93, 0135C9, 000735,
FEFD71, FE4C7D, FE0D97, FE3206, FE9875, FF1BE0, FFBE35, 006E62,
014860, 022B03, 02EC2F, 0349D5, 0323D9, 0283A4, 0197C5, 009E67,
FFD048, FF4872, FEE066, FEA987, FE7B43, FE34A4, FDED2E, FDA487,
FD74CE, FD7790, FDBDAB, FE4F6C, FF1598, FFE725, 008FC0, 00F5EB,
010B21, 00E1F0, 009B81, 005D6F, 002EDC, 0020EC, 003031, 004687,
006E96, 00A1D1, 00DE71, 0128BB, 017A5F, 01CAB2, 020BD6, 023577,
023B99, 02242C, 0210E5, 020D4F, 0213FE, 0206E9, 01D5FD, 019086,
014384, 011ADC, 012692, 0179B1, 01ED29, 0264C7, 02B795, 02DD9A,
02E545, 02CD22, 02C145, 02C0C3, 02D657, 030DDC, 036F42, 03E877,
045EFC, 04B357, 04F91A, 055763, 05D528, 064F79, 068837, 066296,
05EA05, 055DCD, 04FA8C, 04F42D, 055B1B, 05F97F, 068019, 06A3E8,
064CA4, 05A019, 04DEE4, 043C16, 03E38E, 03EE74, 0438A8, 04A859,
04EF91, 04E861, 048D3A, 040278, 037FDB, 0326BB, 0319E3, 035547,
03B23F, 03F8DE, 04120C, 03D421, 034FB8, 02A135, 01EC08, 0161B2,
01009E, 00C436, 0083FF, 002412, FFC41F, FF6296, FF16B1, FEE92C,
FEA4A3, FE1EE5, FD38BD, FBCFED, FA1D04, F8554E, F6AF42, F56912,
F45A74, F3682C, F280D2, F181F7, F06BF7, EF5FA9, EE6E1C, EDBDE5,
ED56D7, ED374A, ED52E2, ED9DE9, EE0F28, EE7DD2, EEE0A2, EF0747,
EEE909, EE894F, EE0FAC, EDA0C2, ED66AF, ED6C68, ED9EC6, EDEAE9,
EE1390, EDE7E8, ED48E2, EC5450, EB367D, EA2150, E944CC, E8B5F1,
E88379, E898BA, E8DF13, E95AC2, EA136E, EB0B6C, EC23AF, ED37C7,
EE19E9, EEB4F6, EF0C6E, EF3ED5, EF58D8, EF65A9, EF6F4E, EF843D,
EFB175, EFEED8, F03036, F06502, F0A580, F0F729, F17B91, F24EAF,
F37C77, F4E16E, F66468, F7C37D, F8CA9E, F9881C, F9FF71, FA8E81,
FB5856, FC7613, FDF593, FF8C0B, 010658, 021EF6, 02C6CD, 0312B3,
0320E1, 032871, 0327C4, 032F9B, 032A19, 032527, 035869, 03DF73,
04EC3D, 066C9C, 082E60, 09F5AD, 0B7C56, 0CAC76, 0D93C8, 0E6335,
0F302C, 10125E, 10EF64, 11A4C4, 1244BB, 12B5B7, 131C29, 1379FB,
13C616, 142A90, 147754, 14A25C, 149F1D, 145E0C, 140333, 139E1A,
135535, 1348FB, 13830B, 13F59F, 148F73, 15352E, 15D48D, 167AB4,
1718FD, 17BA56, 1851DD, 18C903, 19136D, 191ED4, 18C870, 1802BD,
16DDDF, 1578AB, 140BF8, 12CCAB, 11D4DD, 113682, 10EC74, 10B407,
107B78, 102126, 0FAE9D, 0F3FD0, 0EDF11, 0E8AFC, 0E2189, 0D8C23,
0CB468, 0BB890, 0AB9B5, 09D9C7, 0930D9, 08BB9D, 08557D, 07E915,
076AF7, 06DCD9, 065E60, 0601E8, 05D20F, 05BF20, 059721, 053715,
049A6B, 03D2EB, 02F191, 0223C0, 016790, 00D208, 0071F7, 003998,
004968, 008EF1, 010611, 017F93, 01C412, 01C1AB, 0161B0, 00CCA0,
001EC2, FF871B, FF15C6, FEC268, FE9F43, FE86EA, FE7713, FE3D72,
FDC2C4, FCF690, FBDAB5, FA9BBA, F9657E, F87FFB, F80A35, F8000C,
F853DA, F8CD57, F94471, F9A68E, F9F413, FA1F21, FA3479, FA2E26,
F9FF0F, F9ACA6, F931A6, F8A336, F81585, F7A15E, F754B1, F71EE3,
F6F734, F6C1A0, F6AA1D, F6C684, F72F65, F7EE8F, F8D86D, F9CEB5,
FA8E53, FAEBF0, FACF89, FA385A, F96568, F87E17, F7C4B9, F773C3,
F79197, F81409, F8D6D2, F9B48C, FAA407, FBA0EB, FCA7F0, FDAE8E,
FE93C8, FF49F2, FFB9C0, FFDF69, FFD7C0, FFA7D1, FF5791, FF007B,
FE9C88, FE3C82, FDF95C, FDD79A, FDF807, FE55E9, FEFC1A, FFDF7D,
00D826, 01C384, 02825E, 03010F, 0346BF, 0354ED, 03173E, 029848,
01E542, 01180A, 00561D, FFAC8C, FF3372, FEE5A5, FEBDD3, FEB93C,
FECC0D, FF07C1, FF673B, FFCEDF, 001D84, 003EC3, 003F1E, 002EB2,
000E1E, FFE04F, FFAA70, FF6C0D, FF2773, FEFD1E, FF0141, FF49EC,
FFDDFA, 008CAA, 013A8B, 019FCA, 01BBAC, 017B62, 011356, 00C03E,
00AB83, 00F948, 017EAE, 020FC4, 025F96, 02702E, 024216, 01F627,
01D6C1, 01DA6A, 021961, 025F1E, 027D4E, 026E78, 021095, 0195DD,
011B2F, 00DA90, 00F180, 0141F9, 01B50D, 022172, 0278BB, 02AA7F,
02E249, 032B37, 038199, 03F7ED, 045D38, 04A971, 04B942, 04A5AC,
047AD6, 046E3A, 04AD02, 053F33, 06113E, 06E3F6, 0771D8, 078659,
071A2C, 064B45, 0561CD, 04A106, 04445C, 044556, 0473E5, 0497C3,
049346, 046DD0, 043AEB, 043368, 04751B, 04FB82, 05A84A, 062D96,
066518, 0630A5, 05BA30, 05249C, 049264, 040AF2, 036FDD, 02BDA0,
01EE9C, 013410, 00C9CD, 00D378, 015165, 02272A, 030840, 03C447,
041EB6, 0401E8, 037819, 028904, 015E8B, FFF718, FE6E6B, FCE5D5,
FB6460, FA1A6F, F907C7, F820A7, F74268, F649E3, F5201D, F3BB90,
F23E90, F0E045, EFE11C, EF4DF8, EF1C7B, EF1E50, EF3B5B, EF4EDB,
EF53AD, EF4B97, EF47C1, EF719D, EFB8AD, F016BB, F07942, F0B60E,
F0AE96, F032F3, EF4A4D, EE1083, ECAECE, EB7B6F, EAA0F8, EA20AD,
EA04DD, EA21A4, EA5700, EA97BF, EAC2CB, EB01B0, EB532A, EBB581,
EC042C, EC19C1, EC0E72, EBF799, EBFEBA, EC42D1, ECC74F, ED7F12,
EE3701, EEBB40, EEFB23, EEECA4, EEBE65, EE9B8C, EEB511, EF12F3,
EF8ED8, F00995, F0656C, F0B542, F12194, F1E271, F30977, F49C09,
F65478, F7EE3F, F957A6, FA8B0E, FBA829, FCC2C3, FDB6B2, FE6FC6,
FEE9CF, FF1EE6, FF3525, FF2E8A, FF373A, FF67AC, FFC7FE, 0077CF,
015738, 025726, 0350F7, 04186A, 04B761, 0525C7, 05A62C, 066BF6,
078506, 09049F, 0AAAE2, 0C4FC8, 0DC33D, 0EFA6E, 1002C6, 10C7B8,
11722E, 11FC5D, 127221, 12B701, 12A707, 124F57, 11C85B, 11541E,
112613, 1152EE, 11CC03, 124CE5, 12BC82, 13227C, 13991A, 1450A9,
154989, 167F25, 17A54D, 1890BA, 1918B5, 193318, 18E5E7, 183CA9,
1775D0, 1692F9, 15C397, 151333, 149A4E, 1449C7, 141D59, 14148F,
143B12, 148181, 14C708, 14CBF3, 144FFC, 136A03, 1221F9, 10CA4C,
0F939C, 0EAB6A, 0E0010, 0D7C7C, 0CF72B, 0C52E4, 0B9BAE, 0ACD0A,
0A19E9, 0999E1, 095314, 093C80, 092ACE, 091284, 08DB30, 08662A,
07C2BA, 06F7E3, 062205, 055312, 047B87, 03AC7E, 02E4AC, 0220C9,
01822A, 011DCA, 00FE57, 012C43, 017213, 01B8EF, 01DB36, 01CAA7,
01ABCC, 01831C, 0186A7, 01C0D6, 021551, 025115, 0221E1, 01692C,
0027C5, FE9427, FD1AF5, FBF2C5, FB3DCB, FAF459, FAE224, FAEDF2,
FAF303, FAF141, FAF877, FB0C1E, FB33D6, FB4D92, FB331E, FAD3BB,
FA33BB, F96D08, F8AEF8, F818BE, F7A85E, F77710, F761B2, F76682,
F779FC, F79BA5, F7CED7, F8029E, F8458D, F889A8, F8C2C0, F8E38C,
F8E045, F8BFF9, F87C19, F81BFB, F7B581, F73F55, F6DE0B, F6917D,
F65A3F, F65BA6, F69756, F70CFD, F7A21C, F851D9, F90210, F9CEA4,
FAA6D7, FB8C7B, FC798A, FD33D6, FDACFC, FDC37D, FD708A, FCCDD0,
FBFD4E, FB41A1, FAC2CC, FAB977, FB3686, FC44C8, FDB18B, FF1FC2,
00484D, 00F391, 011C92, 00EF21, 00A61B, 006594, 005409, 005DE4,
008487, 00A1FC, 0095AE, 0077D2, 004FBA, 003B2E, 004109, 004600,
00350C, FFF6E2, FF9637, FF2A99, FEDBB3, FECFEF, FF1480, FF828E,
FFD7F7, FFD9CF, FF7F96, FF0123, FE8F1E, FE5FB7, FE87EA, FEE4E4,
FF6344, FFC309, FFEB97, FFCACA, FF6899, FF01D6, FEB4E0, FEAD11,
FEEFDC, FF64B8, FFF999, 008C89, 010765, 014E96, 016D6A, 016C08,
015AAD, 01594D, 015A19, 015731, 01455B, 0123CE, 01154D, 01111C,
010D35, 011942, 011ACB, 01109C, 00EA6D, 00A342, 006486, 003D5E,
004BEF, 009A8C, 011255, 018E97, 01CB5A, 01B0DC, 0158E4, 00F617,
00E960, 016761, 026811, 03C045, 051612, 063031, 06EDF6, 0737B8,
071919, 068FD7, 05BC04, 04AD4B, 038BB8, 0288BC, 01D7FA, 019C63,
01F7D4, 02D9B0, 03F1C6, 051883, 05DBB7, 0637A4, 062ED0, 05FAC2,
05D22F, 05B66B, 059C11, 056454, 04F2BB, 044C55, 03A40C, 030938,
0296A3, 0239FA, 01F3A0, 01CCCD, 01D3C4, 021B3F, 0291A1, 031CFF,
03A3C5, 03F973, 0423D6, 042E93, 03FD6B, 03B272, 033DE0, 02B438,
0225A2, 0170D1, 00C31A, FFFD5C, FEFA60, FDC07F, FC2668, FA44DD,
F843E7, F65C36, F4BBC2, F381F5, F2A8BD, F22418, F1CD37, F1957A,
F1708F, F1624B, F18446, F1B442, F1E41D, F1DB37, F1796D, F0D8CA,
F02D84, EFAAFD, EF6CFA, EF5713, EF4792, EF113C, EE9B09, EDF426,
ED22BE, EC6190, EBC9FB, EB7F61, EB6E10, EB6236, EB5086, EB12C3,
EAC0FC, EA7C51, EA5A1B, EA807B, EAD3A8, EB53B3, EBE07A, EC5ECE,
ECCD7E, ED126C, ED30EA, ED3174, ED1F99, ED03C5, ECCA14, EC782F,
EC14F0, EBC566, EBC455, EC19E3, ECD0EA, EDC1F2, EECF9E, EFDC2A,
F0D4F5, F1B17C, F2607A, F311FB, F3DCBB, F4D331, F60606, F7548D,
F8C3B2, FA2624, FB4A93, FC180D, FC968C, FCD0FC, FCF023, FD0FFC,
FD1A56, FD26C1, FD242B, FD432C, FDAE8E, FE6787, FF6763, 008335,
018B67, 028E9B, 038704, 049680, 05E905, 0780FD, 096834, 0B3F7B,
0CE6C8, 0E002A, 0E87D0, 0EA98D, 0E79E9, 0E4253, 0E17D1, 0E0FE9,
0E2F73, 0E5F0F, 0EB6BB, 0F3EBD, 0FFB5A, 10FE9C, 120767, 1314B7,
13F546, 148847, 14F99D, 15456D, 159539, 15F7CB, 166432, 16D137,
171A37, 171ED2, 16D6EF, 165409, 15C5DA, 155CB0, 153E58, 157E10,
1603CC, 169ECD, 171139, 17296C, 16E6A8, 165C4F, 15C6F1, 15381B,
14B786, 14443C, 13B380, 12F0FD, 11F2D3, 10C88B, 0FA24A, 0E9949,
0DC908, 0D4DE1, 0CF958, 0CC5EF, 0C8FA7, 0C56FA, 0C29FD, 0C0DE2,
0C157D, 0C0C58, 0BCC7B, 0B2A52, 0A017F, 085F56, 067FB4, 04AD1C,
034E64, 027FBD, 025590, 02A5E3, 031EFE, 03A2BF, 04004E, 0446A6,
047608, 048B96, 048CEB, 045947, 03EE71, 035424, 02A7D1, 01F96E,
014723, 00AAF3, 00281A, FFCA55, FF9414, FF7319, FF6394, FF610D,
FF46D0, FF1447, FEA6FB, FE1909, FD73A0, FCC338, FC3C02, FBC444,
FB7538, FB2B0C, FACC57, FA5296, F9CE94, F948C4, F8E0ED, F8A2F5,
F8910C, F8B604, F9019B, F97629, F9ECF8, FA48DF, FA788E, FA6008,
FA20D0, F9B782, F9315D, F88F4F, F7D782, F72260, F682C0, F625B9,
F606C9, F641B6, F6CF9F, F78832, F85828, F8E9E6, F93A99, F944AD,
F92A11, F92AF4, F95409, F9B61A, FA32A3, FAB758, FAFC6F, FAF390,
FAB633, FA713A, FA72EF, FAD750, FB949D, FC7704, FD47EE, FDD56E,
FE0EC0, FE1DC2, FE27E4, FE76CE, FEF669, FF8CB3, 0002D1, 003A9D,
00461C, 004380, 006FAC, 00B7F9, 010A87, 015B1F, 01762C, 016AE7,
013935, 00E43B, 0092D7, 004C76, 002C6C, 003DC0, 006E85, 00C107,
00FBE1, 00F3AB, 00B947, 0054B1, FFFA2C, FFC86D, FFD38E, 000520,
003C75, 006767, 006379, 0033AE, FFDE06, FF7CF9, FF3A30, FF1CFD,
FF31D6, FF612C, FF97F6, FFDDE6, 003B84, 00C3B6, 015C10, 01CEA5,
01F1A5, 019F41, 00F8D4, 004D28, FFE524, 0005FB, 00A1FB, 018ABE,
0272C0, 031567, 035F17, 033EC0, 02D72D, 024CC5, 01B583, 0133A8,
00BB9E, 004B25, FFDAD9, FF65FC, FF074E, FEE875, FF227D, FFAC60,
007E2F, 016F23, 02616E, 0340DE, 03E551, 04799D, 04F669, 0557F4,
05933A, 0586B1, 053DD3, 04C0A6, 042CD4, 039E54, 033514, 03167B,
03397E, 039642, 0405EB, 047B16, 04DE07, 05291B, 0576D8, 05BBCF,
05FB24, 063766, 065E2A, 0673C0, 066AF8, 063A69, 05FD3A, 05AC4D,
054F6D, 04D939, 044931, 03A7D7, 02F986, 02658A, 01FA94, 01DEAE,
02265F, 02B6E1, 03827C, 044BD8, 04F89F, 057D76, 05D96F, 063254,
068235, 06A722, 068756, 05F336, 04C7DE, 032A62, 01658F, FFCE04,
FE89C4, FD93E0, FCCAD2, FBFCC7, FAFD41, F9E75E, F8D931, F7D1AA,
F6EBA2, F61795, F55653, F4A1E5, F3E98E, F34B01, F2CDFE, F284E8,
F278E7, F28CB8, F2B150, F2D68A, F2D362, F278B1, F1C749, F0CB8B,
EFBAE0, EECA21, EE1530, EDA01E, ED5C03, ED2895, ECF777, ECC3B6,
EC843D, EC4CDA, EC1BCC, EBFC4D, EBFE5D, EC03FC, EC09C3, EC02D9,
EC0688, EC1EB3, EC4481, EC8CB0, ECCDEF, ECE8BF, ECCEC4, EC7729,
EBF616, EB81DA, EB435D, EB53F9, EBA5A3, EC0AFA, EC5ADB, EC79E6,
EC753F, EC74A7, EC99D9, ED014C, EDBEDE, EEC973, F00DF9, F183EE,
F315F0, F4B51C, F65303, F7C421, F8F2A2, F9B584, F9EF3A, F9C992,
F961E3, F90A7C, F8E53F, F915C0, F9889D, FA17A0, FAA480, FB1B6F,
FBA6BE, FC5FC4, FD73FA, FEE60F, 009C43, 026B42, 040968, 0552FC,
062DB7, 06B0FC, 071CDF, 07866A, 081519, 08CCCC, 098E02, 0A55AA,
0AFADE, 0B6D28, 0BBE25, 0C1899, 0C9F73, 0D699C, 0E5D73, 0F46FD,
10006D, 108598, 10E497, 114AE0, 120646, 130558, 143AFF, 1542DC,
15EC28, 15FF0B, 1584BA, 14CECC, 14214B, 13D864, 1405BE, 14A273,
156E20, 163A64, 16D4DF, 173906, 176FBC, 17A40F, 17F04E, 183EEB,
185B8B, 181694, 175C97, 163A5C, 14EE9A, 1398CB, 128947, 11D12F,
116D71, 1146B8, 1141D1, 114152, 114D24, 115F87, 115ABB, 113AE6,
10C8E6, 1003FB, 0EDEE9, 0D7BBF, 0C05A1, 0ABBEC, 09ADA3, 08F7A4,
08756A, 07F574, 078183, 0710F5, 06CA27, 069077, 067394, 064A35,
06168D, 05E3E9, 05AD11, 0573D0, 052BBD, 04C260, 04268B, 03609A,
028C16, 01D020, 013842, 00E853, 00DBD1, 010D41, 018299, 0214C4,
029F6E, 02F3BC, 02E134, 024EE8, 01409A, FFE77B, FE82E4, FD52AB,
FC67CB, FBCC87, FB62AD, FB14BF, FAC8E6, FA715B, FA2D9B, FA0E31,
FA2C96, FA7E00, FAD583, FB0E2E, FB13A5, FADFD8, FAA4F5, FA5822,
FA0CE9, F9C159, F956AA, F8CA8A, F80D85, F74BCE, F6A994, F66806,
F68A03, F703D9, F7A319, F831FE, F88390, F876AB, F8170B, F78919,
F7050A, F6C499, F6E0A4, F73BDF, F7C103, F83A7A, F88FB8, F8B060,
F8A029, F89108, F8A25E, F8DAFE, F92566, F9713E, F9B9FB, FA0C7F,
FA8A1F, FB2793, FBD413, FC7BF5, FCF734, FD45F0, FD6D59, FD7A80,
FD994D, FDE4FE, FE65FB, FF027B, FF8F79, FFF626, 001E87, FFF51D,
FFAB94, FF6300, FF469C, FF9BA5, 0034CC, 00D9F7, 015E86, 018368,
016454, 011C9A, 00D38B, 00B0B3, 009EE6, 0094D0, 0070C4, 001F13,
FFBBC4, FF6D8E, FF6096, FF9887, 000550, 0074FF, 00B662, 009B7F,
004C13, FFE75B, FFA694, FF9A10, FFBEDB, 000098, 000E91, FFFEC6,
FFB669, FF548C, FF195D, FF08D1, FF5455, FFE4D8, 00972E, 0156E9,
01FC27, 027D73, 02C361, 02DAC9, 02C104, 0275DC, 020B3C, 017370,
00D2CD, 0022D2, FF86FA, FF1FAC, FEFF29, FF32FB, FF8DD1, FFF202,
002005, 001E7F, 0005BF, 00024F, 002784, 00928A, 01308A, 01EA4E,
029B48, 0319F8, 0368C5, 0385DA, 039D3C, 03A7BB, 0399B1, 03745C,
031EF5, 02A4F8, 022295, 01BF03, 01AD36, 0207C4, 02B906, 039B9A,
04899E, 053EEA, 05BDDE, 0621AC, 0668FA, 06BEDD, 06FF51, 071046,
06C04A, 05DD80, 04A990, 034FA7, 02147A, 013E39, 00E872, 01171E,
019936, 024C9A, 030EA0, 03CD7C, 048776, 051BEB, 058DA9, 05D68C,
05EF11, 05E772, 05BAA9, 0586DA, 0559F3, 05488F, 054DF8, 055419,
053A29, 04C0FC, 03D319, 027BA6, 00D222, FF141C, FD81BB, FC427A,
FB716C, FAF4E7, FA94EB, FA322A, F9A1FA, F8CFA3, F7D6B1, F6E0A5,
F6233F, F5A950, F56202, F53358, F4EDCF, F49FF5, F43801, F3BC73,
F32F0D, F270D2, F192E0, F09478, EF9A01, EED3C2, EE5D44, EE507F,
EE799A, EEC030, EEDA44, EEBD56, EE51E1, EDB0D8, ED13A0, EC84D8,
EC3299, EC0CE2, EC1370, EC3F06, EC7748, ECC146, ED1AC8, ED7895,
EDC5BE, EDE8AD, EDBB04, ED35F1, EC6829, EB620E, EA7019, E9CAE3,
E97F93, E98025, E9AC0E, E9EACE, EA325A, EAA314, EB5647, EC6FA1,
EDFF17, EFD43C, F1B8A6, F3575F, F47A59, F50F29, F52593, F4F0FE,
F4B028, F4962A, F4CC8E, F54EF4, F5F11D, F68CE9, F70996, F75F42,
F7B485, F84361, F91262, FA3043, FB6B1B, FC9975, FDA02A, FE773E,
FF392C, FFFBC6, 00EABC, 0206DE, 033455, 044BD5, 052372, 05950C,
05C60F, 05E2A2, 062650, 06BC76, 079C7D, 08A72A, 099A51, 0A6402,
0B1CEC, 0BE762, 0CF684, 0E48F3, 0F9723, 10B374, 116ADC, 11ABF1,
11A339, 11650E, 112333, 110C1B, 112965, 1195B4, 1249A1, 1331FF,
142CFF, 1518E7, 15E0BC, 168CC2, 171B8C, 177060, 178D59, 1766CD,
170996, 16A5A9, 1649B2, 161549, 15FB9C, 15DCE1, 15B019, 15606C,
1509BB, 14C924, 14AD8C, 14C582, 14FC69, 153E33, 155E8F, 1536EE,
14A33D, 13AFD9, 1280FB, 113110, 0FFD33, 0EEA7E, 0DECBB, 0D0961,
0C313E, 0B829D, 0B095C, 0AD33A, 0AE675, 0B25FB, 0B531F, 0B45BA,
0AD8EA, 0A183B, 0925DC, 08163D, 07079C, 06095F, 0531CE, 0476A4,
03DE0E, 035102, 02D643, 0294DF, 029B27, 030CE2, 03D2A0, 04AFE1,
05743E, 05CED5, 05A567, 0502D8, 0400EE, 02E3DA, 01D014, 00CA3F,
FFD06C, FEF6F4, FE404D, FDC07B, FD8255, FD6C40, FD7BBC, FD7BDB,
FD6018, FD1C3F, FCBFFA, FC560B, FBF8BC, FBC468, FBAC55, FBB19F,
FBABBA, FB74F7, FB0BBA, FA6295, F999A7, F8E443, F8774B, F8629B,
F88EB2, F8D2A1, F8FCE2, F8FADC, F8D2D6, F88BEB, F839C4, F7FCA3,
F7DEE5, F7E504, F809CF, F807FA, F7F4AF, F7CD87, F7ADC2, F7BFEE,
F7E4FE, F8139D, F8182A, F7E931, F794D0, F73A92, F7175D, F74E8E,
F7E8DD, F8D6B1, F9DAF5, FAC3CC, FB7521, FBDDE2, FC1038, FC2843,
FC46F0, FC8582, FCD5B0, FD1384, FD2AFC, FD293B, FD2389, FD3FBF,
FD9A26, FE2978, FEE100, FF986C, 002F67, 009E0D, 00DC6A, 01114E,
0134C5, 01533B, 016359, 014139, 00FEB5, 009056, 002400, FFF62D,
FFFF00, 004ECA, 00D134, 015E84, 01D5E6, 020E8E, 020458, 01CA86,
0177D8, 011A63, 00C594, 008153, 003E3F, FFFC36, FFB3F4, FF7D39,
FF6E5B, FF9DFD, 001301, 009DA9, 012513, 017D8A, 018D7D, 017B1D,
015895, 015457, 018088, 01CEB7, 0235D8, 026F78, 0270F2, 023E3D,
01F765, 01C6DE, 01BBF7, 01E170, 01FC09, 01E8B3, 017F05, 00CD82,
000DB2, FF60C7, FF241B, FF4BD5, FFC1DE, 005893, 00DFC4, 015C84,
01C3B0, 024C43, 02CE24, 034211, 038435, 03760F, 0315F5, 027855,
01BAA6, 0109A0, 00906C, 007CA9, 00E4EE, 01AFDC, 02B5EB, 039ABA,
044DBB, 04AF12, 04F8FA, 054D13, 05B551, 063311, 069246, 06BA62,
06A0FA, 064C18, 05B931, 050C19, 045857, 03C4FA, 0350ED, 03135E,
02FF4C, 02F152, 02F570, 02F84D, 0305AE, 033DBF, 039A00, 04183A,
04AC20, 052945, 05AFC6, 0637A2, 06C8CC, 076999, 07F619, 0846FF,
083865, 07D544, 0716BF, 0619DA, 05055D, 03F2E5, 031079, 025AC5,
01B289, 0109C2, 00554C, FFADBE, FF0B42, FE7D23, FDFFB9, FD5E11,
FCADA1, FBC43B, FAD5CE, F9F143, F9469A, F8DBE6, F88B78, F82D4D,
F77F65, F69412, F58160, F47F76, F3BCD9, F353DF, F321EE, F305C1,
F2D25F, F25AC5, F1A688, F0C408, EFCB64, EEE35A, EE308D, EDD4C0,
EDD585, EE0C1B, EE46F1, EE734C, EE8AC0, EEB4F2, EEFE0C, EF6928,
EFCD55, EFF236, EFBA47, EF11B0, EE27B0, ED0DBC, EC0FF8, EB3C4B,
EAA794, EA388D, E9D3EC, E9804B, E94372, E94FF3, E9B290, EA7859,
EB9A7B, ECDE0C, EE024C, EEE777, EF7DB3, EFD155, F012E9, F07CEC,
F120FF, F1F754, F2CB2F, F36C49, F3C223, F3AE92, F37777, F3488E,
F34548, F3A13C, F45166, F54F93, F677BA, F7A653, F8DB63, FA0730,
FB27E4, FC349F, FD2242, FDCA28, FE1856, FE2781, FE221A, FE45D7,
FEC833, FFB7A7, 00F74B, 0247E4, 036BEB, 045245, 0518E9, 05D4FE,
069B40, 077D61, 0863AD, 0944ED, 0A2490, 0AE7BB, 0B8870, 0BF8AD,
0C4D23, 0CACF0, 0D0AAA, 0D95CB, 0E3E40, 0EE756, 0FA79B, 106190,
113D77, 12452A, 136287, 14826F, 15484D, 15A760, 159ACE, 153C14,
14D868, 148CAA, 147C1E, 149E07, 14D236, 150E86, 152CC6, 15398E,
155611, 159887, 161D6D, 16C810, 177C32, 1819D1, 187656, 187407,
17FAF0, 171137, 15E3F8, 148C6E, 132923, 11E3D2, 10CA3B, 0FFB72,
0F884B, 0F6F60, 0FB298, 10195D, 106DB4, 108257, 10328C, 0F834D,
0E82C7, 0D5529, 0C327C, 0B305D, 0A4B52, 0989AD, 08BB05, 07EF22,
070B0A, 0629DE, 0581C9, 051134, 0504A5, 053B81, 0591F6, 05E5C2,
06080B, 060E37, 05F1A0, 05C8D5, 059CC6, 05535F, 04CD5D, 041262,
03278D, 022307, 0141F3, 008E1E, 0032EB, 001E31, 003958, 004BB9,
0022DA, FFAE30, FEFA7B, FE3697, FD8F8A, FD2C60, FD161B, FD1C5D,
FD0258, FCB6C4, FC2D14, FBA636, FB342C, FAE4EC, FABE91, FA913A,
FA504F, F9DFF1, F94D62, F8C0D0, F85796, F843D7, F871A2, F8D5FD,
F9426C, F984FC, F99BE3, F97AD8, F9386C, F8E762, F88F4C, F82D82,
F7B592, F733E4, F69A98, F615CE, F5ACCE, F57A2A, F5957F, F5F52B,
F699D4, F75869, F806E1, F88FED, F8E8CF, F92018, F95091, F97649,
F9889E, F9902D, F97DC5, F983D5, F9AD6F, FA0DB1, FAB0CA, FB670C,
FC39B6, FCDE4B, FD401B, FD6F1C, FD6EA9, FD6FE1, FD99E3, FDE545,
FE4BDA, FEB5B5, FEFC2A, FF175C, FF1B38, FF28A6, FF5FA6, FFCC49,
005013, 00CA7A, 01216D, 0143B7, 014647, 013508, 01231A, 0122AB,
012066, 01094E, 00C05A, 003674, FF7972, FED02A, FE7FC2, FEB8C5,
FF6FEC, 005C92, 01225B, 016B34, 012143, 006E71, FFB24B, FF4576,
FF5457, FFE2E0, 00B403, 019126, 023E97, 028ED1, 029398, 025D6B,
020E01, 01B3CA, 014B8E, 00F29D, 009DD9, 00521C, 0012B2, FFDE3F,
FFD26F, FFF4BA, 003797, 0094FE, 00E5F3, 010751, 00F79F, 00C68F,
00A806, 00AE32, 00EBA7, 0147B3, 019B69, 01BD6E, 01859C, 01050A,
00519A, FFA96B, FF41EF, FF2CDA, FF8523, 000FE2, 00B4A2, 015CCA,
01ED9E, 026B4D, 02CC88, 031BA6, 035555, 038631, 03C8CA, 042551,
04B4E3, 055534, 05D7D9, 062843, 061A8B, 05AC4C, 04EBE6, 03FDB3,
02FBDE, 0204C4, 015807, 0104ED, 0111D1, 014D0B, 019EC9, 01FEBA,
026AD6, 02F537, 03A557, 047E6D, 05629F, 063A13, 06DE1E, 072679,
0732E1, 070E90, 06DB88, 06B272, 067CEE, 062FB4, 05C029, 052893,
047DFB, 03D855, 035663, 0314F3, 02FC2D, 02D943, 027F48, 01C5A7,
00BFBA, FF9C4A, FE8052, FD9BFD, FD0138, FCAC00, FC7BDF, FC37DB,
FBCB46, FB33DC, FA8B80, F9EC2A, F95440, F8C3A8, F81A2D, F744BE,
F63F58, F4F553, F38FC9, F23AA0, F12483, F078FA, F01B07, F01737,
F02F0D, F03E3C, F04394, F0442B, F04FC6, F06F4F, F08F61, F089F1,
F06A87, F0295B, EFE939, EFB45E, EF8998, EF7250, EF4297, EED250,
EE1693, ED070A, EBC2AC, EA79B9, E96EA0, E8D7B6, E8C067, E92741,
E9CF48, EAA704, EB7F9A, EC42FB, ECFAB5, ED91CA, EE1AD1, EE89C2,
EECE39, EED7EB, EEAED0, EE8A32, EE720B, EEA019, EF1B2A, EFD60C,
F0A73E, F16301, F20111, F27924, F2F6BE, F38FCE, F45DAC, F55B47,
F668F7, F75984, F80373, F858CD, F86785, F8717B, F8A2FC, F91D02,
F9EA78, FAECC5, FC1352, FD2BBF, FE31D8, FF1DF4, 000CAD, 00F3E9,
01EFB0, 02E47C, 03AC21, 04505F, 04BC44, 051EDA, 057C2D, 05DAD4,
063DC5, 06A8EE, 072A65, 07D31E, 08B039, 09CEA7, 0B26A7, 0CA968,
0E4085, 0FB6CF, 10ECB9, 11C445, 1216C9, 11FDC7, 11C358, 119B20,
119AF3, 11BBA0, 11E4EA, 121F56, 126CEF, 12D3F2, 136970, 14194D,
14D6B8, 158F04, 1634B1, 16C076, 17356E, 1793C2, 17CBF8, 17ED41,
17FE3A, 17F318, 17C996, 176904, 16BF3A, 15DAAF, 14DEDB, 140E52,
13A031, 1394F4, 13D083, 14192F, 143DCD, 1422D1, 13BC3E, 131B62,
1251E1, 1187FB, 10CBC9, 1019AD, 0F6210, 0E840F, 0D9815, 0C83C2,
0B843D, 0ABDDA, 0A1F7E, 09DC8A, 099970, 094EF2, 08DD6A, 084E8B,
07BE2B, 075C3A, 07398D, 07477F, 076EF2, 07780E, 075098, 06E6E5,
065518, 05BDF6, 052F1C, 04BE23, 046AB0, 0417ED, 03AF1D, 032E2C,
029452, 01F682, 017B8A, 013979, 013058, 013E7B, 0140E2, 010C8E,
0099CD, 000C3C, FF7108, FEDEB2, FE3F7F, FD94CF, FCDE10, FC1811,
FB7A66, FAF520, FA9EBB, FA6E5A, FA62A1, FA8B74, FAD5DE, FB348B,
FB8B5E, FBB543, FBB235, FB7772, FB0D58, FA95FE, FA0B4B, F9795F,
F8DA90, F8491D, F7D78A, F7AB28, F7B84E, F7E763, F80D2F, F7F481,
F7BB81, F77368, F74C51, F74BDB, F78372, F7BBCA, F7DDAD, F7C607,
F7826A, F743C1, F73B16, F7AA97, F87D4A, F99529, FAAEA2, FB8CAB,
FBF966, FBF4EC, FBA086, FB3E32, FB0431, FB0D9D, FB5081, FBA22E,
FBF33A, FC2E4F, FC6B44, FCD720, FD6D10, FE3717, FF0C88, FFBA9A,
002E5C, 005146, 00360B, 001963, 001F57, 006A3A, 010180, 01B285,
02614B, 02B604, 029319, 020604, 01390A, 0077F1, FFF537, FFB23B,
FF98EC, FF8986, FF699F, FF5638, FF5F8E, FFAAD5, 0026F0, 00D042,
018A74, 022780, 02A76E, 030285, 0336DE, 034548, 032A52, 02E547,
027AFD, 01F5CC, 0171B2, 00F428, 009350, 0060BA, 005AB1, 0086F0,
00DACB, 013681, 017DD5, 01AE87, 01C70B, 01D3A5, 01E5EE, 020320,
022F0E, 02515A, 0251C7, 022A7A, 01E7D2, 019BC9, 0156C7, 012397,
010131, 00F0BE, 00CC26, 00A90E, 007A00, 003BE0, 001803, 000388,
000F5B, 002C53, 00476A, 0084B7, 00E0F9, 0174CA, 025399, 036F9F,
04AA4B, 05C724, 06A941, 0717C9, 06FF5E, 067728, 059D60, 04C246,
0404B1, 037553, 02FCC0, 02881B, 0214A5, 01AB89, 015EEF, 013DF7,
017130, 01F237, 02B8BE, 03A02D, 045907, 04DB2D, 0504AA, 0505A9,
0511C3, 053A67, 05AF66, 0633C7, 06B884, 072B11, 077809, 07C7AB,
07F4FA, 080A66, 07E180, 076C6C, 06A692, 0599CB, 0457EF, 030FDA,
02023D, 015B98, 012FBB, 016300, 01BE1F, 02030B, 021551, 01E32C,
0170A1, 00C684, 000544, FF3B97, FE7CA8, FDB3B3, FCD61F, FBF213,
FB01C5, FA1C42, F93220, F84937, F7395B, F611AE, F4CA0A, F37E15,
F265B8, F1AAB6, F15EE0, F17734, F1D7CE, F24114, F29AE9, F2B275,
F2ADB2, F28B0D, F25B55, F236FA, F21D0F, F1F80E, F1AB3B, F118E8,
F01F5F, EEF3E3, EDB181, EC8839, EBC1E3, EB4584, EB1F6D, EB3563,
EB5BB0, EB9A06, EBD9A9, EC1FBA, EC61AC, EC8240, EC8ADC, EC77EC,
EC3F8C, EBF43E, EBB2A2, EBA64C, EBD001, EC346E, ECAE6C, ED1F9E,
ED8C64, EDE603, EE5E90, EF0958, EFE4AA, F0E6A6, F1EB44, F2BCD7,
F34DAF, F38795, F37752, F34D86, F3114F, F2EF2C, F30A4D, F36722,
F416FE, F50BE7, F64D73, F7D302, F98E57, FB483D, FCCBAF, FDF1BE,
FE9042, FEB688, FE8F7F, FE69A8, FE6C80, FEA1EF, FF141A, FF907F,
00264E, 00B6FA, 0151C2, 022A2B, 033925, 048F0E, 061087, 07A1A6,
09135D, 0A4EBD, 0B43B9, 0BE957, 0C4CA2, 0C9592, 0CD96B, 0D2922,
0D92EA, 0DF7D7, 0E52F1, 0EB091, 0F1140, 0F9025, 10420F, 112B67,
1224C4, 130A31, 13BB3E, 1415EA, 14217E, 1409A3, 1405DA, 1441C1,
14C596, 1560AB, 15E856, 1634B5, 16431C, 162B47, 1614B5, 16070D,
160E89, 162277, 1618F5, 15EB0C, 158E46, 1522DA, 14C3F1, 1470BD,
14342B, 13FEA8, 13C27B, 135B32, 12D7E1, 122F18, 115B7D, 10820C,
0F99AA, 0ECCE0, 0E0C0F, 0D6A57, 0CD1EA, 0C2CDB, 0B7A6E, 0AC2B7,
0A229D, 09ABAE, 097190, 095F01, 095CE2, 094FD5, 0916AE, 08C54A,
08439F, 07A2AB, 06DDA9, 0608C9, 053396, 0473B8, 03FB33, 03BAC0,
03C352, 03F9B8, 043479, 046465, 04517D, 040FB4, 03B34C, 034629,
02E951, 02833C, 02056C, 0164A7, 007D6B, FF6969, FE4D67, FD44CB,
FC8A4B, FC1A94, FC042F, FC2192, FC4857, FC7049, FC84F3, FC716D,
FC3036, FBD358, FB62B7, FAF55B, FA6EBB, F9F6EE, F98297, F93F17,
F93034, F954C6, F9B3AA, FA2D0D, FA8753, FA63C6, F9D54C, F8DAA7,
F7BE8B, F6BDC1, F611A2, F5CCFC, F5D521, F60B0B, F645D7, F66AED,
F6776C, F66C10, F65508, F656E8, F67269, F6B971, F71C64, F7858E,
F7F429, F854E8, F8BEBD, F928B0, F984A4, F9CE34, F9DF19, F9C9C9,
F996A1, F96C7D, F96C88, F98B22, F9D76A, FA2FF2, FA8395, FAC786,
FAE7FF, FB1E4B, FB825C, FC2BDD, FD325F, FE6FC1, FFC357, 00EDF0,
01CF63, 0244F5, 0245AA, 01EB08, 013C87, 0069D0, FF82CA, FE9749,
FDD043, FD346E, FCE5EE, FCF819, FD56F2, FDF192, FEAD82, FF6568,
00068A, 008D59, 010E6A, 019549, 020C55, 02736F, 02B4A4, 02C228,
02939A, 022353, 018B76, 00E4A1, 0059F7, 000530, FFE566, FFFA2D,
002E08, 006B6C, 009121, 00A8D9, 00B7FA, 00D589, 010FEB, 01446F,
016BEE, 018496, 0193DF, 01AB6F, 01CA3E, 01EBA5, 020579, 0222C8,
022D2E, 02078A, 01AC76, 011C08, 00604D, FF9977, FEEC9B, FE65B3,
FE09A3, FDD695, FDC90C, FDEAD8, FE5054, FF0A13, 0024E5, 0175E5,
02C436, 03C561, 0456E1, 0482E8, 045C6E, 04202A, 03DD6F, 03C101,
03BA10, 03BA8F, 03BECE, 03AE01, 0393E4, 0361C4, 031725, 02D0D1,
027B73, 021522, 019BD9, 00FBAE, 006A2E, 001330, 002A15, 00B789,
01AD29, 02CCAF, 03E0DA, 04D1FB, 057EAB, 060E56, 06907C, 0721A1,
07B366, 083457, 0873F1, 085F1A, 07DF31, 06FCBA, 05EED3, 04D448,
03F4FD, 0374E7, 03536B, 03689F, 036BED, 036967, 035AC7, 0343B1,
0342C1, 03482E, 034557, 0329F5, 02F97B, 02B98E, 0254C1, 01CB94,
011447, 001D04, FEF13B, FD9856, FC2C64, FAADCC, F932F8, F7D712,
F69C7A, F5B3F0, F52C6E, F4FBFB, F50920, F52314, F51A70, F4F3FB,
F4C256, F49367, F471C1, F45E65, F440E3, F3F6A2, F37999, F2D68C,
F223A8, F16221, F0A3F4, EFDF12, EF0D99, EE47B6, EDA7AB, ED4E21,
ED5E74, EDB24B, EE1D76, EE8591, EEA09B, EE7545, EDECE1, ED1C03,
EC40B5, EB71EA, EAD48B, EA6676, EA11BC, E9E6FB, E9FDC0, EA5E57,
EB110B, EC0D34, ED2E1F, EE6001, EF64FE, F024E0, F08909, F09090,
F054D6, EFED68, EF8B9C, EF3D96, EF2627, EF3A73, EF61BF, EFA5B2,
F0157A, F0CB9D, F1F4EE, F37EA7, F54A44, F71AA5, F8884D, F97C96,
F9F2F5, FA0D06, FA0EC3, FA1E40, FA5941, FAB98E, FB213C, FB84F2,
FBCE28, FC1D56, FC9A59, FD5A02, FE7CCE, FFE246, 016AFF, 02DD8A,
040A28, 04D8CF, 0551C1, 0599C2, 05F286, 068396, 074DAA, 08429A,
0931CF, 0A01F9, 0AAF1D, 0B526A, 0BF597, 0CC93A, 0DC167, 0EC436,
0FB761, 105CF4, 10BFAF, 10E68C, 10EA9F, 10FE9D, 113066, 119FD6,
1232B3, 12E000, 138DE9, 1430EE, 14C529, 153F38, 15B1A2, 160364,
163226, 1649B2, 1647D8, 16481E, 165742, 168B8C, 16D940, 1726EA,
1757D0, 175658, 173264, 16F295, 169642, 161EA7, 158CBC, 14D638,
13FE13, 130D7D, 11F9FB, 10FFB6, 103658, 0FB0EE, 0F87FB, 0F8B69,
0F9D0E, 0F8518, 0F2A11, 0EA92D, 0E164F, 0D8F42, 0D14EA, 0C8ADE,
0BD520, 0AE2FB, 09BBA5, 088316, 076BC8, 06A5FF, 0657A9, 06725C,
06D3A2, 074878, 079669, 07AB21, 077986, 072339, 06AD3F, 063E82,
05EE58, 058513, 051175, 047801, 03C8F9, 0324C0, 029FC6, 023E61,
01EB9F, 018D48, 011CFE, 008BB5, FFCF22, FF0E6E, FE5F48, FDCD24,
FD6D57, FD3513, FD1005, FCE7AE, FCAE0D, FC6D8C, FC3952, FC25DF,
FC3E48, FC6BE7, FC87D0, FC7921, FC31EB, FBC49A, FB5013, FAD906,
FA7B24, FA1EF8, F9D699, F99136, F942A8, F8F591, F8920D, F84871,
F7FC25, F7B482, F764E5, F70C66, F6A953, F64429, F60790, F6126E,
F67045, F718C6, F7EFC2, F8C464, F9712D, F9E63B, FA372C, FA7717,
FAA511, FAAEA8, FA747E, F9EF72, F91FB0, F83525, F76769, F6EB4A,
F6F670, F77868, F8819A, F9DA1C, FB5915, FCC99F, FE187A, FF23D8,
FFFE5D, 00AA90, 0126F3, 018B01, 01983E, 017F4B, 011474, 008797,
FFE849, FF445E, FEA4E6, FE1B97, FDBF82, FD879E, FD7CED, FD9E2E,
FE0825, FEB3BD, FF9DFD, 00A228, 018B98, 0236F7, 028D80, 02A51F,
02973C, 02805F, 027C71, 028461, 028CCA, 028491, 0268D5, 0239A3,
01F254, 01A019, 013F13, 00D5B8, 007584, 001E10, FFF537, 0015B2,
0085A7, 014DE0, 023F64, 033A86, 04238F, 04C080, 04E750, 04A163,
03EBF8, 02FD2F, 021CC9, 01777D, 01324C, 012A7A, 012B0A, 00F866,
0090B9, FFEB2B, FF4310, FEDF28, FED798, FF2D6B, FFBB28, 00400F,
009FCA, 00E63A, 011A50, 016AB2, 01D8C9, 0263CE, 02FD82, 038AD1,
040324, 045643, 049A0F, 04DCD9, 050B51, 052FF7, 053277, 04F649,
04816A, 03C018, 02E323, 01FA24, 01353E, 00AC9B, 005F16, 004DAB,
0059FA, 0087F4, 00B919, 010148, 017D5C, 024326, 0356FA, 04ABC2,
061714, 076541, 086FF1, 090424, 09139D, 08A89C, 07D6DA, 06D1B6,
05BF2A, 04C923, 03FFDE, 038DF8, 037C13, 03BF13, 0436AC, 04AAB9,
05042F, 05379D, 054543, 053CD9, 054448, 05622C, 058D5A, 059FAB,
057291, 04EE93, 0418BF, 03047D, 01BBA6, 0058F7, FEEA25, FD7A43,
FC2343, FAF273, F9F3C4, F93310, F8C8BE, F8AD9E, F8CB54, F90AC2,
F92D8C, F90A17, F88EE0, F7BC52, F6C382, F5D584, F51A9C, F49B24,
F42593, F39E3A, F2E599, F222EC, F17C23, F10881, F0E93F, F10917,
F16A7B, F1D296, F2090D, F1D8C9, F13FA6, F06B35, EF7BA4, EEA1E3,
EDDFE4, ED2451, EC69D0, EB9A56, EACC78, EA263E, E9CF0D, E9EB40,
EA806A, EB73D8, EC92FD, ED90A4, EE43A1, EE8636, EE6F9F, EE3303,
EDDA98, EDA84C, ED901C, ED8112, ED7681, ED5A02, ED3E76, ED4D71,
ED88ED, EE18B1, EEFD6B, F00900, F1350D, F24BF0, F3364F, F3E743,
F46B40, F4C7FD, F5190D, F56A25, F5B139, F60808, F66AA2, F6E6E5,
F797F4, F872BF, F96B09, FA64C3, FB59CF, FC18FE, FCB25C, FD1D89,
FD69E0, FDBA83, FE1E8A, FEBFD7, FF84EF, 007157, 017000, 025C4F,
034890, 042A59, 0506E1, 05E914, 06C528, 07987A, 086726, 092D97,
09F4EE, 0ACF1D, 0BA8EE, 0C7CCA, 0D3BEB, 0DCDD2, 0E38C9, 0E7EE5,
0ECCD6, 0F280B, 0F9B7D, 10349A, 10CEA5, 115634, 11A27B, 11B0BB,
119A31, 11A231, 11E467, 128F31, 138B4A, 14C505, 160876, 1705FE,
17B169, 17F915, 1801D2, 17DBDB, 17962A, 1717F7, 16635F, 15830D,
14A70E, 13EDFC, 137570, 134DF8, 135790, 137E8B, 1390F0, 137448,
13158B, 127727, 11C226, 112013, 10B0F0, 106190, 101C48, 0FB02E,
0F0C4E, 0E3A7B, 0D332D, 0C2B39, 0B2D2B, 0A6712, 09DD5C, 097FAF,
09438F, 09011A, 08B027, 0846C1, 07CCCA, 077135, 072ED5, 070523,
06F5F1, 06DCC4, 06C34E, 06A641, 068E8D, 068A65, 067135, 06279C,
059A25, 04C39E, 03BE10, 02ABFE, 01BB2F, 00FCD8, 007273, 00170F,
FFDB60, FF98E3, FF4C42, FEDCDD, FE62E4, FDF453, FD8DF2, FD3E11,
FCEE79, FCBC9E, FC7965, FC44DE, FC0BDF, FBE18A, FBDEF9, FBE7A6,
FC0034, FC0E73, FC05E2, FBD459, FB745D, FB0720, FA9F68, FA377D,
F9C078, F9253D, F86079, F77C43, F69C29, F5F2C6, F5A179, F5A214,
F5E6F9, F65D4B, F6DBE6, F766BB, F7EB35, F86D86, F8F03C, F96C57,
F9C9F9, F9E15D, F9B58B, F9387C, F88FB2, F7E4DC, F733E1, F6A8DD,
F628B1, F5DF12, F5DC5F, F61DD9, F6C317, F7B31C, F8D414, FA1913,
FB61B0, FC78AF, FD5DE8, FE0F75, FE8CE8, FEE33F, FF32A1, FF97C8,
00065D, 006278, 00770F, 0019C6, FF5415, FE4727, FD2D48, FC4946,
FBD69E, FBE16A, FC5C24, FD34BF, FE1E22, FF10CB, FFF4F5, 00BDA8,
018986, 022A2E, 02A71C, 02E076, 02CBF9, 0273C6, 01E6BC, 015D84,
00F600, 00C56B, 00C288, 00D058, 00D6FA, 00C94A, 00B6C2, 00A22A,
00BA48, 010CBC, 01A925, 026BAA, 030B19, 037508, 038909, 035E26,
032B39, 02FF93, 02FE72, 0329BD, 0365EC, 038126, 035235, 02C1BD,
01FFCF, 0126DA, 007034, FFEE71, FF9B34, FF8431, FF79D8, FF8A75,
FF9ECA, FFC083, FFE012, 000891, 0025D4, 003E3A, 006C5E, 009507,
00DFA2, 0151EF, 01EBD9, 02BCF7, 039F0E, 04944D, 056080, 05E629,
05FEEF, 059FDB, 04F571, 04100E, 030B4E, 020E67, 011C7B, 0046DC,
FFB81F, FF555C, FF3717, FF5237, FF9F39, 001B3F, 00AEE0, 016DB1,
024C10, 034FCC, 04625A, 056A49, 065DB5, 06EBC9, 072D38, 06F595,
06610F, 05B1BC, 04EAE5, 044DA5, 03DFE4, 03A378, 039017, 039179,
03D1A8, 043AFD, 04DB05, 05B05B, 0694C5, 076C27, 07F5E1, 081A80,
07CBF7, 070FED, 061949, 050FFA, 0428F1, 03679D, 02BB2E, 020792,
013F86, 0068A1, FF83F7, FEBE15, FE39FA, FDECE9, FDD709, FDC831,
FD9193, FD25F1, FC62D0, FB68A2, FA50F0, F947FD, F8640E, F79B83,
F6F379, F64EAF, F5AE72, F53009, F4D475, F4AB2B, F4BF29, F4F3A2,
F52E49, F5413C, F51462, F4947A, F3E6DE, F31EB2, F25847, F1B364,
F10B84, F05FC4, EF9AE1, EED471, EE123F, ED856C, ED3285, ED1CB8,
ED32A2, ED553A, ED71EE, ED72F9, ED6BBB, ED50F2, ED30C1, ED0BD3,
ECE576, ECC51B, ECB199, ECA8C1, ECB099, ECD5E8, ED187C, ED7096,
EDD100, EE2B80, EE80F3, EED5FB, EF1148, EF3F85, EF6D7C, EFAE9D,
F00FED, F08466, F10930, F17D77, F1DA1B, F23432, F2A0BC, F34C4F,
F42762, F5297A, F629B6, F6FF34, F7A4C1, F8179F, F879E8, F8DF8D,
F95971, F9F763, FA9587, FB22DB, FBA299, FC2107, FCB1CD, FD5CCA,
FE24E3, FF011E, FFC412, 0054E4, 00BA16, 01197A, 01A7E2, 02762C,
03A300, 05232D, 06C37C, 0860BD, 09B54F, 0ABDC7, 0B6BE3, 0BC770,
0C018C, 0C2DC6, 0C6FF5, 0C9D4D, 0CA624, 0CA0DA, 0CA39D, 0CD2BF,
0D502E, 0E268A, 0F428F, 10736F, 117FB8, 124ED6, 12DD4A, 135562,
13E1C3, 1471D6, 1510E0, 158CB4, 15EB67, 162308, 163531, 1641AC,
164320, 164A64, 16523B, 164B6C, 1624D2, 15D913, 155D8B, 14DCA9,
145FFC, 140807, 13E02D, 13E52F, 13F841, 13F813, 13D0CF, 135EF2,
12CB3F, 1218BC, 117AFE, 10FBC1, 10869D, 100468, 0F6059, 0E842B,
0D76CF, 0C5BB4, 0B50AE, 0A86D7, 0A038A, 09BAC5, 099D08, 0985D8,
097983, 09686F, 095DD1, 09639D, 0958C6, 09322E, 08DA2D, 084905,
079A57, 06F7EB, 068548, 063DC6, 060CCC, 05E8FC, 05A626, 0544D4,
04B5C6, 03F99E, 031F74, 023434, 015D9D, 00964D, 000269, FF8774,
FF2BBA, FED95C, FE944A, FE5AFA, FE2D6E, FDFB75, FDCD97, FDA248,
FD6AE1, FD6191, FD69B2, FDA469, FDDE35, FDFFA7, FDD081, FD27D5,
FC25ED, FAE983, F9C630, F8DF8F, F84DCF, F8227E, F83ACF, F8752C,
F89061, F8844D, F849ED, F7FC39, F7C24B, F79DE0, F7A62F, F7CA2D,
F7FB58, F83E56, F87D04, F8BCCE, F8FD07, F9279C, F92ADC, F8E6D7,
F84AFA, F75D68, F645BF, F5455F, F48E39, F4559C, F4AD2B, F57B1B,
F69112, F7A605, F8A64B, F98C9F, FA6D53, FB7215, FC9AA9, FDD42F,
FEEBEA, FF87B4, FF8355, FEFB6B, FE0DC5, FD0F8F, FC421A, FBCCB6,
FBC28B, FC00E2, FC6454, FCE093, FD5B90, FDD723, FE5DC5, FEE300,
FF6365, FFB531, FFE62E, FFE666, FFCE6E, FFC92E, FFE265, 002C1D,
009D2F, 011A78, 01686D, 0165EF, 010E7E, 00799F, FFEF76, FFB1A0,
FFBE1C, 002147, 00B997, 015FB2, 02004E, 027522, 02C29D, 02E952,
02FF2A, 031AA8, 033A48, 0354E3, 0377C9, 0389AE, 038C0A, 037E12,
035D46, 0331E0, 02DD93, 027902, 020035, 016EDD, 00F391, 0085E3,
004506, 0021B3, FFF917, FFC055, FF6EEC, FF1871, FED7ED, FED871,
FF1ED8, FFA9D0, 0060AD, 012364, 01CE39, 0279F2, 031D92, 03D84D,
04903C, 0522FD, 057F71, 05656B, 04F667, 0411AF, 02F844, 01EC42,
0100F8, 006A61, 000426, FFC274, FFA041, FF8368, FF9618, FFE6B5,
0078A1, 014B13, 024991, 034B39, 041996, 049774, 04A590, 046032,
03D905, 033451, 02B507, 0260CA, 024E17, 026C1B, 029917, 02D6B5,
033CE6, 03DE27, 04C1E7, 05D382, 06CEF5, 078ED3, 07EA4F, 07CA50,
076219, 06CACB, 063035, 05B8A7, 055685, 04FC79, 04A857, 043F3F,
03E530, 039A13, 035CD8, 033B93, 031B57, 02FC38, 02B833, 024858,
018F6C, 00ABAB, FFA9CD, FE9AC8, FD9920, FC941A, FBB0CE, FAE9B7,
FA37C6, F9BF84, F96EC5, F94CDC, F944C5, F933CC, F8F492, F8776D,
F7D262, F71A05, F66B25, F5D7C7, F55FFC, F50335, F4A9CB, F436E3,
F3A2B1, F2FA04, F26096, F1EE46, F19F99, F16277, F13398, F0F930,
F0A210, F02F72, EF93FD, EEF7FA, EE5977, EDA755, ECFEA2, EC673C,
EBF329, EBBE13, EBB2A2, EBDBE6, EC2AFB, EC8E05, ED0E37, ED7564,
EDAE26, ED8897, ED15F8, EC985C, EC40C4, EC58CA, ECDE15, EDA116,
EE7C32, EF1F23, EF7657, EF8B24, EF6568, EF4946, EF40B5, EF56F0,
EF8B50, EFD440, F03B8A, F0C6EC, F197B6, F2B8AF, F41138, F57223,
F6A613, F78B9E, F810E9, F84B69, F86A37, F88CEB, F8D105, F919F4,
F955DA, F971FC, F96F7A, F98C03, F9D79A, FA8AC5, FBA371, FD0C78,
FEA6DF, 003D4D, 01AACC, 02D2E0, 03A5E4, 044E8D, 04EAAE, 058E4A,
065318, 070A02, 07B5A1, 083950, 089792, 08F555, 0962F3, 0A0AC8,
0AD1DA, 0B8C37, 0C1F72, 0C7AFC, 0CB846, 0CEBF1, 0D4A46, 0DD942,
0EB75B, 0FAE95, 10AC93, 118C8D, 123AA1, 12CF5D, 13526E, 13E5B4,
147EE4, 152F54, 15BC31, 161746, 162DE3, 15E6D0, 1563CA, 14D13A,
1469E4, 1444E7, 145B38, 14A48D, 15043A, 15600D, 15A39A, 15D277,
15CCCD, 158B9E, 150262, 1449C9, 1368BC, 126F68, 119375, 10E5A8,
10764C, 1028FA, 0FE075, 0F78AB, 0ED56D, 0E04AF, 0D1A48, 0C53D7,
0BC9FE, 0B7138, 0B4110, 0B056B, 0AB345, 0A4FD0, 09D563, 096774,
091519, 08E109, 08DB0A, 08D200, 08C737, 08AD35, 088299, 085932,
0813DA, 07BBD0, 072AAE, 06546F, 053B7C, 03F41A, 02A7BC, 01864C,
00C0FA, 0074DC, 0086C7, 00D05C, 010A38, 010295, 00BD8B, 00295F,
FF97A0, FF2F34, FEF7F2, FEF619, FEE498, FEAD75, FE366F, FD9563,
FCECB6, FC5410, FC083A, FBE337, FBE9F0, FBEB3F, FBC0CE, FB4549,
FA8538, F9ACB5, F8F4C8, F883CE, F8532E, F857EA, F8564C, F84BEC,
F8556F, F87FEC, F8DAC8, F98946, FA3670, FAB8D7, FAC73F, FA377B,
F92369, F7AFFE, F653CE, F537A4, F49A02, F472E0, F4C3DF, F5479C,
F5DFD1, F660D3, F6C72D, F732EE, F7AA09, F84FCC, F90B33, F9C644,
FA6A0B, FAF2ED, FB4E85, FB937F, FBCE23, FC06C1, FC3B56, FC5CC5,
FC5CE1, FC3CE2, FC1F18, FC0C12, FC20E8, FC7232, FCF071, FD9523,
FE3267, FEAF7C, FEF60C, FF0157, FEF2F6, FEE8FC, FEF709, FF12CE,
FF28DB, FF222E, FF1639, FF1812, FF4491, FF96F1, FFF7E1, 003C51,
004BEF, 0024E3, FFE65D, FFD0D4, FFEB82, 004658, 00D616, 017FBE,
02173B, 028FF5, 02DE51, 0301BB, 032162, 035223, 03A8EE, 040C98,
045959, 0480C1, 045A93, 040446, 038DB0, 031E9D, 02D6F2, 029FD2,
026974, 020007, 017078, 00C4A2, FFFB63, FF5FC6, FEEE25, FEC5D5,
FEDD59, FF10EF, FF56C9, FFA21C, 000021, 009E49, 016D1F, 026A68,
038448, 0464C0, 050115, 0524AF, 04D32B, 041513, 031123, 0201EB,
01183E, 00835A, 003CD9, 0035C9, 005F42, 00A04E, 00F5CD, 01729C,
020967, 02A899, 032E22, 037C5A, 037FDA, 032584, 029468, 01E66E,
0145AB, 00D8DF, 008AC3, 0069EF, 005195, 004F34, 007288, 00DF33,
01ABC7, 02C149, 03F497, 0506FC, 05CE1E, 063809, 06570E, 0641F7,
06233E, 05F900, 05C89B, 058ECB, 055BE5, 053479, 053440, 0564E0,
05B9E3, 062DC3, 068812, 06C39C, 06BD7F, 067BB0, 0603BE, 05476F,
048002, 039B61, 02B69B, 01E855, 010B54, 004085, FF7618, FEC7CF,
FE505A, FE0A83, FE0387, FE1B63, FE2A86, FE09D9, FD92B8, FCC717,
FBBB73, FA8FFA, F970A7, F88453, F7D341, F754CC, F6F689, F6AF1C,
F66EF6, F63B6E, F6243B, F62541, F61868, F5CE34, F53CC3, F470C9,
F38FB8, F2BD9E, F217E3, F1A6A1, F15CC9, F12A00, F0E017, F074B3,
EFED0B, EF4B14, EEBAE4, EE388B, EDB2D7, ED28C8, EC8CA9, EBFC70,
EB82CA, EB4296, EB5FB5, EBE60F, ECB44C, ED8E98, EE492A, EEA8FA,
EEB304, EE8539, EE4635, EE1E71, EDFAD6, EDD99D, EDA79E, ED6274,
ED1278, ECDD9F, ECEF4D, ED54FE, EE2603, EF3BA5, F08426, F1B516,
F2B920, F37A7D, F40C0B, F48B3A, F5067B, F5800E, F5D346, F5F3A3,
F5D999, F5A56A, F5713D, F577F3, F5D9AC, F6B057, F7E324, F950C2,
FAA22D, FB9572, FC2614, FC63DE, FCA09D, FCFBA0, FD9DE0, FE8778,
FFAD1C, 00F30C, 024A1F, 0389C5, 04A71B, 059BDA, 0659DA, 06EC66,
07457C, 0770B4, 0775B3, 077C8E, 07A66C, 081E0A, 08E4C2, 09E31F,
0AF28D, 0BE90F, 0CA658, 0D30FD, 0DB797, 0E41F7, 0EE3B0, 0F9D51,
105ABE, 111A23, 11D71B, 1278AF, 12F61D, 133B8A, 135CEE, 136315,
135ABC, 1371A0, 139F33, 140963, 14A636, 155DA2, 161298, 16A637,
16D9AE, 16A52B, 16265F, 1578EB, 14D9AA, 145D5C, 141381, 13E624,
13C9B5, 13AC1D, 1363B7, 13015B, 12887F, 11EF61, 1151A2, 10AEF5,
1002AB, 0F4D2D, 0E8225, 0DAA15, 0CD2A0, 0C09FC, 0B79EC, 0B2E7F,
0B3086, 0B6DC6, 0BB185, 0BD5E8, 0BC6C8, 0B9701, 0B60B2, 0B32A7,
0B0406, 0AA8D7, 09F9D8, 08ED14, 07A0FC, 065DB8, 056AA6, 04F300,
04F12C, 05389D, 058918, 0598AF, 054264, 0482A0, 0372DF, 025F2E,
0180D4, 00FE6B, 00D065, 00DF79, 00FE22, 00FA77, 00D9E2, 0090EB,
002CF9, FFBED3, FF40BF, FEA7C1, FE01DC, FD40A7, FC7E7E, FBC354,
FB2912, FAD1A9, FAAADA, FACC9C, FAFD5F, FB0D08, FAF466, FAB248,
FA7D75, FA6564, FA6C1B, FA8A93, FA9FD0, FAA2DF, FA71E8, FA157E,
F99AE6, F8F489, F85065, F7AB80, F70BE8, F67531, F604C4, F5B041,
F57AAE, F58174, F5BE23, F63571, F6C6D5, F75EE4, F7C2FE, F7FD87,
F816C9, F828B8, F85AA9, F8943F, F8D75C, F90AED, F91294, F90900,
F906E2, F92CAB, F9A008, FA74C8, FB473D, FC0692, FC732B, FC9A27,
FC9FD4, FC9895, FCD15E, FD34D8, FDB450, FE1E1E, FE5482, FE4134,
FE03C7, FDDA00, FDEEBC, FE3E35, FEA2B7, FEEF03, FEFF0C, FED23A,
FE7EE4, FE2728, FDFAF0, FE1400, FE5AE7, FEC454, FF29FE, FF835E,
FFCF3E, 001391, 005748, 00A643, 011F98, 01B65C, 0274F9, 033B9F,
03E5DB, 046B3D, 04BC39, 04E748, 05055A, 051875, 05164B, 04E235,
0461E1, 038E22, 028806, 018F2B, 00C4AD, 003382, FFD236, FF90A4,
FF5301, FF279A, FF220D, FF4CA9, FFBD81, 007C6F, 018827, 02A0A9,
038CF0, 0415B0, 04219D, 03CFB0, 033F09, 02999C, 01FDF5, 016DD4,
00F55B, 0081C6, 0027AE, 00146D, 0043C7, 00E139, 01B715, 02AA7E,
03793E, 03FFB8, 043BBF, 043220, 03FA03, 03940B, 032197, 028E7C,
01F49D, 013AE6, 007AB0, FFB022, FF1948, FED48E, FEFFBB, FF962F,
006A8F, 016C84, 023FB7, 02D944, 031C7B, 031D79, 03072E, 02EC78,
02DED3, 02D974, 02F7EB, 033544, 039E20, 043096, 04D0F4, 058492,
062057, 06BF4F, 073198, 076F95, 0766AD, 071334, 0697D0, 060980,
05937C, 052354, 04A85B, 04197E, 0363C0, 02ACEE, 0216C5, 01C55F,
01BBA2, 01CB16, 01D6C0, 01A6AA, 01457A, 00B22D, FFE784, FF1D80,
FE4AB4, FD9819, FCFD10, FC6BA2, FBDEB8, FB4F28, FAC535, FA49A6,
F9F25C, F9A238, F93E47, F8ACE2, F7C5B2, F6C8A8, F5EE09, F5636E,
F551B4, F59443, F5EB3A, F62ECA, F61B75, F5A44C, F4E4D5, F3F851,
F31691, F24A8D, F19BCB, F0EF30, F03693, EF6BDD, EE8F9A, EDC646,
ED235C, ECC558, ECB840, ECE37E, ED31A2, ED8264, EDC445, EDDF2B,
EDEB55, EDF111, EDF690, EDE3F2, EDABE0, ED4CFE, ECC84D, EC4394,
EBDF97, EBCE8F, EC316C, ECF976, EDDE2C, EEB928, EF3C22, EF4FBD,
EF1233, EECC9D, EED64C, EF4DA2, F02C68, F1385F, F23AFC, F2EF1F,
F3628C, F39D06, F3CA0B, F4007A, F43204, F45C81, F48E4A, F4D36D,
F53AA5, F5D686, F682F3, F73F52, F7F435, F8954C, F92CEE, F9C3ED,
FA6AB5, FB32CE, FC267D, FD369E, FE5D0B, FF807C, 007E68, 015A87,
020272, 028347, 02E011, 033724, 0395DF, 04129A, 04A832, 054ACA,
060F93, 06DA2F, 07B033, 088F5C, 096830, 0A2B25, 0AD626, 0B5D12,
0BBA4E, 0C10BB, 0C7C1A, 0D09B5, 0DAE7F, 0E5E28, 0F086B, 0F90CF,
1005C8, 1063CC, 10CE47, 116054, 1213A8, 12DD96, 13A561, 1444F3,
148E93, 14816E, 143EFE, 140C3F, 14209C, 1476A4, 15180C, 15C90A,
1646F6, 167044, 162593, 159359, 14D96F, 1415F7, 1365DE, 12B2A1,
12088F, 115357, 108EE3, 0FEE92, 0F85F4, 0F5C36, 0F6B6A, 0F6FB2,
0F4794, 0EE180, 0E3149, 0D6EEE, 0CC5D0, 0C6019, 0C4DBC, 0C6E6D,
0C99B4, 0CA879, 0C8DB5, 0C2D7A, 0B989F, 0ACF77, 09DDDB, 08EFFF,
07FF61, 0745DC, 06B5C7, 0656FB, 060F20, 05E891, 05D274, 05CB43,
05BCEC, 0587BA, 053F4C, 04C5AC, 043BBE, 03AA52, 032BDF, 02C977,
027FBE, 023E6E, 01E0C4, 015878, 0099CE, FFAACF, FEAD10, FDC270,
FD0D38, FC9874, FC5255, FC24B8, FC06D2, FBEAE3, FBF0E5, FC26AF,
FC7AEA, FCD66C, FD03A9, FCF083, FC9DB1, FC1C4D, FB9B47, FB31CB,
FAE7B3, FA9953, FA2E78, F99092, F8BE09, F7E1E9, F723DE, F6AAAB,
F680E7, F69B98, F6E7CC, F73CA7, F775B2, F79625, F794FE, F78FC9,
F79B09, F7A9E9, F7B335, F79F95, F76983, F724CD, F6F225, F6DFF3,
F6FED6, F74414, F7A1EF, F805A3, F863A1, F8C3E5, F928DB, F9A290,
FA364D, FAD7F3, FB7A25, FC0640, FC6CBA, FCA0AF, FCAD7E, FCB9D3,
FCCC03, FD1720, FD94B7, FE101F, FE8409, FEC895, FEDACE, FEC25F,
FE895B, FE412D, FDFEBA, FDCD30, FDA5D5, FD730D, FD233D, FCCE2F,
FC9387, FC895D, FCDDF3, FD81E0, FE38F6, FEFDF9, FFB7F6, 007A03,
015BE1, 02690B, 03A9BF, 04EB79, 0601DF, 06AEBE, 06C685, 065AA0,
0576D1, 045EE6, 035CFF, 027C6A, 01DE34, 01673F, 010116, 00A357,
004C8B, 001ABA, 0019C5, 0065C3, 00E49B, 018EE3, 0241EF, 02DDB1,
034791, 0379D2, 037972, 034946, 02F948, 028BCB, 02007B, 015A51,
00B273, 002C11, FFE5E7, FFEBCC, 003FFD, 00D87E, 01999A, 026119,
0311C4, 039746, 03E570, 03F825, 03D9E6, 03A04E, 035B31, 0315B1,
02C080, 026C0C, 021479, 01C9C3, 01A9BC, 01ACF6, 01C5B6, 01C7CD,
01A849, 015DF2, 00F0E3, 008C54, 003965, 00104C, 001E20, 004B80,
00881A, 00B460, 00E5A1, 013D02, 01CA27, 029B7F, 037511, 0441AF,
04D2DF, 051E6E, 0549BD, 0570B7, 05BA14, 063497, 06CA67, 074C92,
078B1D, 0768F3, 06F2BA, 064CD3, 05AE75, 052E98, 04E630, 04C45B,
049DA2, 046600, 04087B, 03A366, 03541F, 0310E9, 02E5FD, 02BB4B,
0283E7, 023E3E, 01CD15, 013A44, 0085D4, FFC9A9, FF1B8B, FE79C3,
FDE55C, FD2D5C, FC5B83, FB717C, FA7A42, F9C1D4, F96752, F98137,
F9DEB2, FA400B, FA72C5, FA364C, F989E0, F887CE, F776AD, F689D7,
F5F0BA, F59E8D, F56AB0, F52EF7, F4CBA8, F430A0, F372BC, F2B7A9,
F21007, F18EAB, F11D40, F09C19, F00C16, EF766F, EEEFB0, EE9F26,
EE8336, EE8A55, EE7F7D, EE41F2, EDDCF3, ED5FE8, ECF7BA, ECC0E3,
ECD147, ED0B66, ED71F1, EDC180, EDF818, EE1499, EE11BA, EE04BF,
EDD618, EDB532, EDADCA, EDCDB8, EE1D89, EE9B15, EF4CFD, F01B9C,
F0E1BA, F17D03, F1D57B, F1F170, F1DFC8, F1CE4A, F1E57E, F22CBA,
F2A88D, F33708, F3CB82, F4473D, F4A834, F4FFA2, F55B2A, F5C2C5,
F64F0A, F7066D, F7E0BC, F8E59B, F9DB02, FAB4F2, FB4FD8, FBC3A2,
FC2BAA, FCBB31, FD804D, FE7D28, FF909D, 008213, 015785, 01F113,
02770B, 02F7CE, 0396D0, 04531E, 0509F2, 05A3C7, 061C0A, 0684BB,
06FCFD, 07AF27, 08A5B4, 09D40B, 0B1725, 0C27B7, 0CCDB4, 0D079E,
0CECB8, 0CBE2A, 0CAAE5, 0CDFA1, 0D625D, 0E0FE4, 0EE2A2, 0FC3D4,
10ACE1, 119B31, 1287BD, 135AA1, 140FB0, 149CB4, 14F832, 152803,
153F7A, 1552AC, 15666E, 158312, 15B0BD, 15DEDA, 15EEFC, 15DC39,
159501, 151FB8, 148762, 13D2D1, 13195F, 126AEF, 11CEED, 11425C,
10C6AB, 105F6B, 1017C1, 0FFB75, 10020A, 1022F0, 103C8A, 104C72,
10411A, 1009CE, 0FB393, 0F3107, 0E9EA7, 0E0B6B, 0D697E, 0CBA62,
0BEAA9, 0AF0FF, 09ECE4, 08FA39, 085BD9, 081D0F, 082DE0, 0859A2,
086D85, 0870A8, 083832, 080B83, 07E0FF, 07CA0B, 07BCA2, 078A80,
073685, 06A68A, 05E182, 04FF01, 040921, 0314ED, 022CA4, 014D4F,
00776C, FFA56E, FEDF3C, FE4F31, FDEF43, FDD77C, FDF605, FE24C3,
FE5FAF, FE82F8, FE98B6, FE97D9, FE9F1C, FE8BE5, FE6C94, FE35CF,
FDD668, FD4F8C, FC9BBD, FBDD61, FB197D, FA6192, F9C0F1, F9410B,
F8E9ED, F8B15F, F89C0F, F89C8D, F8B8FA, F8DB52, F8F9F4, F90E06,
F90C5D, F8FE7C, F8C1D1, F86B82, F80B31, F7B6F1, F77BEF, F767A1,
F75619, F7433D, F71D74, F6E95C, F6D3EE, F6E2CD, F737AD, F7C072,
F86FD9, F91FA8, F99E77, F9D7E7, F9C415, F986D8, F96082, F9888C,
FA1AE8, FAFDEC, FC0A7F, FD2264, FE16D9, FED46F, FF730A, FFE4B0,
00321C, 00422C, FFFED9, FF6A7E, FE8F9D, FD95DF, FC96B2, FBBFF0,
FB22EE, FAC26F, FA9FDE, FAB78A, FB049D, FB8FB5, FC58E0, FD56C5,
FE8751, FFDFE4, 014F6F, 02C52C, 041B5B, 051D03, 05B27F, 05CD87,
056B6E, 04D703, 042046, 037C3F, 02FD63, 029711, 02553F, 0216D7,
01F957, 01D85D, 01D60D, 01FFD5, 025662, 02D1B5, 034E77, 03A793,
03D37E, 03C684, 038D68, 033E0C, 02CD50, 025E1B, 01F63C, 01BF2E,
01B1A0, 01E0C6, 0247AA, 029F4C, 02E4A6, 02DC03, 028D2C, 0228F6,
01AB12, 015924, 0131D9, 01598C, 01B67F, 023BC3, 02DED2, 0375C4,
0409F5, 04888C, 04DB72, 04FA0A, 04C967, 0444DE, 0387FC, 02C2CA,
022C30, 01E091, 01E983, 021C4E, 02463D, 023184, 01BCD2, 010A9E,
004AF4, FFB47C, FF6972, FF7961, FFD3DF, 005757, 00D7CF, 014A6E,
01A318, 01E939, 02445B, 02BD84, 036734, 044A86, 054D20, 064218,
06F57C, 07521A, 074D10, 070316, 068A00, 060E32, 05A49E, 054625,
0503DC, 04D8AB, 04DA7E, 0503EE, 055E08, 05DD34, 065C98, 06A362,
066CC5, 05AF98, 04945C, 03552C, 02463B, 01901D, 012736, 00F9C1,
00D0CD, 0083D7, 0002DC, FF6554, FED3C8, FE6413, FE19FB, FDDCD3,
FD924D, FD257B, FCA122, FC2650, FBAA8B, FB296E, FAA11D, F9F964,
F94010, F89B3B, F8150B, F7B9EE, F781E6, F75DD6, F7395B, F6F172,
F68AA2, F5F3EF, F5497B, F49D4B, F3F4B2, F365B7, F2E759, F26B8A,
F1E2AB, F144B4, F092D4, EFE740, EF5EB6, EEEBCA, EE9EED, EE502F,
EE08A0, EDC494, ED7D42, ED4E09, ED3794, ED383B, ED3F01, ED553A,
ED6E7B, ED80B3, ED8BFA, ED9033, EDA316, EDCE02, EE213E, EE941B,
EF00D8, EF44FB, EF4D21, EF20F8, EED72F, EEAB40, EEBBC8, EF2E9D,
EFF3D5, F0DB04, F1B32B, F24B20, F2A698, F2BE7A, F2B811, F2C8FD,
F2ECBE, F32CEC, F35E99, F38CA1, F3C658, F43129, F4FB67, F6257B,
F790AA, F8FF26, FA3F74, FB19F5, FB822C, FBA202, FB9BB5, FBADDD,
FBF213, FC607C, FD0C06, FDD858, FEC1CB, FFCE8E, 00E1DB, 0204AC,
032281, 0429CC, 052061, 05EB42, 068364, 06EECF, 07274D, 075439,
079773, 07EB84, 085FB2, 08E775, 0970F0, 0A089E, 0A9ABA, 0B32EB,
0BDD56, 0C9EF2, 0D67CD, 0E31B3, 0EE81C, 0F7771, 0FEE57, 104DE3,
10BD6E, 116AF9, 125453, 136B7E, 148458, 156109, 15E3CE, 15FAF9,
15D21E, 15842D, 151AD1, 14B38C, 143458, 13A28F, 13049B, 12599A,
11CD62, 116669, 113598, 11326C, 114129, 114F4E, 114CAA, 114638,
114804, 115C11, 11862F, 11B5BD, 11BE5E, 118332, 10E3D8, 0FF19C,
0ECD4F, 0D893B, 0C57FD, 0B4C1A, 0A7355, 09D5EB, 0956ED, 0909C7,
08F9E8, 0911B6, 095969, 09AA14, 09DDAB, 09FEB2, 09FD39, 09DFFA,
09B53D, 0971C3, 0913D4, 089454, 07EBA8, 0709D8, 0604CF, 04D86B,
039D50, 0272CB, 017372, 00BACC, 0046B1, 000849, FFDF0E, FFAD55,
FF634C, FF2245, FEDB6C, FED544, FF0CCE, FF6D54, FFD1A5, FFE686,
FFAB77, FF0E6A, FE333C, FD5108, FC80BB, FBDF2D, FB52E7, FACA90,
FA4718, F9D509, F97FD0, F96269, F989B9, F9D658, FA217D, FA35AE,
FA034A, F9813A, F8C8D4, F81428, F78A70, F75631, F7692E, F7926C,
F7C470, F7D0EE, F7BD5C, F79873, F75CF3, F73D5B, F71852, F7147B,
F707E6, F6DFF2, F68E77, F61299, F59C1E, F53B87, F52877, F559A4,
F5DA40, F6A7A2, F79DD9, F8D37C, FA267C, FB9994, FD01F9, FE3E0F,
FF52F8, 000344, 003CB0, 00018B, FF5E5E, FE5F24, FD2141, FBD355,
FAA42F, F9B271, F90CA2, F8B178, F8986A, F8B514, F91E73, F9DDFD,
FAF611, FC5846, FDAB8B, FEE603, FFD6AE, 007D3C, 00EABD, 012625,
014F40, 016D25, 0176E3, 0175DE, 018D28, 01BADD, 020F3B, 027E0F,
02DFE1, 031172, 03033F, 02B1F4, 024238, 01E609, 01C408, 01E985,
023191, 027885, 028BD2, 025DAA, 021FE4, 01EEB8, 01FD97, 0246C3,
02C3FA, 03462E, 0383EF, 0376A8, 03150E, 027D2D, 01C6B1, 011DD9,
009DFF, 0051F5, 003EC9, 00595E, 0099F1, 00F886, 017535, 01F4D3,
027A3B, 02FB30, 0349A5, 03782C, 035EE1, 03288D, 02F060, 02C373,
02E2D8, 033EAC, 03C54A, 044F1F, 049298, 0478F2, 03EAF1, 02FE41,
01EDE6, 00E4AD, 000A70, FF751D, FF156D, FEEB02, FEE480, FEF3D1,
FF229D, FF6E66, FFE7E0, 0094A5, 0161BA, 022745, 02CDC2, 03445E,
0388A5, 03B27B, 03D0EC, 03D966, 03D721, 03D466, 03D00A, 03F627,
045BAF, 04FC24, 05CC55, 069F21, 0737B8, 077BAF, 075FC1, 06F5E9,
06749E, 05E991, 056C7F, 050C2F, 04A87C, 044C29, 03E235, 037C9F,
031D72, 02C8F8, 027E78, 021E0F, 01B6BD, 014A61, 00E24F, 00908C,
0052ED, 0025ED, FFF7B7, FFC5FB, FF63E8, FED5B0, FE1610, FD2120,
FC3308, FB662A, FAD237, FA736A, FA3762, FA1600, F9F71D, F9C511,
F96D86, F8F613, F85C23, F7BE34, F72DB4, F6AAD1, F64B8E, F5FB21,
F5B038, F565E5, F51EEE, F4D2F3, F46FF1, F3D2FE, F2E9DA, F1C901,
F078A5, EF30AD, EE2BAA, ED7B44, ED3EE2, ED6403, EDCD87, EE4D3E,
EEA6EA, EED80E, EEDF3C, EEBCAB, EE900F, EE5FC9, EE19A5, EDC099,
ED58B9, ECFC4B, ECE5FF, ED1EF6, EDBC06, EE9588, EF7116, F0249C,
F07C65, F07EAF, F05122, F014DC, EFECAB, EFEC2B, F00EBE, F04349,
F0780F, F0B2D4, F0FAC8, F1527E, F1C384, F25416, F30D95, F3E441,
F4BD7A, F58103, F61583, F67741, F6AF25, F6DBE4, F71BAC, F786AA,
F8257A, F8DFDF, F99DF5, FA4765, FAD746, FB770A, FC3F47, FD32ED,
FE54AA, FF7392, 0067E5, 0123F3, 01B447, 023625, 02CB93, 038508,
045794, 05304C, 05E2DC, 0661FA, 06B8E1, 0701C5, 0757A6, 07C97F,
0850F5, 08E862, 097551, 09E3F6, 0A4F41, 0AC0FB, 0B42CA, 0BE105,
0C91B4, 0D56CD, 0E4A31, 0F6B50, 10AF11, 11F6C1, 132C6B, 143E45,
150C87, 1582E1, 159636, 154D7F, 14C80E, 14474B, 13D02A, 1385D3,
135DB8, 133B8B, 130E0A, 12C428, 1271F9, 122ECC, 1220D1, 125309,
12CA01, 135E16, 13EFAF, 145A85, 14840E, 146DDC, 141F0F, 13A4AD,
1300E1, 124030, 11549D, 103EC4, 0F19BB, 0DE6BA, 0CE59D, 0C11B8,
0B8D37, 0B64F4, 0B76EF, 0BB7E6, 0BEA64, 0C068F, 0C11CD, 0C1762,
0C450C, 0C95D1, 0CF70C, 0D31AE, 0D0793, 0C629B, 0B47DF, 09E496,
0885CC, 074A9A, 065586, 05ACCD, 0513AF, 048AD6, 03ED45, 034C91,
02C62D, 026FFF, 025E64, 026A67, 0283DF, 028473, 025400, 0204D8,
01A549, 015165, 00E9FB, 007892, FFE495, FF3A96, FEA3B4, FE19BB,
FDC0FE, FD8845, FD54C3, FD33FA, FD0F64, FCE074, FC8BDD, FC0CFA,
FB7395, FAC24A, FA2036, F99ECA, F94A21, F92B91, F947A9, F98CA8,
F9D8BA, FA291C, FA5211, FA6373, FA584F, FA4890, FA3501, FA0B45,
F9BA88, F91583, F82605, F6FAFC, F5B58A, F48AEC, F3904C, F2EDA0,
F2C6B6, F32089, F41438, F5844D, F75002, F93F13, FB0229, FC7B20,
FD7FD1, FE12F4, FE4EC7, FE504D, FE445D, FE2322, FDE260, FD815A,
FCF05A, FC3CFD, FB7B64, FACB8A, FA4599, F9F4C0, F9E3C2, F9FCAD,
FA403F, FA9892, FB0C1C, FB98D5, FC4123, FCED53, FD7C77, FDDEE6,
FDF3B1, FDF2EF, FE1CAC, FE916C, FF671E, 008199, 01AFD8, 02B267,
0355AE, 037C07, 0321F5, 027662, 01A955, 010048, 00C41F, 00F66E,
018088, 0235B5, 02D5BD, 03416B, 036EE5, 036C2B, 036262, 03527C,
033B5D, 033662, 032AA1, 031C7E, 031B9C, 0304F1, 0307BB, 030AC2,
030FA8, 030E7F, 02D3B7, 026E78, 01E3BF, 0158E9, 00F29A, 00C828,
00E2E8, 012101, 0163C7, 019F19, 01DA1D, 0212AA, 026E0A, 02E7C7,
037783, 041DBA, 04AA4B, 051F7F, 054DD4, 053357, 04E66B, 046B79,
03D0F1, 0324F6, 0264F6, 01AF01, 0119DC, 00BC50, 00A010, 009F70,
00BB4E, 00CE74, 00CC8C, 00B8E8, 008739, 006CEA, 0069B1, 007DDA,
00ACCB, 00D328, 00F038, 010250, 011C44, 014160, 0189B3, 01F1DA,
0289C3, 0345C3, 04092F, 04C74A, 05667D, 05F6E6, 0668C3, 06A5D1,
06B728, 069247, 0661A1, 06274E, 05E4AF, 05A0C7, 0554FE, 0504D6,
04C5DA, 049238, 04615F, 0439B1, 03F0F9, 038150, 02F42D, 025F9C,
01E84B, 019343, 017113, 016289, 015642, 01401E, 010C3B, 00D432,
00871D, 001AA4, FF788F, FE9382, FD7488, FC4A5E, FB2897, FA618B,
F9FAC1, F9E2AB, FA1279, FA41AD, FA5550, FA2589, F9CE1E, F95B58,
F90258, F8A9D8, F85964, F7F6CB, F75CC8, F6A452, F5C468, F4EC4E,
F426A7, F37A0B, F2FC24, F2764E, F1F110, F16012, F0B5A3, F00079,
EF4190, EE9B5A, EE2A24, EDE4E8, EDC541, EDBAD4, EDA679, ED8B07,
ED6151, ED3A03, ED4009, ED6EBA, EDC526, EE1F89, EE67AF, EE866E,
EE6B65, EE4061, EE0F93, EE03AA, EE1886, EE5C16, EEAD02, EEEA15,
EF167D, EF179E, EF0A4D, EF0992, EF29E0, EF90D8, F0208E, F0C3BC,
F15EA2, F1D5B4, F23C70, F286F9, F2C7BC, F309AA, F345B8, F38044,
F3C690, F4333C, F4C13D, F58236, F65BA5, F730AA, F7F3EE, F881E1,
F8F09D, F9634D, F9DEFE, FA8065, FB567E, FC42E0, FD40F9, FE3EEA,
FF1F68, 00126B, 00F543, 01D077, 0298D5, 032F24, 039AE6, 03CCAB,
03F215, 041E9C, 045942, 04C9B8, 05503C, 05D912, 06641D, 06DDA7,
075BE3, 07D9C1, 087F0D, 09628A, 0A87A6, 0BDE70, 0D4182, 0EAEF5,
0FE1D4, 10DCA1, 117233, 11BCF0, 11DC89, 11E96C, 120C64, 124A7E,
128BA7, 129835, 12630D, 11EFDA, 11723F, 112E9C, 11325C, 118A93,
11FC26, 128A95, 13055D, 13658E, 13D036, 142BF6, 14936F, 14ED10,
151DA6, 14F1E1, 1452DF, 13440B, 11F356, 109F4C, 0F7C2B, 0E9AB1,
0DFFC2, 0D8B2F, 0D20E4, 0CBFE2, 0C6AFF, 0C48EA, 0C5E08, 0CC2B3,
0D39A7, 0DB59C, 0E1881, 0E38E1, 0E243D, 0DC2A9, 0D2BD8, 0C771D,
0BAA21, 0AD6F9, 0A05E0, 0952D8, 08B85F, 0832FF, 07A709, 071CFF,
06834E, 05DB08, 0548C3, 04B564, 043ECB, 03DC51, 038C54, 0364BA,
033352, 02FD28, 02A20E, 022B31, 01AC5F, 012B59, 00D49A, 0096DF,
0080BB, 00840A, 007C35, 00655D, 001101, FF6F17, FE8ECB, FD78E6,
FC5C51, FB579F, FA804F, F9E1A1, F9733F, F94324, F95C36, F9CA3E,
FA852A, FB7170, FC524D, FCF202, FD2D8B, FD05DD, FC9D2B, FC09F9,
FB5E2A, FAA400, F9CA5D, F8BC78, F78392, F61F59, F4BF9B, F3A5C4,
F300F9, F2E886, F36400, F4535D, F5668A, F672ED, F7501E, F7F2C1,
F884FD, F91886, F9CCBC, FA95AF, FB5979, FBF92D, FC693C, FCAAF4,
FCC67B, FCCC14, FCB7D8, FC9E91, FC6316, FC127C, FB99AC, FAFF9F,
FA72E1, FA0D18, F9EF37, FA1E3E, FA7A63, FAE8F6, FB44EF, FB6DC4,
FB7924, FB7F12, FBB089, FC1918, FCCA78, FD9F51, FE6FFB, FF2E1E,
FFA977, FFF3D0, 0021EA, 00538C, 00A885, 0104D1, 0166C8, 01B049,
01CAA0, 01BE71, 0196E4, 017951, 017857, 01A2E7, 01EB32, 0233DD,
027A06, 02B14D, 030315, 0378DE, 03FE1A, 047DE7, 04CC20, 04CCDB,
048180, 03FEE7, 036824, 02E1F5, 0276EF, 0224F8, 01E7E9, 01B536,
01955E, 01831F, 0171BD, 017470, 018818, 01AEA0, 02042F, 02759D,
02F383, 037968, 03E823, 04421B, 048256, 04A670, 04A6B4, 047D69,
04359F, 03D8FA, 0377F7, 032A66, 03091D, 030FBE, 0342FD, 039485,
03D1EB, 03E366, 03B227, 033EE4, 029E47, 01F1B9, 015038, 00C1D0,
0058E2, 00064A, FFD433, FFC873, FFE8A9, 002C52, 0085B5, 00E4DC,
013236, 015D4F, 017143, 0187F2, 01BF07, 023C43, 02F6CF, 03E318,
04E724, 05C2B0, 066FA2, 06D6B9, 06FED6, 070957, 06F196, 06CAF7,
0689B5, 061C5D, 058F0A, 04ED51, 044A8E, 03E830, 03CD48, 03FB6F,
043FF4, 0471A2, 047D7D, 044F49, 03FD0B, 03A1F3, 036439, 032108,
02EA96, 02863B, 02010E, 0158F1, 0093B8, FFD3DA, FF27AC, FEAE87,
FE6ACA, FE4F6A, FE2A4F, FDE925, FD595F, FCA766, FBCACB, FB0447,
FA6D5D, FA0D20, F9F1FB, F9F2B3, FA08C0, FA0101, F9D934, F98C83,
F92CA0, F8C9E6, F868FE, F7E623, F72E7D, F63FF0, F526B4, F40CB7,
F310E6, F25045, F1C2B0, F14E5A, F0D949, F047CC, EFAA2C, EF1368,
EEB7A2, EE92DD, EEA2FE, EECC2A, EED33C, EEC208, EE8EE8, EE5A18,
EE45E5, EE54FB, EE5F19, EE724B, EE736F, EE7ACD, EE9047, EEA1D4,
EEC976, EEE5D9, EF013E, EF0F29, EF0B0A, EF0E1F, EF07C3, EF2192,
EF5854, EFC826, F0564A, F0D851, F12EC0, F146A8, F14CE8, F13E07,
F168EF, F1C5F3, F25626, F30008, F39A70, F41F87, F47B54, F4B378,
F4D565, F5052E, F5614B, F5F61E, F6C94E, F7B356, F8B533, F9AF65,
FAA30F, FBAD21, FCAF5B, FDBAF9, FEB09C, FF6784, FFDFDC, 00058A,
000501, 00076F, 0040DF, 00BA13, 017572, 023AAF, 02EB7F, 035F1F,
039D82, 03D070, 041E15, 04CCD2, 05C393, 06FA86, 08387D, 095A72,
0A5068, 0B1FEE, 0BD942, 0C9EAA, 0D7CF3, 0E5E3E, 0F3026, 0FCE44,
102BBD, 104A49, 10306C, 0FF156, 0FBAD5, 0F9FAC, 0FA7F1, 0FEA5A,
106AF5, 111435, 11E02E, 12C6FF, 1398B6, 14445B, 14BE4E, 14F3B7,
14F779, 14BB0B, 145DFF, 13ED70, 137BCE, 131A99, 12B34C, 124E86,
11D0D1, 11363F, 1082FB, 0FC1F6, 0F1A3B, 0E9091, 0E415B, 0E3360,
0E514E, 0E940F, 0EE007, 0F1CE7, 0F33C2, 0F10EB, 0EB888, 0E3BB2,
0DA297, 0D130E, 0CAFB6, 0C761B, 0C7FEF, 0CA2D1, 0CB8D1, 0CA35F,
0C1DFB, 0B3112, 09F057, 0894CC, 074C3A, 0640E1, 0592D2, 053E9A,
051827, 04F66A, 04C4AC, 048455, 045378, 04459B, 046154, 04A3CD,
04ED40, 0505A6, 04ED5A, 048766, 03D314, 02E01E, 01BA9C, 00689B,
FEF22F, FD783E, FC0B7E, FAF64F, FA5C08, FA4C17, FAC7BB, FB9FE6,
FCAFBB, FDA7F8, FE5562, FEB0DD, FEA547, FE5554, FDE5F7, FD75CD,
FD1504, FCB4BB, FC576C, FBCC6C, FB0E6E, FA1760, F8F5F3, F7E4D8,
F6ECAF, F6314C, F5B536, F55499, F5066F, F4C8F7, F4BFB1, F4F93C,
F5808D, F6400A, F718EC, F7E16E, F879F5, F8EFDA, F95C08, F9D89D,
FA64C6, FB03A4, FB7853, FBBBDC, FBAC7F, FB5ADE, FAF665, FAA981,
FAA0C4, FAD5B5, FB3F3C, FBAA2E, FBE4E5, FBCFFA, FB737E, FAE149,
FA542C, F9EEA3, F9BC53, F9BF80, F9E99D, FA317E, FAA15C, FB4229,
FC0E51, FD02FA, FDF3EF, FEDFE5, FF84C4, FFD8B0, FFD195, FF8A89,
FF4665, FF12BF, FF02BC, FF1CE0, FF61FC, FFB305, 001E09, 00865E,
00F766, 017B09, 01F194, 0279F1, 02FCC7, 036B1E, 03D469, 0415AF,
043B4D, 044B9E, 043C4D, 040000, 0392A2, 02F111, 024228, 01AD04,
014A40, 012ADB, 015DD5, 01CEE3, 02570A, 02E2AF, 0333E8, 034C17,
033204, 03017C, 02DD8E, 02CF66, 02DAB4, 02E0AB, 02D449, 02BFC0,
02B4B2, 02D9C4, 0331DC, 03B17D, 043BEA, 049057, 04A55C, 0470BD,
040883, 03B1AA, 0386C5, 039CEE, 03DD62, 041156, 041B9B, 03E478,
0374E6, 02E770, 0263C0, 01F9E8, 019464, 01254D, 00A6FC, 001045,
FF70E9, FEDD3A, FE776A, FE792F, FEE2C3, FFB624, 00C5D9, 01D894,
02C7D6, 037F33, 0409CA, 046761, 04A660, 04D6F8, 04F111, 0501D5,
051909, 0522EB, 05381B, 054F2B, 056AB3, 059FD3, 05DAFC, 060B24,
0612F1, 05D90E, 055FF2, 04C8E9, 043BE2, 03D88A, 03AE02, 03AFD5,
03C784, 03DBC1, 03D0E2, 03A73F, 0364CA, 031BA3, 02E1A1, 02AB96,
0273D8, 021B21, 01887D, 00C6E5, FFE37D, FF01C8, FE3257, FD876E,
FD014E, FC9A9A, FC4DF2, FC08FA, FBEF8F, FBE904, FBFB90, FC0C3A,
FBFD58, FBC4A9, FB5E46, FAD114, FA3839, F9AE3E, F93EFA, F8DE1B,
F85BD2, F7C8BA, F70640, F637AF, F55E12, F47EA5, F3ADAF, F2EF93,
F24C41, F1B83E, F13517, F0AED0, F03789, EFD788, EF8ECA, EF60C2,
EF3EBD, EF1EB6, EEF443, EEBAEB, EE87D2, EE6F2F, EE824A, EEC103,
EF1314, EF5CB8, EF7530, EF4C65, EEF134, EE7E27, EE2672, EE0ACB,
EE3C11, EEAAEE, EF3837, EFC143, F00DE8, F02898, F022AB, F01D40,
F04B00, F0A261, F1182E, F174CE, F19420, F17455, F12E9A, F0FF45,
F0FCE6, F148F6, F1CC3D, F277CE, F32998, F3D88A, F48AA5, F54DC9,
F625EA, F71E0A, F836FF, F949DA, FA3B1C, FAE23E, FB568B, FBB71D,
FC0F84, FC87AB, FD1505, FD9C46, FE074B, FE4467, FE60D0, FE6F28,
FE8DFF, FEDB13, FF707F, 005113, 017218, 02BDFD, 040373, 0529C4,
061B79, 06DACB, 076E8C, 07F9AC, 089C7A, 0942D7, 09F9F8, 0AA087,
0B37DB, 0BBA37, 0C208A, 0C65F6, 0C882E, 0C9BD2, 0CB99F, 0CFF67,
0D7D6E, 0E39FE, 0F378A, 106DDF, 11AB7B, 12B196, 136C63, 13B273,
13A385, 136378, 131695, 12EA94, 12D75D, 12D55B, 12CAEC, 12CABA,
12CD53, 12D086, 12E049, 12E237, 12CC54, 127A63, 11E9D7, 11343C,
1076EF, 0FD8BF, 0F5BF8, 0F164B, 0EE843, 0EBEEB, 0E8C76, 0E611B,
0E46BB, 0E5082, 0E92D7, 0EFFAF, 0F8591, 100573, 105CA2, 1059F0,
0FE1E6, 0F0032, 0DD6F0, 0C85A0, 0B3037, 09EABD, 08B5A6, 07A947,
06DC6B, 065641, 06214C, 06365A, 068F4B, 0723B3, 07C777, 0863CC,
08CEFB, 08E20D, 089A29, 07FB77, 0715D9, 060467, 04D6A0, 03859A,
02303C, 00EDE4, FFBB87, FECFB6, FE24A1, FDDDDF, FDE90D, FE02E0,
FE207E, FE1DA2, FDF320, FDBF2A, FDAC97, FDD28E, FE5391, FEF593,
FF848C, FFC85B, FFAB74, FF36E1, FE7D64, FD9D9B, FCA7B2, FBB254,
FAAC15, F99E98, F88F2B, F793AE, F6BD5F, F6423A, F62D0F, F66422,
F6C7BB, F710DA, F730F3, F7278D, F6FF98, F6EA0C, F6F730, F7332E,
F78AAB, F7F6C7, F873C5, F8EC14, F96525, F9C1DF, FA0C8B, FA5917,
FAA46C, FB0DC2, FB68C3, FBA83E, FBB95C, FBA489, FB6F70, FB1BD6,
FABCB9, FA569D, F9F136, F99DCE, F96B1F, F95DC4, F988A3, F9E549,
FA7FD3, FB2968, FBD79D, FC863D, FD0949, FD658B, FD9190, FD9693,
FD8110, FD57DC, FD2F01, FCFD1F, FCF432, FD0809, FD6898, FE142F,
FEF1C3, FFE8C7, 00AEE7, 014D01, 01AD57, 01DEA9, 020F62, 0244F9,
029979, 02E2F1, 030EA0, 030AF0, 02DB5E, 0291A9, 024DA5, 0236EE,
024ADA, 02873F, 02C98E, 02F99B, 02EFB7, 02CB2B, 028A40, 025ECD,
026238, 028DB3, 02E56A, 032E74, 0361C3, 037C2C, 036F35, 0355F0,
03421F, 0332A1, 032A5F, 030A04, 02D3B8, 029AED, 025F11, 0257C2,
029114, 030239, 03BBE5, 048BBE, 0555F3, 05E6AC, 0616C2, 05EFC0,
058267, 0504D8, 0485B4, 0418F5, 03B8E1, 03471F, 02C728, 021BFE,
017665, 00E95E, 007F3F, 0046C7, 00327D, 002D5D, 003207, 0032E9,
00337B, 004FAB, 0082DC, 00DBE7, 015851, 01DC4A, 026041, 02BF98,
0316D6, 0371B5, 03F70F, 04B2AD, 056A23, 06088C, 065C52, 065ABA,
061428, 05A57B, 053573, 04E9A0, 04BC7B, 04A2BD, 04921D, 047B3B,
045F6F, 0448B3, 044812, 046BA6, 04A536, 04DA23, 04FCD5, 04E50B,
049B6D, 043A80, 03C0E9, 034AA2, 02D619, 024D40, 01A5F0, 00EA70,
002E07, FF7482, FEED8B, FE988C, FE8325, FE92BE, FE9443, FE61E9,
FDE3FB, FD2E3B, FC637D, FBBEC8, FB62D2, FB5526, FB85A2, FBC7A5,
FBDA33, FBAE84, FB37C8, FA94F2, F9E32C, F94147, F8B7AC, F82425,
F77B1E, F690A6, F5820C, F46AA5, F38687, F2EBB4, F28C5A, F243D4,
F1E807, F16593, F0C0F1, F020BA, EFB910, EFA82C, EFD1CE, F01F14,
F0418D, F02046, EFA4BF, EEF734, EE5C52, EDFB76, EE000D, EE4FB2,
EECD17, EF414D, EF8983, EFA501, EF84C0, EF5EE5, EF3F6E, EF469D,
EF851D, EFEA73, F064DF, F0C24B, F0F9C1, F0F585, F0C18C, F075FD,
F014AC, EFADF0, EF6276, EF2D2C, EF3672, EF9480, F04399, F151B0,
F28F5C, F3D4D2, F50368, F5F8D9, F6AAB1, F72601, F78CDA, F80F27,
F8B74F, F97B57, FA2AC8, FAA24A, FACEBF, FAB135, FA7B46, FA3E40,
FA2B0C, FA50FD, FACF1D, FB922A, FC9FA3, FDDE8C, FF3524, 00AA76,
020EF8, 0353B5, 044E27, 04E791, 052C19, 053ACD, 054A4C, 0585D5,
05F09E, 068EAD, 0728F1, 07A779, 080D92, 084CE8, 089A5D, 090E5C,
09C22C, 0AC1F8, 0BFC49, 0D4104, 0E78E5, 0F6967, 100DC1, 107795,
10A7E7, 10C6F1, 10C1CE, 10A9AE, 10A120, 10BC3A, 111454, 11A454,
1261D7, 1331B1, 13E514, 145E54, 147AEB, 143DB8, 13B743, 12F5C6,
122865, 116194, 10B737, 1032D3, 0FC78A, 0F660B, 0F116B, 0ED887,
0EE393, 0F3BCE, 0FD6A3, 10B0E8, 11866F, 122FC3, 12830F, 125FA2,
11DD2E, 111F62, 1048BD, 0F6FE7, 0E8532, 0D8379, 0C6BE0, 0B4FCA,
0A5BCA, 09ADA8, 097303, 098DE6, 09E32F, 0A36CC, 0A6144, 0A5628,
0A2494, 09F8C1, 09EEE1, 0A1442, 0A3E8D, 0A4CF5, 0A0986, 095C23,
083DC2, 06CE81, 0547A8, 03D2C1, 029C73, 0199D3, 00D1F0, 00361A,
FFADBD, FF668B, FF4027, FF569B, FFA79A, 001213, 0077A7, 00B716,
00C73A, 009F2A, 006C87, 00385C, 0009EC, FFF53F, FFC0CF, FF6F75,
FED2CE, FDF4C2, FCE285, FBB789, FAAEC0, F9D986, F95780, F90C91,
F8DD52, F8C015, F89704, F86DB7, F83534, F7EE66, F79DB4, F74D56,
F6FFC5, F6BE42, F6A174, F6BDEF, F72CBA, F7DA33, F8AB40, F974AD,
FA0A94, FA5EBB, FA7CE3, FA697A, FA49BD, FA235C, FA089E, F9EFCF,
F9D202, F9BEF1, F99E19, F9B521, F9DFCB, FA3479, FAA3FE, FAF316,
FB2B61, FB32E5, FB1498, FAEBEF, FAC434, FAC018, FADCAE, FB02BB,
FB1E84, FB2E3D, FB3D60, FB557D, FB873C, FBD992, FC4B02, FCCC57,
FD4003, FD94B3, FDC1F3, FDDC1F, FE0A2C, FE6AAA, FF0E6A, FFDDA1,
00BF76, 018F2D, 0225D9, 027099, 027661, 024FAA, 020254, 01A705,
015DCB, 01369A, 0129B2, 01410C, 016B1D, 01AA9A, 020179, 026BFA,
02E0B3, 0349FB, 03A0F6, 03CACE, 03D261, 03BA6D, 039192, 035740,
031E7F, 02EA4F, 02B0E9, 027C85, 023518, 01F4BA, 01E18C, 01F4BB,
02442D, 02BDD1, 033E02, 03B898, 041612, 04621A, 048E4B, 049A73,
049CB7, 049A5E, 049714, 0486A3, 04772C, 046DEE, 047FBB, 049648,
04ACFA, 049920, 04455A, 03A542, 02C9CF, 01F6D6, 0142D2, 00CF2D,
008A18, 004E12, 001189, FFCDCF, FF8697, FF611E, FF69F7, FFA12F,
000ED2, 00BC03, 019B74, 028393, 0354A3, 03F2AD, 04554C, 047A08,
0484FA, 048B97, 048A67, 048DB0, 047F03, 046347, 043C32, 041529,
04198C, 043BB3, 0487BD, 04D29F, 04FB9D, 04F840, 04C412, 047860,
04489A, 043B86, 045913, 0490BF, 049B83, 04704F, 03F515, 0348F9,
0299AD, 020B29, 01D968, 01DC4B, 01EEAA, 01DE84, 016823, 009E08,
FF9426, FE88B8, FDB681, FD2CF9, FCF454, FCF5D0, FD0CF4, FD2992,
FD3835, FD2CE6, FD1234, FCE2E8, FC9C2D, FC3C03, FBB2D7, FB10A3,
FA5EE5, F9BCA0, F94560, F90020, F8D6CA, F88E6A, F7FC5C, F71859,
F5F37B, F4B9C2, F3A848, F2DCF2, F25797, F21A46, F1FC3B, F1D2AC,
F19766, F13646, F0BC55, F033F5, EFAB4B, EF4091, EEF486, EED776,
EEBF93, EEAB17, EEA4D7, EEA6DF, EECD7E, EF14D1, EF6759, EFB692,
EFF3D8, F01C9A, F041B2, F06B87, F08AE9, F0BC53, F0D337, F0A946,
F033AF, EF718F, EE86AE, EDA7AB, ED0436, ECD0DD, ED1BB4, EDC681,
EEBB7B, EFA331, F0971B, F18A95, F2874F, F3A1EC, F4B3B3, F5AD38,
F6731C, F6F449, F737F9, F73E63, F712AE, F6E554, F69B8E, F65411,
F61D96, F602F7, F63A3D, F6C7A7, F7B045, F8EDF8, FA5814, FBD162,
FD3FD7, FE7AB3, FF784F, 002E76, 00AE2C, 01194C, 017578, 01BB58,
01F852, 0228FA, 024E15, 028F6A, 02F11C, 03860F, 0459B9, 0549F0,
064A0A, 07452B, 081176, 08BB3A, 093F9F, 09ADDF, 0A1C73, 0A8B36,
0B15EA, 0BA14A, 0C327D, 0CBC90, 0D4AAA, 0DF831, 0EE16F, 0FFCB0,
113896, 125C89, 132065, 1363B7, 1316B7, 128F5D, 11F2B8, 116D10,
1128EB, 10F9B9, 10E065, 10B988, 108309, 104661, 1005E3, 0FF43D,
100856, 105324, 10ACD1, 10FB1A, 113161, 114E49, 116D88, 11A621,
11ECB4, 12347E, 125417, 12234B, 11A0C4, 10C58E, 0FAF53, 0E78BD,
0D58B9, 0C6D63, 0BC4AC, 0B6A78, 0B4D54, 0B4DCB, 0B5974, 0B758D,
0BA89A, 0BF7A4, 0C57E0, 0CAD27, 0CD18B, 0CC5D7, 0C6AF6, 0BE030,
0B2C7B, 0A5D7E, 098717, 088F1C, 079100, 06803C, 0560A3, 0444F9,
0347BD, 027B9D, 02030F, 01B743, 019D5D, 01A1B2, 01A222, 019EC2,
018755, 017D69, 017358, 01740D, 016C87, 01519E, 01249D, 00DDDA,
008FE5, 00398E, FFEF3C, FFAC95, FF4D96, FEC50A, FDFDA1, FD1280,
FC12AD, FB2288, FA5E0C, F9BC3F, F92FF2, F8B43E, F837B3, F7C8A9,
F78973, F77B67, F7B046, F81FF5, F898FE, F8F00A, F9098A, F8DDA1,
F88B97, F82F5F, F7F62B, F7E891, F7F326, F81081, F83659, F86CB1,
F8A606, F8EE6C, F92BA5, F96CE0, F9A761, F9EEB4, FA33D4, FA535D,
FA55A9, FA3159, FA0B5D, F9F701, FA1153, FA52A3, FAACDC, FAF46E,
FB0DE3, FAF3BE, FAA804, FA4DFF, FA078C, F9EDB6, FA0548, FA33C9,
FA62AD, FA8767, FAA24A, FADAEF, FB4A23, FC04A9, FCF58D, FDFC69,
FEEBBE, FFA733, 0025EB, 005487, 004B3F, 000573, FFB6CC, FF6A4C,
FF4310, FF4647, FF76C7, FFDEC8, 0058FE, 00EAC9, 017DFF, 01EDD2,
024464, 0281B8, 0299B3, 029E81, 02A0F2, 02A66A, 02B0DA, 02B27F,
02B019, 02A599, 0299C8, 02929E, 028107, 0280C3, 028A2A, 029D76,
02B807, 02D041, 02EB59, 02FC2B, 030781, 03130F, 031ED6, 032386,
0319F5, 031580, 031A51, 03413B, 0384AA, 03F95B, 048671, 05145C,
0583CE, 05B0FB, 05ABA0, 056712, 050010, 049488, 04326C, 03E86A,
039623, 0336A8, 02A05D, 01DAAD, 00FBA7, 002007, FF81B2, FF4623,
FF7286, FFDECD, 007ABF, 00FE88, 0173C6, 01B5E9, 01D6B7, 01F128,
021549, 0250B1, 0297D6, 02EC50, 034B7E, 03CAF9, 0454B5, 04E57F,
0552A5, 058BF1, 056A6E, 04F669, 044C2A, 039FE2, 0339C3, 0338D6,
03A2E2, 044FF8, 050C93, 0590B8, 05CC06, 05A1F1, 0546DD, 04C75D,
045ACE, 041715, 03DEEA, 03CF08, 03BD23, 0397B6, 0361B0, 031AA5,
02BE1C, 023FFE, 019D72, 00F892, 0044CC, FF9603, FF00F9, FE9D1D,
FE78DF, FE7CC2, FE9B70, FE934C, FE5CFC, FDDA60, FD2F14, FC7D7B,
FBFAD7, FBD183, FBE01C, FC2444, FC6440, FC71E2, FC38FF, FB89ED,
FA961F, F97B7E, F86F00, F7A456, F70471, F68E2E, F61D7A, F5976B,
F4FEC0, F457E9, F3B496, F30AAE, F26931, F1B9BF, F103EA, F05564,
EFC337, EF6206, EF1746, EEF46E, EEEA5F, EEE8BC, EF0740, EF3AF8,
EF99E0, F01825, F0BD55, F16672, F1F869, F24856, F24DE6, F1F928,
F14637, F05AAE, EF3A94, EE1401, ECFD12, EC1FBA, EBA4F8, EBA397,
EC1164, ECDC2B, EDE8E7, EF205B, F069A7, F19D6A, F28A67, F32C98,
F39CDD, F3E48B, F43333, F469D3, F49126, F4AFE7, F49B3B, F45FFE,
F3FEEE, F3A28D, F38B96, F3D1CC, F48779, F58E7A, F6C3BE, F7F4A3,
F8F7CA, F9BDBB, FA586A, FAD35B, FB4D93, FBCF99, FC53F5, FCE487,
FD67F9, FDF467, FE9E1D, FF7858, 0088F8, 01B723, 02D3C5, 03A36D,
0402BB, 03E8D7, 03826B, 032383, 030300, 0341B7, 03E2F6, 04D09E,
05E909, 070080, 0800B8, 08EB9F, 09C915, 0AB62A, 0BC5F5, 0CE6EC,
0DF514, 0ED056, 0F71C5, 0FE715, 10436C, 108C2F, 10D0F8, 10F68B,
10F855, 10D91C, 108F31, 103F36, 0FE7AE, 0FA536, 0F97F1, 0FAB42,
0FF036, 103BA6, 108B18, 10CA2F, 10F958, 113993, 118850, 11FD10,
128AC5, 131484, 1367AF, 136559, 13158F, 126AA1, 11A0D4, 10C278,
0FEB58, 0F2C1F, 0E6B72, 0DC367, 0D315D, 0CD99A, 0CD250, 0D0889,
0D78DA, 0DF180, 0E512D, 0E7BCD, 0E7D53, 0E68D0, 0E4E19, 0E3501,
0E0D48, 0DBEF8, 0D2894, 0C5BF8, 0B61DF, 0A703B, 09A29B, 090607,
088EED, 08334F, 07B90B, 0706F7, 062E39, 0533E5, 044F69, 03890D,
02F733, 028829, 023A7F, 021128, 02139C, 024B6A, 029CEE, 030EA0,
038787, 03E718, 041842, 03E0EC, 034161, 0245BF, 01257B, FFFF22,
FF0351, FE367A, FD924C, FD0F26, FC8108, FBE0F3, FB3A5E, FAA454,
FA37E5, FA174A, FA1FB5, FA4667, FA53B8, FA3B4F, F9EF88, F97900,
F90116, F8A0EE, F87256, F8638D, F880ED, F89A65, F8ACE5, F8AF1B,
F89A94, F88727, F86CF4, F852FE, F8422D, F82C03, F8261D, F83C0D,
F878B3, F8F80A, F9A218, FA7A6C, FB3AB5, FBCBE5, FBFCAC, FBCCF4,
FB581D, FAB5A2, FA1B7A, F98CA3, F93522, F900BA, F902E0, F926F1,
F95965, F99410, F9D05C, FA0F9C, FA5B34, FAB400, FB189B, FB98AD,
FC2F6E, FCD9A6, FD7E8A, FDFB2B, FE3674, FE3E4F, FE0B7A, FDCD52,
FDB296, FDBE3A, FE038A, FE7E6C, FF210C, FFD0C3, 007664, 00E6D9,
0117F4, 011CC1, 010BD9, 01096D, 0119B0, 01502F, 018AA9, 01B402,
01D355, 01CE49, 01DCDB, 01EC86, 0210F3, 0240C6, 027CA1, 02C307,
030318, 033A06, 036296, 037494, 036023, 033B55, 030214, 02C03A,
027BC7, 0230AD, 0212AB, 023421, 02A243, 03505D, 03FF80, 049A9A,
04F6F4, 04FAA1, 04CAA5, 0486BE, 045DFE, 046A9D, 04A203, 04F085,
053B0F, 056AA8, 056ECD, 053A79, 04CAA1, 0427B9, 035C90, 027B4F,
0199EC, 00C9DE, 00304F, FFE551, FFF67B, 005074, 00B847, 011AEE,
0159F4, 016307, 014B9F, 012B8E, 01407F, 019077, 023115, 02FF9D,
03BC51, 0449CF, 04856B, 046E94, 041E74, 03C0D6, 038068, 03679A,
037BDD, 03BA85, 03FA97, 04303C, 0450F4, 046279, 048191, 04AA48,
04DC67, 0503AB, 04FCCB, 04C649, 046D5B, 0410F1, 03C9D7, 03B24C,
03B374, 03C2C4, 03B9D0, 038E26, 03426D, 02C614, 0241BF, 01BBCE,
014378, 00D4A0, 006815, FFECE4, FF66B3, FECF67, FE3EF2, FDBEE4,
FD5CA3, FD1B5D, FCFBC7, FD0964, FD19D7, FD37C6, FD2BC4, FD0CE2,
FCC0B0, FC67DE, FC01AB, FB8EC7, FB1F46, FAA465, FA45DC, F9E872,
F990E4, F912F0, F86258, F78AEE, F684DB, F57408, F4602B, F35348,
F24E2C, F151DB, F06831, EFA2F7, EF2492, EEE2D9, EEFBFC, EF52F2,
EFF452, F0C35F, F19035, F23ED5, F2B1FD, F2E8AC, F2D985, F28C0D,
F20274, F14171, F05032, EF40A1, EE298A, ED209F, EC4AA0, EBC8A3,
EBB907, EC2531, ECF479, EDF8DD, EEEA98, EF9462, EFEA30, EFFEFF,
F003C1, F023AE, F0652C, F0CBEF, F125E7, F16FC3, F1B5A6, F20A0A,
F28803, F307D6, F396B7, F3FAC1, F42DC9, F42BD8, F40281, F3CB53,
F3A387, F3B6D7, F40A3C, F49DCC, F55F9F, F63ECB, F72563, F805FF,
F8F579, F9E627, FADEFF, FBE9E7, FCED29, FDDF1F, FEAFBC, FF5ABC,
FFD3D7, 000858, 00094A, FFE0DE, FFB713, FFAAAB, FFBBE6, FFF3EB,
004D27, 00CCBE, 017C27, 02613A, 037897, 04A751, 05ED8C, 07334C,
0861E8, 098BFD, 0A95CA, 0B8BE7, 0C6DB3, 0D19E1, 0D9878, 0DE93B,
0E09F6, 0E1387, 0E16F8, 0E11D2, 0E1AB5, 0E229D, 0E18E1, 0E0467,
0DE6CA, 0DE035, 0DFB18, 0E4F68, 0EE05C, 0F93D4, 107089, 114D73,
120F62, 12998C, 12EC22, 131AC5, 13081D, 12C588, 1239C9, 115881,
10580D, 0F543B, 0E91C9, 0E2EFC, 0E2CEB, 0E868A, 0EF7E2, 0F4E53,
0F74ED, 0F564C, 0F0CF7, 0EA762, 0E44BE, 0E0D4E, 0DF20A, 0DF489,
0E08BF, 0E1AF2, 0E282B, 0E30DC, 0E301B, 0E1F19, 0DFE1C, 0DAF92,
0D26D7, 0C69C1, 0B76F5, 0A6B35, 0947B2, 081FC8, 071950, 062F94,
05777D, 04DDAA, 046614, 0410EC, 03D7CD, 03D230, 040116, 045CA2,
04B1D0, 04E5BC, 04DFA0, 049FEF, 042CD6, 03BF9E, 035148, 02F276,
02A83E, 024906, 01D294, 011BDA, 003EC4, FF5067, FE4F36, FD6197,
FCA7D9, FC0EDA, FB9C18, FB4843, FB0A15, FAED6D, FAE5AE, FAE3FF,
FADEB9, FAC6C2, FA8FAD, FA4783, F9DEEF, F96FCA, F909A0, F8B3CF,
F87086, F82DC5, F7E588, F78BD1, F7245C, F6CFD3, F6B9E0, F6E06B,
F75200, F7F5D5, F8AAB2, F95F74, F9E9AF, FA4F1F, FA7FE4, FA703B,
FA3D59, F9E747, F99B76, F96848, F9477B, F93418, F91B77, F8F8BB,
F8DD47, F8C621, F8AC3A, F89CFC, F8A7E2, F8D2BE, F922A0, F9A69B,
FA4768, FAED34, FB73B3, FBB94D, FBBC50, FB7B5E, FB1D44, FADC93,
FAD8B9, FB2E17, FBCDD4, FC930B, FD6234, FE0A7F, FE8EDD, FED827,
FEF26B, FEF291, FEE6B4, FEE9FF, FEF1DB, FF0E27, FF44E1, FFA358,
001BB5, 009EE8, 012437, 0160CB, 015FD0, 01193B, 00AE7B, 0072FD,
006EB4, 00BC41, 0147C9, 01EF85, 028375, 02ECDC, 02FD8D, 02CDFF,
027789, 021E30, 0202DB, 0223DE, 027307, 02C3C4, 02F4C0, 0301B3,
02E662, 02CD00, 02BC56, 02D197, 030410, 03505C, 03A4DB, 040393,
04698A, 04C1B5, 0522FE, 056548, 059602, 059A4C, 05581E, 04D40D,
04149A, 034BA0, 029E39, 022575, 01E44C, 01C59D, 01B9EA, 01941D,
014B86, 00F057, 008D21, 004EE2, 003FB8, 007D12, 00F37A, 01835B,
0211F1, 027085, 02A7DB, 02B8A8, 02B968, 02BAEB, 02D1A3, 02F45E,
0309B4, 031EF5, 033EB3, 037B3E, 03CE29, 041748, 0452E3, 0463CA,
044FBF, 043594, 0410B4, 0401F9, 03FB95, 040AAE, 041673, 04224F,
043136, 042E38, 043C54, 043FBD, 043327, 041D30, 03FEAD, 03D435,
03B766, 039C68, 037C56, 0345B9, 02DA7B, 023531, 016B34, 009A8E,
FFC8FE, FF1923, FE8AD1, FE1966, FDDA67, FDBFAE, FDC033, FDCD4F,
FDC3F5, FDA278, FD633D, FD1399, FCEA80, FCF745, FD3B9E, FDB034,
FE19CD, FE4D35, FE1989, FD68E5, FC4685, FAC81F, F91DF1, F762F9,
F5B854, F43AC6, F2FB01, F217CD, F198D0, F18F3A, F1E159, F26E99,
F31062, F395CF, F3CFEF, F3B0A7, F34920, F2B354, F232D4, F1D0C8,
F1A1CB, F1906C, F1772A, F14449, F0E6E4, F06574, EFD891, EF5D46,
EEFA79, EEAF3B, EE7CB6, EE5A8F, EE3CB0, EE1E99, EDFB7F, EDE150,
EDD699, EDF4DC, EE36C4, EE8D58, EEFB3A, EF7558, F00DAE, F0B3E0,
F15CD5, F20175, F28C20, F2ED45, F32074, F324CF, F2FC4C, F2BB8D,
F26B8F, F21C85, F1F445, F1EF6F, F20CF7, F24A26, F28E47, F30E22,
F3C1FB, F4B9BC, F5F126, F742D7, F8A2C7, F9E226, FAFB2C, FBDC2F,
FC9B87, FD2567, FD6C2A, FD79F7, FD5BC0, FD2943, FD0926, FD062B,
FD29C0, FD7B01, FDEABA, FE6F9B, FEE291, FF529D, FFDC3B, 009CB8,
01B7F0, 032242, 04DBFC, 069F5F, 083703, 097F14, 0A598B, 0AEB37,
0B2728, 0B4FCB, 0B567B, 0B52D9, 0B52A0, 0B4309, 0B414F, 0B507E,
0B8D52, 0BF49C, 0C8107, 0D3486, 0DDC8D, 0E80A8, 0F1160, 0F960E,
1021BE, 10B072, 11431E, 11B8DA, 11FDE9, 11FD68, 11BE50, 115A41,
10DAE9, 107E58, 1057F0, 106BDE, 1090FA, 10BBB2, 10CCFB, 109F9F,
104662, 0FBFAC, 0F27A4, 0EA47C, 0E4FA4, 0E3E83, 0E6C20, 0EC619,
0F2AEF, 0F9362, 0FE82E, 102F80, 1057AA, 104AF3, 100757, 0F89E4,
0F0289, 0E802A, 0E2064, 0DD640, 0D98CF, 0D381D, 0C98BE, 0BB1B1,
0A92F0, 0958FF, 082E3F, 07418D, 069EAF, 065856, 063902, 06349E,
06299F, 06014E, 05D4C7, 05A900, 0597C6, 05ACAF, 05D4D0, 0602EC,
062184, 061615, 05C457, 052425, 043BE9, 0330F5, 0213B8, 00FF7A,
000570, FF34C3, FEAF76, FE648F, FE4BD1, FE4F89, FE448F, FE2C5C,
FDE9B1, FD72DD, FCDD44, FC26A9, FB7064, FAD926, FA6307, FA280E,
FA180D, F9FB07, F9C4E8, F96DCB, F8ED78, F85E08, F7D010, F75F06,
F72A9E, F7380F, F79459, F82EA4, F8E13F, F9861E, F9F418, FA16B1,
F9E234, F9860A, F9127F, F8BDC7, F89EDC, F8AB3D, F8F5B6, F95385,
F9A896, F9C878, F9960D, F9340B, F8AAC9, F84972, F8321C, F87774,
F8F97B, F979C9, F9E71F, FA2492, FA470D, FA639A, FA7D86, FA9E8A,
FAB545, FAC7AB, FAC659, FAB813, FAB8E4, FADA05, FB3702, FBBC45,
FC629A, FD0C28, FD8BCD, FDEA1F, FE0C04, FE1547, FE2C94, FE68C6,
FEDB5A, FF627D, FFDAA0, 002E8F, 003E59, 001447, FFC6F0, FF6F91,
FF4BF1, FF620C, FFB38F, 0032A7, 00AB05, 010639, 014138, 015FEE,
018496, 01BFFE, 020DF0, 025C6F, 0289AE, 028F82, 026E1A, 024E6F,
024AB4, 02726C, 02AE6C, 02E5FC, 02FE9D, 02F0E9, 02DA9C, 02CB6E,
02EA81, 033E0A, 03C086, 043FAF, 04B619, 05047B, 0531C4, 054081,
052471, 0500CE, 04C92A, 04809E, 042B19, 03C89E, 036AA9, 031262,
02C6B6, 029D89, 02793E, 02435C, 020196, 019D6F, 01415D, 010B63,
00FAF6, 012DD4, 01702E, 01C375, 020FF4, 022BB7, 022FA6, 021B82,
020F11, 021E64, 024C98, 02A45D, 03022C, 0367DF, 03BE4B, 03F2C9,
041EBD, 0436A4, 043FCF, 04476A, 043493, 040F98, 03D493, 039745,
0372BB, 035E81, 037687, 03A2C8, 03E2F7, 042A48, 045501, 0467F9,
045DDE, 045443, 0475DF, 04C035, 05249C, 05778C, 0583AA, 051CFF,
043AC9, 0306AF, 019E03, 004ED9, FF3810, FE6E25, FDEC9E, FD9A1F,
FD7D14, FD79C6, FDB93E, FE3293, FED121, FF8DCB, 002FB4, 009DC7,
00B8FB, 008155, 000D61, FF5FFE, FE86B2, FD8A9E, FC86DF, FB7E84,
FA77AC, F96967, F862FF, F78064, F6DE81, F67AF9, F651E3, F63D0F,
F61146, F5CC29, F54E5A, F4B5DA, F41918, F38413, F322E4, F2EC2D,
F2D797, F2E222, F2E6F7, F2DC74, F2BAFF, F27EF5, F23726, F1E1BF,
F182C5, F121F6, F0BF99, F0501D, EFE0D0, EF6918, EEF4FC, EE87D5,
EE15E9, EDB595, ED67B3, ED3AB2, ED484A, ED9E92, EE2F9E, EF00DE,
EFD06D, F08822, F11727, F16E36, F1B563, F1DD3F, F1F331, F207A7,
F20C9A, F20422, F1EC8F, F1B479, F17446, F12560, F0E22E, F0C3D5,
F0C926, F10223, F168C6, F20C5E, F30691, F469B4, F61290, F7D9F2,
F95B78, FA7931, FB14C2, FB3FF1, FB2242, FAD50F, FA94D0, FA61EF,
FA6307, FA872E, FABCDD, FAF9DA, FB2F7D, FB7CD7, FBEEFB, FCA1F7,
FD93E8, FEB749, 000838, 015B5E, 02A413, 03C51C, 04BF48, 0591C8,
06286E, 0696CA, 06E457, 0722AC, 076D7D, 07C793, 084104, 08DCB1,
098F68, 0A42B5, 0AD704, 0B3C82, 0B63DC, 0B6EA7, 0B7B44, 0BB88E,
0C4624, 0D1AE3, 0E0DFE, 0F02C7, 0FDF15, 1070F3, 10CBD5, 10DC7B,
10D7F8, 10D905, 10D189, 10C8E7, 10B0FE, 107778, 1022ED, 0FC2EA,
0F701B, 0F47C8, 0F2FBC, 0F33FB, 0F4DAE, 0F4958, 0F593F, 0F6527,
0F7D65, 0FB3B3, 0FE3BA, 100E59, 100B52, 0FEC1B, 0FB68D, 0F895E,
0F8771, 0FBF44, 102939, 10A6A1, 10F213, 10EEA7, 107B8B, 0F9931,
0E7490, 0D27D1, 0BF3ED, 0AE2AB, 0A12F5, 09872A, 09432A, 091F08,
090B69, 08EE0D, 089FFB, 084062, 07D7C6, 07806D, 0757EF, 075D0D,
078307, 07AEF2, 07C8E8, 07C257, 0775BB, 06E708, 060B9F, 0503C5,
03FB6B, 031841, 029975, 025608, 025587, 026054, 024702, 020809,
019172, 00EFAC, 003C8B, FF86E3, FEC964, FE0781, FD42CB, FC7E32,
FBE274, FB8184, FB6641, FB6E82, FB79B9, FB5792, FAF0B1, FA54CD,
F99818, F8F1DB, F891C5, F884E2, F8BCA8, F92509, F97047, F995C7,
F99DEC, F9802E, F96C1B, F978C5, F99D9E, F9D13A, F9FA0C, F9F81E,
F9B775, F945BC, F8C7E0, F86138, F82C13, F832A2, F8764B, F8DB24,
F938AC, F97F38, F9A4E3, F9A8FC, F9ABA2, F9C376, F9DA72, F9F305,
FA022B, F9EFCB, F9D8DC, F9C97D, F9BEC2, F9D7E6, FA1124, FA608A,
FABC17, FAFD9D, FB2AB3, FB4698, FB6C01, FBA49F, FC1837, FCC06F,
FD8111, FE4137, FEC86B, FF1C6E, FF4189, FF4DB3, FF48E8, FF3B55,
FF2A62, FF10C6, FF0372, FF0374, FF2BD9, FF71BE, FFC76C, 00210D,
004F13, 006C9F, 0063FC, 005DBC, 007202, 00B25D, 01189E, 019B73,
02153E, 026F36, 02AADE, 02BE79, 02C403, 02BB73, 02CE09, 02ED1C,
0304DC, 0313DC, 0324E6, 03452D, 0382C8, 03CD04, 042A89, 04865A,
04CC5B, 04FAEE, 04E473, 04CB71, 048DB9, 0470CA, 046B8E, 0481F6,
04BB1E, 04D40A, 04C21B, 046573, 03D75A, 0340BF, 02CC32, 0287DE,
027E12, 02A170, 02CCFA, 02DD6D, 02CCB1, 0295E5, 0241E7, 01DF9D,
0181DB, 01534F, 014E0A, 016B54, 01B2E4, 02185C, 02A70A, 0354DA,
041D90, 04DB7E, 057741, 05B6C5, 0579B4, 04ED25, 0418BD, 035722,
02BA43, 0263C2, 02594D, 027497, 02BA5B, 03003B, 0355AD, 03C1E1,
04443C, 04FACC, 05D05F, 06B57D, 075622, 07AA98, 077E25, 06DE83,
05FF5C, 04D9E3, 03B19D, 029C25, 01A088, 00E774, 005C8D, 00041B,
FFE979, 0000CC, 0040EC, 0097BB, 00E9AC, 011B26, 012290, 01091F,
00E015, 00BF7D, 00ABBB, 00A10D, 008875, 0040B7, FFCED3, FF167B,
FE342B, FD5859, FC86FB, FBE767, FB820F, FB3E6D, FB06E9, FAB5BE,
FA41A6, F9A9F5, F8F06B, F82EE4, F76215, F6A0B8, F5EE49, F56102,
F505E8, F4D609, F4E362, F504C2, F52B8D, F53094, F4EFCE, F48220,
F3EF40, F34AE4, F2BCDC, F25D0A, F22320, F1FA65, F1CA0E, F163C6,
F0C65F, F00E62, EF52A0, EEBC03, EE5EAE, EE31E7, EE21C7, EE2158,
EE34D7, EE6821, EEC6A8, EF56C4, F00ABC, F0C612, F1701D, F1E6C7,
F21DB1, F21204, F1E40D, F1A5F7, F14D1B, F0CA66, F01D4A, EF57C7,
EE9E4D, EE3C8E, EE54E0, EF0CD1, F05ACB, F1FD1C, F3B87C, F537D2,
F65299, F6FA4F, F733E0, F7251A, F6F878, F6E287, F6EB8E, F72940,
F783E9, F7F0A7, F85413, F8AE6F, F903C3, F959C5, F9C490, FA3945,
FABE93, FB4722, FBD7F2, FC7436, FD2999, FE0608, FEF9AB, FFF86D,
00E583, 01A5B5, 0238D6, 02BC20, 034FEB, 03F991, 04C5C1, 059712,
064B81, 06D970, 072015, 072DAF, 071CF8, 0717D0, 075155, 07DB37,
08BE4A, 09EF36, 0B4447, 0C7824, 0D7750, 0E2498, 0E876E, 0EA59E,
0E9B74, 0E9427, 0EAA1D, 0EE610, 0F41E3, 0FACEB, 100CDE, 1051A8,
104D81, 102379, 0FC204, 0F52B0, 0EE441, 0E7DDA, 0E528D, 0E6370,
0EB4D1, 0F2D70, 0FA43D, 0FF6DC, 102050, 100EBE, 0FF874, 0FD6B1,
0FCC89, 0FFAD4, 104233, 10AE44, 11268F, 118566, 11BB18, 11A754,
113413, 1083E7, 0F8FE9, 0E7CE3, 0D595A, 0C65EF, 0BBA85, 0B5E19,
0B5C05, 0B78FF, 0BA3C5, 0BA4B9, 0B6686, 0AE576, 0A4812, 09A6AE,
0925A1, 08CE03, 089A5D, 086686, 081B13, 07C4A0, 075F78, 0710A8,
06D750, 06BF36, 06BA6E, 069AE4, 065704, 05E7CC, 055AB0, 04D0E6,
04527A, 03ECB0, 0389F4, 031826, 0290F9, 01D18A, 010064, 002409,
FF62EF, FEE055, FE8595, FE4C19, FDFEAA, FD87FB, FCE636, FC1091,
FB342D, FA715B, F9FAB4, F9C979, F9DD70, FA163D, FA4219, FA520E,
FA4175, FA2D11, FA21D4, FA189F, FA1406, FA0706, F9E031, F9A88B,
F95B9E, F90F17, F8DBC2, F8B589, F8AEC3, F8B2CE, F8AFCA, F8ABB1,
F89804, F8896A, F88029, F8A43A, F8EBE8, F94396, F99634, F9B51F,
F9AEEE, F98C15, F95F7F, F9477C, F93410, F933C2, F94D5C, F96E74,
F98D6F, F9A340, F9BD8B, F9D437, F9EA04, FA008A, FA14A1, FA309D,
FA5614, FAA666, FB31B3, FBF49B, FCD3AC, FDA54C, FE3E36, FE888A,
FE8705, FE5F40, FE35E3, FE275E, FE47B8, FE8451, FED73C, FF259C,
FF4A97, FF469F, FF1EB9, FEE546, FEADD8, FE88FD, FE899D, FE9E91,
FED184, FF2DA9, FFA8E5, 00582A, 0118E4, 01D290, 02698B, 02ADF6,
02A5C3, 025927, 01F6DC, 01AFCC, 01B25B, 0218A7, 02B2D9, 036DC6,
04101E, 047EF2, 049817, 047568, 043537, 03E6A9, 03A617, 0374A0,
034FB9, 033A47, 03479F, 03739A, 03BF40, 041F8E, 04901F, 04FAAE,
053821, 05408F, 04F244, 0459D9, 038C32, 029EEE, 01C7EC, 01049B,
00738B, 0013AD, 000255, 0038EB, 00C45D, 019414, 029F70, 03C0AD,
04BB7A, 056ED5, 05925B, 053DFA, 048787, 03A4FC, 02D382, 02306F,
01CB91, 019DF1, 01A28F, 01C194, 01F8B9, 0254F8, 02C71C, 034F4D,
03E157, 0477CD, 051209, 05B47F, 064610, 06BFCF, 06F8EF, 06F0A1,
06A7D2, 060E62, 054A40, 0457DD, 035941, 0271D6, 01C5F8, 016EAA,
0172B1, 01C0DF, 023761, 029CA6, 02BF20, 0298DE, 02380C, 01C5B6,
017340, 014DCB, 014F96, 017155, 017B88, 015CC3, 0114C5, 00A2A0,
00388D, FFC85D, FF62DE, FF0F95, FE9FD6, FE40C9, FDD654, FD6A22,
FCFD0D, FC847D, FBF940, FB5206, FA9CF2, F9E1DE, F93B9B, F8C353,
F88091, F86A41, F8612A, F83396, F7BE40, F7057B, F6248E, F5628F,
F4D712, F49113, F4A3DD, F4DC1F, F51B79, F53550, F4FFDF, F47503,
F39D2B, F2A7BB, F1A8EC, F0B2D9, EFCED5, EF027D, EE65C3, EE1593,
EE370D, EEBBC6, EF88B4, F0696D, F121EE, F188F3, F1949D, F14582,
F0CC9D, F05A44, F01091, EFFAA8, EFF0A8, EFDD33, EF960C, EF1A43,
EE9C44, EE38FF, EE3EEE, EEB4B2, EF8ED7, F0B269, F1C47D, F2998F,
F318A8, F3505C, F365BB, F379B5, F3A92E, F3FB16, F46134, F4DCD6,
F55118, F5BA6D, F610E7, F65618, F6989E, F6BAA4, F6D0D6, F6DD52,
F6EFFA, F7369D, F7A804, F86DA7, F96B14, FA8EB6, FBB68C, FCACA0,
FD70C6, FDEF7F, FE5803, FEB7F4, FF2896, FFACEF, 00415F, 00E548,
019A9F, 023FF8, 02CC26, 033EC5, 0390AA, 03D711, 042736, 049915,
052317, 05DF24, 06B705, 07ACFB, 08B9C9, 09C247, 0AB382, 0B7102,
0BFB36, 0C5760, 0CA0E4, 0CF8E1, 0D6E2B, 0E0370, 0E99D0, 0F19F2,
0F6401, 0F7670, 0F4D39, 0F023A, 0EAA24, 0E546A, 0E2931, 0E13A5,
0E1537, 0E1B79, 0E2732, 0E3E08, 0E6FB9, 0ECBE3, 0F4C19, 0FD70B,
105905, 10A87D, 10C5B9, 10D9F0, 10EB9F, 1122DB, 116001, 119640,
11A239, 116956, 10FAA0, 105BBB, 0FB34D, 0F25E9, 0EC647, 0E9CA3,
0E9B86, 0E9869, 0E701C, 0E2180, 0DB3F2, 0D3E16, 0CD866, 0C7F93,
0C3193, 0BD385, 0B5D88, 0ACCE3, 0A2D81, 09A91E, 093231, 08FD67,
08E995, 08EDF2, 08ED41, 08D077, 089CCA, 084315, 07EA5A, 07A14B,
076E70, 073FDA, 07058A, 06B2FF, 064D78, 05D907, 05595E, 04E6A6,
0472D4, 0409D6, 039966, 02FD19, 023758, 013219, 0020B8, FF1A9F,
FE3FCE, FD94F6, FD10DE, FCBCCE, FC7BD7, FC5384, FC42ED, FC3426,
FC2FF4, FC1EB7, FBF41F, FBB7F9, FB6BC5, FB1E30, FADB28, FAA93B,
FA8D69, FA82FC, FA85F7, FA8677, FA6CBB, FA24A6, F9BC54, F95C30,
F90A12, F8DFCF, F8DC3F, F8FC0A, F91E9D, F94269, F962F0, F98094,
F9A7C6, F9C19E, F9DDDC, F9CEF6, F9A707, F96728, F930E2, F923E7,
F945C9, F99769, FA0521, FA5FAF, FA7D48, FA6188, FA0165, F986A8,
F927DA, F9015B, F923EB, F9938C, FA281D, FAD08A, FB745F, FBFFC5,
FC8520, FCF7E2, FD6680, FDDB52, FE4BAD, FEB691, FEFECB, FF275E,
FF2179, FEFC46, FEDAC6, FEC06C, FEB90A, FEBF52, FEBA75, FE979A,
FE6C1D, FE3926, FE2C39, FE5F1F, FEB346, FF0EBA, FF53D0, FF728E,
FF8B55, FFBBAB, 00283D, 00E090, 01C536, 02CE30, 03A5E9, 043B1C,
047901, 046079, 03F830, 036587, 02D9B1, 026A77, 023DEE, 0234CD,
026A38, 02E3A4, 0395CE, 0462D3, 053711, 05E3CC, 0641FA, 065296,
06177F, 05AF4D, 052F7E, 04AC09, 0436BB, 03C842, 036134, 02E785,
025B57, 01D513, 017293, 0147D0, 018266, 022ACE, 031554, 041CA7,
04EFDA, 05750F, 059967, 055114, 04C70E, 041424, 035F90, 02BE07,
0236C9, 01D760, 01A21F, 01A5CA, 01D818, 022FD4, 029B75, 03118E,
038E4C, 041224, 048791, 05052D, 0587DA, 0605D5, 067FFE, 06CF94,
06EF17, 06C4D4, 065885, 05C0E2, 051EC6, 048C55, 04213D, 03D4E6,
03ABCF, 038904, 036043, 0336D9, 030431, 02F48D, 02ECE6, 02FF1A,
031851, 033CD3, 0360AE, 03740C, 037F43, 037926, 0363C9, 032F9D,
02CA99, 0232E9, 01845A, 00DA9B, 00559D, 0010A5, 000B1B, 002C32,
00358B, FFFAFE, FF774C, FEA622, FDACCD, FCC8B6, FC1EDD, FBC403,
FBAB08, FBAA12, FBA0AC, FB6B1B, FAED1C, FA4913, F99AB6, F907FE,
F8B595, F88FDD, F892B7, F88FA2, F85EE0, F80182, F77190, F6B5C0,
F5E980, F4FDA5, F40503, F30EB3, F22D0E, F19175, F13B03, F14B59,
F1A8C5, F23108, F2BEA5, F30861, F2F7C0, F28CE1, F1E4A1, F13943,
F0AB68, F05E90, F0578E, F07BB3, F0A338, F09A38, F0616B, EFEAFD,
EF66AC, EEE366, EE8739, EE6907, EE79BD, EECC76, EF487E, F0043C,
F0DA75, F1B5AE, F26033, F2D69C, F31515, F33678, F3511F, F364D5,
F39121, F3B837, F3DE74, F40D4C, F42A14, F43E61, F44DD2, F449B0,
F45D52, F4934B, F4F310, F57A75, F62907, F6EAD4, F7AE24, F8872F,
F952B0, FA2B06, FAEDB7, FB9494, FC1EC5, FC8940, FCE632, FD4293,
FDAD2F, FE2C3E, FEBFB5, FF51D0, FFD795, 003FF6, 0080B2, 009949,
00B466, 00FCB8, 017F79, 02560C, 035B1A, 0466D2, 056DC6, 065328,
07293D, 07F5AA, 08C597, 09A829, 0A9E0B, 0B8F7B, 0C5829, 0CDD31,
0D1A9E, 0D29FA, 0D239E, 0D1843, 0D11DC, 0D0769, 0CF7FB, 0CE02D,
0CB295, 0C8D45, 0C8429, 0CBF12, 0D3560, 0DC648, 0E5C67, 0EBF86,
0EEF1D, 0EE53C, 0EC978, 0EDD49, 0F2826, 0FB681, 10582E, 10EEB3,
114C88, 11586C, 113367, 10E140, 10854D, 103036, 0FF238, 0FCC4B,
0FC024, 0FADCE, 0F9A9D, 0F8BEB, 0F7878, 0F6D12, 0F57E0, 0F22D8,
0EC972, 0E3DC6, 0D8E3D, 0CEA6F, 0C4D4C, 0BE992, 0BB00C, 0B9348,
0B84AE, 0B49BB, 0ADCF3, 0A4915, 09A648, 091BC6, 08CFFC, 08C047,
08E4EB, 090662, 09032E, 08FB3E, 08DA26, 08AFC3, 08807A, 083927,
07DEDC, 075B55, 06D4F0, 065269, 05D43F, 05625F, 04E6B8, 043FBC,
0368AC, 025835, 012760, 0004FE, FF0D5C, FE63CC, FE05C5, FDE551,
FDEAAB, FDF6FE, FDEFEB, FDBFAD, FD609A, FCE92D, FC7012, FBF653,
FB91A5, FB42EA, FB0AE2, FAF820, FAEBAA, FAF95A, FAFF87, FAF734,
FADA74, FA9762, FA363B, F9B8C8, F93A13, F8D315, F89D42, F8A320,
F8D841, F9190D, F94A2D, F957D5, F940A0, F90C74, F8E6B2, F8EAE3,
F91038, F95A07, F9A0EC, F9CC35, F9E0BC, F9C4C8, F98A6C, F949D5,
F90D58, F8E5D7, F8D2D9, F8D53C, F8DE0B, F8E618, F8FA83, F91D81,
F9581C, F9A41F, FA034E, FA79DF, FAF619, FB8739, FC2806, FCE889,
FDC53F, FE9046, FF424F, FFB2B5, FFD42B, FFA276, FF1D20, FE87FB,
FDF5F3, FD8FAF, FD5F7B, FD5B5D, FD63E1, FD5A1C, FD50BF, FD3C6A,
FD5089, FDA0CC, FE2A9E, FEF193, FFD73D, 00AF7A, 016E63, 01E224,
021496, 020AD7, 01C6AA, 01839A, 014A3E, 014152, 0157F3, 01A35F,
022526, 02CA3D, 039674, 047288, 05307E, 05B1B5, 05D7E9, 05A18B,
05467A, 04DD69, 047B8D, 043242, 03F039, 03B7BE, 038461, 0342AB,
02F4E1, 02AFF9, 028CED, 02A1BF, 02EDF6, 0361A7, 03F286, 047879,
04D888, 0505C9, 04FED6, 04C6AD, 046DF4, 03F9B8, 03804A, 031573,
02B8EF, 0287BB, 027555, 02832B, 029F03, 02A2C6, 027F6B, 023FBB,
01ED3B, 01D060, 02035D, 02A034, 03A33E, 04BCDB, 05E166, 06A616,
070EAB, 0712AE, 06C4FE, 065F49, 05E743, 0576DF, 051E03, 04C94D,
0477E1, 042C5A, 03DE88, 03A982, 038417, 036FCB, 035E40, 034E6B,
033E83, 032E02, 033990, 03617A, 03A4E1, 03F5FF, 04290E, 04322C,
0414A2, 03C60F, 036EA9, 0315CB, 02DC56, 02E15C, 030906, 032B11,
03180A, 029799, 019928, 00595F, FEFEF3, FDD8AE, FD108F, FCA77F,
FCA32E, FCDFD8, FD3499, FD860B, FDC1BF, FDDC28, FDCC4A, FD8E82,
FD1EC9, FC8B90, FBD673, FB0C1B, FA5109, F9AC6F, F924F6, F8B66F,
F85569, F7D796, F72835, F65DD6, F571B8, F49F68, F3F5CA, F3985F,
F37A5A, F388D4, F3B3C5, F3E25F, F408C9, F414E4, F40893, F3DB79,
F39881, F331E0, F2C818, F24737, F1C863, F13B95, F0B4D0, F038B4,
EFB672, EF4558, EEC09F, EE4DA9, EE00A1, EDECF1, EE2064, EE8C6C,
EF10CC, EFAC9A, F03867, F0BE1C, F1401E, F1B6C0, F23478, F28ED2,
F2D5BA, F2F601, F2E733, F2D1FE, F2AB9E, F28A29, F2698B, F2520A,
F260AF, F2975E, F2E03C, F31842, F35194, F3806F, F3C134, F4399A,
F4DF52, F5A8C6, F669C5, F717BE, F7B591, F84D91, F9006F, F9D2C7,
FACCD0, FBCC34, FCA1BB, FD2917, FD6094, FD4D8B, FD0D3D, FCCA46,
FC9B06, FC9550, FCCE22, FD31B1, FDC0D6, FE854A, FF66F6, 007E33,
01A634, 02EDDE, 043C17, 056D0D, 067076, 0741F0, 07E8BB, 086533,
08E807, 096D5A, 09FDBD, 0A933F, 0B0D91, 0B6180, 0B7F49, 0B6D96,
0B3E2E, 0B1A70, 0B1B9B, 0B479C, 0B9A49, 0BE6E8, 0C21CA, 0C415A,
0C582E, 0C72FB, 0CB921, 0D1EE5, 0DA9BF, 0E373A, 0EA8DF, 0F0266,
0F3F0A, 0F7CC3, 0FAEBA, 0FEECE, 101118, 101CE0, 100142, 0FCA55,
0F93EF, 0F6F03, 0F86C2, 0FCC8A, 102F67, 108999, 10ACBD, 108DF5,
102FBE, 0FACA5, 0F1F69, 0EA8A6, 0E5ABF, 0E1FA7, 0DEC8D, 0DB48C,
0D6EED, 0D1E1A, 0CBA3A, 0C4586, 0BCCE6, 0B5D1B, 0AE05E, 0A7732,
0A120E, 09BA8E, 09828C, 097CBB, 09A055, 09CEC6, 0A0AB1, 0A0D04,
09F1DD, 09AC8B, 094FE2, 090617, 08BDED, 087926, 0823C8, 07AF11,
070F8B, 064DCB, 057FA9, 04A352, 03E231, 03388F, 02AE05, 0233CD,
01B6B1, 01267A, 00788E, FFB94B, FF062D, FE749F, FDF75C, FD97BA,
FD455D, FCFA50, FCD610, FCC088, FCCE18, FCDF25, FCCB7D, FC9026,
FC110D, FB6C64, FAC084, FA36DE, F9F7DE, F9FFEA, FA47AC, FA9998,
FAD4C1, FABB53, FA55DB, F9B083, F8F214, F85610, F7E9F3, F7DBF4,
F812A2, F880E2, F8EDD6, F95012, F995F0, F9CAED, F9FA97, FA20D0,
FA39D4, FA19E1, F9CC0E, F95CB4, F8D342, F85538, F7EB59, F7AEC2,
F78C1E, F78430, F797C6, F7BF94, F81555, F8A30D, F961F2, FA5091,
FB5791, FC5316, FD3484, FDBF64, FDF632, FDDDB5, FDA562, FD6CEC,
FD47D3, FD5353, FD6FE1, FD9D28, FDD18E, FDED96, FDE8AD, FDCA8E,
FD9C79, FD7733, FD748A, FD8EA4, FDC6C3, FE0CBA, FE4DEB, FE7F31,
FE990E, FE9F83, FE8133, FE576E, FE3257, FE4E73, FEB76A, FF80CD,
00A48A, 01F85D, 034373, 044331, 04EB40, 051EE9, 04F88E, 04A575,
044C67, 03FCF4, 03B896, 03867E, 035790, 03315B, 0315D4, 030A8E,
031626, 03281B, 034AFE, 036A8C, 03862A, 03A0C7, 03B603, 03E93A,
043014, 04929C, 04EE75, 052008, 051E36, 04CA3A, 046B84, 04102C,
03D137, 03C7EB, 03B916, 039BF7, 034123, 02AFE3, 02010F, 015733,
00EDDB, 00DE52, 015082, 0211F9, 031775, 040ECD, 04DA65, 056993,
05B1FC, 05C0C3, 059FBB, 057278, 05507F, 05495C, 055D1D, 059280,
05E0CB, 063536, 067E71, 0695C4, 066EE0, 05F313, 052643, 042764,
030D93, 021DCD, 018EE8, 016D5C, 01C0A4, 027E2C, 035F37, 043864,
04E174, 055CD9, 05A956, 05DEA1, 060BA3, 061328, 05FC93, 05A91D,
052C44, 048E75, 03BCF3, 02EA25, 0204A6, 011DC8, 003F0E, FF6A74,
FED189, FE6DE1, FE55FB, FE7CB8, FEBD97, FF1D74, FF7412, FFAA5A,
FFC1A0, FFA05F, FF5569, FEE8CA, FE69D8, FDE6C1, FD5E20, FCCCAC,
FC2355, FB7307, FA9AD2, F9AE15, F8C082, F7E019, F71B47, F673A9,
F5F38C, F59C6C, F57038, F567A1, F588DF, F5CF2A, F61BB3, F65CEB,
F670D3, F655AA, F60E6A, F5A4AB, F528EA, F4A0DE, F40E9B, F362BD,
F290BD, F1A2FC, F0BE40, EFE578, EF4158, EEE791, EEC502, EEE418,
EF212D, EF63D0, EFAFCA, EFF38A, F03EDE, F08CE5, F0DA89, F13128,
F17D80, F1BDFC, F20182, F25587, F2B9A7, F32846, F385BB, F3BBDA,
F3BDFD, F37F72, F31F71, F29A3B, F21830, F1BC21, F19F1E, F1CAE4,
F22A92, F2AF36, F34078, F3D4D0, F479FB, F532E4, F60AA9, F70E5A,
F81806, F915A6, FA00C3, FABF30, FB4B15, FBAA56, FBD459, FBD011,
FBA00A, FB48B5, FAF139, FAA9A0, FA935D, FAD507, FB6A70, FC60CD,
FD942C, FED6A1, FFF009, 00C406, 01678C, 01EA2B, 0284D4, 0349F0,
044DA5, 057A31, 06B52A, 07D6DF, 08C1AC, 096F63, 09D74E, 0A165F,
0A3B00, 0A40EA, 0A3C3C, 0A260D, 09FF52, 09F1FC, 0A0AC3, 0A5EC8,
0ADE48, 0B75CF, 0C0D10, 0C7B88, 0CC5F6, 0CEB61, 0CFF24, 0D2024,
0D562B, 0DAB5E, 0E1251, 0E7A9C, 0ED1BA, 0EFDEE, 0F0A1F, 0F10A8,
0F2DFE, 0F6662, 0FB7AE, 101D59, 106D19, 10B058, 10DBB3, 10DE15,
10D2FD, 10A04A, 106C1F, 1043B8, 101731, 10094F, 0FF3C5, 0FE42B,
0FDD5B, 0FB167, 0F5EA9, 0ED4C7, 0E21D8, 0D58C8, 0C9957, 0C131A,
0BD599, 0BE4B0, 0C2050, 0C5F86, 0C7815, 0C520E, 0BF286, 0B6471,
0ADBB3, 0A7495, 0A4194, 0A4F2F, 0A7599, 0A9C84, 0AB01A, 0A9DFA,
0A68CD, 0A138D, 09AFA7, 093517, 08A945, 08033A, 0749E1, 068CFB,
05DA74, 054195, 04CAD7, 0470B2, 0411C7, 039AAB, 02EA16, 020BC2,
010892, 001CBB, FF627C, FEEA51, FEA65D, FE79A4, FE4C8B, FDFD75,
FDA646, FD3D14, FCF09A, FCD73C, FCF35D, FD3DD3, FD8101, FD8841,
FD4E76, FCA7F9, FBBE21, FACB22, F9D213, F925C5, F8B7F5, F8A39D,
F8E7BC, F94C8D, F9C11C, FA2849, FA79F0, FAA249, FAA37C, FA8700,
FA48B5, FA0BD4, F9C7FC, F98F1D, F95FF3, F92A60, F8F022, F8A04E,
F847F7, F7EDBF, F7A6DA, F78367, F7945A, F7E9AA, F85F12, F8FE74,
F995CB, FA2AD9, FA9ABE, FAC13A, FAB877, FA8FC2, FA6692, FA644C,
FAA016, FB20AE, FBD7B3, FC9D8A, FD725A, FE3892, FEE31E, FF4C7C,
FF675F, FF3988, FECD5E, FE53D8, FDF4D1, FDBE6C, FD9828, FD70CA,
FD1F85, FCA35B, FC11AA, FB8688, FB376C, FB4449, FBCAAD, FCC06A,
FDF861, FF438B, 006C4F, 015F53, 020CE4, 028A5C, 02E1D0, 032510,
035F0D, 037C15, 038488, 037572, 0354CB, 033D27, 032801, 0318B4,
030180, 02CCA2, 028DA3, 024396, 020F52, 0214D6, 026263, 0311A4,
040400, 04FEA1, 05C93E, 062D51, 061507, 0598ED, 04F13A, 04456B,
03DABF, 038FA1, 036871, 0353A2, 033352, 032063, 02FF9C, 02F1EF,
02DBCD, 02C2C4, 029BA1, 0260D8, 022E03, 0205DA, 01F793, 021135,
024E02, 02AEBB, 032C0F, 03B84B, 044D7B, 04DEFB, 055F1C, 05E470,
066FB8, 070248, 0770C0, 07A54D, 078E53, 07228E, 067FBB, 059484,
0485C8, 037740, 028553, 01D615, 017B56, 016D7C, 01AF77, 022824,
02CFC1, 039B61, 0473DC, 0540BB, 05DDC1, 065573, 06965E, 06B9BE,
06B4F4, 068F53, 06416C, 05BE2B, 050CED, 042EE8, 0339C8, 023EF2,
015B62, 0099D8, 0008FB, FFA889, FF6E36, FF5228, FF58C7, FF6D9B,
FF9F6A, FFE7A4, 003367, 00899E, 00BDDA, 00CC35, 00A7CE, 004376,
FFAEE3, FEE3B2, FE0AD7, FD2321, FC25F7, FB2263, FA069E, F8FF35,
F829ED, F78E22, F7399C, F71DBF, F7410F, F775A5, F79F52, F7BC6E,
F7BB88, F7A21E, F77678, F74293, F70FF8, F6DE59, F69D27, F647BB,
F5DD75, F539D4, F47F02, F3B077, F2D775, F20616, F12F68, F0738A,
EFD5F7, EF6110, EF22C5, EF13EF, EF3120, EF5C2F, EF903F, EFBE83,
EFE612, F01BFD, F06E4A, F0DE09, F168FC, F206D6, F298CB, F314CF,
F34FCD, F34A5B, F302AB, F29182, F21858, F19E30, F132B9, F0DAA5,
F09D2E, F088AB, F0A1B0, F0ECBD, F17028, F21A20, F2DDDD, F3A5C2,
F454D3, F4F152, F5844B, F61E2E, F6D6A4, F7A115, F86653, F90FF6,
F980BF, F9A8DE, F99398, F952A3, F90D18, F8EE72, F906B6, F94CB5,
F9B2D1, FA2150, FA897C, FAF9F5, FB7448, FC0908, FCCC9F, FDB71C,
FEC484, FFEECB, 0117B1, 0241F7, 0351CC, 043F03, 0512C1, 05AA91,
0626BA, 0684F3, 06D2C0, 071C09, 076A18, 07BC1D, 08161B, 087836,
08C575, 0900F9, 092539, 093D46, 097279, 09C808, 0A488E, 0AE020,
0B6CB0, 0BD789, 0C1B02, 0C36CA, 0C3C62, 0C3684, 0C2923, 0C3366,
0C5E23, 0CAE3F, 0D1FF0, 0DAD46, 0E47FE, 0EEBA7, 0F845F, 0FF5D8,
1037D1, 103C27, 101619, 0FDBC2, 0F9C09, 0F8AF7, 0FAC75, 0FF395,
105ADC, 108279, 106E0C, 100EE8, 0F69DD, 0EB46A, 0DF29E, 0D6C0F,
0D273F, 0D23BC, 0D5420, 0D7679, 0D7969, 0D3CB0, 0CCDFB, 0C6080,
0C0500, 0BD96C, 0BDBC1, 0BE783, 0BE1D8, 0BC737, 0B9BF7, 0B624A,
0B1FCD, 0ADB52, 0A8717, 0A274C, 09CC23, 097D1A, 094A8B, 0948E2,
096D46, 09931E, 09A3E7, 097A51, 08FB47, 082E27, 07202F, 05ED8A,
04B94D, 03A343, 02D1DC, 023C1A, 01CC84, 017495, 010CC7, 0098BC,
0016DE, FF97AC, FF491D, FF1DA8, FF1054, FF1619, FF1E93, FF0D1D,
FEC1F4, FE3AEF, FD6F9B, FC8BE3, FB99A9, FAC3F6, FA3404, FA05D0,
FA3F7F, FAC160, FB67E8, FBF52A, FC35FE, FC1363, FB9529, FAEADC,
FA3C7D, F9A92B, F947CD, F91CB8, F9038D, F8F654, F8EEFB, F8E1C5,
F8E28D, F8E1AF, F8DE08, F8E585, F8F451, F906A1, F91207, F916DB,
F91CA0, F91655, F9049A, F8DBF2, F88800, F82147, F7BC77, F77654,
F77335, F7B896, F8642B, F95F1E, FA9988, FBE51F, FCFCA0, FDC1D9,
FE2B47, FE5939, FE6ADC, FE8202, FEA9A2, FED49F, FEEB43, FECD97,
FE647A, FDB710, FCD692, FBE9FA, FB0F0C, FA6B70, FA1100, F9F8A7,
FA3967, FAC11C, FBA9A2, FCD680, FE3318, FF9F53, 00D28F, 01B33C,
02276E, 023D15, 0219AB, 01D788, 01A52E, 01909A, 019C67, 01C3A1,
01E942, 01FF9C, 02081F, 021108, 021C46, 024159, 029125, 02F85F,
036D98, 03CFA8, 042265, 0458F4, 046D79, 048324, 0485C6, 047FBA,
047DF9, 0470F0, 047492, 047BAB, 047DE3, 048752, 048501, 047839,
0455D3, 040761, 039521, 0302F7, 025E78, 01CF7F, 0165C8, 013796,
014581, 0172BC, 01C5BB, 021BBE, 028599, 030A4C, 03ADEF, 046CA7,
053EEC, 060E93, 06C8D7, 0767F7, 07C813, 07F73F, 07DEF1, 0776E8,
06D395, 05FD94, 04FCA8, 04037F, 0330EE, 0294F4, 0241F8, 022CEA,
0256B4, 02A0E2, 02F657, 035B43, 03B1A4, 041F64, 04A83E, 054810,
0607E5, 06BCBD, 074C72, 079A41, 0795CB, 074029, 069DF0, 05C4A6,
04BF3B, 03B11B, 02A52C, 01C1FF, 010ED6, 009D34, 007867, 008B4B,
00DCE8, 0134E1, 018432, 01C0F3, 01CF4F, 01CAE9, 01B02C, 019B24,
0187ED, 016399, 012DFB, 00B848, 0005C5, FF288A, FE2C25, FD23C5,
FC2778, FB6031, FAC1D1, FA5152, F9F729, F99D6C, F94844, F8F045,
F8A84F, F874D6, F85D7B, F85EA7, F86B84, F87EF9, F8933F, F8A671,
F8B547, F8B71F, F8A815, F857BC, F7ABB2, F6A7E1, F558E5, F3F763,
F2A6D0, F1A3F5, F0F827, F0A32D, F0881D, F083C9, F07E7F, F067B9,
F03EF5, F01F05, F01F19, F03CC4, F08FE4, F0ECA1, F164F5, F1DDF2,
F23FFD, F27AD7, F2864F, F27436, F24007, F1FEDE, F1B1F4, F15C15,
F110A8, F0DCB1, F0CA71, F0D56E, F0F314, F1070D, F11425, F11B8E,
F132F2, F17D05, F20187, F2C132, F3A285, F48ACE, F53874, F5C866,
F61D5C, F66283, F6AC40, F6F8B7, F74FA6, F793AF, F7CFB7, F7EFFA,
F811A1, F83066, F84E5A, F8652E, F876C3, F87DC6, F891D1, F8C8EF,
F93672, FA07E1, FB329D, FC9D16, FE18B1, FF6815, 007474, 01242F,
01918C, 01D2EF, 0213BE, 027C3D, 03124F, 03DD39, 04C30E, 0597C7,
06444D, 06BB35, 06F092, 071D93, 07585B, 07AC36, 081B08, 088A7C,
08F0F3, 093972, 09751E, 09ADC2, 09D8A6, 09FF7A, 0A0B13, 0A160A,
0A2B89, 0A60EE, 0AB083, 0B2922, 0BB7BC, 0C55BF, 0CF8CA, 0D79FF,
0DD5E4, 0DEF65, 0DFB73, 0E109B, 0E5535, 0ED8AB, 0F7BA7, 10350B,
10C75D, 1116B7, 11115D, 10A8B1, 1001F8, 0F2956, 0E596F, 0DC42C,
0D8536, 0D946B, 0DCD6A, 0E054C, 0E269C, 0E386B, 0E2457, 0DFDB8,
0DD543, 0D9B3B, 0D6406, 0D20C6, 0CE80E, 0CABBD, 0C7165, 0C2F10,
0BE50A, 0B8684, 0B1B73, 0AAC92, 0A489C, 0A27C7, 0A3A4D, 0A8E30,
0AFCB5, 0B6ACF, 0BB29E, 0BA34C, 0B4BC5, 0AAE55, 09E841, 09183B,
083541, 076113, 06B274, 062E0D, 05D291, 0587E9, 0548B2, 04F3FA,
04804C, 03E62A, 032ADB, 026660, 01A8D1, 010DA2, 0093A5, 0036DB,
FFD6D8, FF5C1F, FEBE15, FE00A3, FD3700, FC9031, FC2ACF, FC1870,
FC654F, FCE73A, FD7508, FDED40, FE0BEE, FDBF3C, FD2EC6, FC4F79,
FB55AD, FA6E78, F99B8E, F8FEED, F89DA1, F87AE0, F89B12, F8EC3C,
F95D7B, F9D3C1, FA2552, FA3261, F9F4B3, F97D59, F8FBA9, F89B3C,
F88247, F8B844, F9126D, F95464, F9511C, F8FF2A, F8560B, F79376,
F6D43B, F6470E, F5FF18, F5F527, F6351C, F6BE9C, F78DF7, F89788,
F9E3F2, FB4AC3, FCAD09, FDD9FC, FEA302, FF1132, FF1286, FEBF82,
FE4246, FDA811, FD0D34, FC7304, FBD4FF, FB35B5, FAA3B6, FA2E82,
FA00D1, FA174E, FA7A98, FB1768, FBC033, FC66C4, FCEBEA, FD4B9D,
FD8F03, FDD014, FE1F24, FE6ECE, FED4A2, FF3FD0, FF9EDB, FFF544,
0031C0, 0066FF, 00A50B, 00D6BB, 0107B0, 013501, 01459E, 01575C,
015E2B, 016EDC, 019BFD, 01E2C4, 024797, 02B001, 030CCF, 03511F,
037687, 039341, 03BA31, 03FD10, 046359, 04C141, 05085E, 051EFB,
04F144, 049923, 041380, 0372C3, 02D1F0, 02292C, 018F96, 011ADD,
00C62C, 00A3F3, 00AC6F, 00E852, 012D79, 01770D, 01C0FB, 01FC3B,
025176, 02C609, 0375DB, 044836, 053A31, 0625E7, 06E080, 074F0D,
075BB4, 0711FC, 068BB9, 05DCED, 05227B, 046CB3, 03B73A, 0318D6,
0297AA, 0239FE, 020AE2, 021A22, 026131, 02D9BB, 036F45, 040C1B,
04A128, 0519CF, 057C62, 05CB3F, 0617D4, 065CF5, 0695AF, 0691EA,
063B89, 059537, 04B14B, 03CAFB, 0310A0, 02A6F7, 0286A9, 0298A5,
02BC06, 02BC3F, 029828, 02489A, 01F029, 01A976, 017FEB, 0184DF,
01A711, 01E22B, 021CB5, 023053, 0212D1, 01CA51, 0152F0, 00C620,
001FDA, FF68AA, FEA291, FDC2DA, FCDF01, FBEE9C, FB056E, FA3EC1,
F9A387, F94A88, F919C9, F91BB9, F936E7, F97465, F9C9A0, FA2A98,
FA8985, FAC202, FAC9CA, FA7738, F9E041, F90B4B, F81AE2, F7221D,
F635EC, F567B3, F4B644, F42863, F3A73B, F326D0, F2A676, F21BBE,
F18F82, F107E4, F0946B, F04E70, F04126, F072D1, F0D92C, F15828,
F1C6E8, F20D69, F21AA4, F1DDC5, F16E71, F0EB38, F07A7A, F04865,
F05B57, F0A298, F0FD9B, F13473, F134DC, F0FE17, F0A49F, F0504C,
F0269A, F03F0C, F085D9, F0F9C5, F15810, F1B887, F206D7, F2568E,
F2C01B, F33986, F3CD02, F4537C, F4CDA8, F51DB9, F56508, F5AEBC,
F60205, F65D6A, F6A2F3, F6B828, F6935A, F6492D, F5F872, F5DED8,
F61CB4, F6B4CC, F7B294, F8CE10, F9DF93, FABA04, FB44BF, FB8A5F,
FBAFE4, FBF256, FC65CA, FD1F14, FE2070, FF4BF2, 00849D, 019A41,
02781F, 0320C8, 038DC4, 03DD47, 041D14, 045D5F, 04B6EF, 052BFC,
05BD1B, 0668B2, 071FCF, 07BA73, 0837C0, 0879A2, 087A8B, 0856FE,
08170B, 07E96F, 07DFC1, 08093F, 086AAB, 08E225, 097070, 09ECB1,
0A50E9, 0AA767, 0B015C, 0B8017, 0C30DA, 0D04A0, 0DE4AB, 0EACD3,
0F45A8, 0FA112, 0FB60E, 0F9344, 0F34FC, 0EBD99, 0E461E, 0DD1FD,
0D9246, 0D8EE0, 0DC9F6, 0E306C, 0E9520, 0EDA61, 0EE048, 0EAEF2,
0E47C2, 0DDA46, 0D7939, 0D32B4, 0D1344, 0CFB0A, 0CFD40, 0CF53B,
0CD7E0, 0CA9AF, 0C5B33, 0C197C, 0BC271, 0B9051, 0B77BD, 0B7D14,
0B9490, 0BB241, 0BD078, 0BCE30, 0BA0BC, 0B371B, 0A9CC4, 09EC76,
0944E8, 08B630, 086C72, 086893, 08A60A, 0920A2, 0992E3, 09DADB,
09C481, 09397F, 0846EF, 070047, 05AE68, 045646, 033B58, 024D30,
0197CE, 01089B, 00974A, 003381, FFCE3B, FF8439, FF4376, FF1CC1,
FEFBD3, FEE4AA, FECA25, FEA54A, FE9956, FE9088, FE8486, FE6CC4,
FE22E3, FDA3DE, FCE3E8, FC02CF, FB2DA5, FA7590, FA02F3, F9C752,
F9B590, F9C8E9, F9D27E, F9CDB4, F9D041, F9DEFE, FA0968, FA426A,
FA70B4, FA9765, FA9D12, FA71BE, FA2A47, F9B9EB, F913A0, F8603B,
F78B61, F6B7FD, F60D1A, F586A3, F558CA, F573BF, F5E723, F6A12D,
F783FD, F88023, F96E20, FA2E1F, FAC5B6, FB3826, FB8D5C, FBE4D4,
FC40FB, FC9421, FCD2E0, FCE537, FCC422, FC7996, FC0EEB, FBA4FA,
FB5E5E, FB43E1, FB5097, FB74EF, FB9CB3, FBBC9C, FBCB4F, FBBCF0,
FBA29C, FB90E7, FB7DFD, FB8BC1, FBBAE4, FC1100, FCA9DE, FD627B,
FE339F, FEFE80, FF9346, FFED3A, FFF924, FFD7A8, FF968A, FF484A,
FF0C99, FEF98B, FF2A30, FF9FBE, 004149, 00EEBC, 018E29, 020484,
02600D, 02A4F0, 02E16E, 0327BE, 037227, 03B536, 040F2C, 04744F,
04D95D, 053F3B, 0562D5, 05404C, 04CDF8, 040A74, 031A14, 02332D,
016FC5, 00FDC1, 00D9FC, 00E3CC, 011179, 0126C1, 011854, 00FDA7,
00E985, 010BC1, 017F6E, 02396C, 0335CB, 043EFD, 0525B9, 05C3D1,
0611B5, 061EEE, 05F753, 05BD7D, 0568A0, 051891, 04BC42, 04619B,
040C1D, 03BF5A, 03A19E, 03A24F, 03C44C, 03F45B, 041240, 0423AD,
0415AE, 040ACD, 0423AC, 046785, 04DD12, 055BDB, 05BBF6, 05E453,
05C87B, 057DE1, 052470, 04DB16, 04BCC9, 04CFCE, 04F24A, 050D4F,
04FA25, 04B1F1, 043DD1, 03A0FB, 030034, 0276A1, 0220B3, 02102C,
023F64, 02A9FE, 0333F4, 03BCA4, 041777, 043663, 040942, 039768,
02E9A7, 020CA3, 013916, 007B48, FFDC17, FF5560, FEC823, FE2973,
FD639F, FC92FD, FBC8D9, FB19FA, FAA68D, FA7721, FA9D69, FB0498,
FB8450, FBFCD7, FC51F4, FC68F7, FC4830, FBE6E2, FB5483, FA9E65,
F9CE97, F8FC8B, F837F9, F78FED, F70604, F6A00F, F644D1, F5D092,
F52FA0, F46263, F3894F, F2C902, F24E21, F23527, F272E8, F2E3D2,
F345C8, F362BD, F32451, F2934B, F1E6CD, F14DEE, F0EF2B, F0E0DC,
F102DE, F12E55, F14BF9, F135CB, F0FD05, F0BC6C, F077D8, F05A26,
F04A6B, F0582B, F082E9, F0C162, F108B0, F15510, F19E55, F1DC0D,
F21501, F23105, F23DB8, F23460, F23096, F25859, F2AEBD, F33D74,
F3ED96, F49E80, F53178, F57BF5, F574CA, F52828, F4C2FF, F48678,
F492F4, F4F465, F58FFA, F6405E, F6E5A8, F76D43, F7D697, F81881,
F845CB, F87643, F8B553, F91DD2, F9AB87, FA5DC6, FB375E, FC1B25,
FD17DF, FE091C, FEDD6C, FF8B60, 000675, 006BCE, 00CC62, 01685C,
023A11, 0345E1, 046A4E, 056AE0, 063411, 06A03C, 06B0C0, 067ECB,
06183C, 05BA70, 058668, 058117, 05B0FE, 05FCB8, 066A5E, 06EB24,
0771CF, 080153, 0891F9, 0914E1, 099176, 0A0956, 0A7D57, 0B08AE,
0BA357, 0C51CF, 0CF277, 0D70D6, 0DBC31, 0DD0A9, 0DBB71, 0D9984,
0D8761, 0D99B3, 0DE2DC, 0E54A0, 0ED327, 0F338F, 0F67D9, 0F4BA7,
0EE038, 0E2EE4, 0D6884, 0CC132, 0C4A23, 0C1501, 0C1345, 0C4450,
0C9E2D, 0D1A3E, 0DB647, 0E49D8, 0EBD6E, 0EC880, 0E7570, 0DCED9,
0CF9AA, 0C3AF2, 0B9D50, 0B4908, 0B1FD9, 0B11A7, 0B00F7, 0ACB0A,
0A7991, 0A1918, 09CD25, 09C43A, 09F658, 0A5885, 0ACC82, 0B26BD,
0B5C36, 0B6614, 0B4DAD, 0B05A8, 0A9263, 09DBB7, 08EB79, 07CF2D,
069263, 0552DC, 0423C7, 032A69, 02700F, 01FBE6, 01B7DF, 017D00,
01443F, 00FAF7, 00BF3B, 009F11, 00A6DF, 00CD27, 00E545, 00CFBF,
00693E, FFBBBA, FED642, FDEFFB, FD207A, FC73A8, FBF7D8, FBA4B9,
FB69EB, FB4F82, FB4C2E, FB505C, FB57DC, FB5989, FB5E7A, FB5686,
FB46AC, FB20F2, FAFA7F, FACE3B, FA8E02, FA495B, F9E54A, F96B65,
F8D83D, F81EE4, F76CE2, F6D357, F66F83, F64D2D, F66418, F6AF0E,
F70D73, F76357, F7A9B1, F7DDD5, F80862, F82B9B, F8516A, F88530,
F8BE65, F91C17, F994BD, FA2126, FAC18D, FB5F6D, FBE05B, FC2ABD,
FC2C02, FBEA76, FB90A6, FB328A, FAF376, FAF1D0, FB1A30, FB5B66,
FB8867, FB8316, FB5F24, FB289B, FAF744, FAED9F, FB1901, FB76DB,
FBFE78, FC918F, FD10BD, FD6D57, FD9D8C, FDA097, FD9180, FD77FD,
FD63C2, FD601A, FD7144, FDA807, FDE280, FE313F, FE9A52, FF07C1,
FF8D28, 000061, 006DDF, 00D593, 013395, 01B4A5, 024C2A, 0311EC,
03EA2F, 04B504, 05564A, 059D59, 057C78, 04F7DA, 042B05, 034C07,
027750, 01CCA0, 01555E, 0102FD, 00CA97, 009250, 006B5E, 0057B2,
007521, 00BE6A, 013852, 01D080, 025342, 02CFE0, 032A84, 036489,
0397A0, 03AA95, 03AFEE, 03A0C8, 0389B2, 03783A, 037C69, 03AE44,
03FAD0, 044EF4, 048DB6, 04A3EC, 048D58, 04432E, 03DD10, 037E1F,
0353E4, 035D5C, 03B817, 043557, 04ABC6, 0515AC, 054CDE, 0554FA,
052AA3, 04E594, 0491A5, 045F5C, 043E3F, 044F26, 048589, 04C596,
04F50D, 050179, 04E7CC, 049225, 042463, 03979D, 030AEE, 02A0DC,
027BD8, 02C751, 035C63, 0424F4, 04DBF3, 054599, 05529A, 050104,
048561, 03EFAF, 0373D9, 030E69, 02AE26, 024B7A, 01B870, 00F346,
001755, FF2729, FE4BEB, FDA073, FD2650, FCE40E, FCBF82, FCB19B,
FCB30F, FCCD25, FCE8ED, FD0E5B, FD1F4E, FD0A5F, FCC825, FC4BB2,
FBC4D6, FB418F, FAE333, FAAD04, FA8737, FA44EA, F9C40B, F8FDD9,
F7EF7B, F6BDEE, F5A9C2, F4E7BE, F48B03, F48CDB, F4D34F, F524B7,
F556F7, F54F4E, F50EA5, F48FA5, F3F580, F3568C, F2BF44, F23C91,
F1C5F5, F16A8E, F129D7, F10822, F0F21E, F0DBC8, F0C1FF, F09CA8,
F06EEF, F030D3, EFFE69, EFE78F, EFF93F, F0458A, F0ABC6, F11C89,
F16BB8, F181FB, F16D92, F148C6, F132EC, F14ED9, F19F3D, F20AAA,
F27B43, F2D92E, F31BC5, F331D8, F32142, F30C9A, F2EECA, F2E194,
F2F256, F311AF, F362BC, F3E9D0, F49459, F55A3F, F60F14, F68AC0,
F6BC2C, F6AE3D, F68537, F65824, F63C1C, F64A90, F68F44, F7163D,
F7D1D5, F8A431, F97DA6, FA44CC, FAFB14, FBB997, FC7F65, FD5C88,
FE62BA, FF6F1F, 006F79, 01617F, 023F8D, 0305ED, 0399AF, 03F4BF,
0412B4, 03EF54, 03AECA, 03669C, 03405D, 036130, 03C9A3, 0473C8,
05394A, 05FAD1, 069B47, 0701A6, 072F8C, 072A82, 0721CC, 072BDA,
075BCB, 07AF6B, 082720, 08C525, 097DFA, 0A4F9D, 0B2B4C, 0C08AC,
0CE35F, 0DA539, 0E3491, 0E8B23, 0EA4E0, 0E88AA, 0E4B8C, 0E0156,
0DBB3D, 0D70F5, 0D2C95, 0CE80C, 0C938E, 0C4D77, 0C202C, 0C3851,
0C9407, 0D231E, 0DC080, 0E32F1, 0E6CFE, 0E6D72, 0E36B7, 0DFCC0,
0DE156, 0DE199, 0DFFEA, 0E0FB5, 0DFE37, 0DA0B2, 0D0279, 0C19EC,
0B1A11, 0A337F, 0988E7, 094484, 094F95, 09BDF5, 0A61DA, 0B2C96,
0BF85F, 0CB414, 0D4A78, 0D996D, 0D90FD, 0D28A7, 0C5D59, 0B44F2,
0A18E0, 08F504, 08030A, 075B6B, 06DF6C, 069851, 064DE9, 05EBFE,
056F05, 04D8E2, 0451DE, 03E34A, 03A011, 037723, 034CDA, 030FA4,
02A4E0, 020993, 014DEF, 007B51, FFAC76, FEF11C, FE5930, FDF2FD,
FDCF77, FDF182, FE3906, FE87FA, FEA5F5, FE8579, FE2401, FD96C4,
FD032E, FC84CE, FC2712, FC016F, FBF961, FBED1C, FBCE22, FB6419,
FACB9F, FA1073, F960EF, F8D856, F87E2B, F84C52, F82D7D, F82964,
F8248B, F8290E, F82F08, F8198C, F80874, F7D99D, F7AC24, F78897,
F78080, F7AA29, F80509, F897C2, F94D9E, F9FE43, FA81EF, FAC0FB,
FAAFA2, FA79AB, FA2B8D, F9F45D, F9FE8B, FA4AC6, FAD474, FB7884,
FBF163, FC2D33, FC194F, FBBA6A, FB5EAA, FB1524, FB11E1, FB40A6,
FB9F9B, FC1B5B, FC8316, FCD7E4, FD0B35, FD1D50, FD14BE, FCF680,
FCC972, FC90C9, FC5A23, FC310A, FC1EED, FC29F5, FC5048, FC81F8,
FCB5D0, FCE149, FD17EE, FD7802, FE0FF9, FEFCEF, 002A9C, 018EA4,
02F376, 04256E, 04F4C3, 054308, 0525E7, 04A6B9, 03F9A0, 035199,
02C660, 02737A, 024611, 024256, 0248D0, 02378F, 0215D0, 01D0DF,
01842E, 013A1A, 0103C6, 0103B3, 013266, 01A846, 0248CE, 02F085,
03722A, 03C589, 03C861, 038540, 032EF4, 02DFE7, 02BA49, 02C732,
030E8C, 0378CA, 03E476, 043615, 044399, 041D22, 03D751, 039626,
037AB7, 039BDF, 03FAE1, 047684, 04FABA, 056DC4, 05CB94, 06093E,
062033, 060752, 05C4A4, 05727D, 0522A8, 04F2D8, 04E91D, 05038F,
053B46, 056226, 055D51, 051B79, 04A069, 04022E, 03740C, 0327D0,
033E13, 03ACE1, 045B2D, 051AD4, 05B382, 061804, 063C20, 0631B6,
060EA0, 05D732, 059A88, 055F55, 051CD3, 04D88C, 048918, 041E44,
0393D9, 02EAFD, 023058, 016F4E, 00AF9F, FFF05F, FF4C15, FEBD7A,
FE6C51, FE6450, FE963B, FEF02B, FF2A34, FF33D4, FEFA84, FE8C1D,
FE2681, FDD019, FDAA26, FDA6CC, FD8C3E, FD455A, FCB2AA, FBE2F4,
FAF325, F9FCD2, F9205D, F86CB9, F8021B, F7D5D7, F7E944, F81485,
F83B01, F8469E, F820BC, F7CBC9, F7463A, F68E2F, F5BA77, F4ED95,
F438BF, F3CB2B, F3A1BB, F3B0F9, F3E012, F402D3, F3EBE8, F379A2,
F2C08D, F1D249, F0DB79, F017BF, EF9F4A, EF9227, EFD643, F059D8,
F0F4D6, F18CD0, F21BA0, F28252, F2B94D, F2C64E, F2ADF9, F2728B,
F2289C, F1F3C2, F1E4E0, F20728, F24339, F2833E, F2B85A, F2BD24,
F2B0BC, F2A21B, F2A6B6, F2E407, F34BE2, F3F7D5, F4B9FC, F57D73,
F614DB, F66D55, F66F87, F63051, F5CDA0, F558FE, F4FB12, F4B8D0,
F4AD69, F4E2E6, F56DC0, F63803, F73967, F85284, F965D7, FA5CDC,
FB24F8, FBC426, FC5497, FCEB7F, FD9359, FE6238, FF3FBD, 000F1C,
00AB91, 0120C0, 016803, 01B550, 022682, 02BA6E, 037846, 041E06,
049D99, 04E058, 04DCF5, 04BA9C, 047B67, 0451A3, 0446CB, 046542,
0496EC, 04DE0F, 05515D, 05D745, 06945D, 077A76, 0879FE, 098832,
0A6C8B, 0B0D2A, 0B72EB, 0BA5B0, 0BDDB2, 0C3686, 0CC085, 0D65F2,
0DF648, 0E6100, 0E69F2, 0E136C, 0D7381, 0CAFF1, 0C055E, 0BA2A5,
0B8E5D, 0BD21B, 0C509D, 0CEBCA, 0D948C, 0E1B3E, 0E8285, 0EC277,
0EE603, 0F0042, 0F07E5, 0EF81F, 0ECB9C, 0E7459, 0E04F0, 0D86A2,
0CFB53, 0C6DC7, 0BD86E, 0B4B91, 0AD597, 0A8EEB, 0A9A40, 0B04F4,
0BC8E1, 0CB063, 0D86BB, 0E17B1, 0E40E8, 0E022C, 0D6CE7, 0CAC4F,
0BD87D, 0B27BA, 0A958D, 0A3CC4, 0A1456, 0A1BB2, 0A418A, 0A59B4,
0A5ADE, 0A1899, 099AC4, 08E60B, 0803C1, 072899, 065B2E, 05B14E,
052FFC, 04AFBD, 04209E, 0374F9, 02A571, 01D273, 0119E8, 0096CD,
0065A3, 00791C, 00C04C, 010051, 011B5A, 01007D, 009D53, 001169,
FF7E3B, FF081E, FEBE62, FE9CE4, FE9259, FE743D, FE3959, FDD26C,
FD6159, FCD9D3, FC4C23, FBAD8C, FB0932, FA70FD, F9E23F, F9833E,
F936D4, F92649, F92758, F941DE, F94FAC, F935D2, F8F19A, F88A3B,
F8217E, F7E1A4, F7F5B6, F84B46, F8CFA9, F9483B, F9913B, F9A499,
F97F96, F93252, F8F913, F8E905, F914FA, F96ED4, F9D84E, FA42BD;
