memory_initialization_radix=16;
memory_initialization_vector=
000301, 001673, 003393, 0050A5, 00845C, 00B3B2, 00B353, 005436,
FFB019, FF14D2, FEC0CD, FEC488, FF1429, FF9211, FFC4F3, FFD723,
FFDF27, FFFC86, FFF830, FFB3B3, FFD8C2, 009182, 018868, 022467,
01E1FF, 00DA61, FFA9DD, FF96F2, 0147D6, 0427E7, 06BE5E, 07A765,
060A0F, 0264CA, FF1B5C, FE2708, FFB534, 02A140, 0513EC, 05E892,
04CA5C, 01E313, FEF257, FD4ACB, FD0704, FDF332, FF497F, 00B4DC,
01AF7D, 01A532, 01378B, 015B35, 02F3D2, 053604, 06AB4A, 06ADD4,
051527, 025D09, FF9A37, FE26AD, FE8F68, FFFA68, 015648, 0245C9,
02CD79, 032AC4, 03B329, 042D39, 04065C, 02CD18, 0118DC, FFCF84,
FED195, FDBCDC, FCE2AF, FD3AA8, FEC469, 00D5AA, 032F8D, 066237,
093382, 09D0A6, 07B95B, 0476D4, 029311, 029C46, 033C04, 027F3E,
006C33, FE1578, FD8C62, FF08D7, 0124CC, 01AA63, 008563, FFDA99,
011361, 03D36A, 0538DC, 03CD8A, 0025E2, FCF744, FCC5F1, 001133,
05E5EE, 0AB000, 0BE95D, 095286, 04CFF7, 015A59, FEF6F1, FD0196,
FB1279, FA3F47, FC000F, FF8A0E, 0381AA, 06113F, 06A398, 05B68F,
03B102, 00CC45, FC7E89, F7E37A, F5062A, F59E9B, F942A0, FDBFCD,
00A300, 01B301, 02DB60, 05BAB0, 0A6371, 0E4B41, 0EE69E, 0B97DF,
0612E7, 021CF7, 013915, 041CA3, 090137, 0DF687, 11381C, 11288D,
0E801B, 0AB5B6, 07456B, 0515ED, 04CC56, 065A40, 0A21C7, 0FF910,
161DFE, 19E674, 1988C6, 146771, 0C2848, 035CD8, FCD098, FAD5A8,
FC6A62, FFD042, 02FFC4, 0522A8, 06B1D0, 07CB37, 08DD27, 0A6AE3,
0C5E1E, 0E02CF, 0EF582, 0F8830, 106809, 12FB50, 18199A, 1F0F95,
251AC7, 2775B2, 24AF9F, 1E0C98, 164AFE, 0ED124, 091045, 05E882,
04EC59, 05AFA4, 06C3FB, 066FFF, 038AB7, FE0EFA, F82495, F5523C,
F763B7, FDABFC, 057E0B, 0B6885, 0E11C8, 0DA26A, 0B4528, 08D2FF,
06EB11, 0608E4, 052984, 0393CD, 01B430, FF8B08, FDAE5F, FCC708,
FD7964, FF1A9D, FF5AEB, FD0306, F802FA, F0D344, E8C015, E24D02,
E03F6B, E30DEF, E92221, F01767, F5DD4C, F981C8, FB2300, FBDE63,
FC000B, FC3A51, FCF442, FDEB37, FE1F0B, FD73A5, FB8357, F6F9B4,
EFD368, E7965F, E1B076, DFAD60, E0FCB1, E47385, E7C31D, EACCD6,
EE220F, F1E436, F50F01, F56C16, F2E97B, EE8923, E9FAB9, E708E9,
E69427, E89A10, EBB03B, EF0437, F321E7, F7C17C, FB6306, FBC01E,
F77104, EF6C06, E6A036, DFF8C1, DC74EA, DBD2B5, DC8C03, DE4B1E,
E05402, E1CA18, E2321B, E161D1, DFEE76, DE2B97, DCB060, DC2131,
DDB595, E144D5, E594AC, E94278, EB62EE, EC08BD, EBD33E, EB47BE,
EB3A62, EC3D33, EDC7B7, EF8C84, F1172D, F175A8, F0815A, EE9923,
ECF6B0, EC81BE, ED32B3, EE8F3D, EFAC11, EF6EDF, ED7884, EB1DFB,
EACA34, EE159F, F3823C, F89E63, FB8F11, FBD59D, FA14F2, F6C933,
F36378, F10195, EF0C08, ECE79D, EA99A6, E94C13, E9BFC7, EAFFD6,
EC8E0F, EE12B1, F08583, F4D344, FAAC66, 0098A9, 04D48B, 06A785,
062210, 055287, 05251F, 0629CF, 07D462, 0948FE, 0A1CF1, 08FC89,
05E0C4, 0211C0, FED7AE, FCF8AD, FC2EA4, FCE151, FF518D, 02370D,
03DC8A, 0341F6, 01B3BC, 01BA93, 053E17, 0B7E84, 120C22, 163BC0,
1649F1, 13AB10, 1054F4, 0E4E4C, 0DB49C, 0D3BD9, 0CCC93, 0C727A,
0CA78C, 0CBD90, 0BB4EE, 09EFF0, 08C25E, 0A1320, 0DA2E1, 1215A7,
14745E, 143D1B, 129F74, 11F926, 13DF13, 16EF8E, 1970F2, 1959FC,
169D06, 133DC9, 10FD15, 10D6F8, 1135E1, 10B62D, 0F1A84, 0DE5C4,
0E6EB6, 0F3628, 0E604D, 0AFA22, 06800E, 02B751, FFB4FC, FE06A4,
FCF419, FCD52F, FD05AE, FC619A, FA7632, F7AAAF, F59054, F59A5D,
F82D9E, FBE83F, FEF792, 001ADD, 004B6D, 00D910, 030858, 0748DE,
0BE6BE, 0E5435, 0C47DE, 063B73, FE9BAD, F7F600, F422C4, F220B4,
F123B6, F0E159, F0EE0F, F125CC, F0D65B, EFA262, EDA838, EB2292,
E882CA, E71082, E89B3F, ED2AD3, F3A820, FA0F64, FDB5B5, FDBB23,
FB04D4, F78DA9, F4F5A6, F352EF, F286F5, F26837, F2A178, F307CF,
F3787C, F44370, F600B7, F89804, FB115C, FBD4D7, F9ECC7, F655E9,
F2CC55, F10D61, F191F8, F319D2, F4B13F, F5E282, F7A76D, F9D806,
FA189E, F67015, EEC093, E5CBDB, DE463E, DAFC7A, DDA408, E45DA9,
ECD427, F3519D, F631C3, F5FEAD, F430F2, F2DF31, F298CF, F2F55F,
F43356, F716FE, FBC6E2, 004DC7, 02B715, 03458E, 029B45, 01E4A5,
01AC0D, 0234B4, 02FB8C, 0342DB, 02E0D5, 022A48, 0251DC, 0394C7,
0566EE, 06CA5C, 06C612, 0560AA, 033D41, 016500, 009F67, 020313,
065E96, 0D78BD, 15A8F2, 1BA7E3, 1D0626, 1A05E7, 152CF2, 109F93,
0EA34C, 0FC458, 136284, 17FEBD, 1B6202, 1CE097, 1CF1FA, 1C4DC7,
1B3343, 19F8E5, 19F453, 1C845C, 21A596, 280CCE, 2DDE3F, 31C50B,
335657, 336B35, 32F94A, 320DDF, 3008AE, 2C248D, 273545, 229DC6,
1F7E2F, 1ECACA, 20A87E, 240D13, 26D58F, 277942, 26BD7A, 256755,
238145, 21B38E, 2167F6, 24ED43, 2C2620, 3524C9, 3DF98E, 44F9E0,
48B4BD, 486F31, 44D449, 3F7A0E, 3A45ED, 3608FC, 3367AF, 3336C9,
34355C, 34DE47, 336EA0, 2FB3A7, 2AD103, 25C437, 218608, 1E2826,
1B1284, 179067, 141697, 11E7E6, 11F00D, 1406F1, 16F898, 19F6B1,
1C3EFD, 1D4474, 1D5E52, 1D591E, 1E6153, 20A6EC, 227CCD, 21D44C,
1E81DF, 196DCB, 11F963, 0825B0, FC9CD0, F14172, E84838, E39085,
E44DA8, E90ED2, F01FDF, F782FC, FD68BD, 01249C, 025E27, 0217D9,
011B5F, FF9F63, FE2878, FCC3E4, FB7F70, FA00AC, F7D8E5, F51E79,
F1CE6E, EE0166, E9CB73, E57075, E197B9, DEA3F2, DC2CB9, D9935D,
D7D019, D8BEA1, DCA5FD, E13EAB, E47D30, E72627, E9F149, ED9F9A,
F0C4C9, F2448A, F1D0DA, F0A061, F10ACE, F37E70, F72841, F97D91,
F94F52, F6A352, F27F35, EEDBD0, EC1FF2, EA1C14, E7C03B, E49922,
E23503, E18857, E2DBB6, E51C65, E69AC9, E71965, E77C43, E8DFCF,
E9E4B2, E8A544, E461B7, DF5412, DC5242, DCA30C, E059B4, E56E4A,
EA3E3E, ED5A3A, EF5053, F17A8A, F364FF, F42F0E, F279F6, EEB6F1,
E9C651, E4E287, E1E099, E0B2B8, E1A04C, E44220, E86117, EDF134,
F44485, FAAE11, 000B08, 032E5E, 032453, 001CCF, FBB8FF, F6D7FC,
F2637E, EF5866, ED814E, ECDA56, EC8D05, EAD0F1, E79D64, E48BC0,
E3057C, E3C17D, E5BED1, E7FCE8, E9AB5B, E9F904, EAB166, ED4865,
F291DE, F9508E, FEC7E2, 018472, 002DFA, FC4A8A, F901F0, F72903,
F6DAAE, F7240C, F7652E, F7C048, F7B065, F71ABD, F5CDA9, F4053F,
F2727F, F10A52, EFD0D6, EFC855, F1EC2C, F5B4EB, F98FD6, FC33AF,
FDF0FE, FF695B, 017F07, 047A96, 077D32, 088D48, 066FAB, 01C773,
FC4F77, F8A9B9, F87555, FC47F7, 02AEF8, 07C1FA, 092255, 06777D,
0207B6, FF0770, FE85C5, 010F06, 05990B, 09DC9E, 0CA658, 0D603F,
0CEDDB, 0C25F7, 0B29A7, 0AF8F2, 0C8D29, 1024E6, 146574, 17A1DF,
186A3A, 160CE7, 117D61, 0C2E37, 087B95, 066CA1, 050ADB, 0343F4,
004D11, FC5D04, F7C6E8, F3D8C5, F1CD69, F15274, F1E48F, F2FE1A,
F3D88F, F38FD5, F102D0, ECF543, EA5B5B, EBC99E, F0739B, F5CDE6,
F9815F, FADD2B, F99BB0, F53B35, EFF9FE, EACAC0, E67D61, E37266,
E241E7, E3D6F9, E7D06C, EC270A, EE06C0, EC6566, E7E38C, E242BF,
DD50C5, D9D5A7, D87D64, D8B5A0, DABD50, DF5C05, E6556B, EE01FB,
F3BDE8, F67904, F5A192, F164C5, EBADBA, E63B22, E2D337, E1F0F9,
E37B4C, E76299, ECE7A2, F2D18F, F769C5, F925C3, F77586, F35162,
EEA702, EB261F, E9A086, E993A0, EA345A, EABBE6, EAEEE3, EAD030,
E9F6E6, E7BF19, E3E1DF, DF7B43, DC3C7A, DBDA55, DF349E, E4E89E,
EABC03, EEE6C4, F09CBB, F021C4, EDA70E, EA53B8, E7DCCB, E70FC5,
E80ED4, EA5AD5, ED7AB0, F092EE, F32BA6, F5144E, F70AA4, F9EC7D,
FD7121, 003906, 009585, FEB4EB, FC45D4, FB1C41, FC2069, FE6FAD,
00C0F6, 0129C2, FEA70A, FA1777, F58489, F38701, F519A2, F93DBC,
FE85BD, 03EF6F, 090C8C, 0D3229, 0EEDE9, 0CE5B7, 073D09, 00D7A5,
FD7357, FEEC9C, 03C4C3, 091461, 0D10AB, 0ED768, 0F4A2E, 0FB949,
10D2BE, 131277, 15AEE4, 183572, 1A52F4, 1C10E7, 1E1531, 2085AC,
2370A3, 26C6BA, 2AC81E, 2EF477, 31779A, 2FDBFE, 299B73, 210C7E,
1A47D8, 1886FF, 1B3BFC, 1F74ED, 220D47, 21B960, 1FF125, 1E4812,
1E47F0, 209606, 24628E, 298B9A, 3031FB, 3787A9, 3D3C18, 3F9D9B,
3ED836, 3C89FE, 3AEBD6, 3B0185, 3D3FC6, 401E56, 42D6CE, 455B46,
474944, 491DBD, 4B296C, 4CD314, 4CED33, 4A9C2A, 461E94, 403263,
39A67C, 333FF2, 2D871A, 29BC68, 29567C, 2C9E15, 31E1A0, 36E157,
3A1B81, 3BADF4, 3C2BAA, 3BD059, 3B6FE6, 3A8721, 38F4B3, 35EB68,
312573, 2B743D, 25ED7C, 21780A, 1E12BF, 1B6202, 189AC7, 1500D7,
10473F, 0B2446, 06E324, 04F226, 0699B1, 0B31DC, 10A3C8, 13F2D3,
13DFF5, 127D05, 117CA4, 11AF16, 123F85, 11848E, 0F8976, 0BCE2D,
07C62E, 04DDF2, 034EBE, 0248F9, FFC890, FBE081, F6C8A2, F0CB30,
EB2A67, E6CA4C, E49C33, E3A38D, E36AE6, E3F660, E5C236, E90E7D,
ECD62C, EFBD6D, F0EB77, F0A0D5, EF5B0A, EE2D2B, ED725F, ECCCDA,
EBA68C, EA5053, E987BE, E9750E, E9BA18, EAA0D7, ECBACF, EFA38E,
F1654E, EFEDD4, EBB09E, E639F8, E229A3, DFFE6F, E00FF9, E11E70,
E14036, DFFBB4, DDE46E, DDF49C, E13529, E6154A, E9C5B8, EA4CE9,
E8A67A, E61A9D, E4D176, E54B13, E63700, E6944A, E55F80, E36919,
E158C8, DF1A21, DCE7AE, DABF7D, D9ABC2, DA9401, DE8A0E, E510A4,
EC1C1C, F21949, F63919, F910EC, FB5AEE, FD76ED, FF3785, FFBA30,
FEB868, FC3E6E, F81ED5, F329B4, EEFF82, ECF545, ED8BAF, EFBE51,
F1B33B, F158C8, ED7C7F, E7750F, E16B6B, DDC46F, DE829F, E35FCF,
EADF71, F212DC, F622FE, F6D3F8, F5621D, F3F1AA, F3E86D, F508CA,
F6AFB4, F7E56D, F7D92C, F642D2, F3431A, EF9F2F, ECA34E, EB5235,
EC7C67, F01C3E, F466E8, F70CE8, F67A22, F385AB, F0C2AB, F0748F,
F342E4, F87F55, FE19FA, 01C88F, 01C88B, FDEF9D, F9123F, F5E8AB,
F5CAFB, F85A87, FB5BC5, FDE3D9, FF0D36, FE3AC6, FB6EEB, F71093,
F35622, F25308, F45A63, F85663, FC63AA, FE95C5, FED924, FE3153,
FE0D17, FF7B9C, 0206B4, 04CE3B, 069518, 068C7B, 05F1F5, 0682AC,
09540C, 0DEF3D, 125FCF, 15019A, 13C618, 0E9507, 0700DA, FDEE39,
F5167A, EE9046, EC2CD6, EE3EDE, F27F81, F64E44, F824F9, F7FB0A,
F61CE2, F3640E, EFEBCE, EB7A33, E6EB59, E41492, E4CA00, E94108,
F0003C, F6380A, FA101D, FB130F, F9E9DB, F76E03, F39C7C, EEDD29,
E9F5F0, E5E578, E3FAD2, E4A24E, E6D396, E8666F, E80220, E5C2A1,
E2D3EB, E0B900, DFCD81, E05AC2, E2104C, E48960, E7C97D, EA650D,
EAEDCE, E959B3, E71F1E, E57692, E44809, E246C5, DF2363, DB8B6C,
D97AF5, DAD654, E02242, E8FA40, F2B147, F9CA9A, FC1A8C, FA51DF,
F7221D, F4E2A5, F49625, F5FB78, F7460F, F71997, F58145, F2A11D,
EE888F, E9A60C, E5964A, E43855, E5F909, E9722C, ECFDA3, EEBEB4,
EE6D68, ED1A73, EC0322, EC48C8, ED1F5B, ED0B73, EB3F24, E86960,
E6679D, E619DD, E7A8B5, EAC042, EEE4EF, F37AC2, F7BDF6, FACF54,
FBDD65, FA50A0, F69CEC, F3BABC, F400AB, F7E55D, FDEB94, 033707,
061B40, 05BB29, 024A40, FDBF1F, FA29E1, F90C03, FB0C67, FFB271,
0559B2, 098423, 0A0AF0, 076017, 0461E3, 030D15, 044A5D, 06B686,
08A59D, 0937A8, 0710CD, 037E0B, 009810, 01083E, 04DAFE, 09B459,
0D30F3, 0DABCF, 0BFCB9, 0B3616, 0D38D6, 121F7D, 18C641, 1F72A9,
25BD69, 2AB478, 2E4006, 302593, 2FD022, 2D8A2B, 2A08C6, 265F84,
232083, 20F6FA, 202921, 1FAE47, 1F114F, 1E7B2E, 1E7457, 1F71C6,
215FA4, 23D854, 25BBD2, 25FFB1, 24CD1A, 22C74D, 21527D, 21CF8F,
24DE9B, 2AD520, 31A486, 3709BA, 3A3290, 3BB1EF, 3E0AFA, 420259,
46CF00, 4ABAE7, 4BA33D, 4A2BBE, 479655, 451528, 432F9A, 412F7D,
3EF44A, 3CA3D9, 3A990D, 38DEF5, 3798DA, 370F38, 373126, 380727,
3959E8, 3B3FAB, 3D43BE, 3F3997, 40C500, 414B93, 40A2CA, 3F1509,
3CB67B, 399C7D, 361DF1, 327264, 2EE3D7, 2AFEAC, 263DDE, 20A711,
1B159B, 176D93, 165AB9, 16B472, 16F51F, 15D756, 13C12A, 11DD9F,
1131F2, 126BD9, 14C26F, 17D64A, 1AEA15, 1D8945, 1F890E, 20A1CA,
20365C, 1D19A5, 174A2A, 103643, 09A54C, 04C0AE, 01BC3E, 00376E,
FF7363, FE75D1, FCE101, FADE47, F8BA83, F6C766, F520A9, F3EA90,
F2E100, F1956A, F04E79, EF5CDE, EECFDE, EE632A, EE3119, EECD40,
F0A22D, F31BE1, F5183A, F60202, F5F09A, F5755F, F4F161, F4D3D9,
F5A8DA, F76208, F9171B, F94F29, F6CF46, F1B3FF, EB027B, E4EF8A,
E2010B, E2AFB7, E66A4D, EC2F53, F25FDF, F75EBC, F961DB, F7FCED,
F50024, F27B00, F1A44A, F2661B, F31A8E, F22934, EF0AF8, EA632E,
E5F23D, E2BFB2, E0FC71, E0DD43, E21BE6, E42C15, E5D180, E65431,
E6BF9E, E87901, EC7BA4, F2D1D1, FAA221, 024CE0, 07C1EC, 0997EF,
082F34, 04D310, 017965, FFAA4B, FED475, FDF81A, FC5D8A, F9ED88,
F766D2, F45843, F015B4, EACDCD, E60A56, E3CBD7, E4CAB1, E7FAD7,
EB85BF, EE0B93, EEE4CD, EEE850, EF58A1, F071C7, F1C7C1, F1D6B1,
F0B466, EF8975, EE9FAF, EE1DD2, EE19B8, EEDA70, F038CA, F13B5B,
F0F41C, EE99AE, E9DFFF, E4385E, E0090A, DFB47E, E414A7, EB1668,
F1BD9A, F5E959, F6AC38, F4EBEC, F1D857, EE4B28, EB4426, E89E26,
E73FC9, E85DA9, EC581B, F221D9, F76CFF, FA6A69, FA3462, F71657,
F1E090, EC1D2F, E76E67, E4A584, E3E1F9, E50878, E7F8E9, EC2F3E,
F0C06E, F49584, F6F007, F81D77, F8626D, F7A27C, F63740, F4F40D,
F5A0A9, F92857, FEE330, 0471C2, 078CEC, 0751CC, 0448BE, FF9552,
F9FB2C, F4F00A, F1778F, F076B5, F16A9C, F31E08, F44C64, F4483C,
F2BADA, EFB3EC, EBF6B1, E7F103, E47449, E28591, E2C889, E5673C,
EA0B72, EFB0BB, F4DF47, F827E3, F8668B, F5ED68, F252A1, EEFEEA,
ECA41D, EA8B6D, E7B777, E43776, E0EE7B, DF8907, E0F6D5, E42C32,
E7AB90, E99019, E93EF7, E7A84D, E60A40, E5EB3B, E76700, E9FA6A,
EC0347, EBCC48, E8C6AF, E35A1D, DD4541, D880DF, D5DCF7, D61330,
D9370E, DE29BD, E3A9F0, E847ED, EBA703, EE531C, F0E6AA, F2D2A0,
F3A417, F39FAE, F447EC, F70FBF, FB8127, FF85D4, 00AC8F, FE7129,
F9C9D1, F5CE8F, F3F00F, F44789, F5899E, F55370, F36A90, F0A62F,
EF17D0, EFED50, F171F8, F1E3C0, EFE87A, EC390F, E867C9, E5A9F8,
E4E75A, E5F265, E8859F, EC7731, F0E626, F47E2F, F5E7DF, F4CD21,
F24357, EFB193, EE16E6, EDE04F, EED724, F0B1D7, F32373, F54937,
F6A3A5, F776B3, F7D8E2, F7E694, F7C9D6, F7BA2A, F7F270, F8297A,
F824BD, F83274, F96D09, FD2207, 034179, 0A161C, 0F1025, 0FD9F9,
0C0B61, 05A2A3, FF470C, FB0396, F8FC2C, F89EFE, F9638C, FA3A7C,
FB09E4, FC40BC, FE1020, 00C36E, 042712, 0852DC, 0D274E, 117D0F,
14CCF5, 171DF6, 18A387, 1A00F3, 1B6FCF, 1D62B1, 201C6C, 22DB54,
24DD5E, 259A1F, 253DFF, 243153, 23148A, 22B4A7, 238C55, 24D9D9,
252AE4, 23C488, 20A5CB, 1D083F, 1A7BC3, 1A290E, 1CAD02, 203D01,
232CFE, 24993D, 24E5C3, 259A17, 276FD0, 2B28D6, 310475, 381CED,
3F3B2C, 455190, 49C4C7, 4B9B09, 4A63DA, 46B867, 42CBAE, 405738,
3F2272, 3EB8F0, 3E4EC4, 3DBD44, 3D77AE, 3D7BA2, 3E3740, 3FBABB,
42096C, 44DD71, 47EFA2, 4AC2EC, 4C439F, 4C1450, 4B37B0, 4B5C38,
4D0CE7, 4F9D90, 51C4A2, 51DC3B, 4F02CF, 48ADA6, 3FC89A, 35E058,
2C7B0A, 259628, 22390D, 21C055, 22AA44, 237874, 233FFD, 225054,
214788, 20A649, 2095C8, 20C5BC, 219645, 22AAFE, 233FDD, 2314BA,
224054, 213D89, 1FD3E1, 1E308C, 1C6171, 1A5CF2, 181258, 151ED6,
117A40, 0DB7FB, 0AE2A7, 09699B, 08736F, 06D7F2, 046142, 01C0ED,
FF62CB, FD2AC1, FA1D08, F639B6, F22C42, EF4005, EEB0D0, F07015,
F3B14D, F661D3, F70FCA, F5F96F, F41B85, F3205B, F38DD9, F4C267,
F5B594, F56EAD, F40E1E, F1D9E8, EEA745, EA2C8D, E4B053, DF6DED,
DBE2B0, DB5D93, DD7E6C, E12B54, E56B46, E9AE97, EE016D, F1B59A,
F3FF31, F46D6A, F37E29, F2498E, F0D1C5, EEFA7C, EC1FF0, E8BCE5,
E57BDE, E34540, E24D86, E1A551, E03016, DCE147, D7E96C, D263AA,
CEF14D, D026F2, D6BB4C, E119F2, EB80E3, F29325, F5BB4C, F57226,
F31D94, F00EC3, ED5836, ECD3C9, EEDCAE, F2BAB3, F66B66, F80A17,
F6F5B4, F42C04, F0C2D7, ECE428, E8838F, E3E1BF, DF9A40, DC0E1D,
D9F76F, DA794C, DE350A, E477C1, EAA24C, EE5250, EF16D8, ED204B,
E99386, E5670A, E15E54, DEEB1D, DEC333, E14BE6, E5A7BF, EA3DEF,
ED092D, EC5CD1, E84A31, E21438, DBFB87, D7C86C, D6C767, D93189,
DD3CF1, E10869, E2ABDC, E24A53, E0EAD6, DFAD5A, DFD84A, E1CBC0,
E4B956, E71418, E78B57, E6C17B, E6CE74, E8DCC6, EC8E98, EF9140,
EF634C, EB36E7, E3FE68, DCFA60, D8FFF4, D8A3B2, DB9660, E0108C,
E443C1, E74834, E893A3, E8D3FB, E8214B, E682D7, E4979C, E36541,
E4486A, E796DB, ECE063, F34092, F94E55, FD9EA5, FEFE01, FDB6CA,
FB09C0, F7E436, F58E7D, F42BE2, F34A15, F1BF1C, EEE516, EBDFA3,
E984BE, E80A37, E6804E, E4534A, E21030, E0D071, E1ECD5, E5B1C9,
EB0799, F03D72, F3807A, F46E25, F3582E, F0D15C, EE12D2, EB6D5B,
E90CBC, E6A052, E4052E, E20548, E17AD0, E2811E, E44158, E5AF75,
E6ADD2, E79609, E86240, E8E72D, E8F1FC, E8E9A2, E92EC6, E9DCA6,
EA915E, EA9C7D, E96186, E6E0EF, E40092, E18C5A, DF9289, DE33AF,
DE23E2, DFAAF6, E2A632, E5CC61, E7E5EC, E86735, E7E4EA, E76288,
E7AF3E, E968E9, EC0A88, EF0888, F209B6, F532E9, F91640, FDD92D,
02F41D, 074776, 0949C9, 083655, 0493FB, 0037DB, FD50E2, FC82E3,
FD8A6F, FFC6D1, 022274, 03E8C3, 04146D, 026E6C, FF9E34, FC436E,
F94B08, F72084, F5CAE0, F5B101, F7124D, F99CC7, FCD8BF, 003D12,
03DDDF, 07AED9, 0AE99B, 0C8B4E, 0B6A6E, 075C1A, 01CCF3, FCCF76,
FA8D10, FBC69C, FF370D, 032046, 057CEB, 05D86A, 056D39, 05CA46,
08272C, 0C4302, 114C68, 165AB7, 1A1451, 1B6A08, 19F24F, 166E6F,
12B3C6, 10CD1C, 11A288, 14AF34, 17A4C1, 17AF5E, 141522, 0DE58D,
07E536, 04CAF4, 04FFF6, 084AF4, 0D0B13, 118580, 14CB8C, 16494C,
169B3F, 16A936, 173F78, 194E3B, 1D0030, 214D70, 248338, 255F64,
244737, 238CE6, 257490, 2B15AB, 32C266, 3939FB, 3C4AEE, 3B21F6,
370C4D, 31C4AE, 2C1D70, 27258D, 23CEB0, 22C42D, 23D6FC, 26130D,
284003, 2964CE, 29622C, 28DF7B, 28D955, 29BC4D, 2C0761, 3033E8,
3538AC, 39E273, 3DCB82, 41898A, 45F1B7, 4AA13D, 4E6F07, 502970,
4F46BF, 4C3F54, 475E88, 412D8D, 3BC6EB, 393F25, 3A3645, 3D727A,
40F676, 441732, 46B46E, 496F04, 4D214E, 5131A9, 54C455, 56EE50,
57D3BF, 5836DC, 5824CE, 57DD04, 571E5E, 55ADB8, 531344, 4ED748,
4999D5, 4420C8, 3F6FE4, 3BD75D, 38FDB9, 369182, 348E61, 32D5DC,
312B5A, 2F2FC1, 2CA0A1, 2A0C5E, 2872E9, 282F02, 2891B3, 287E42,
27A0CD, 26709D, 252E20, 246CB2, 23DB14, 232F39, 21FA45, 1FF40D,
1DD6E9, 1C22F3, 1B49C2, 1ACF66, 19F30F, 186570, 15795C, 10B768,
0A403E, 0262F7, FA29B6, F2E3B4, EE0230, ECBB93, EEA874, F21AEE,
F5390A, F6D384, F67FA6, F46AEF, F1028C, EDA4F6, EC1E78, ED534E,
F113D5, F5BE31, F8B612, F81B29, F3A797, ECDCD7, E633B0, E1230D,
DDD0AA, DB4EB2, D833FC, D501B6, D36AB2, D5B976, DD1187, E7240A,
F04949, F4B75F, F35C62, EDB98D, E5A848, DF0B64, DC5CB5, DD771C,
E12CEC, E4F07E, E7023A, E66FDC, E2DAE6, DD50FA, D724AC, D132B9,
CC7934, C9F062, CA2C0B, CD1130, D1B4C9, D6DEFE, DBACBA, DFC8C0,
E3106C, E58F9F, E7A52F, E96C72, EA85CF, EA15FB, E84599, E6BDC5,
E704CA, E9744E, ECC21F, EEEE92, EE5844, EA9EFB, E54138, E001EE,
DCC178, DCB1C4, DF63F1, E38E5B, E6C180, E71D2C, E4CFFB, E116C6,
DDEEF2, DC864D, DC8485, DD57E0, DED0E4, E10DC9, E3F4E4, E648C6,
E7412C, E69F03, E47727, E12B88, DD145C, D93E32, D68B8F, D58CF9,
D5EE63, D70878, D88FC3, DA8CF9, DC9895, DDB07F, DCF844, DA8F39,
D83306, D80559, DAAD6B, DF551B, E45B5B, E83039, EA618B, EAA1E6,
E97142, E775C3, E5430B, E3B176, E2BA8A, E26D77, E29F2D, E2DAFB,
E302C5, E2D308, E20A7C, E05AA4, DDE1A4, DB726B, D9E754, D9D9C7,
DB6279, DE995A, E37C94, E964FD, EF630A, F49868, F8F43A, FC33B4,
FE2501, FE4EE5, FC9AE4, F9D981, F7003E, F4EA2C, F356AC, F182ED,
EF3519, ED1312, EB9CA6, EB1E80, EB36F3, EB61B1, EB9C39, EC1683,
ED69EC, EF9E26, F1F9DA, F36FF7, F2FF0D, F0C8BA, ED77ED, EA4EA9,
E7DB99, E60F0D, E4F9A8, E511D5, E6A905, E94AD0, EBF17F, ED2B29,
ECCB12, EBD759, EB6CE1, EB67F8, EA6A1A, E85563, E623BE, E54FC8,
E62E33, E7CF39, E929AB, E95919, E8B038, E72C29, E4E2CC, E1852B,
DD6BE6, D9AC58, D75355, D7587F, D9D770, DDB425, E0CE6B, E1C095,
E09193, DE4653, DCE992, DD8E49, DFE101, E2760E, E40137, E44E33,
E4403B, E4FD93, E74579, EB4378, F078BC, F67406, FC185C, 00061C,
0100CD, FED4B8, FA7E22, F58C74, F1156B, EE0E13, ECEF06, ECF0AC,
ED5399, ED4B6B, ECDDD7, ECF7AB, EDEE7F, EFDDD1, F2830D, F56B10,
F7E2AF, F90A2B, F86361, F5F117, F29034, EFEEF1, EFF311, F2C064,
F6A99A, F91B0D, F83253, F4AB5C, F072CA, EDE2E3, EE5DC7, F1B175,
F71A3B, FCE3F3, 0243E7, 071CB1, 0B1B6A, 0D8FFA, 0E188C, 0D1989,
0B85AA, 0A71BD, 0A6D9F, 0B34C4, 0BE13E, 0BC702, 0B7FCD, 0C2EB0,
0DF675, 0FD790, 102296, 0E6326, 0B0087, 0727D6, 041F94, 029CCC,
033044, 055D9E, 08C938, 0D13A3, 116F77, 153935, 17B849, 18A81B,
186985, 1850E8, 19F143, 1DE42F, 23C455, 2A0A34, 2F54BC, 32D25E,
345CD0, 351307, 354A51, 3495F9, 32F5C1, 306F61, 2D480C, 2972DF,
25239F, 215D34, 1F1449, 1F1C9B, 210173, 2363B6, 25904A, 27A205,
2A1A02, 2D9CB6, 325487, 380790, 3DF3A1, 42E1B3, 460110, 4707FB,
4653AB, 4465DD, 415B92, 3D8F13, 39AA80, 370DC8, 36ECD8, 39B92F,
3E82D9, 42DD23, 452590, 44F652, 4346DF, 422BC8, 43533A, 47C4C4,
4E54EF, 543FAF, 57E581, 58DB1C, 588AD2, 58816D, 58934C, 5805FD,
558AD6, 5142CE, 4CA8DC, 490F92, 47906D, 47A9DD, 48410A, 47DED4,
4562AE, 410323, 3B4268, 3570C0, 3096FB, 2CD1F9, 2A0071, 286F5E,
28AC07, 2A7DEF, 2CFC2C, 2ED9D9, 2F2BC9, 2D8F5B, 29E167, 250EF4,
20CBAA, 1EEEF3, 20B1E5, 258F72, 2B5882, 2F9B29, 301B1D, 2C0958,
248859, 1AE380, 108F5B, 0724CE, FF9C5E, FAE04A, F95B9D, FAA39F,
FDC303, 0162F2, 04304E, 05206E, 03F02A, 011DAE, FDB4E8, FAC339,
F88E3F, F70428, F60F45, F5EEED, F6E921, F86656, F8EC19, F6F08E,
F267E1, EBD85E, E48B95, DECFD8, DBCB58, DC4EAE, E03E5B, E5F334,
EBBFFC, EF9EA4, F0FF30, F0B75E, EF9806, EE7220, EDC9D8, EDFFF5,
EF1692, F09B64, F1715B, F040C0, ECA807, E73D2B, E142C5, DC222F,
D8D12E, D77943, D71447, D67334, D5EF43, D6DAFA, D9FB42, DE8D96,
E2530C, E3A85F, E25267, E05382, DFA2C3, E1261E, E46E04, E831E9,
EC3748, EFEC97, F26D72, F2CBA8, F07B5D, EC3FA3, E7F29F, E59DD1,
E598D6, E75196, E93B42, EA1FA0, E9A4B4, E7B1C9, E57918, E3970B,
E2C2FD, E29172, E27EFB, E25922, E25AB5, E2DBEB, E3A7D3, E49587,
E56A71, E61A54, E67E67, E5EAA7, E3AEE5, DFD836, DBA935, D90A27,
D94EFF, DC5924, E01AA4, E27DBA, E23EFD, DF5332, DB28F7, D6FB65,
D46164, D434AA, D5ECD2, D8C168, DC396E, DFD617, E31A43, E5A019,
E75042, E870BC, E953ED, EA7C04, EC0967, ED1107, EC629E, E988E6,
E55DD8, E1CCD7, DFD70E, DF6C9E, DF80D6, DE8BEE, DC4E4B, D94EAC,
D6F2C2, D71727, DA93C2, E112A5, E93F1E, F0F9F5, F6B8CF, F9052D,
F7E608, F5514B, F2D695, F1E2DB, F2D2BE, F4CD06, F6DCE7, F801BC,
F8082A, F795EE, F70F12, F66395, F597A7, F4FEF4, F4D824, F515D2,
F5602A, F548C2, F47889, F30A1B, F1C7D5, F169DB, F1BA1D, F24BAC,
F28932, F213FF, F0ADE7, EE718F, EC5041, EA7E3C, E8F93E, E7C5F7,
E7283D, E794C5, E9368A, EBB0DC, EE4A15, F06BCC, F1CC42, F23AB8,
F1A43A, F02418, EDBC62, EA9DD2, E74FB4, E44ED1, E1D904, E02696,
DF96A9, E096F3, E2ECEB, E5CEF3, E83789, E91860, E7DCB5, E4339D,
DEF394, D91E64, D3F5FB, D0D08B, D078EB, D2FAFA, D771C3, DC48AE,
DFCD0C, E18C96, E2237A, E2D5EF, E51535, E8EE63, ED9D17, F12937,
F26AA6, F2141B, F1687D, F1E223, F394CF, F55883, F5B76B, F3F849,
F0B825, ECE97E, EA17B6, E9D468, EC859B, F11805, F5DA24, F940DC,
FA52E0, F94305, F7071A, F48B71, F1F19C, EFAAB4, EE462C, EE1B3E,
EEDA15, EFF094, F0808E, F0003B, EF3685, EEEF54, EF9C2D, F0EF8E,
F2772B, F43CB7, F57189, F5CEF5, F65345, F8544C, FCDF26, 02F6C0,
08C231, 0C5AB6, 0C5BF0, 09F147, 06F3FE, 059C6E, 0790A3, 0C154A,
116FE2, 150B52, 14F457, 11C3D3, 0D21DD, 09528A, 07C918, 080A7A,
094F00, 0AB1BF, 0BC73B, 0C8D96, 0CB835, 0C629E, 0BD3E8, 0B3D29,
0AE816, 0B64BB, 0DB7F2, 1207C9, 178B64, 1DB17C, 23FFB4, 2A7B94,
3104CA, 36E024, 3AB7C8, 3B091E, 37AEE2, 31FEC8, 2C2DF9, 280083,
261322, 266DE2, 27DEED, 29383D, 299DF9, 28DE95, 279966, 267C79,
266D65, 282FC5, 2BFD93, 317755, 375532, 3C0F46, 3F2515, 40BB9D,
40F320, 400261, 3DC5FF, 3A6519, 36CB1A, 34BE2E, 35D2F9, 3993B0,
3E30BE, 41BE2B, 43BED2, 447D0E, 43A19C, 415F05, 3E7BF2, 3C8CE0,
3D6042, 41C157, 48AF42, 4FEDBA, 55604C, 579AF5, 57759F, 55CFC7,
538C0D, 512883, 4EF3F5, 4D3DEF, 4C2151, 4C3163, 4D9978, 5003B0,
528F31, 53BF76, 5267B1, 4DC4B9, 460E28, 3C9557, 33274E, 2BC131,
27D858, 278988, 29DD9E, 2D5D58, 301B30, 3087B0, 2E84AC, 2B382D,
27FF5C, 25EB51, 25B5AA, 27B9C9, 2B03AC, 2DF79B, 2F6CF8, 2E8C25,
2B6959, 26C4D6, 211130, 1AA054, 13FE61, 0DE018, 0915B2, 061AA1,
05181B, 05C3E9, 0747D1, 087E03, 081E09, 05920B, 013D57, FC85DA,
F96DE7, F90164, FB1D23, FE57C6, 00BE92, 013E6F, FED942, F97806,
F2AF43, EC19D4, E71D38, E46F83, E3B723, E45CA1, E5D049, E755F2,
E88106, E93551, E9CC4F, EACE7F, EC24A3, ED601C, EDEE80, ED8FC9,
EC98E2, EBA156, EB96D7, ECA1E5, EE201C, EF2C6C, EE9FB0, EB84DB,
E5E909, DF75D9, DAA894, D93E8C, DB3394, DEE870, E181C8, E11313,
DDD0FF, D962EA, D619C3, D5D49B, D86463, DCBD84, E1758E, E4DC8A,
E71D87, E8601D, E931F5, E9CF5D, EA2014, EA6AA3, EAB245, EA9A5D,
E9D22F, E86F88, E6F65C, E68485, E8124A, EBA4F1, EFD02C, F24F81,
F1EACE, EEAC3D, E9BC4B, E526CF, E23666, E1A836, E3A676, E7432C,
EAF323, EC9882, EB80AF, E841BB, E42E64, E135BB, E0B920, E2685A,
E5226D, E77E21, E84C24, E79CFF, E57834, E23892, DF00CD, DC4E91,
D9F627, D84788, D72E78, D6509B, D5B654, D5F48E, D83968, DCE810,
E32505, E92FB5, ED1EF7, EE74FB, EDC1E1, EBBA34, E96351, E754B4,
E5FC30, E4FBDE, E35FD3, E14DDC, DF3C0D, DDFFB2, DE4792, DFCD94,
E19CD7, E27BCA, E241C2, E1EECE, E201A1, E2BC92, E3FB72, E57D63,
E72716, E8550E, E962F0, EB34E1, EEA5D8, F3824E, F80328, FA9914,
FA620B, F807A3, F57B56, F3C5CC, F35103, F3DE89, F501AD, F712A4,
FA12F2, FDE938, 01CCDF, 046A35, 04E549, 029822, FDFA5F, F885DA,
F3FAE6, F18498, F070FA, EFBB54, EF13AC, EEAB61, EF65C7, F17D46,
F48624, F73A90, F82515, F70B5C, F41D47, F09CC9, EDFE5F, ED222D,
EEE55A, F1FA21, F4D266, F6231B, F52A26, F2FCA5, F0DC97, EFD035,
F033CE, F10FC6, F16FFA, F0D1F1, EF0396, ECCB43, EA62E6, E8005F,
E5BA0C, E384AD, E15207, DEF36A, DC9362, DA4AF4, D87FAC, D7E71A,
D9584D, DCDD84, E1B177, E688AC, EA221C, EBA07F, EA9658, E7AAE8,
E4AC3A, E34321, E4427B, E75765, EA8397, EC0C54, EBB5B5, EA645D,
EA0489, EB693F, EDF05C, F0B39A, F2D1F1, F46468, F5921A, F62236,
F608F9, F5219F, F42974, F3775D, F349D7, F325D2, F29C01, F185BB,
EFD102, EE4E1C, ED843A, EDD121, EE6FF1, EE2301, EC4FC3, E91640,
E5E407, E415A1, E49E35, E79D4E, EC09AC, F11FFB, F60016, F9B5DA,
FB9311, FB18DC, F8CC0D, F62D2A, F4F129, F56A34, F7ADB7, FB5E9F,
FFB2C7, 041EF6, 079DCE, 09A459, 09F88E, 089D2B, 05CE72, 02983D,
FFF925, FE8DA2, FE9853, FF4F7B, 000022, 000617, FEDD66, FD0C94,
FAF421, F90C3D, F84272, F97D99, FD7074, 040BCB, 0C8658, 158476,
1D61F6, 2321B4, 261581, 260B64, 23A666, 1FED9A, 1C53C6, 197C09,
17E505, 184094, 1A81F1, 1E0DB8, 21BC1C, 241C64, 243DF3, 226DA5,
1FFC59, 1E253F, 1DBC9B, 1EEBE6, 21A4D8, 259B90, 2A15DF, 2E4AFB,
314D64, 323F84, 30C8E7, 2D9EB5, 2A041A, 272FEB, 264731, 2794FC,
2B0E82, 2FB297, 33F845, 36FCDA, 38A4A6, 38E175, 37ED8A, 36D216,
365AC4, 36F39F, 38803D, 3ABFD4, 3DD56D, 41587D, 44CDD3, 4770E9,
483C19, 476B68, 469C0C, 476901, 4A811C, 4F3FBF, 53C108, 5696C8,
575B4B, 566BB6, 542DDC, 5073B7, 4BB3D4, 46952B, 41BB85, 3D721F,
39B683, 372654, 35AC49, 351140, 352814, 35347E, 346BD7, 3216FB,
2E70BF, 2A972A, 281149, 28183D, 2ABA1A, 2EB107, 31F69F, 3360EB,
32BC8B, 3088F4, 2CCA16, 270F74, 203393, 19FA16, 16048C, 14B387,
14EE78, 14EB9F, 1393F9, 1131FC, 0E3EDF, 0BFC6E, 0AFAAA, 0AE2E2,
0AE3FB, 0A1CF6, 089687, 06552C, 03A4A8, 00FCA3, FE0C95, FACF5D,
F7AB5D, F52D74, F36182, F15837, EE74D4, EB1551, E886C4, E81A74,
EA2D25, ED637D, EF95EC, EF716F, EC9070, E86903, E4CC18, E35F7C,
E4DB12, E86BDE, ECF17E, F0C389, F29AA2, F2651F, F0785D, ED8330,
EA21C1, E7078F, E4BEE4, E33D55, E23AA5, E172C8, E0AD00, DFCCD6,
DE9A6F, DD1113, DB4974, D9ACF7, D9540F, DAB068, DD4E93, DFFA8B,
E144C8, E0FDE0, E024CA, E0304C, E1ED38, E48FBA, E6AC7C, E70174,
E57F6D, E3ACE2, E323B2, E50961, E8FDD1, ED989D, F15550, F2D030,
F2186D, F06CBC, EECBC6, EDBCE8, ED08FB, EC0684, EA85E4, E8F9F3,
E84F7B, E8A73F, EA0689, EC0CF9, EE18B3, EFD7AD, F11B80, F23FC5,
F30FBD, F2BDFB, F0946D, ECA63D, E7DE8F, E34E19, DFE273, DDC945,
DC9ABC, DCADD9, DE1675, E02D09, E243DF, E3D6C9, E53E30, E66E61,
E70F81, E6FA0D, E5A1B5, E377CD, E2090F, E2C8FB, E637BB, EB009C,
EF5227, F1D39D, F1B8EC, EF5F46, EBB840, E7FB8E, E4E283, E28476,
E14A0D, E17A4A, E32C32, E61AB4, E95F69, EBF929, ED2197, ED3D37,
ED1FED, ED0050, ECD0A0, EC2755, EB1BF2, EA914C, EB4F54, ED835B,
F08BE7, F393DF, F6060C, F7C444, F8F62C, F9C97F, FAC01C, FC21FA,
FDE5C4, 000174, 02397A, 045349, 0607BE, 073304, 07AB25, 06D7C4,
048EE8, 014FB6, FE10A8, FBBD8A, FABD7D, FB8477, FDC6D2, 00629D,
028580, 0361E6, 0280C1, 001DB5, FCBCA9, F91F6B, F61E49, F4647B,
F45D8C, F5C4C5, F7AC87, F95439, FAADAB, FC080F, FDD271, 0028A1,
027428, 04029B, 040C40, 025360, FF0F86, FADA37, F68E91, F2E4DD,
F01DF3, EDBF68, EB3FC6, E8494E, E4F93B, E2658E, E1D389, E37451,
E6DFF8, EAC7AB, EDEBAB, EF6E4C, EE6F56, EB44DD, E7584C, E4388C,
E2F0D4, E3DCBE, E6A448, EA5C02, ED8BC3, EED6C9, EDE102, EB637D,
E8C94C, E7345F, E6C9AA, E79172, E9A8F5, ECC8E7, F0B097, F4C3B7,
F84396, FAF485, FCD0F0, FD84FA, FC556C, F8EEE7, F43D81, F0354E,
EED60A, F09A78, F43A05, F7F83B, F9983C, F7E4EF, F3A953, EE24CA,
E90332, E55B8C, E381CA, E3B9C3, E5B57F, E9666B, EE15A0, F22D28,
F434BE, F3FEDB, F25945, F057E8, EEB9AF, ED98D3, ED6EED, EEE9CC,
F2724F, F7F420, FE66CC, 04A9FC, 0970F7, 0BD2A5, 0B1012, 0705DF,
00EE38, FA8681, F601FA, F4E3A1, F69C4D, F981E9, FBA2D8, FB5D47,
F86DE6, F4329D, F08F23, EFB8CE, F26FB8, F7D436, FE8480, 04D40E,
09FD6A, 0DDB6B, 109A2B, 128DFA, 13B302, 13C2D9, 1304BB, 11CF80,
108FBE, 0FB07A, 0FC705, 117744, 1466BD, 17C52B, 1A904C, 1BD750,
1B97A1, 1AAA8A, 19DD0B, 1A2842, 1C27B7, 1FAEC1, 23C1C3, 26A02E,
272312, 252FF8, 218C10, 1DE884, 1BCA82, 1BE0B8, 1E7283, 22AE0D,
2791FE, 2C3FE5, 2FAC77, 316616, 31459A, 2F7419, 2CB536, 29F368,
282D09, 28505C, 2A8213, 2DF3E1, 314A81, 33C7AB, 35CFB9, 38A603,
3C5C89, 3FEBBC, 427C5B, 432AAE, 42E1D1, 4301B7, 44FC95, 49515A,
4E8A2F, 52EB89, 54E468, 546152, 523A78, 4F3DE3, 4C5F7A, 494AE6,
45EA18, 429B20, 3FC90C, 3DFEF5, 3D4281, 3D4C0F, 3D76F1, 3CD8DB,
3AF00B, 37AE56, 3404D6, 31AD23, 31FC80, 353E07, 39933C, 3C32D2,
3BDE2A, 37F9CD, 31C4F3, 2B9CB6, 26F6C7, 24C638, 24319A, 240E56,
23C98A, 229EDF, 20EC77, 1F3FC9, 1DDA25, 1CB68C, 1B533D, 19B46B,
17E2FE, 15C387, 137DD8, 10FBD8, 0E30AF, 0B5026, 08EEC4, 07810C,
0679E8, 055723, 031FD7, FF5B86, FA8BA7, F5C786, F2D56F, F2388B,
F359D1, F4A724, F4535B, F1F10E, EDD906, E9B51C, E7695C, E76ACF,
E98A39, ECBCA4, EFCC38, F1FAEE, F2AAE1, F21991, F0B4EB, EED7E6,
ED0D59, EB4D23, E92F5F, E6A91B, E3E047, E14006, DF3CD0, DE4DB1,
DEF07C, E09C01, E2334A, E2EA40, E2426A, E09923, DEA80C, DD2228,
DC8A94, DCA22A, DCED84, DCC63F, DB8AFB, D9891E, D7D6A2, D7E04C,
DABC1A, E0101D, E60956, EAF12E, EDCBD9, EEAA51, ED7834, EA556C,
E68F96, E315FB, E0E76D, E07A74, E18CD0, E367F5, E5887C, E80E6A,
EB1C88, EE454B, F0EF8E, F29360, F2CD50, F1A67E, EF58AE, EC96C0,
EA9FD9, EA33B8, EB083D, EC7FB4, EDB24F, EDD884, EC58E3, E8CE79,
E42D2E, DFC88A, DCC4BA, DC0706, DCAE08, DDBF38, DF11DB, E0BA56,
E30EBC, E59F01, E7836B, E829D0, E75C44, E5887F, E34EE8, E18632,
E0ED07, E1B51F, E3BE16, E5FAF9, E758BA, E79713, E69027, E48720,
E24A02, E09C0B, E01851, E0EE6E, E2BF86, E4F8CD, E6C2F6, E7CB00,
E8242D, E80A4D, E7AECC, E744EB, E6F3A4, E673CE, E57A40, E4070C,
E303D1, E3B9B2, E6D12A, EBD537, F10DE0, F4E92D, F680D2, F62BE8,
F50F63, F42059, F4795A, F65FEF, F970AB, FCE192, FF6214, 000E4F,
FF157C, FD98E5, FCF710, FE0476, 0059B0, 032F72, 05B845, 073A72,
07B137, 06B147, 0457FD, 00C8F1, FC687D, F7F6FA, F46608, F29BE3,
F2A70D, F444EF, F6D7FE, F9DD99, FD6839, 013EF0, 04D575, 070815,
06F9BE, 04C268, 01CBAF, 0033B2, 00EB7B, 038528, 0626D3, 06FB8A,
056DF0, 012A46, FB222C, F4C318, EF4892, EBB1A1, EA1C65, EA217C,
EB3B68, ECFB1A, EF06E8, F0CF27, F1BB74, F1B4F4, F11D7C, EFE791,
EDCA8C, EAF256, E84738, E6F2C6, E7F37D, EB3DB3, EF1B50, F1930C,
F147BB, EE02C2, E972A6, E55DB3, E2C434, E337A2, E6DEC2, ECCC66,
F39524, F93A3A, FC9797, FD1578, FAFCAD, F7D6F5, F53302, F3C464,
F3E3B2, F4ECCA, F6769A, F878D3, FABA02, FC7DB9, FCA1A1, FAD71B,
F78B8A, F3A4CD, EFEF23, ECA515, E9C69C, E75C40, E605FD, E6A3C0,
E91A76, EC66B0, EF1902, EFE772, EE3280, EADC16, E810FA, E7B81B,
EB3F19, F212B9, FA1425, 00C6B2, 04176F, 0406BE, 0259DE, 00AB76,
00009A, 00292B, FFE5B6, FE8D3E, FBDEE1, F8B9E0, F5DB30, F34FC2,
F19E27, F0A7CA, F01FC4, F0322C, F14AB1, F3EBEB, F7AAB8, FBD572,
FFA1AB, 0285D3, 04A83F, 060FA1, 069353, 0603B8, 04C227, 034124,
01C965, 0133CC, 023B5C, 057574, 0AAD0A, 10912B, 156349, 17A126,
16D6CF, 14494E, 11BBF5, 10A3BC, 1182BD, 13AABF, 16494F, 18653C,
199A58, 1A48FF, 1AB334, 1B158B, 1B3084, 1AE8F4, 1AE1A0, 1BF505,
1E9F6B, 222942, 254298, 26E0BD, 26C360, 259FF8, 23FC6F, 226954,
214EA0, 20D136, 2114B7, 21E74F, 2330DC, 25173F, 27A227, 2A93A9,
2D4C0B, 2F5DED, 30EB8F, 3263A0, 34472E, 36DE0F, 3A1E15, 3DD54E,
41CAAF, 46272F, 4A933B, 4DF1A0, 4F76AF, 4EC2FE, 4C5315, 48E210,
45A1E1, 437542, 42CC85, 432D05, 438C2A, 439383, 4336FA, 429FD1,
41E962, 411E1A, 406F6D, 400B1A, 3FEB71, 3FE075, 3F5CEA, 3E0644,
3BD84E, 396D41, 375D79, 357359, 339679, 31C47D, 3055AD, 2F484E,
2E21DC, 2CAC12, 2B1477, 29D2BE, 293E42, 2913F0, 28BA35, 27A76E,
259C07, 22D7CB, 201280, 1E12A2, 1CF8B6, 1C4DD7, 1BA22B, 1A901B,
18BB0B, 1616B2, 12DBB8, 0F84C7, 0C780E, 09C521, 074A57, 0495A9,
012ACE, FCBB6E, F7B46B, F34F9B, F082AE, EFE02F, F115D4, F35A86,
F6603C, F9A15B, FC639B, FD997F, FC861A, F94842, F4CDA8, F09637,
ED6591, EB31BA, E97849, E82138, E79AC4, E82177, E9E3C7, EC2B5F,
EE4B30, EF2D82, EE0F35, EAD587, E5D88A, E04E2A, DB879C, D8710F,
D75DD8, D8039C, D9E5A7, DC718A, DEE1AE, E05CDD, E09741, E00717,
DF4FEC, DF0DCE, DF9781, E0B7A3, E1FEA9, E2FEBF, E37D48, E36B99,
E2D55A, E24984, E223A0, E21C4A, E1AFCA, E0A6B0, DFAE40, DF926A,
E0E59B, E3BE6B, E7513A, EAEF7C, EE01A5, F0291E, F12FFB, F13135,
F10504, F17103, F21A4B, F24F3D, F1A4ED, F0097B, EDCB0F, EB2ACA,
E8859D, E5DE48, E33B8C, E11BF1, DFF28E, E04DAF, E21ACB, E4E845,
E7EF19, EA4F97, EBB8D2, EB9F0C, E9F62C, E72EEE, E4623C, E25910,
E17A9F, E1D00F, E35424, E58DCC, E78BEB, E8B697, E8AD18, E77680,
E56051, E35647, E27D97, E34B26, E558E5, E794C9, E95235, EA20E7,
E9E0C9, E8D812, E7127E, E4CBA1, E25DF1, E0B57A, E0C890, E2B6F4,
E61ABB, E9BDA1, ED0B36, EFA0F8, F14656, F1FD33, F1461A, EF3F04,
EC74A0, EA173B, E93CE3, EACE04, EEDBDC, F43B5C, F998E6, FD916B,
FF8318, FFC943, FF3D42, FEFFDF, FF564B, 00171B, 0138B1, 02CB5F,
049E15, 062380, 06E7E8, 067D5E, 0469D7, 008117, FAE80C, F4D50B,
F0A584, F01144, F34D6A, F90046, FEA7C5, 023D18, 03274C, 020731,
00B484, 0004C8, 0055FB, 01B654, 035090, 051AF4, 06C5E3, 089AC0,
0A265C, 0A9F1C, 092B72, 055A22, FFB212, F91F5D, F31C9B, EF0B41,
ED4381, EDB3BB, F00638, F30DDF, F5EB01, F78A05, F77BA8, F5A02D,
F1DDB6, ECD3F7, E7E2F5, E524BC, E5B7FF, E9135E, ED7B25, F0727A,
F0868F, EDF06F, E9DBB1, E6596B, E48E07, E51247, E7721E, E9F10C,
EB9F50, EBDE42, EB02F2, EA50AD, EAAC08, EC34A7, EE7D71, F0956C,
F24FBB, F3B442, F4EEC2, F636C3, F78724, F928E8, FADC14, FC50A6,
FCD310, FB7D4D, F7FE1A, F2E515, ED95F5, E9B545, E83B3A, E89E08,
E96CD1, E926B2, E6F8B7, E37E68, DFC5BF, DD1E21, DCAD7E, DEC4C4,
E354BC, E98EEE, F00379, F58530, F92CC7, FAE087, FB8E3D, FBDEF6,
FBBA8F, FAE30D, F92A71, F6F02D, F4D1DC, F35A33, F2AC80, F23D4C,
F1CB75, F1795A, F1558E, F14C58, F11831, F0DDB2, F11D9D, F257F8,
F4D7E1, F7F91A, FA75BD, FB8973, FAEE6E, F92FF2, F7791B, F6D243,
F7FCB5, FA8087, FD8CCF, 00F5EA, 046630, 077913, 097E3D, 0A3D31,
0A3219, 09E810, 09D4E4, 09D928, 09EFBF, 0A8315, 0C3EB9, 0F1C1B,
125C60, 14EDFF, 166953, 171AFD, 173E00, 172597, 170DE2, 1750E1,
18833C, 1AA45A, 1D4BBA, 1FEB48, 21E6D7, 230365, 235219, 22A869,
21247E, 1F4C69, 1D7BDB, 1BFDD2, 1AD6AD, 1A0C6B, 1A1697, 1B5C37,
1E123E, 217697, 24B4AA, 27BEF8, 2ABFE7, 2DFEDB, 3172E4, 351714,
3918D0, 3D45A2, 412DC6, 43FA21, 44EE77, 442AFF, 42CF3E, 42170F,
42CAE6, 448384, 465255, 47A844, 480598, 4769C9, 4609BA, 44A7B7,
4403F6, 448B68, 4620DC, 483286, 49DE7C, 4A8532, 49DB10, 47CB0A,
44C667, 41BA3B, 3FB72A, 3EF269, 3EE910, 3E8A3B, 3CDC73, 3A1B0E,
37A70B, 369961, 36D6F9, 37640D, 36D675, 345AD2, 3003C3, 2ABD4C,
2673E3, 2470E8, 254546, 286FD3, 2CA42E, 30E31B, 33E5D1, 34787C,
321A3E, 2D1165, 26A855, 2055EE, 1ABABC, 15BDBB, 11851B, 0E0B2E,
0B80EF, 0A4C3D, 0A295A, 0A5222, 0A1091, 091DF2, 075332, 04B486,
017CD9, FE16CF, FB6511, FA0A36, FA5CF1, FC1061, FE5D68, 00263A,
005966, FEE56D, FC5974, F9A6CD, F79F53, F6AFDB, F64587, F5B728,
F4C793, F3BBC1, F2A003, F105BD, EEB064, EB8311, E7CD09, E44190,
E15565, DF1AA7, DE0400, DE3288, DFA990, E1CD0E, E3D1F0, E52701,
E54B9E, E418AB, E1D058, DFA8C4, DEF7F5, E0A73B, E448AC, E821EC,
EA4505, E9855E, E6151D, E1AC8F, DDD070, DB9246, DB4049, DBB716,
DC8B29, DDDD1A, E03374, E3DA02, E83E55, EC9357, EFCEF7, F164F5,
F1BA52, F194CB, F1C3FE, F24140, F2C583, F33D86, F312F7, F20076,
EFB6B9, EC7851, E9190C, E62875, E4265E, E35340, E3C977, E5B918,
E93210, ED92C0, F167FF, F32C06, F1EECC, ED7D4C, E757AF, E1C066,
DEA0EF, DEA421, E0EF95, E4B332, E8E52B, EC545C, EE8417, EF62C5,
EEC758, ECAABB, E9287A, E4FF10, E16033, DF9FD4, E0484D, E2A63E,
E58B2E, E76AAB, E7A1A4, E67014, E491F8, E35994, E31AF0, E38150,
E43E6C, E51E5F, E68769, E89D80, EB268C, ED378D, ED7FBF, EBB726,
E84DB1, E4C706, E236D4, E113CA, E20643, E571B8, EB08B4, F1983D,
F763A8, FA95DA, FAD2AE, F95728, F7B247, F72CD8, F83430, FADC34,
FE9F3A, 0257EE, 04FB12, 05769E, 03701B, FFB872, FBD329, F925C8,
F7F165, F7A0F7, F78FE5, F6EA84, F5864A, F48A9C, F4F9CF, F6E99A,
F9A5F5, FC5923, FEB785, 006657, 014DE4, 018ECC, 01615E, 017A5C,
02A1E3, 04B9D2, 06B64E, 070D6B, 04E916, 0102DA, FCAB24, F935CB,
F76F6F, F76001, F8DFED, FB304E, FCF84A, FD1779, FADAE5, F689BF,
F16A15, ECCB47, E9EA8B, E96964, EA7849, EC078A, ED7C45, EE35E3,
EE67BD, EE53F0, EE2C94, EDD771, ECB26C, EAE52E, E90927, E7B382,
E6E297, E62BC2, E579FA, E4F206, E4BF07, E4DB80, E4D817, E48311,
E41327, E45934, E65BA0, EA2430, EF0E69, F4354C, F8DD16, FC3926,
FDDF67, FDBE43, FC6A2C, FA9100, F82960, F52577, F19419, EDB5A0,
E9F803, E683A2, E332FF, E03336, DE0157, DD166E, DD7D19, DEBF88,
E099A0, E2F427, E5CB7C, E93F44, ECBB27, EF61CC, F0EBB6, F15C22,
F133A0, F093E6, F0150C, F02804, F0871A, F13AB2, F23384, F339FD,
F3DEE7, F3AD39, F22760, EFA2B8, ECFB6D, EB5CDF, EB45DD, EC01DC,
ECE4CD, EDB8DF, EEDCE3, F08186, F22328, F34D7F, F39211, F318BE,
F28605, F28F57, F3AD7F, F59E54, F7E83E, FA2081, FBEA8E, FD53F4,
FE7C00, FF9445, 00FFE6, 02BF67, 046AC7, 057D6A, 05AA12, 050861,
03E6EF, 02EED6, 030E2F, 04A131, 07568C, 0A736F, 0D38DA, 0FBABC,
1233DC, 14BC26, 174711, 19973D, 1B6D00, 1CAA47, 1D8FB3, 1E05F6,
1D68CF, 1B787C, 18BD74, 160F2C, 13DC55, 12B19D, 1269B5, 127852,
12BB88, 1317B3, 13F28A, 15A85D, 1886CE, 1CD8C7, 220018, 275C66,
2C27B8, 2FC2B1, 32045B, 32E319, 32BBF6, 325F32, 327F99, 33AD95,
363B77, 39BDCF, 3D8240, 40BEDA, 42BAF2, 438DBF, 43AE20, 436B46,
42E8A0, 41DE50, 402B84, 3E2141, 3C825D, 3C917B, 3EEF06, 433FB9,
486EB2, 4CBBDA, 4F65D1, 4FE9BA, 4E37CF, 4AD6DD, 466B18, 4199D4,
3CCA49, 388E63, 354DCF, 33502A, 32AC66, 3360B4, 352398, 37032F,
37D7E3, 3715B9, 35458F, 338E08, 32F8B7, 335E41, 33E0D1, 341603,
33A7B5, 32D2A0, 31A614, 307AFB, 2EF7AD, 2C42B1, 284AF0, 23DE99,
207D98, 1EC102, 1E2587, 1DAF64, 1C0F17, 18B935, 13E004, 0E2A6C,
08D6B0, 0506DE, 0362FA, 03DD77, 0520B6, 05BDFA, 0532A6, 0401DB,
039235, 04732F, 0608AE, 07416B, 072C91, 0616FC, 04AEB9, 03757A,
028FE8, 01B11D, 008AB6, FED2C1, FC7828, F93A0E, F52BC4, F08AD1,
EC29CF, E92C41, E7D750, E845F5, E9CF23, EB48A5, EBC24C, EA8DCA,
E82FE3, E53C71, E288F1, E16259, E2C21C, E670D7, EB5969, EF7241,
F11D65, EFE623, EC27A6, E74F24, E247B1, DD83C7, D9A290, D7491C,
D73043, D9698C, DD7ABB, E284E5, E79A3B, EC3FF7, EFEFE3, F1F8E0,
F1DB2B, EFC8E4, ECD09C, EA8702, EA214E, EBE6A6, EF6C83, F35FE5,
F6C07F, F86D5F, F77F86, F49382, F0B2E5, ED2C28, EAC9CF, EA0EC7,
EB474A, EDE291, F09176, F1C630, F0D982, EE20C9, EAB9F7, E813CD,
E698D1, E668DB, E7B17F, EA4E47, EDF98E, F155F5, F34609, F39CCE,
F2BF22, F11CA3, EED294, EC212F, E94548, E6A844, E4CDFC, E3FF6C,
E4299B, E515FA, E67ABF, E81698, E97A12, EA1D9F, E9CD9F, E8E7E2,
E7FD03, E76CFB, E77FA3, E83FDB, E9800D, EAA408, EAF625, E9FCDD,
E7DCDE, E538BD, E2FA86, E1D4EF, E21A20, E3D4B5, E6571E, E914E9,
EB9DAA, ED4863, EDFAC7, EE686F, EF7D69, F1DF90, F55532, F9706F,
FDA166, 00AC2B, 01D963, 017FEF, 0082CB, FF6101, FDFFDE, FC6BEF,
FAB81B, F94D3D, F87062, F7FC1B, F7B97F, F72F2B, F69E6D, F6B4A7,
F7A0CC, F9178F, FA23BE, FA3E03, F9A8FF, F97986, FAB3DD, FD5992,
00B7A3, 0364E2, 047820, 03E566, 0223A6, 006B56, FF4B97, FEF214,
FF5763, 005037, 01DA41, 039245, 0493D2, 04117E, 01DB27, FE71CF,
FAD115, F7812E, F45D53, F12C49, EE493D, EC67F1, EBC70E, EC6971,
EDEEF3, EF71A4, F0B5B7, F1E419, F30A95, F3E078, F3830B, F2190C,
EFC2B6, ED23A7, EA97AE, E7DF9E, E4B86B, E0F88F, DD0655, D999BB,
D81D1D, D9512A, DD38E8, E2EB97, E8D8D6, EE0227, F2549B, F5D2C7,
F875B4, FA2AC3, FAD386, FA8625, F96B2F, F7E1D5, F608ED, F3C9A9,
F1360B, EE7E3C, EBC8C1, E93647, E6F384, E510FD, E36737, E1B5AF,
DFEACD, DE876C, DE477C, DF579C, E13925, E30CF5, E45ECB, E55536,
E6A76E, E8ABF8, EB1E4C, ED9447, EF44B0, F00C90, F04774, F02E21,
F0036F, EF91C3, EEEB85, EE1E9B, ED0CE4, EC0427, EB46D4, EB1448,
EB75A5, EC1E77, ECB984, ECC3BC, EBD582, EA263C, E87914, E7E14A,
E8A2B6, EA519A, EC36E3, EDEEA9, EFCD3B, F1FADF, F45E97, F643DD,
F73ECE, F789B2, F7C2CE, F87613, F9C166, FB326B, FC44F1, FC93D8,
FBFF09, FA9E78, F890EC, F6AF47, F5E6F8, F6FB51, FA0064, FE2CFD,
029CBD, 071895, 0BF864, 11B30E, 17C785, 1C917C, 1E76AD, 1CDDD8,
18E1F1, 13E2A5, 0FBA7E, 0D8D62, 0CEE1F, 0D6021, 0E097D, 0ED486,
0FFFB6, 11555E, 12AF89, 12F193, 11DE24, 0FD98F, 0DC88B, 0CAE43,
0D46C9, 105F1E, 15F5AA, 1CF39A, 23FEE5, 29D4BF, 2DC549, 2FE1B5,
30950F, 30A725, 30A9CC, 30EB66, 31D494, 335A91, 34D688, 35977D,
3572FC, 34E4AB, 348BC5, 34D604, 3603A3, 385644, 3BB91D, 3FA18D,
43738C, 469BDF, 48ECD2, 4A4E1A, 4A91C5, 499B6E, 476572, 4431C2,
4056A6, 3C7DC1, 3930E6, 371C2D, 36D267, 38AB77, 3BDA7F, 3E446C,
3E33BF, 3B5EF1, 370E97, 32F3C1, 302EE2, 2F477B, 2FFD9C, 31DACE,
345765, 367F81, 376F1B, 3691B2, 341991, 3135D4, 2F26BF, 2E8069,
2F041F, 2FC790, 2FE100, 2ED524, 2C41A1, 288815, 242663, 1F7A7D,
1A9152, 1547B2, 100CF4, 0B7E96, 085549, 06FCC2, 075C39, 08D21D,
0AF852, 0CFF61, 0E29C0, 0DFC7B, 0C376D, 096B34, 06E8EC, 062BC7,
07D893, 0B568D, 0F0D14, 114890, 1080E0, 0CB794, 06BF47, FFA29D,
F8C3C4, F30E4E, EF33EB, EDBBCB, EE79D5, F09542, F2BDB0, F393C3,
F2E498, F164D0, EF9B48, EE36D1, ED5B58, ECD05A, ECC19A, ED2264,
EDE879, EE97D0, EE3944, EC54B9, E90825, E5566B, E219A5, DFCD57,
DE8515, DE3297, DF1040, E105EB, E3D478, E70EA7, E9F4F0, EB7F96,
EB340B, E9BC55, E7EBB0, E6E792, E6F56E, E7A911, E94DA3, EC53CB,
F07ADB, F4D03A, F82C95, F95C6C, F870CC, F64AA6, F3EC94, F216C8,
F0B9A4, EF9CF0, EEC7FD, EE18F7, ED612A, EC7811, EB87F9, EB242A,
EB7D61, EC8982, EDEA0E, EF52AE, F092F1, F19DE3, F24D07, F2B742,
F3082F, F2FAF2, F23BBE, F09D31, EEB2EB, ECF465, EBFEAA, EBADBD,
EB5F01, EAD039, EA05C9, E95B09, E8DFFE, E86383, E8010D, E81AF4,
E8E29C, EA2866, EBEB8A, EE031E, EFB488, F02F83, EEE805, EC19E2,
E8660A, E4B3A7, E233A8, E14F96, E1BCB8, E2CE89, E413ED, E55AE1,
E6A765, E7D072, E8C242, E9A8AF, EAB8A8, EC2282, EDF257, F02BCE,
F2B216, F5809A, F89147, FBC3FD, FEAEA7, 00DBF0, 01B54A, 00EBB6,
FEDFB5, FC5C21, FA2018, F89A7B, F80B6D, F8532C, F94E0E, FA96B3,
FB9438, FB9693, FABF9C, FA3B3D, FAA849, FBF303, FD7002, FE457F,
FE58B6, FDF1EC, FDCA7E, FE34F7, FEC1CB, FF0ABB, FF4246, 0082E5,
034750, 070B16, 0A900A, 0CC044, 0D825C, 0CD4DA, 0B760B, 098201,
06FA9A, 03F524, 005672, FC9A70, F924F9, F68FAC, F55D68, F594DA,
F72CBF, F97618, FBEC19, FE1539, FF6DA7, FFD188, FF9B8D, FEE86D,
FD7FA0, FAC39E, F65686, F103D6, EBE66A, E7E989, E56945, E426B5,
E3A4B8, E368FA, E3CA94, E5080C, E74318, EA59C0, EDA7A2, F099CE,
F28103, F36885, F4047C, F53024, F771A4, FA4CA6, FCBC64, FE2EE6,
FE2F01, FCDCF9, FAC944, F83E1A, F58D3A, F2B0BE, EF8CD3, EC52F1,
E965B2, E74395, E612C6, E594DA, E5348A, E47F0A, E385C2, E2D53D,
E33805, E4A510, E680EF, E8817C, EA7589, EC643F, EE2E7E, EF7ADC,
F0470A, F0BD4B, F147F1, F1D79D, F1CF89, F0F534, EF833A, EE2FB0,
ED640C, ED4BE1, EDA3F4, EDE6B1, ED9443, EC6BD5, EA6734, E78AF6,
E43983, E1381D, DF80CF, DFF268, E2A68C, E721C1, ECD14A, F2590D,
F6A8E9, F90E11, F96CA7, F834BB, F5D66B, F323EE, F0C0A9, EF1B94,
EE4F22, EE4A61, EEC903, EFC277, F157C0, F36958, F599B0, F78632,
F92897, FA97DE, FBF1A7, FDA023, 000463, 0323E1, 06A572, 0A3C62,
0DADF1, 1071BF, 123C2D, 12F316, 12D59E, 123885, 114F5B, 1099C1,
101460, 0F7558, 0E2AE2, 0BBB53, 083A47, 045773, 0112B7, FF9DEF,
006F4D, 036EC1, 084A39, 0E1269, 141CDA, 195391, 1CA625, 1E34DF,
1ED422, 1F754D, 209D69, 2237B0, 2406DE, 25ACBA, 26C3F0, 277749,
285CF8, 29EA32, 2C4614, 2EB562, 30A2AB, 31EB5E, 33270C, 351C1C,
37E0C2, 3B102E, 3DFDF2, 40534D, 423619, 438478, 438E21, 41E857,
3EDF8A, 3BB0FE, 39C46E, 3A3617, 3CFB0D, 40E2D5, 44000F, 44CEFC,
4326FD, 3F3C26, 3A505B, 358B32, 31A0A3, 2F6A64, 2F789D, 313B57,
33EA10, 3648B0, 36FC8A, 3606B9, 341EB2, 3264C3, 31710C, 31252C,
3162CE, 322B76, 3348BB, 34BE90, 361B80, 369A20, 3564E8, 3249B5,
2DCD92, 284B0F, 2256E9, 1BE50D, 1573D1, 0FD792, 0BFFB0, 0A58E5,
0A9683, 0BF32E, 0D0F88, 0CF2DC, 0B7D03, 099D04, 08B388, 095EEA,
0B7D5D, 0DE1AD, 0F3CF1, 0F8E7C, 0EECE4, 0D8A41, 0B72C7, 08327D,
03EBAF, FF39E8, FB3100, F8A4D3, F7AD81, F7E2C2, F891C9, F90270,
F892DF, F73A2E, F54FA8, F2E57C, F00EC5, ED660F, EBA142, EAEC98,
EB228A, EB61D6, EAF202, E9E16D, E877B9, E6DD84, E52A84, E38B8A,
E257CA, E1C7FC, E1A82C, E17ED8, E0C8F3, DF9633, DE5296, DD715B,
DD116E, DD1EEA, DD3A1D, DD8FD0, DEABBF, E08E0D, E30552, E57E97,
E79C33, E92E79, EA69E3, EB95F4, ECDE3C, EE095D, EEB408, EEBED3,
EE7D2A, EE7D24, EEBA47, EEA95E, EDB1B1, EBE628, E9F1A2, E83BC5,
E70DE5, E67B97, E6AB65, E7EDF5, EA4C7D, ED3DB4, EFBAA6, F12010,
F15ED1, F0E35F, F02DEF, EF46F4, EE0E8F, EC29FF, EA32DC, E90FAB,
E96E14, EB1223, ECBFCD, ED7F0F, EC9034, EAB01A, E8CFF4, E86488,
EA10C6, ECE614, EFA7EF, F12B9D, F1376F, F01824, EE1965, EBD102,
E97D1D, E74D3C, E57AE7, E41944, E33DEB, E2B9F5, E290F3, E28ECD,
E26136, E20EBD, E1C56B, E2071A, E33424, E53676, E75AD3, E91F61,
EA8A75, EC4F91, EEBF5C, F1C756, F4D6C2, F777E2, F94DEC, F9BC01,
F914AF, F7D285, F6B452, F67EB0, F78D08, F99B1D, FBA8B9, FCA78A,
FC827F, FBA90E, FAE68B, FAD15F, FB2331, FB7AFE, FB2AAE, F9F756,
F84AA4, F6ABBF, F5EF7C, F67501, F7CF0A, F9A8BE, FBD899, FE9C0C,
020762, 058299, 089BE1, 0AB6BD, 0B946B, 0B76FB, 0A5FFD, 084D7D,
0560D4, 0269C2, 005EDD, FFA6ED, 003398, 017510, 02BE11, 0344C0,
02E2BA, 01E741, 011A19, 011DA8, 01EAF1, 030410, 03BC0C, 03CC43,
034B1F, 02309C, 0037E6, FD46B7, F9A6EE, F5F01B, F2B4DC, F01025,
ED6803, EA9ABE, E83606, E6DCE3, E70781, E8C7D5, EBA93B, EE8A75,
F0630F, F08D3A, EF8FE1, EE8ACE, EE7B7C, EFFA2E, F2D87C, F690B7,
FACEEB, FF0331, 024D53, 03E017, 030D14, 003CF0, FC6E91, F88CC3,
F51BD6, F25B49, F030CE, EEA0DD, EDCC30, ED9FF7, EDCF31, ED7A3B,
EC195C, E9A484, E6F455, E4A459, E310CB, E27909, E2E800, E4B83A,
E81187, ECD662, F28431, F7EB18, FBAD7E, FCBDAA, FB3B6A, F860F2,
F557BA, F2E07C, F0F465, EF8C69, EE9C17, EDB5CE, ECBF60, EB8F25,
EA257A, E8AC35, E7889C, E754DD, E84DBF, EA5689, ECE97E, EF575E,
F0EA8C, F12555, F07220, EFA6E9, EF7C50, F03383, F15948, F2745A,
F38B3E, F4DFAE, F643E1, F7231A, F708CE, F63C6B, F4FAB0, F33B93,
F15277, EF6F22, EE63AB, EF1974, F20095, F6C595, FCAB9A, 02BFCE,
07CCBB, 0B315D, 0CD091, 0D026D, 0CA1A4, 0C66C4, 0D0127, 0EEB0C,
11F335, 151611, 170437, 162E9B, 12257F, 0C2B40, 0611BC, 01BD69,
0032E0, 015C6E, 047A8F, 088020, 0C6292, 0F7ED2, 119B8F, 12DA8C,
139B5C, 13D907, 13806C, 12D335, 123A63, 12CF48, 157A90, 19FBAE,
1F72AA, 24977C, 2873E6, 2A95A6, 2B6053, 2B4ACD, 2A95E8, 29E7DE,
2A04D0, 2BB342, 2F15C6, 33AA94, 380754, 3B063B, 3C0430, 3B5949,
3A64A8, 39FC1F, 3A7327, 3B56A7, 3C21B9, 3D482A, 3F29B0, 41B121,
43A903, 4400ED, 427E00, 3FEB06, 3D7431, 3B6809, 39A14C, 37E480,
363F06, 35031E, 3423E2, 3377FD, 32CE49, 3201D1, 316A41, 315629,
320D3C, 33C19A, 36742F, 39D469, 3D0A00, 3F487A, 3FFFEA, 3EE271,
3BE5A6, 3730BA, 3186DF, 2BDFA4, 26CFF3, 228A22, 1EECA3, 1BE1C5,
199D01, 183821, 179C0A, 177780, 1732AC, 165C8A, 14BA8D, 12A5B9,
10954F, 0F0BD1, 0E7040, 0E93A1, 0EF18A, 0EAFD5, 0D4B7B, 0B5E5C,
09ECE5, 09776A, 09D89D, 0A546B, 0A09F9, 08ED70, 077F18, 066040,
057306, 040E34, 01A999, FE0DBC, F9FBB2, F6124D, F34CB8, F20E97,
F210A2, F2943C, F29002, F1C7A7, F06FFC, EED61E, ED3C4E, EB8AA0,
E9DCEE, E88738, E795E2, E70630, E6927C, E5D880, E49B94, E2E4E1,
E0D7F7, DE9017, DC9082, DB7799, DBAEBC, DD1FEB, DF0685, E0CF80,
E22BC2, E30A76, E3A8BA, E44788, E56563, E74213, E9433C, EABDB1,
EB6772, EB5ACA, EB2D7E, EB5006, EBB438, EBEFED, EB74B6, EA4BF7,
E8DBF0, E7A322, E71F74, E777C2, E8DD0E, EB4598, EE088C, F03112,
F10041, F05568, EEBE6A, ECD07E, EB304E, EA3715, E996E5, E9367D,
E9176E, E92700, E964C5, E9ACE6, EA0404, EA72FB, EB19F0, EC1AB9,
ED91C0, EF69DB, F147CD, F2D005, F3A519, F3E2F9, F3C287, F2FF13,
F14F12, EE90DD, EB1A77, E7AFEC, E5009E, E326FC, E1EDF0, E11F61,
E08B5B, E04A4E, E04AC2, E06B43, E0BD21, E16374, E2A343, E459E6,
E646EA, E7FF40, E8EE30, E8CB23, E7E102, E7570E, E83AFD, EAEF8E,
EEB608, F22807, F4B3DD, F68361, F83A18, F9F420, FB36F6, FBA0E3,
FB2A4F, FA5C8B, F962B0, F82F87, F6A78B, F4F893, F375A8, F291A7,
F2C6D3, F40987, F61826, F85862, F9EEE3, FA67B6, F9E289, F96882,
F9EF0B, FBA54C, FE48FD, 014BD5, 0406D9, 05EBD8, 06740F, 056421,
031927, 00738B, FE58B3, FD5CB5, FD9F32, FE9B6D, FFDF52, 013B31,
02DEE1, 050B75, 07AD7E, 0A4110, 0BDCEE, 0BCC2D, 0A003C, 075A5D,
04E449, 02F846, 01C6C5, 0149F1, 017306, 022D00, 02B7BF, 01C481,
FE8C02, F91459, F25A30, ECBB0C, E9ABA9, E8EC5C, E9ECAA, EB5601,
ECF8B3, EEA001, EFE8EE, F0E7FC, F130D7, F0EC1E, F063FA, F00AAD,
F085CB, F1E85C, F3FCB4, F66033, F8F786, FBB338, FE7218, 00FBFE,
02E580, 03B86F, 031737, 011492, FDEBD1, F9D0BF, F5226C, F0C5EA,
ED5CD2, EB1191, E90148, E6453F, E3573A, E16A33, E1B538, E43B23,
E834E4, ECEC15, F126DC, F42654, F59EBA, F5295A, F32AB1, F094E9,
EEBE55, EEC4AD, F08F7F, F30B6D, F50B52, F5EC7A, F57F4F, F4415E,
F219E6, EF577E, EC5B80, E9757B, E76B0B, E6B71C, E75530, E8D554,
EAD705, ECC76A, EE2549, EEDFBF, EEF11B, EEABA5, EE4FBB, EE294B,
EEB549, F02625, F24E70, F44A27, F51F5E, F46C89, F286C6, F01954,
ED32D9, EA49DC, E8317C, E7AA75, E93BC8, ECC753, F19906, F6B4B4,
FB372B, FE5E38, FFF655, 005994, 005387, 01043D, 02B587, 04EA85,
07191F, 090B6C, 0AFDB6, 0D195F, 0F0E4C, 101417, 0FAB4B, 0DF83D,
0B8063, 092864, 07ABE3, 0770D6, 0865B3, 099C62, 0A6CE0, 0A93CC,
0A2180, 09BBFF, 0987E1, 0960F1, 095C9D, 0A01E5, 0BA5E0, 0E691F,
11EF28, 158E2A, 18CD86, 1B20F5, 1C3DF6, 1C9F1C, 1D101C, 1E2AFA,
20A218, 2471A9, 28BCFA, 2C67F7, 2E93ED, 2F3E47, 2EFE5A, 2E889C,
2EC731, 301E12, 324D4D, 34DC86, 372545, 3930A8, 3B54C8, 3E1BD9,
416861, 440D77, 4523FC, 446853, 428499, 407055, 3E7644, 3C9492,
3A7B0E, 381F6F, 35E1CB, 3429DB, 332AE7, 32AF55, 32AB5C, 3304D9,
3401BC, 36139D, 39322C, 3D315A, 40F034, 438CA8, 447A10, 438B6C,
410D7B, 3D653D, 38C885, 33FBA8, 301888, 2E07DE, 2DF54A, 2E9F59,
2ED39B, 2E0B29, 2C6800, 2A572F, 280159, 25525E, 223512, 1E8F3B,
1ACF10, 178C03, 151F69, 13E396, 1362DF, 12D354, 11D526, 1078B7,
0F8E1C, 0F80EC, 0FDC00, 1015D3, 10237E, 10650A, 1103B9, 1181F7,
1116F4, 0F7B21, 0CDE8D, 0A0463, 07A865, 05C104, 0427DC, 023BA0,
FFDE78, FD7C63, FB86EA, FA6042, F96EE3, F862E0, F71A9C, F5B6B6,
F455DE, F32C9D, F237A4, F0E6DB, EED8CC, EC39A7, E99997, E74B33,
E554EE, E39121, E17145, DEFFF1, DD2723, DCD987, DE5BC4, E088F3,
E23EDE, E2D4FE, E25153, E14FB8, E031C9, DFA2E2, DFD478, E0D01B,
E25276, E41868, E5EDC4, E79220, E8785F, E83B0F, E70DA3, E5986E,
E4B0F7, E49D87, E5478B, E654AD, E7A948, E95A29, EB53BE, ED2FAA,
EE506E, EE9C20, EE8EA6, EE9392, EE88D5, EDEA41, EC3FA0, E97809,
E647CE, E3634A, E19A2E, E11878, E1A57A, E2CE12, E451C6, E6601E,
E8DC6B, EBB01F, EEC218, F2130E, F54847, F7F768, F9479E, F88577,
F5A86E, F146E3, ECC3F6, E93052, E71183, E6ABC1, E78149, E9078D,
EA9348, EB0D52, E9FF72, E7C500, E52A9E, E304A5, E177E7, E008CA,
DE3770, DC2801, DAFE0C, DBB691, DE2590, E16DCE, E462E7, E704E9,
E972D7, EBC799, EDE59F, EF6F26, F0B167, F233B3, F47F4F, F76EAC,
FA68E2, FC6054, FC70AE, FA45AB, F64697, F1F73A, EED27F, ED9ACC,
EE6FA4, F0A958, F38256, F66316, F8BC5A, FA0B71, FA3F52, F9E505,
F9D422, FA861C, FB9920, FC6F43, FCDDAA, FD0ED1, FD7B90, FE5979,
FF6259, 004DFA, 00BA4D, 006F70, FEE9AC, FC66AC, F9BB19, F82879,
F8D424, FB864A, FF821D, 03B06C, 073014, 09B478, 0AFC5F, 0B28E0,
0ADA9B, 0A6E9F, 0A43C7, 0A27D6, 09C966, 08AFB0, 065FA7, 03134D,
FF15D8, FB380A, F7E58B, F58A02, F432E2, F3B7A8, F405D1, F4F0E3,
F5FDBF, F64BBD, F4CD6C, F0EDA4, EB8454, E63F44, E2AAD9, E1780D,
E27223, E530CE, E99734, EF327C, F53AAD, FA7F50, FE07FD, FF9DE5,
FF58D1, FDE339, FBF64A, FA7C87, FA088B, FA7FB6, FB13E8, FAA69E,
F8A5B9, F5721B, F1B0B4, EDDEA7, EA3588, E6D9F1, E47E6C, E3BD28,
E4DF0E, E720FE, E9F9D7, ECAA06, EE5893, EE81AD, ED053D, EAC3FD,
E8D8B1, E85FDF, E9E418, ED298C, F1556E, F59587, F89625, F96A0F,
F8332C, F553B5, F1857C, ED30B7, E88CF2, E469B7, E1F317, E25DD8,
E5A8B1, EA935A, EF43F3, F21086, F2C1FB, F1988B, EF59E9, ED552E,
EC1896, EBDF79, EC5D9E, ED0C88, ED996C, EDACAA, ED20B2, EC0079,
EA69F0, E8DB17, E7E655, E7DCA0, E8A012, E9E554, EBA8AD, EDE2E8,
F061D6, F2B9A0, F47260, F5650F, F5FE85, F6D0DF, F8207D, F99B59,
FAF6C8, FC583C, FE2BC4, 00F5B2, 045B9B, 07A1CD, 09E671, 0AD32B,
0AA471, 09BF39, 08E863, 08752B, 0892F3, 095D63, 0A70DE, 0B5BC3,
0B7390, 0A6BBC, 083686, 05A6A1, 0382EA, 02BE69, 03B147, 05D725,
0864C2, 0A583A, 0BA95B, 0CCD50, 0E45BB, 0FF41C, 118F13, 132D6C,
152F58, 17EBF8, 1B3A26, 1E4DA0, 209384, 21CF13, 2220F0, 22175B,
222981, 2305E5, 24DF1E, 27DBFF, 2BC498, 305320, 3538FE, 3A0129,
3E015D, 40B8A4, 4208C4, 41F916, 4113A4, 3F9E9A, 3DE1CD, 3BAE7D,
3958F3, 373AAA, 35CAC6, 35520E, 357755, 35B8AE, 35CC88, 3613E2,
371F85, 391177, 3B1946, 3CDDB9, 3E20BB, 3F7673, 411218, 426EE6,
42DD9B, 419A32, 3F0332, 3BEAF5, 395CA7, 37F9D8, 37943C, 37C21C,
37E1AE, 37F7AC, 37ECC6, 3781DC, 3655E9, 33EBE8, 30B44D, 2D5780,
2A8A90, 285DD2, 2615AE, 239C19, 20F75C, 1E764E, 1C29B3, 19D204,
17948D, 15CB19, 14FCAB, 15544D, 16727C, 17AE2E, 185E6B, 182942,
16E5A5, 14FE18, 12C07B, 10C22E, 0F6A8E, 0EDEBE, 0ECDB8, 0E87EE,
0DD5C1, 0C9464, 0B069D, 095824, 084E61, 081119, 0827D2, 07A72F,
059A74, 022889, FE2EF8, FAE3E9, F8A3C6, F6FBF0, F5AB38, F40C4D,
F2040D, EFC412, ED2A3D, EA7160, E7FF27, E64FE4, E5A6B5, E5B380,
E5C171, E56F42, E4E9DB, E42808, E34B5A, E26446, E20630, E28C55,
E3E330, E58C00, E6DB50, E75437, E6C143, E56CD2, E3B16E, E22546,
E11555, E0D866, E16303, E294FE, E452D7, E6AEFC, E9CE09, ED6E91,
F15139, F4ED79, F77D8D, F82193, F6118A, F1AD0C, EC1C5E, E70940,
E3BD22, E27150, E2C108, E3FBEF, E5C0C4, E77AF4, E84C94, E8117F,
E749D6, E70D3B, E82F32, EA7FF2, ED06DA, EF10B8, F03DB0, F0D75B,
F159F1, F1DBA5, F24761, F23846, F1C499, F103FF, F05A0A, F033AB,
F0CC65, F20501, F32FD3, F38282, F292EC, F048B5, EC9300, E79358,
E1BE53, DBEBE1, D73F78, D4B144, D4BE9B, D7435E, DB4CD3, DFD852,
E42437, E78806, E9BBEC, EAB997, EAEA19, EB4225, EC7A78, EE8FFF,
F12175, F35D45, F497FB, F4E451, F48D0D, F40F32, F389DE, F2CF85,
F1FD95, F13C8E, F1113F, F1A456, F30C98, F4CCB7, F5FB85, F62FAF,
F5BDDB, F5B471, F6E0DD, F9464C, FC516F, FF4F75, 01AC8A, 02F31A,
030A09, 01F59E, 00072D, FD29C8, F9843A, F5CC37, F2F581, F23248,
F409D2, F8372F, FD7954, 02A7A8, 06BEF0, 094686, 0A622B, 09B378,
07D680, 065975, 0600F6, 070F99, 08E6AB, 0A7D93, 0B7EFA, 0C0310,
0C55EC, 0C7694, 0BB9EC, 09C45F, 06982F, 0311A5, 00342A, FE689D,
FDC82C, FD556F, FBF7F6, F9037C, F4A22A, F0083F, EC0B18, E8FBB1,
E70666, E66D25, E7B3E8, EB0384, EFCBA7, F4AB3D, F84CE4, FA3F4E,
FAB893, FA6791, F9DDEE, F949B9, F8CECB, F90750, FA41AB, FC1915,
FDB99F, FE4ED8, FD9ECB, FB738D, F83A97, F4C9B0, F1AC6D, EF4A91,
ED67BD, EB8646, E9BF10, E88FBD, E87893, E9583A, EA645B, EAE391,
EAC251, EAC30F, EB9647, ED4CCD, EF6DFE, F13766, F28C12, F35839,
F3507B, F23FFA, EFE5C1, EC9569, E915FF, E6AF9B, E5F3CD, E7182D,
E94522, EBCAF6, EE2530, EFE3DF, F0F10A, F0DBFB, EF9C5A, ED7CA6,
EB96D6, EA825E, EAA588, EB81BC, EBD66F, EB468A, EA0E16, E8AE9E,
E77171, E62836, E504A3, E45FD4, E48F2B, E5A619, E71766, E88233,
E97781, EA414D, EB28DC, EC23F0, ED0FFE, ED9F5D, EE1111, EE9648,
EF7159, F0BA6E, F27B98, F46598, F620E8, F7AC5E, F9256E, FADCDE,
FCDDFB, FF1049, 014078, 036184, 05C7F7, 082323, 09F9AE, 0A6368,
09129C, 06BA63, 045A28, 029D1D, 016CA6, 009EFD, 00730B, 0162F0,
037299, 05EF26, 07F8BC, 08F3BC, 09093E, 08C80E, 08C946, 092B74,
09A2D4, 0A17C8, 0AB588, 0BAB2C, 0D1C20, 0F2CF6, 119A4B, 13EB85,
157CFC, 16556E, 174EC2, 196E90, 1D24D5, 2255C8, 285908, 2E09F7,
3287F5, 353572, 3671E4, 371745, 37662E, 37B8D3, 38105A, 3813F4,
37B994, 37106A, 3616DC, 34DF13, 33B7E9, 331BB8, 338029, 34D00E,
367ED0, 37F18C, 390C19, 3A2A0A, 3B8726, 3D088A, 3E3592, 3EB62F,
3EAEA2, 3E6702, 3DFE78, 3D6B72, 3CA327, 3BD292, 3B4C0A, 3B5AB2,
3C0715, 3D4153, 3E5A68, 3E9947, 3DA6C1, 3B7812, 38D460, 3645AF,
345B7B, 330B4A, 31F576, 309921, 2E9DD1, 2C18BD, 294992, 2673F0,
23CA19, 21B43B, 20945E, 206181, 2056B5, 1F87F8, 1DA921, 1B0C17,
186DAA, 169E22, 15A24B, 150CC3, 146DA9, 134A54, 11E10A, 10BCE6,
104EAE, 10E3DF, 1241A4, 13DD32, 150C4C, 150F85, 13BD7A, 113D19,
0E2B4E, 0B3401, 08A7E5, 0716A6, 0662A1, 0629D2, 05C4CC, 04C511,
02B0B8, FF4C6A, FABB06, F57A0B, F09DF4, ECED2A, EAB701, E9F23B,
EA3661, EAEE1C, EBE425, EC9C25, ECC7AD, EC755C, EBBDAB, EAE33D,
E9C790, E7E385, E5202C, E22932, DFEE67, DF1604, DF8D34, E0A1AA,
E18603, E1AF40, E15F6C, E1106B, E13B60, E23A30, E428AA, E7151B,
EA8C8F, EE185E, F1020C, F2C30C, F30A83, F1B452, EED7FA, EB033D,
E76FA6, E5185E, E47270, E55733, E6F720, E8AC22, E9E30D, EA0913,
E910A4, E7D291, E6DBA0, E65361, E5F7CA, E55472, E48842, E4130A,
E49E46, E64175, E8AE9D, EB38DA, ED8113, EF9DCC, F1A902, F3E655,
F68B3C, F99AAD, FC6E7E, FDAF36, FC68F8, F8A172, F352E3, ED7E1B,
E7D3A8, E30B8E, DFB37C, DE342F, DE5E98, DF84E2, E0BEE0, E139BB,
E0D66E, DFC5CE, DE69BE, DD15E1, DC69A4, DD1F0E, DFDFEC, E4B975,
EAA457, F04AB3, F45956, F6109F, F59D74, F377B3, F05EE8, ECF58C,
E9BD11, E784C0, E7481A, E9632F, ED6610, F222FF, F6217B, F8BE2E,
F9F145, F9E473, F8EDD0, F73EE6, F59844, F519B5, F6A053, F9D53E,
FD2DDE, FF1F6B, FEE45E, FD2CA8, FAEDC0, F8AD10, F6E4DC, F59BEE,
F55AC4, F65310, F8867C, FB752E, FE334D, FFF03E, 000BFC, FF191E,
FE0BFB, FDAC16, FE724D, 0000BC, 022FAC, 04E56E, 0833C5, 0BE143,
0F27B5, 11155D, 11298F, 0FF7ED, 0E4098, 0C5AE3, 0A4C2C, 07FAE4,
05BACC, 040E32, 03135B, 021B93, 003748, FCDB20, F8576C, F3AB7E,
EF9A88, ECB6C4, EB5446, EB6B41, ECE342, EF1F8F, F13A18, F2A26E,
F3143E, F2B018, F23D60, F26854, F3A402, F5F1A6, F8BB6D, FB9B4F,
FE084B, FFC734, 00AD07, 00636E, FECB02, FBF5A2, F83F68, F46A3F,
F13BD7, EF4410, EE79D1, EE6D5C, EEB172, EEB417, EE89A4, EE320E,
EDD3F5, ED8B91, ED3E19, ECF8F3, ECFBE8, EDAD56, EEDF05, EFE711,
F0238F, EF4A87, ED7FF9, EB5ABF, E989E8, E8ABF8, E8AC6F, E93FB0,
EA3DE5, EB8B52, ED0042, EE3900, EF391C, F02219, F11E0C, F1E442,
F21F4A, F1BE56, F0C41A, EF7AEA, EE6B2D, EDDCC6, EDA143, ED310F,
EBCF84, E9315F, E5D1BC, E2CC19, E15D79, E20585, E45A31, E739D4,
E9942F, EB2043, EBDEB3, EBB32E, EA88B7, E8B059, E6E4F9, E5F0C7,
E638EF, E7637F, E8F8E7, EAA502, EC5A0B, EE3F1E, F069CF, F2E17A,
F566B9, F7E2E0, FA684E, FCD41D, FEFE67, 009EA4, 013BB1, 00E5DE,
001EE5, FF8653, FF8DBA, 004591, 012F98, 01C36E, 024A0A, 03001F,
043B66, 05D1BC, 076615, 08B52D, 09708B, 0958A1, 08549D, 06A69B,
04B836, 0332B8, 02A490, 030048, 03C8C8, 048E7C, 05013E, 050845,
054749, 062EDE, 081DEC, 0B6095, 0F8CB2, 14448A, 18EE4E, 1D2F1D,
2119DE, 24C834, 282A16, 2AF460, 2D00DE, 2E7E28, 2FA70B, 307FA3,
30F7FB, 311CAF, 310D37, 3102B7, 312F0A, 31C482, 32E075, 344795,
356474, 35A176, 34F84B, 342150, 33EAF4, 34B958, 3656FE, 38260C,
39D3D3, 3AE6C9, 3B1FC7, 3A8EFA, 39A252, 392F5A, 39FBA6, 3C2748,
3F0304, 417C80, 427628, 41B62D, 3FEFD7, 3DBEC8, 3BB171, 39E83E,
3861C2, 373731, 365CEF, 35D4D9, 35B35A, 35F386, 36174B, 356742,
3385ED, 30C2FF, 2DE534, 2B7292, 2958E8, 273C95, 24BB37, 223E3D,
20A4C0, 206F4A, 213DA8, 21859F, 1FE57F, 1C0B18, 16F64C, 121343,
0E5D1A, 0CAA39, 0D270F, 0F5FA6, 12BBCA, 167AAF, 19A0F7, 1B309E,
1AF91E, 19777C, 177597, 15719E, 13562B, 1107BD, 0E5684, 0BC05B,
09FD3C, 092CDF, 08C473, 076812, 046640, 0028E4, FBC155, F808DE,
F59B52, F4B0B6, F505CE, F61B08, F73C65, F79A74, F6B9BC, F48FB8,
F14F76, ED769D, E9984D, E65D95, E40AA9, E2C54F, E2732B, E2A4A4,
E2F939, E301EB, E2AEC3, E20EA0, E147FE, E12B46, E23B81, E45A92,
E6D24F, E8C11F, E9FD0B, EABAA6, EB1418, EAC214, E9BBDE, E8774E,
E77446, E76E5D, E89401, EA9CCF, ECF874, EF19C5, F0D7F5, F180D8,
F04D96, ED0AFD, E85F0F, E39FAD, E0105A, DE8944, DED7FC, E069C1,
E27049, E47B95, E65EFD, E7BFCE, E85B95, E81E34, E78539, E76DC4,
E8BB77, EBED87, F0E81C, F70A79, FC8AAB, FFE996, 007751, FE57E1,
FA80F3, F56DAE, EFB90C, EA30E6, E5CA83, E331C5, E1F31D, E1C307,
E1BC39, E17B14, E1148C, E0DE78, E1659E, E25B12, E35A4C, E41516,
E48160, E53638, E6B2DA, E91A85, EB7965, ECB08D, EC4046, EAA618,
E8F846, E8085B, E83B73, E9BB2D, EC60FB, EFC4DB, F353CA, F64D97,
F83290, F88FA6, F768D8, F551B0, F342AD, F21376, F28384, F48A2F,
F73DBF, F9D9B1, FBD2D4, FD25F2, FDC589, FD9DF1, FC9521, FB05D4,
F9BBF1, F97C45, FA2074, FAAACF, FA7BCC, F9C0DC, F90F9D, F8E29A,
F9488D, F9B8B0, FA041E, FA2D62, FB2F05, FDA17D, 016920, 05A489,
092B26, 0B7117, 0C05C1, 0BE909, 0C1A87, 0CCF40, 0E011A, 0F318D,
0FFA4E, 1041FE, 0FECC3, 0EFD07, 0D135F, 0A2A9F, 06D76E, 038D13,
00809C, FD3530, F9AF89, F656B7, F397A2, F2078E, F1D80B, F268D8,
F30D25, F36C59, F362B5, F33961, F369CD, F489D9, F6BB2E, F992B5,
FC5202, FE7329, FFB622, 002DBD, FFD7A7, FE77AC, FC597E, FA1B46,
F869B0, F7DAEA, F864ED, F95375, F9C4FE, F90E73, F732DF, F4D574,
F2BBF0, F19CD4, F1A579, F2812F, F3A25B, F4768C, F4DC27, F490AE,
F35A0D, F163D0, EF4A3E, EDB483, ECB4BB, EBD6AB, EAC448, E98B0A,
E89319, E8AACB, EA4229, ED0077, F0172B, F298E0, F416CB, F4B94F,
F4ABEB, F43573, F3B05D, F35DBD, F3257E, F28856, F165AA, EFE897,
EE55E8, ECB666, EB3283, EA0C1C, E9A34F, EA3D1D, EB87CD, ECED1A,
EDAA56, ED38B4, EBB5B6, E98764, E71C3D, E4CE78, E2FB17, E2139C,
E22D6E, E2E9E8, E3B30B, E46C06, E56A3C, E6FA67, E96E2A, ECA914,
F0121E, F281B7, F38C69, F36FDF, F317CB, F372E2, F47982, F5DFEF,
F70664, F7ABC0, F830BE, F8CCC0, F9B486, FAC7F6, FBF8BE, FD9381,
FFE6C0, 02D3E8, 05AA5E, 07E50A, 095732, 09DEF6, 093806, 0744E4,
048F59, 01DBC6, 0004B9, FF3626, FF480B, FF5FEF, FEC4D6, FD8438,
FC2FA9, FBDC27, FCE727, FF5A7E, 02A613, 060265, 094FAD, 0CA3F5,
103FAE, 141584, 17AB28, 1ABBF9, 1D0A4C, 1ED69D, 206756, 21AE91,
22F449, 246A25, 26D0D7, 2A490A, 2E4B16, 31AC12, 33698E, 336B06,
327C78, 319F81, 30E2D3, 301B80, 2F26BF, 2EB4FE, 2F7271, 3191C8,
347309, 372793, 392EEC, 3A24E2, 3A05B8, 392027, 380669, 378268,
37FCDD, 398B08, 3BBC3D, 3E3128, 40A6C5, 42CCBA, 43FB00, 43C063,
422789, 3F9489, 3CA379, 39D956, 37B3A9, 36732F, 36989F, 37C348,
3928B2, 3A0843, 39D3B5, 38B05F, 370F30, 354F0D, 33D70B, 32D8DF,
3200A3, 30CC62, 2EBE02, 2BB7EA, 280E8B, 23F56C, 1F8727, 1ADD0D,
167F72, 1338D3, 11B332, 124318, 147070, 177942, 1AAE1C, 1D81DD,
1F4CEE, 1FCCD3, 1F16BC, 1D4BF0, 1ACEAA, 180A52, 1574F2, 138FC6,
128302, 11E914, 11205D, 0FCD97, 0DE126, 0BBCBE, 09A35C, 07D71A,
069464, 060202, 065DFC, 076F08, 085E3F, 07E52D, 05157C, 001BFC,
FA07D8, F40E31, EF5E2F, EC6300, EB2D08, EB6E46, EC53D1, ED4B79,
EDBE5D, ED3424, EBA392, E94C5E, E667D2, E36409, E0DABE, DF59DF,
DF4E07, E0B2FD, E336AA, E64A5A, E933F0, EB2205, EB8959, EAB288,
E92204, E7CB64, E73FB4, E78451, E8A2B5, EA7B6A, ECC509, EF2753,
F10078, F175DA, F04852, EDC65F, EA677B, E6F1D1, E404BE, E1E8AA,
E0D6E3, E08EC3, E08EEC, E027A8, DF0B8D, DDE101, DD6BB7, DE4D87,
E0C5C3, E4DB13, E9F017, EF61FC, F45FD8, F82846, FA460C, FA773A,
F8EA40, F5DCC8, F1EBC3, EDD879, EA7773, E8BBFF, E8B4A1, E9B8CB,
EAE585, EB7126, EAEF5C, E95433, E70CC7, E4BFF8, E2F8F5, E1DC9F,
E12DB6, E0A488, E05386, E05C34, E0CCB9, E15A72, E1AD20, E1AE73,
E19726, E1C00D, E2503E, E35763, E4D926, E70D5A, E9C6B0, EC4BCB,
EDD4FE, EE1353, ED7CB5, ECB9BB, EC5773, EC7878, ED0C45, EE3B99,
F00DAB, F281C9, F540F1, F7E971, F9F7E0, FAC828, FA1E2E, F8277E,
F5BD5D, F4044D, F39A32, F47A15, F5E3F9, F70C86, F795AD, F73368,
F6194C, F4ACA1, F35A51, F2C61D, F34107, F4C65C, F6E497, F8E7D4,
FA4B04, FB0345, FBCBFC, FD53ED, 000329, 035D01, 06AA94, 096969,
0B5B79, 0D088A, 0EC8F0, 102CC2, 10566C, 0EE1CD, 0C593B, 09A30D,
07598E, 04E430, 01CB0F, FDF411, FA3BD2, F7E0C2, F75359, F807FC,
F85859, F76FEB, F53225, F28F49, F0BE74, F048FB, F151FD, F34DEF,
F59828, F7A822, F91744, F9CF6E, F9B369, F90D27, F86783, F84CD4,
F8C6E1, F93834, F8CA7C, F72C8F, F52FBD, F41091, F48ACF, F61A22,
F7AC5E, F8DAC5, F989D0, FA1378, FA7AD4, FA2F6D, F914CF, F74371,
F50EE1, F2B554, F06F57, EE6603, ECA2AF, EB2E37, E9BCF0, E88EBB,
E7EEF1, E8795C, EA1DBE, EC4224, EE44C5, EF9948, F00A8A, EFA89E,
EEE33D, EE44F4, EE3A24, EED04A, EFCED7, F099B5, F0E768, F0C743,
F08BBE, F064CD, F050DC, F0520C, F06D48, F0C2B2, F120B8, F14E51,
F123A1, F0BB18, F028C6, EEEDEB, EC8DB5, E9117E, E51C83, E1A060,
DF6D76, DF1D20, E0624B, E26A65, E4A859, E69365, E83A1E, E9B834,
EB4725, ECF40B, EE1995, EE760B, EE0540, ECE83E, EBEC68, EBC5A4,
ECB01F, EE6622, F015A8, F1351F, F19EFA, F1BB7A, F25BF1, F3F66C,
F6C24F, FA94E1, FEF2D3, 036F4D, 077CFC, 0A730C, 0BA9C2, 0AE906,
08518B, 04AD6B, 013B54, FEA53C, FD0C7A, FC3DA0, FC03A0, FC7E7B,
FDA449, FEF743, FFC20B, FF9653, FE7531, FD1599, FC635D, FCC70E,
FE6F42, 012787, 04C48B, 092447, 0DAE3F, 12015F, 157464, 1760DC,
17B879, 17A552, 186320, 1ACA61, 1EB575, 22DFE6, 267E05, 2937C4,
2B2674, 2C9BE4, 2DB15D, 2E18AE, 2DFD12, 2DC960, 2DEE99, 2E9809,
2F7730, 302513, 30C5FA, 31A37D, 32B27C, 33A908, 33E038, 33AA12,
3383F4, 346685, 36E9A6, 3AE9A7, 3FA422, 438214, 456FF3, 44FCFF,
42A161, 3F77AD, 3C493C, 39C126, 3830D1, 37A4A9, 383C41, 39C3E9,
3BAF39, 3D460B, 3E406E, 3EC375, 3EDCAC, 3EAE20, 3E4D99, 3E064B,
3DCC0D, 3D46D5, 3C538D, 3A9D83, 37BE81, 339E2E, 2E400E, 284193,
2258D9, 1D3FB5, 1A21A6, 19695A, 1AEF35, 1DC715, 21349B, 249718,
27538B, 287FF9, 2734D9, 238430, 1E43DC, 18FC4C, 15111A, 136E17,
13CE36, 155587, 1729BE, 1878AE, 191648, 18FA63, 184651, 1728A3,
156C81, 132349, 10B0D3, 0EDBB3, 0E258E, 0E55AF, 0ECBA3, 0E9D53,
0D507F, 0ADD46, 0757A9, 030636, FE6F91, FA756E, F7E371, F6E62E,
F6C722, F6769E, F50636, F2370A, EEF0E0, EC2004, EA49EE, E95A16,
E8CDDE, E86DEB, E80307, E7CF9C, E81B3F, E891A3, E8BC44, E81613,
E6C3E0, E591B9, E5615F, E66FD2, E885D8, EB64EE, EEA8E2, F217DA,
F4FFAA, F6A730, F676C4, F4836B, F1E4B2, EF2AFD, EC44F1, E90A68,
E5AEA3, E2D8C9, E10EC2, E091CD, E12716, E258BA, E36154, E40CF3,
E478EF, E54017, E6E43A, E9453D, EC080F, EE7F5F, F04D4E, F1729F,
F1ED19, F1B0F4, F0F22A, F019C3, EFB65A, EFFDA5, F0C175, F1BB22,
F2B4C8, F367F6, F38C62, F2CCEF, F0D383, EE06D2, EB52E0, E9D07E,
E96E67, E98344, E90323, E7603A, E516AB, E31345, E235D9, E26D25,
E3580E, E43576, E465DD, E429EC, E3EEC1, E422EA, E4C630, E57593,
E62137, E6ADA6, E7043B, E73B3F, E76827, E7F0A0, E93704, EB5893,
EE4C8F, F170ED, F3F3C7, F5633B, F59B7F, F522F1, F49965, F44254,
F44124, F4A47F, F5AE91, F75088, F93AC4, FAD3C5, FB5ECD, FA9841,
F8B0CE, F6389B, F3FDB2, F29CBF, F213C2, F1C737, F1391C, F0713E,
EFF205, F07820, F2754E, F5B7BB, F975E5, FCED8C, FFA8B3, 019E52,
032F86, 049E8E, 063042, 0835E7, 0AB0FA, 0D0DF1, 0EA3D7, 0EF74F,
0DFCFD, 0C2854, 0A00F4, 082432, 0688AF, 049E87, 021F11, FEDA72,
FB87FC, F91277, F7CAF5, F78582, F79D6F, F75657, F6DC61, F6C7B8,
F78669, F8E2BB, F9C96C, F9BDD0, F8A410, F70365, F547E2, F3CC6A,
F2CB95, F2382F, F229F0, F2A970, F3E8FF, F5A77F, F73F71, F84679,
F8954C, F8FC83, F9C385, FAF5ED, FC199F, FC6854, FBD099, FA97F2,
F96D55, F85096, F6AA1B, F45B55, F1B666, EF9CB7, EE7C19, EE2D53,
EE0CD2, EDDA36, EDBFBC, EDE038, EE5792, EEB367, EE851B, EDA37B,
EC29EE, EA5DA3, E8961D, E78DB9, E7BA01, E9389A, EB9F8B, EE4763,
F0A7E6, F2474F, F3098D, F2EC1F, F26DF1, F24396, F2BC35, F38CAD,
F46181, F4E1F8, F4FEAB, F4A5C3, F38965, F17629, EE21C3, E9BB95,
E4F2B1, E09E4C, DDD181, DD5426, DF0DBB, E2A02F, E6ED49, EAA28F,
ECFB80, EDB899, ED2302, EB7A9A, E91325, E656AB, E40EE7, E2E4B9,
E2FBD9, E413BD, E5C1A9, E79AD1, E97822, EB1433, EBFD8B, EC6224,
ECD6B1, EE0337, F056EC, F3C083, F7DA4B, FC1B4C, FFE493, 02FBBC,
04EDF2, 055735, 04AD99, 0344BA, 014DD9, FF1B24, FD1592, FBE653,
FBB2E9, FC4543, FCD14C, FC81AC, FB1BE2, F8F57F, F7274C, F66C35,
F7000F, F8F4E5, FB9CF4, FE360E, 003CE5, 0166BC, 020E8C, 027F75,
032671, 0496E0, 06E598, 0A3F7A, 0E7FDF, 12D5DB, 16C378, 1A6BEC,
1E0161, 213FF4, 2395B1, 246D47, 23F0EA, 23055D, 22DF49, 241BF9,
26630C, 28CA13, 2A4D3B, 2B249E, 2B8309, 2BC64F, 2BF2BE, 2C1AC9,
2CBD78, 2E208C, 30C212, 348292, 38B16F, 3C7E5A, 3EFF85, 4015AC,
3FCCF1, 3E5C8A, 3BB606, 3813E4, 3445B0, 319B22, 316D8A, 34059D,
386C7B, 3CF35F, 40852D, 42E497, 44652B, 454A2A, 4553D1, 442993,
41E999, 3F508C, 3D4C79, 3C59B3, 3C2EC2, 3BB8A6, 39FD98, 36C17C,
328882, 2E5F8A, 2B1272, 292AFE, 28C9F5, 298A87, 2A8952, 2AE1A2,
2A0954, 280FD1, 259367, 22FEA4, 2111AF, 2017AF, 1F7B21, 1E8B44,
1D1753, 1B9C17, 1AAF2C, 1A7AE3, 1A8E60, 1A161D, 18C755, 1701F8,
1570C4, 14AA4C, 148AF9, 14F6D6, 15B868, 16CA82, 1810DE, 190D7D,
192845, 17D7AB, 14F802, 108805, 0B5CA6, 06C85C, 03C23A, 02B750,
0331F8, 03EDC2, 03DDE0, 026F83, FFB98F, FC4FE9, F8C370, F59780,
F2DCD9, F07710, EE292D, EBAD28, E8FEA8, E69B70, E4FBF2, E44946,
E43EF2, E4A248, E5A44E, E74447, E9775D, EC1FE8, EF0F2A, F1FFC8,
F4446A, F54AC6, F4E53B, F3642B, F1635E, EF3E54, ED1DAC, EAF84D,
E8EB03, E75D04, E67D4D, E64C94, E668E0, E6A80F, E6DD11, E6D3F6,
E6519D, E56D6A, E4CB98, E4EF1C, E61089, E7BC8E, E95371, EA256B,
E9F4A0, E948DE, E8F95C, E9D253, EBDCDA, EE6226, F06656, F14BFD,
F15FA2, F12A8B, F12ACF, F158C0, F1156A, F044AD, EF3D4A, EE6E8B,
EDFEEF, ED9789, ECE660, EBFABE, EB21CB, EA7C66, E9EEEC, E902D7,
E78310, E5B6DB, E425C8, E3330E, E2C287, E28890, E22D7F, E1CB97,
E1EAFA, E2C599, E416E0, E502A9, E51372, E43EB8, E334AF, E2EAE0,
E3CD5D, E5C7E3, E81165, E9F1F0, EB665B, ECA01F, EDDB9E, EF4073,
F0D49F, F29BB5, F46E6E, F6368F, F7B80E, F8BB28, F90A53, F8C22E,
F821D1, F728A1, F60E9F, F4C59E, F366B1, F1DB24, F04F77, EF27BF,
EEA7F9, EEE32A, EF45F5, EF6E59, EF7123, EFC300, F11B2C, F38290,
F69ABF, F9CDD2, FCF01B, 002288, 038B34, 0710B4, 0A04C7, 0BEA75,
0C8BF2, 0C2ED1, 0B43D0, 09DEB4, 0871E7, 0701D2, 0591B2, 040BE0,
029EA8, 019183, 00EAD6, 00A5E4, 0073A7, 000183, FF44D4, FE7FBE,
FDDDB8, FD77F7, FD2BC6, FCB492, FBC509, FA37F5, F7EDFB, F5201A,
F24395, EFE97D, EECA3E, EF3E6F, F168DF, F4A9D2, F7E99A, FA0A03,
FA7694, F9DF2E, F92B0E, F8DD62, F8F4CC, F8C3CF, F81432, F7584F,
F75E21, F8B0D1, FA9C33, FC1A98, FC49BA, FAF435, F8ADA6, F61C42,
F3BC04, F1F3DE, F11418, F13E55, F240DA, F369B3, F41223, F38190,
F17321, EE47BC, EAB477, E761F9, E4AD54, E2CF58, E23E35, E3A655,
E71CB4, EBFC7F, F1126C, F4FE26, F6D1DF, F6B073, F55936, F3E3E7,
F2F114, F287C9, F2A18E, F3279C, F3D723, F40C25, F36314, F1896C,
EEC707, EBA2B5, E8CD29, E7006A, E6712A, E6ED60, E80896, E951CD,
EA6656, EAF582, EAC0BE, E9E1A3, E89E27, E728E9, E5F9E1, E559F0,
E543A5, E56781, E55994, E4FDE1, E46896, E3CC3A, E3301B, E2C938,
E2EE03, E3B7E5, E53BD6, E79BFF, EB02DA, EF8DB4, F4F349, FA5316,
FE6896, 0012FB, FF1B51, FCCDA4, FB00C4, FA8713, FB54EA, FCCD06,
FE21CD, FF019F, FF1B9D, FEC300, FE4CC8, FD676D, FC0097, F9D54D,
F7A2B5, F612DD, F5B285, F66BA6, F7D790, F9764E, FA74ED, FAD21A,
FA8AD0, F9B435, F8E591, F8EB37, FAFA3B, FF506B, 056926, 0BE727,
11989A, 1600F2, 18ACC4, 19DF32, 19BD9E, 189D2C, 1759E0, 16813C,
16F612, 18BC84, 1B6328, 1E25C6, 20A687, 22DFB9, 2516DD, 27D118,
2B0C06, 2E3D6E, 304617, 30926F, 2F7FDA, 2E5DA7, 2E7639, 30032C,
3256B3, 345546, 34FF5B, 3431B3, 327DB3, 311317, 310288, 327DAB,
357285, 393463, 3CF62A, 3FD0E4, 411826, 40BB8E, 3F38DE, 3DB2BF,
3D3780, 3E3794, 40097D, 41656C, 418D99, 4088A2, 3F2245, 3DA56E,
3BCC93, 395267, 362BCF, 332C24, 311777, 30452B, 303EDD, 30081C,
2F6B69, 2E7E03, 2DECF8, 2DA969, 2D4E91, 2C248A, 29B0A5, 264AAD,
2278AB, 1F2996, 1CDEE7, 1B8329, 1ADB04, 1A7D2F, 1A5F15, 1A7455,
1A5651, 1A21B2, 19FCA1, 1A4CC6, 1B42E4, 1C317D, 1C77A8, 1B869A,
19365A, 163982, 13B257, 122DC0, 11B733, 11B638, 11D949, 120320,
12157C, 12375D, 124C28, 120C4D, 10FA4E, 0EB6F4, 0B4BB8, 070AB9,
02729F, FDDFBD, F97E5C, F57B30, F1D9DE, EE8E85, EB9FB2, E93DB0,
E7DFF1, E7E260, E955C1, EBE476, EEA918, F0C000, F20BAC, F2AFEF,
F30747, F35483, F38095, F375AD, F31947, F27725, F1935E, F0987C,
EFB2D0, EEF8F1, EE5FAF, EDDF8E, ED614F, ECAA98, EBA5D3, EA5269,
E8F5A2, E7E77A, E72D41, E6D948, E6E8AA, E73FFE, E7EDFB, E8E1F4,
E9F1C9, EAC397, EAF868, EAB3BB, EA88E2, EADF3C, EB9C19, EC73C9,
ED107F, ED78C4, EDDB5F, EE7360, EF81BD, F0B9B3, F1BE00, F2821C,
F30BD4, F351B9, F31FA0, F26A2B, F15586, F05038, EF4B42, EE1715,
EC8529, EAB978, E929B3, E84EB3, E87A19, E964EC, EA80C2, EB048D,
EA81AF, E90238, E6F572, E5097F, E3AE1C, E2FC55, E2A676, E21795,
E15152, E0D843, E10CD5, E22792, E3F099, E613A8, E840AB, E9AC8B,
EA5007, EA9A1C, EB7C25, EDB7B2, F0ECED, F4778A, F78076, F9C06F,
FB4D0D, FC3440, FC4AA6, FB2F00, F905D2, F65532, F3C40F, F1CA7D,
F091C7, F000B0, EF7962, EEA969, EDA34C, ECB414, EC8E55, ED5189,
EEEF9B, F12E60, F410A3, F7C57C, FBCB21, FF97F7, 02D17C, 054563,
06FCEE, 0802BF, 081C00, 0706D0, 051508, 034CB2, 02AB68, 038C69,
059A69, 081F11, 0A46F5, 0B671F, 0B3DC5, 09DE36, 07D2BA, 05C287,
04172A, 030378, 02825E, 024AF0, 01FE0A, 0111AE, FF2A20, FC960C,
F9E2F2, F79DD5, F5FA23, F4C81F, F40558, F3F0DF, F508A4, F75EA6,
FA49C9, FCC406, FDAEA7, FCC5E9, FA88A2, F7CB09, F59A0F, F4604D,
F45D08, F5352F, F6797F, F7F0A9, F98439, FB42D2, FCDA64, FDED00,
FE220F, FD91F1, FCC0B6, FC0F7E, FBB30A, FB614C, FA8E2E, F8ED2D,
F65763, F2FACF, EF4B4E, EBC775, E8F891, E75575, E70881, E7D4F0,
E972D3, EB5C21, ED527D, EF12B5, F07C15, F16969, F19938, F1388C,
F0A571, F08F81, F1593A, F2E68C, F4AF34, F5D06D, F5E060, F502AA,
F3B6EF, F24D29, F08653, EE5AC0, EC4CEE, EB1676, EB319E, EC9690,
EEA505, F05BD6, F104C2, F065DA, EEA9DC, EC5CBE, E9CD52, E77B1E,
E62934, E61970, E6F2A5, E7A04A, E72766, E532CF, E29A0B, E04AF4,
DF1150, DF2DD8, E04FD7, E20518, E3F3B1, E65F2F, E97749, ED0A9C,
F04816, F29924, F3B5E2, F3D63C, F3B883, F3CCEA, F429EC, F4D0C3,
F60D64, F845D5, FB6273, FED3CC, 018E61, 02E74F, 02E3F2, 01A1C2,
FF7648, FCA81E, F9A256, F6E34D, F4BAFF, F3588D, F29767, F2212B,
F188B0, F1017A, F10BFF, F276C4, F5A540, FA22F6, FF0521, 02F777,
0508B4, 05632F, 04FD89, 04B8BD, 04E234, 059368, 06C9AB, 084EF5,
0A102C, 0C1F1F, 0EB7C3, 1200FE, 15DA12, 19F360, 1DB504, 2089EB,
221F82, 22885A, 2251DD, 2258DA, 2353E6, 25326B, 27A49F, 29E2D1,
2B3F3E, 2BB138, 2B5F53, 2AFEBF, 2AF8D6, 2B71A6, 2C91D1, 2E1DFB,
2FF4FF, 31BA38, 333DA1, 348F17, 35D6D8, 374491, 38EC19, 3ADC08,
3CFE88, 3F6E03, 41A828, 42EAB5, 42B7BA, 411898, 3EB486, 3C58FD,
3A6799, 38C359, 376C5E, 36A17B, 369EE2, 377DB9, 38FF23, 3A8615,
3B92CD, 3BB699, 3AC89A, 38DE9B, 362C37, 33020E, 2F8A55, 2C1ECC,
2940B1, 272FE7, 25E1A5, 24F399, 240B64, 22FC79, 21FC90, 219E2A,
21ED32, 225245, 21F96F, 2093BE, 1E9032, 1C8DE3, 1B0642, 19C6DE,
18947F, 173FBC, 15DE44, 14ACFB, 13D455, 13ACE7, 1448BE, 15B644,
17E643, 1A4F70, 1C6300, 1D8362, 1D7340, 1C09C8, 197159, 160E2C,
1227BD, 0DE09B, 09621E, 04E87F, 00D911, FDA990, FB1344, F893A1,
F5ED0F, F36673, F19A04, F0E934, F137C3, F1CFFA, F1EC5F, F164F4,
F08ECB, F0070A, F053CA, F18407, F35A6E, F53EBB, F67A27, F6AD2B,
F5CBAE, F4520B, F2CB62, F1621F, EFDCB4, EDF904, EBEFB5, EA0BBB,
E8ABBE, E80721, E82134, E8DA59, E9CB01, EA976E, EAF477, EADDD9,
EA709C, E9C9DC, E909CD, E807ED, E6FB6F, E61D65, E5A61B, E5DF97,
E6C23D, E84350, EA385E, EC448D, EDFC92, EED335, EEA7AA, EDC8B0,
ECE185, ECCBDE, ED949B, EEECB9, F0398E, F0FC73, F122C3, F095BA,
EF886B, EE5183, ED2B5E, EC3631, EB614D, EA996C, EA06F0, E9E9ED,
EA6189, EB1497, EB8471, EB5ED3, EA7D36, E8F1A9, E6F268, E4B73B,
E2913B, E0EA2A, DFDB2E, DF8CB1, DFE58E, E057C6, E0C451, E0DA75,
E08076, E01894, E00813, E0FD3B, E3343D, E6C62E, EB90E6, F11E1F,
F68F77, FAA75F, FC5D73, FB8DEE, F941CF, F6A376, F442FA, F23038,
F0003D, EDD2A8, EC75B6, EC7765, EDADF4, EF1597, EFB334, EEFA38,
ED67C4, EBFDDD, EB9EB1, ECF30C, EFA5E8, F33CD9, F711FC, FAA636,
FD9D06, FF5373, FF6688, FE06CE, FC2DCB, FB3CE2, FC039B, FE45EE,
011110, 039623, 059861, 0784C7, 099A78, 0B750B, 0C82FE, 0C5CB3,
0B7851, 0A6BD6, 093E5F, 07DBC3, 05E4B1, 035053, 00ADCB, FEA498,
FD9D27, FD400C, FCBA60, FB7BED, F9D15D, F8A0B8, F8C33E, FA6D05,
FCDA49, FED0A1, FF1C51, FD6E41, FA50ED, F65D08, F292E6, EFEDB3,
EF15CA, F070D9, F36214, F6CAED, F9B0B0, FB5C35, FBF786, FC10DD,
FBF99A, FBFA29, FC23DB, FC9198, FD637A, FE6A38, FF31EF, FF398C,
FE495A, FC3C10, F91B4A, F5557A, F16F14, EE2C02, EC0CED, EB18DD,
EB19DC, EBC574, ECBCC7, EDCF2F, EECEF1, EF7FD1, EFEC44, EFF43B,
EF882B, EEC33F, EE1418, EDF8D8, EEE1C6, F0C3B8, F2BEE5, F3FCF1,
F43B82, F38A13, F23213, F07B7D, EEAC9E, ED81E7, ED8D84, EF0856,
F16F3A, F3BD5B, F54175, F5C02F, F54EDB, F41B16, F23E1D, EFD256,
ED1499, EA534D, E82925, E6A1E0, E5C016, E510D0, E40E41, E2C374,
E18937, E128AA, E1DF90, E33797, E46B4A, E502D5, E537A3, E57151,
E5BD63, E61AD8, E60981, E596BC, E53952, E58D9F, E73688, EA07DF,
EE22EB, F2FC7D, F7F0E8, FC5A8F, FF6B3D, 00B331, 0032B2, FE458A,
FB8B3C, F8EA7B, F6F10A, F5B849, F505E9, F45299, F3AED5, F31E06,
F2D3F4, F31169, F3D7B2, F53290, F6BAC4, F7D910, F8444F, F7F6D8,
F75D82, F71168, F7583F, F8242B, F8FCA6, F99BB2, FA400F, FB76A5,
FD65E6, FFD514, 025CE2, 04A73A, 06FF56, 09983E, 0C60B9, 0EF4F2,
113A56, 1373A9, 160634, 191409, 1C725D, 1FA327, 220A06, 234C4E,
236272, 22B4F2, 21BD32, 2126DA, 212749, 21959C, 2247EB, 2323F9,
243E2B, 25A5A4, 275EAA, 2981DE, 2C4A61, 2FCC69, 338487, 369FDE,
38867E, 395E21, 39BD45, 3A5118, 3B5940, 3C7410, 3CF5EE, 3C6C75,
3B260A, 39CFF2, 390B83, 395E97, 3ACADA, 3CE63D, 3EEB2C, 401B23,
402987, 3F5F10, 3DF7F8, 3C1DAB, 39F9B0, 37BCFB, 35FBB3, 34C3EB,
33E6B4, 32E850, 319519, 304ED0, 2F8E8F, 2F7A13, 2FC016, 2FBA7F,
2ED9CB, 2D0644, 2A8B30, 27E1AE, 256231, 234D85, 215555, 1F0D14,
1C8268, 1A2705, 18BBA7, 1838C0, 182B79, 1842A0, 185FF8, 192F1C,
1AD94B, 1D0929, 1EFF3F, 200D0D, 205484, 2035C8, 20143E, 1FF269,
1F6803, 1E3F82, 1C6F41, 1A0DEC, 172C2B, 13E53A, 1052E8, 0C670C,
0833FC, 03F505, FFFD7C, FC98D9, F9B2B9, F75D05, F616DE, F637F0,
F78E73, F93CDB, FA4A70, FA1798, F91333, F828B4, F80E64, F8843E,
F8C3B2, F87074, F79D34, F6D445, F63830, F5C765, F535AF, F4465A,
F3145C, F1940D, EFFF01, EE6215, ECD7EB, EBF220, EBE7FA, ECBB00,
EDF04C, EECA27, EED1D1, EDA8FF, EBA404, E96FD4, E7D5DE, E732D0,
E78467, E8BB2B, EA7E0E, EC8D98, EE4B1D, EF1298, EE99EC, ED2637,
EB9A69, EAA36E, EA9B76, EB3B69, EC5125, EDD25C, EF9607, F189F6,
F313C5, F3C0BF, F32324, F15960, EEADE0, EBD433, E99895, E8B52A,
E99CB4, EC16B7, EF6FE2, F28A73, F435E6, F3CC70, F1B7EA, EEA27A,
EB9BE9, E8FE85, E6BC23, E48110, E1DFDF, DF5076, DD5888, DC3ACC,
DC1854, DCB3A4, DDCE0A, DF4FFE, E0E211, E28139, E43F88, E669CE,
E97B3B, ED5455, F170A9, F5030B, F71C23, F77A4F, F673A5, F468D1,
F23DDB, F08C53, EFACB5, EF91AC, EFD458, F011B6, EFD4C5, EEE2F6,
ED7398, EC32EC, EBD733, ECE46D, EF4AD5, F27344, F564E4, F7481A,
F7CD77, F70ED1, F578C9, F3C9B9, F2C24C, F2E684, F48D6A, F790DE,
FB2F66, FE8336, 0157CB, 03DD2C, 066747, 08FB98, 0AF23E, 0B9705,
0ABF52, 092386, 07AF6A, 06F44C, 07218B, 07CE36, 08BFE1, 09569E,
091F54, 081389, 063729, 03F564, 01CDC2, 00549E, FFD8F1, 00482F,
013212, 01ED51, 021EE9, 01649E, FFBDDC, FD59CD, FA64C8, F755FA,
F4BF28, F3491C, F348C2, F4704B, F5E02C, F71F30, F864E7, F9D2DC,
FB6081, FCB13A, FD8557, FE04F2, FE7E44, FF2E79, 0001D2, 0088BA,
0035AF, FF22E3, FD77A5, FBC147, FA1BE1, F88022, F6D375, F4E8C5,
F3068C, F1909A, F11C1B, F16F54, F1EF65, F24CEA, F242F8, F2269C,
F242E1, F27202, F27725, F1FCE7, F135CA, F07592, EFCF88, EF1447,
EDE271, EC78E0, EB3AA5, EACD21, EB7EAC, ED43A8, EFFF20, F354DF,
F6A7DF, F9106F, F9D270, F8E6AC, F6E7F3, F48EED, F28221, F0EEDC,
EFCB9D, EEEF15, EE128A, ED4128, EC8D1B, EBF8E2, EB75AE, EAC2BA,
E9C229, E87E00, E72142, E5D8C5, E4AD5A, E3745F, E2124D, E08709,
DEFA35, DD9CAA, DCA366, DC59F7, DCF552, DEA8EC, E13B26, E44AFF,
E7C534, EB8685, EF1C16, F1D85F, F34AB2, F3A1D9, F386C7, F399F6,
F40112, F45F32, F4449F, F3DE23, F388ED, F3721E, F39433, F39FE5,
F36AF1, F2EAE1, F2610B, F22CAE, F242BA, F29217, F30D77, F3C6D1,
F4BC54, F5B95D, F645EF, F60A30, F4B2E4, F28745, F06EA9, EF136B,
EED749, EF7F54, F0C219, F29F8D, F511B3, F7F495, FADAB6, FD5239,
FF6C7C, 020F3F, 0600FC, 0AFDA5, 0FFC45, 138018, 1508C4, 157411,
15B021, 166698, 172C1A, 176BDF, 16F5E8, 162653, 15D3DD, 168F1E,
1895AC, 1B4363, 1DCD5F, 2006FB, 22259F, 248C6D, 26F086, 28C207,
298463, 295E09, 295189, 2A42C3, 2C59B9, 2EE331, 313363, 332220,
351118, 375093, 39736E, 3B00BC, 3BACB1, 3B9244, 3B3AA9, 3B076E,
3ADAEE, 3A3C31, 390E55, 3789AD, 365427, 3613DA, 368649, 372438,
374C5A, 36D806, 365307, 3642F2, 36A082, 36CBF5, 364122, 34B8E4,
32810D, 304C99, 2E7071, 2D0D27, 2BC176, 2A6D6C, 2901FB, 274EBE,
25854C, 238104, 212A2F, 1E983F, 1BAE6E, 18B76D, 165132, 14EC00,
14B28A, 159FAF, 1796CB, 1A3538, 1D185B, 1FD120, 21DD63, 22F507,
22ECEA, 22057E, 20A197, 1F4BD3, 1E1F33, 1CD222, 1B321E, 1912A3,
1674CD, 1373B8, 1022BA, 0C554D, 07F896, 03963C, FFC8EB, FD373C,
FC3EA9, FC8B34, FD70B5, FDDDCC, FD7B6F, FC6987, FAEDB6, F9AC79,
F881B5, F763CF, F6A930, F6FB4E, F88C4D, FAA7AE, FC51F4, FCA861,
FB914F, F96C74, F6B8E2, F3E47A, F12EB5, EF31B2, EE21B4, EE174F,
EECB09, EFA14D, EFF904, EF8DB8, EE943E, ED6387, EC6EF1, EBB837,
EADD69, E9B7D1, E8785E, E7D38A, E87298, EA4B3E, ECCABD, EEBFF5,
EF8E17, EF170E, EDAEC5, EC2CC3, EB011C, EAEA61, EC2184, EE013C,
EFA04F, F0050F, EEF5F6, ECFF15, EAFF8D, E9AA24, E9760A, EA8EEA,
ECC5DB, EFC4CF, F2A918, F4C3E4, F5D765, F5DDD6, F51033, F3A0CD,
F1F4FF, F061C7, EEE02E, ED168F, EA9276, E772FB, E46819, E232D7,
E0D6EB, DFBE97, DE4156, DC8EFB, DB8A5C, DBEEA2, DDCA02, E0A4E1,
E43197, E8369D, EC3CA9, EF6550, F0BAB9, F012C9, EE4080, EC55E8,
EB4A86, EBCB93, EDB274, F051C7, F2CE77, F43A25, F44752, F3545F,
F1F164, F09A0D, EF7DC9, EEB360, EE528D, EE87D8, EF2480, EFBE27,
F04719, F0D817, F19BFA, F27890, F2F0CB, F2BC9B, F2234D, F1D7D5,
F29C36, F4C0E2, F8094A, FBFA44, FFBE61, 02A3FA, 047124, 0531C7,
05554C, 0520C9, 04FFCF, 052609, 05E0B2, 079254, 0A05C5, 0C71B0,
0DB935, 0D5C65, 0BDF6C, 0A3234, 093DD4, 094D08, 09BDE2, 09E3E8,
095227, 0877B0, 07E434, 0790D8, 06FE67, 0574B4, 02E18E, FFAC2C,
FCB035, FAC7E4, FA0789, F9F261, F9BD61, F9588E, F91270, F926E3,
F9AF2F, FA6EBA, FB783B, FD2D53, FFC3D1, 02C1E2, 053E39, 064340,
05A059, 03ADDB, 01192C, FE95FA, FC32A8, F9FBBB, F82EE3, F70C04,
F6D66B, F77BB2, F8CE42, FA560B, FB7FE5, FC5E67, FCD4CC, FCA943,
FBA602, F98252, F67F73, F35F65, F114C2, EFF2CB, EF8A49, EF1977,
EE3E57, ED550E, ECE8FE, ED894C, EF0784, F0B0E5, F2017A, F2D1C0,
F3702E, F3E04F, F417E8, F3D52A, F30B98, F227F9, F18738, F195D4,
F2320C, F31300, F421CD, F52C84, F61F71, F6AC10, F69693, F58B1E,
F38BBF, F0B9CA, ED7B99, EA75BA, E80A9F, E64AEC, E5128F, E3F56F,
E2BBA3, E16411, DFB16F, DDE836, DC8570, DC339C, DD35BC, DF0C1F,
E0F1F3, E27B9E, E3BEB3, E5387F, E73EB4, E9E6F0, ED05AD, EFD121,
F1F4AC, F2C97F, F2594A, F11CF9, EFC2BD, EEF1C0, EEC01A, EEF882,
EF2C80, EF4980, EF56E5, EFA1C5, F08040, F22C8F, F4950F, F72FCB,
F92E1B, FA017A, F9AF8F, F87A49, F6919B, F4173B, F14DFB, EEB982,
ECC33E, EB9A5A, EB1AB1, EAFB38, EB660F, EC8EFC, EE89A5, F1265E,
F41B40, F75430, FAAF2B, FE1397, 010548, 032621, 047E38, 056339,
065F48, 07D504, 09B72D, 0B9528, 0D1DB8, 0E6285, 0FC2EA, 11B0B1,
145C54, 178AE8, 1A66B4, 1C38C1, 1C9E18, 1BBB37, 1A6CE3, 19540F,
18B8AC, 18D75C, 19F8A2, 1C54BB, 1F8841, 232D6F, 26F8A9, 2AB73A,
2E589A, 31CD00, 3493F0, 362855, 365032, 35556B, 341D3B, 337CE2,
340A3B, 359960, 378C9B, 394388, 3A2F2A, 3A2755, 398108, 387D94,
372D18, 35C58B, 34AEE7, 347FFA, 3566E2, 36EC21, 387CBD, 396940,
398CE4, 38FDB4, 37C37B, 362B3A, 348CF2, 336766, 32D690, 3284D7,
31E39E, 301ABE, 2D1DF1, 292884, 24E460, 20F67A, 1D8790, 1ACD0F,
18C1DE, 1798F4, 179FFB, 18DE75, 1B1FE8, 1D8F27, 1FA5F9, 2106A6,
218DC9, 21807F, 20FF75, 205D30, 1FB6BE, 1F242D, 1EFA28, 1F5626,
202CE8, 20DC7F, 20A2A0, 1ECF14, 1B3151, 1654B5, 10ED39, 0BD9AF,
080DB7, 05D722, 04FE92, 04F1EB, 04D4F2, 041E9B, 029D86, 007970,
FE1A73, FBF373, FAA76A, FAC6D4, FC1487, FDC955, FF0853, FF4282,
FEA2BC, FDAFB8, FCD912, FC19B0, FB2A0E, F9F584, F89ED3, F7435C,
F61240, F51FAD, F474DF, F3FE9C, F34606, F1E562, EFB8EA, ED2464,
EAE69F, E963D4, E90100, E9CEDB, EB5EE5, ED629A, EF3619, F05784,
F09CD6, F0065D, EF0A1D, EDFD98, ED5B63, ED68A9, EE33BE, EF3831,
EF8A4B, EE9F85, EC7B62, E9E775, E7BA40, E66286, E62CF8, E701BF,
E8AF46, EB3040, EE5D56, F1BCCD, F4EDC1, F7AD20, F99570, FA4F57,
F962D5, F69704, F29112, EE7EBF, EB7346, E9E254, E9A74E, E98F3D,
E8E94A, E76E9F, E55940, E3797D, E20D68, E11CA8, E07859, E01A9F,
E051E7, E17B38, E364AA, E52539, E5D7FE, E55F00, E49133, E4A045,
E5DDCC, E7C294, E999DB, EB1817, EC988B, EE4BA6, F045C8, F1CF18,
F26ACD, F1CDDD, F051EB, EED4A4, EDB417, ED087E, EC8E0D, EC2D32,
EBE414, EBD287, EC10C3, EC5B87, EC530F, EBE4EA, EB9603, EC2B03,
EDEDAA, F068B5, F2A026, F3F549, F48F74, F4DE07, F55986, F639A9,
F7907E, F95ECB, FB875F, FDDD4E, 003C57, 02712C, 040D6E, 04EBCE,
054DEB, 0594F5, 062558, 06EE1B, 07CD8C, 088250, 090A48, 09EFF5,
0B8B91, 0DB5B1, 0F8668, 10283A, 0F48B3, 0CD7B1, 09919C, 060487,
02A17A, FF8F84, FCE7CB, FAC68B, F9385D, F871CA, F89273, F98D00,
FB18E3, FCF11D, FECC5D, 009D2F, 027BC0, 04413F, 05692F, 0545B1,
039F1E, 00F8C2, FE1A8F, FB88A4, F9919A, F86FDE, F856D6, F9702C,
FB5518, FD9AE2, FFB821, 0162D8, 026330, 0264CF, 015931, FF52B9,
FCC832, FA28B9, F7CA24, F61EE7, F5739E, F5D840, F6BF55, F74E26,
F6E4D8, F5B09D, F497DD, F428DA, F42240, F3C6B0, F29E99, F0CF4B,
EF0918, EDFAE6, EDEDD7, EEC0F7, EFCBAF, F09879, F1195F, F172DE,
F21E35, F367DF, F53955, F752D5, F94F14, FA8B18, FAD067, FA0137,
F87069, F6AC7B, F5467E, F49BFD, F44579, F3935F, F1EC3D, EF649C,
EC70BE, E9929E, E6FC36, E4A487, E25852, E026A6, DE3B79, DCBF24,
DC115B, DC84C0, DE5AD6, E15C66, E4D616, E8114E, EA8167, EC011D,
ECE986, ED59D3, ED2E39, EC81CD, EB92CA, EAB30A, EA42D9, EA5F9D,
EAE6D4, EBAD94, EC77DB, ED5375, EEA0A8, F0C56E, F3B8FA, F6F80E,
F99C73, FAE074, FAA96E, F97899, F812A3, F69A7D, F4FD77, F2E204,
F041D2, ED8049, EB259D, E9C09C, E9C459, EB8BC8, EEAD8E, F1E65F,
F403EE, F47602, F32E71, F10D51, EF4A07, EEC45E, EFF2FD, F2C001,
F6A417, FAF020, FEF650, 02428A, 04D1E9, 06D685, 088CFC, 0A2B37,
0BD84C, 0D8BC3, 0F18BC, 106924, 11462F, 1180A8, 117306, 119BCB,
123625, 132434, 13EF2A, 144E3C, 147B91, 150D51, 16DAE1, 19FE57,
1E1A62, 2281FE, 263AD4, 28D7BE, 2A4EB0, 2AFD1D, 2B51A9, 2BAD76,
2C551C, 2DA26D, 2FF1CA, 335CE1, 370777, 3978B7, 39B342, 37F4E3,
357AF5, 337E27, 32AAB5, 327F8F, 32BB84, 33685B, 34BAA5, 36E314,
3972BE, 3BDFD5, 3D7234, 3D9B16, 3C6DD0, 3AAEBF, 3959C0, 387906,
37C851, 36D460, 355808, 33835F, 313FB7, 2E4829, 2AAE9E, 26F26F,
23C9F8, 21CA95, 20CEC0, 2021D2, 1F462C, 1E53CD, 1E1E19, 1ED44E,
1FEA39, 208392, 2029E1, 1F464B, 1E7E7E, 1ECE8A, 208260, 22FDF0,
25557E, 2686B4, 264E61, 24F141, 22CA57, 2009A4, 1CDB9D, 199860,
16D726, 1551F7, 15080E, 1545AF, 14BDCD, 128738, 0EDE37, 0A7AE6,
063222, 029707, FFDF16, FE3FA1, FDD04F, FE5C0E, FF75FE, 00B6B1,
01D3D2, 02A958, 032497, 03029F, 021D83, 008F19, FEC031, FD207A,
FC2AD8, FC3296, FCF7CA, FDD24A, FDB70D, FC3346, F9151D, F4CD51,
F02EE8, EC2C72, E999C5, E8F341, EA3D73, ECB24C, EF726C, F1BAFE,
F33D54, F41AEB, F47B4A, F47D47, F419C8, F319B4, F1B3E3, F03706,
EE9FFA, ECE733, EB15DF, E976AB, E828B1, E70BE6, E65219, E6353F,
E701AF, E917C6, EC5417, F02999, F3B2C7, F647C7, F79E8C, F759B3,
F5F669, F478C4, F37A06, F30436, F2AD9D, F22789, F18B5A, F0E6E7,
F0182C, EED711, ED1936, EB38DA, E9B58F, E90142, E8D5C8, E8AA97,
E7ED81, E6A0AB, E4FAAB, E37409, E24F32, E17F91, E11DD4, E10235,
E13CB0, E1D48D, E30C04, E503EF, E7C0D6, EB16DD, EE7EDC, F122C2,
F2351F, F17354, EF5503, ECE83B, EB4230, EB1473, EC552B, EE39CE,
EFA014, EFF7E5, EF3F24, EE1820, ED0DCE, EC2EC1, EB9AB3, EB2648,
EACB0F, EAB942, EAD50B, EB3EF5, EC5B7B, EE3F0B, F0B481, F2F91C,
F47B3F, F52BA8, F55512, F5B0FE, F67199, F76E98, F88035, F95CE7,
FA09E7, FA8CE6, FB43C8, FCC584, FF71A5, 031C9C, 07170E, 0AD4BC,
0E134D, 10A0FC, 1238FE, 12BF1F, 1208D7, 104300, 0D8942, 0A15F8,
064D78, 02C7AB, 003C61, FEE03E, FE82B9, FEBABB, FF2CA1, FFC7B2,
00C772, 0206B6, 032DE7, 03C0DA, 038344, 0288F8, 012359, FFCEDE,
FEE23D, FE9DA2, FEADB6, FE8D02, FDF108, FCE30B, FC41E6, FC9A77,
FDEE3C, FFB021, 00B2F0, 008267, FF60FE, FDFF8D, FD1659, FCBCC8,
FCDDC2, FD0347, FCB7CA, FBFEB9, FB3275, FACAD4, FB0C05, FBC0E0,
FC704E, FCA785, FC32CB, FB23E0, F9738B, F75598, F520A8, F354EB,
F21420, F11BCF, EFF4F6, EE89B3, ED3609, EC7ACB, ECBF5F, EDB3A9,
EF05CF, F04F6C, F1875B, F2B183, F3BAC9, F48F5E, F55260, F6606E,
F7FA8C, F9F2E8, FBB641, FCC26C, FC8E66, FB21BA, F91BEF, F712DD,
F577D2, F3DD64, F19F16, EE5508, EA2DEA, E5F9D9, E2444F, DF97B8,
DE3A15, DE54FC, E016DE, E34244, E6D0E6, E95E88, EA1727, E9145F,
E72087, E53700, E3F290, E3837F, E3A127, E3DB1E, E42DB3, E4ADE7,
E5C5E4, E77A05, E9C904, EC80F5, EEE206, F05AA3, F0A11D, EFEFA6,
EF1615, EF20F1, F08AF0, F34959, F6230C, F7EA36, F81A21, F6D090,
F50D4F, F36B32, F1FC2E, F0B65D, EF8CA1, EEF025, EF475F, F05DFF,
F15441, F12CE5, EFBC85, ED712B, EB3FEB, E9CC25, E92A07, E99D23,
EB0FF0, ED5FED, F06EFA, F3ED12, F7807A, FAC39B, FD7512, FF7B76,
00D70E, 01BEBD, 02A0FA, 03D0C0, 054EDF, 07279A, 09576A, 0B83E8,
0D2556, 0DD1D4, 0D8C29, 0CEA91, 0C9E1A, 0CFE85, 0E1798, 0FD712,
1211E4, 1493D1, 17378D, 19CA2D, 1C0DC1, 1DDF3F, 1F5C11, 20E151,
22870E, 246571, 26C1CE, 298602, 2C58EF, 2EB5BA, 30216E, 307FEA,
2FF1FF, 2EDA6C, 2DDBF2, 2D9241, 2E7ED3, 309FC8, 33649A, 3617BA,
382D1B, 39763E, 3A0C3E, 3A3448, 3A303A, 3A423B, 3AAD22, 3B59F6,
3C1439, 3C7A7F, 3C4EE7, 3BE176, 3B395A, 39F6D6, 379723, 33C9DE,
2F395F, 2ACE8D, 276592, 25772B, 24CD6C, 25089A, 25B791, 26769F,
26D391, 2661A0, 24EBE6, 22868C, 1FE1CD, 1DADCE, 1CDA6E, 1DE834,
2078FC, 239D4C, 260509, 27144A, 26D14D, 259D3F, 240544, 223129,
207E79, 1F34F1, 1E69A7, 1E0FB0, 1DC53B, 1CE910, 1B5297, 1921CE,
165EF2, 12F662, 0EDE6D, 0A7F14, 066A98, 036B2E, 01D126, 016F81,
01D6AB, 028908, 032352, 037DF6, 03C900, 04413D, 051830, 0636CB,
072F73, 0791B6, 06F56F, 0551D9, 02E266, FFF778, FCF6DF, FA347D,
F7DAE3, F5BD5A, F3C10F, F22C55, F15DB7, F18F3D, F28449, F3DD2F,
F51686, F5EA26, F66CD2, F67ECD, F60011, F509F3, F3EFAF, F308DA,
F23B9F, F12573, EF644A, ED03B7, EAA6C1, E8ED22, E82457, E822C5,
E8A489, E9CCC8, EBB69C, EE2A5C, F0AD11, F2ADB3, F3D038, F3E112,
F2DEB8, F17D90, F09AD5, F0EE12, F23FDB, F3C450, F4C8D3, F4E2E4,
F48030, F41417, F3FE10, F41E91, F402C3, F33B68, F194E9, EF1895,
EC38FB, E9CA81, E8532F, E7D3BE, E7A2B2, E6EAAB, E59469, E3FA08,
E2CAA0, E28EDC, E322C2, E44E37, E5AABA, E6D2E1, E7844D, E7913E,
E789C9, E825C8, E99FAE, EBBD04, EDE43D, EF7DF3, F09368, F14368,
F1C5F7, F1D948, F11632, EF65A9, ED0F44, EAFA9E, E9B052, E97AAF,
E9ED29, EABDAE, EBCF20, ED12E9, EEC3E3, F08B27, F1C8FC, F1D6A8,
F0861F, EE9E56, ECEB76, EC1757, EC1842, EC6EC3, ECFD45, EDC4A8,
EF53F5, F1A24F, F43C47, F6D55C, F94E14, FC2DB6, FF94F8, 038786,
0759EE, 0A1541, 0B6ABD, 0B9ECD, 0B925D, 0BBC00, 0C1262, 0C2358,
0B5F36, 09FBF5, 08830B, 07AB30, 07810C, 077F68, 073BA2, 066BF4,
059992, 04F985, 046258, 039C52, 029C91, 0203CC, 01DB8F, 01E9F5,
01DD6A, 016A5C, 00CCC3, 009D1D, 011251, 01E757, 0282ED, 0222B2,
00E293, FF6D78, FE7DC1, FEA8D4, FF7EB8, 005B6C, 006813, FF5FD9,
FDC284, FC3543, FB42E4, FAFCE9, FB555D, FC4D95, FDD0EE, FFB0A2,
016BC7, 026679, 023E34, 01050C, FF1E11, FD0A5D, FB391B, F9C843,
F8C633, F80990, F728F6, F5D79B, F41416, F23D83, F08798, EF24FC,
EDE16F, ECABB6, EB7CC5, EABA0E, EAFBF8, ECABB7, EFE552, F42C12,
F8F0C8, FCF290, FF42BE, FF910D, FE2441, FB8EED, F8C6C6, F69F30,
F599A4, F5AA62, F60DA3, F601C3, F4DF8E, F2E283, F0C7C6, EED990,
ED0597, EB14C8, E9096F, E7570A, E64F61, E606A6, E61053, E60916,
E5F4E1, E5A7B8, E508DC, E3C08E, E217D4, E08F25, DFBCDB, E0164C,
E1B0A8, E4398F, E6EB46, E90497, E9EB20, E9A568, E8CCC3, E80C48,
E7C8CF, E83D4E, E97F89, EBAA0D, EEA78E, F1DECC, F488D3, F5E6AD,
F5BA2D, F4B4A9, F3B998, F32B05, F2F133, F2B48D, F277D5, F24809,
F2294F, F204D4, F1A551, F0E053, EF6D8D, ED3DE2, EA88E8, E7F158,
E659F3, E657FB, E7FF2F, EAB5A6, ED98E0, EFF326, F18E0E, F28D75,
F36D5C, F4D016, F6C3A3, F94727, FBFC4F, FE39BE, 000304, 015A41,
026ADF, 0331EB, 0386B8, 03B586, 03EB9A, 0449A6, 04D73B, 05D22B,
07A9B9, 0A7DFA, 0E1116, 1176D3, 13D3A8, 14CA76, 14AA3F, 1458D7,
148029, 158D7C, 17B5EB, 1AFED5, 1F1553, 233B65, 26B12B, 28B0B8,
28F540, 27D6ED, 25FBA3, 24899A, 247018, 25EB66, 28BE53, 2C1B47,
2F46DE, 3216C4, 3464A3, 362586, 377881, 385708, 38F6D8, 3976E7,
3A071C, 3AC5D3, 3BA00E, 3CAAEC, 3D7B30, 3DE967, 3D9CE3, 3C58EC,
3A286A, 372BBF, 33E26B, 30CAF9, 2E7027, 2D3C6C, 2D223B, 2D76A4,
2D39AE, 2C08D2, 29DEAF, 27A198, 262D92, 25B585, 25E073, 25AA39,
24B731, 23628E, 22464E, 21FBF2, 226813, 234CC7, 2447AE, 24F3B5,
2540BD, 255F7C, 25BD82, 26A8DA, 27E9AA, 28DACC, 28BDBB, 26FF5E,
238623, 1EBA29, 1966D9, 14A9EE, 114237, 0F528D, 0E2473, 0CFC85,
0B8201, 09FA19, 08FAFF, 088A33, 087788, 08550C, 083998, 088A7B,
0965F3, 0A612F, 0ADB65, 0A463F, 08B1B0, 067107, 0417C9, 0210DA,
002186, FE40C3, FC3C79, FA84D7, F99835, F9B260, FAAB27, FBDF1A,
FCB644, FCC391, FC12ED, FAE713, F95090, F76D01, F5996F, F468DF,
F411E4, F44163, F4238B, F328C7, F16BD1, EF8ED3, EE3C81, ED9DB0,
ED9C88, EDF64F, EE5EDC, EE9425, EE6F19, EE0873, EDBB5C, EDDAFB,
EE9C55, EFD6B3, F12157, F2158F, F27241, F299B3, F32D85, F4783B,
F64AFC, F7D9B5, F840DF, F73F98, F538FB, F3514E, F25F99, F24A49,
F2ADC3, F2E3C5, F2B8E6, F266D9, F1C051, F08081, EE45D3, EB3292,
E7F5BA, E55B47, E3A898, E2D753, E2AF08, E2D8F1, E3814C, E48C5E,
E61DAA, E847F2, EABE59, ED1051, EE9220, EF033C, EE77CC, ED0F53,
EB5F95, E9FD26, E95D29, E9F897, EB9B86, ED6E83, EEAF39, EF4498,
EFA705, F06205, F18110, F29BB2, F3467D, F318BE, F1FDAB, F04890,
EE461E, EC46EB, EAA1B5, E966E6, E8742B, E7BC58, E76C4C, E7FDB2,
E996E6, EBE501, EE69CD, F08BA6, F2285F, F373D3, F4B4C0, F61433,
F7EE4F, FA8783, FDC94D, 013E09, 0451A8, 068085, 07A260, 081290,
0843DD, 08CB98, 09A439, 0A9DC1, 0B5E6C, 0B7C09, 0AD673, 09A7EB,
08A51D, 085243, 08761D, 086E58, 07ACAF, 061B85, 0446C4, 02D0F4,
0226DA, 023E8C, 030F5B, 047586, 05FB58, 071938, 073A4E, 06402B,
048CCA, 02A4A7, 011FB4, 009E29, 013A3E, 027D9C, 03942E, 03AE40,
02B772, 00FD09, FEBC29, FC739F, FAA4EC, F9C01E, FA2CC8, FBBAB7,
FDD932, FFF5DF, 01F30A, 040A2C, 065C7E, 0857B7, 08D7C2, 0751E2,
0411D7, FFF6B6, FC1D0F, F9450F, F76232, F6380F, F529BD, F3B80B,
F1C559, EF877C, EDA260, ECC747, ED45A1, EED0B1, F0F5E4, F32DBB,
F55C2D, F72739, F87265, F91FE5, F919DA, F86E96, F74EAD, F62D11,
F577F9, F59512, F67C23, F81689, F9A91D, FAA7F1, FA964A, F98319,
F79CA3, F4D1B1, F1844C, EE40D1, EBBF2D, EA754D, EA3BE9, EA7E43,
EABC6F, EA7D1C, E974C8, E7A534, E56AAE, E3621D, E20B7B, E18702,
E1ABF5, E20B54, E240A5, E25CFF, E270BC, E2A537, E2DEE4, E32A55,
E39A8A, E418EF, E4BEC4, E595FE, E6D0DE, E8C91D, EB6D9B, EE454B,
F0B392, F210A4, F22F41, F13EA9, EFD85A, EF2BD9, F02521, F2AB62,
F5C4B9, F808C7, F85E03, F6AEA1, F37804, EF807D, EBD292, E8ED27,
E750CF, E6E55E, E7449A, E81A02, E90770, EA138D, EB4534, ECBFDC,
EE17D2, EEE3AA, EF1B60, EF1456, EF8654, F114D2, F38AF5, F64CB1,
F895ED, FA07EE, FAFEDD, FBAC67, FC40E7, FC887B, FC579B, FC0193,
FC3210, FDA252, 006A37, 03DE2E, 06F92E, 090C9C, 0A4EFF, 0B5AA8,
0CB917, 0E8ACC, 10686D, 123C2E, 13F072, 159D5F, 17410B, 18929B,
196E15, 19E2CF, 1A5269, 1B1A42, 1C4530, 1D83AD, 1EB017, 1FB48A,
20E627, 22C6FA, 255286, 282428, 2A8DCB, 2C5820, 2DE0C6, 2FC20B,
3290BC, 35E66B, 390D85, 3B4BB9, 3C7CF1, 3CE313, 3C95FD, 3B7218,
3980F8, 3755F5, 35C47B, 3532D5, 354952, 354EAD, 34A47F, 336887,
321B26, 315BEA, 3130B7, 30D62D, 2F7502, 2CCDA1, 296A60, 264926,
243D59, 23547F, 2336F2, 233E0A, 22F022, 22BF14, 22FD9A, 23EDFB,
2549BE, 269553, 27C008, 28C6DD, 29E1AC, 2AC527, 2B0CCE, 2A5747,
2861C7, 258499, 22178F, 1ED755, 1C4936, 1A593C, 18A398, 16A66E,
147E81, 1287A6, 11453C, 10E841, 1101AA, 10F0AE, 1066AA, 0F4A15,
0DD191, 0C1349, 0A36E1, 0897C0, 075AD6, 069086, 05E770, 0509D6,
03C313, 025D71, 0167FC, 012589, 01ACAD, 02ADD4, 036E13, 031724,
015CE3, FECCEF, FC4EC5, FACFE9, FA769B, FADD54, FB7FE2, FBAAA6,
FB54EF, FA916E, F97022, F7F53C, F646AE, F4D9BF, F3C1F2, F2F6F7,
F1C760, F00554, EDBD2C, EBA727, EAA717, EAFE54, EC748A, EE2761,
EF6F2E, F0186C, F0170A, EFB35D, EF3133, EEAB6A, EE4F8E, EE4332,
EEC873, EFE155, F14EBF, F2AF20, F3DB1F, F4EB1E, F5FA94, F73C43,
F86C95, F942C0, F93735, F7FCF5, F576D2, F1FEE9, EE3C52, EAD22E,
E85471, E6E6E0, E64515, E5FB4F, E5FBA0, E66C77, E7A0FA, E94116,
EADAB3, EBDC59, EBD8B3, EAC38C, E8D7FD, E695E6, E46830, E2F11C,
E273CB, E2D89A, E3E75E, E5454D, E6DCCC, E8A925, EAB0B7, ECAA12,
EE77E0, EFFA1C, F0F63E, F17C9F, F175EC, F17525, F1B355, F213E7,
F1DEC6, F092F7, EE2B12, EB50B2, E8C861, E6FDF7, E62822, E60B5F,
E6C2A4, E81870, E99B69, EAC214, EB4C6A, EB23EA, EAAFF9, EA55D3,
EA7D51, EBBFA9, EE4FAB, F1FDAF, F61D7D, FA13E3, FD8096, 004D0A,
0271FB, 0414D7, 04FC87, 051F31, 04B7DB, 0445E7, 04611B, 05461B,
07259A, 09993F, 0C161D, 0DD5E4, 0E2A1E, 0CE0BA, 0A38FC, 06CD55,
0395FF, 015D24, 00B5FF, 01E033, 041AA4, 0643E8, 079283, 07F74E,
07FD54, 084461, 08C47D, 091A1D, 08EF70, 082C35, 06FEDE, 05A424,
041D4D, 023558, FFFE0E, FD9620, FB4F50, F9B188, F911D2, F9C031,
FBAE74, FE8FAC, 0201A2, 0593D0, 08ACC8, 0A8C9F, 0B06D9, 0A1D0E,
084C26, 063F1B, 040D76, 01ADA3, FF3B87, FD0C94, FB9DF7, FAFB16,
FA9A58, F9CACD, F8153E, F5BC56, F3B7EA, F2A1ED, F29DA1, F36600,
F43D23, F4E528, F55027, F5B4D8, F631D5, F65B77, F60929, F51A5B,
F438D8, F42F38, F578DB, F80763, FAFD90, FD6D99, FE8652, FDCD0D,
FB828B, F84217, F4FBFF, F2B71D, F1E8BC, F28294, F3D9B1, F4BF8A,
F4A857, F3A70A, F1FC4F, F00B99, EDF8AC, EBD268, E9ABD9, E7958E,
E5D7F1, E497D8, E3D46F, E3A1BC, E3D26B, E4594A, E4F48F, E4F28E,
E3FD98, E23B90, E04B0D, DF36F4, DFD558, E226A5, E565C2, E83B00,
EA198C, EB17F0, EB9A7F, EC7582, EDB986, EF1E89, F0960A, F20B82,
F38B0F, F4D2AE, F5A8A2, F5C6CA, F564E8, F49ADB, F37F43, F231E3,
F0A783, EF1294, ED7763, EBF656, EAB44B, E9E197, E9BA0B, E9FDD9,
EA836D, EB1EC8, EBA853, EC413D, ECFFBA, EE0E29, EF8E9C, F16D69,
F354CF, F4A9C7, F4ECC6, F4274D, F3017E, F27AB6, F33321, F50BB0,
F75B5F, F95FF0, FAA034, FB51A2, FBEF08, FCC9AB, FE3ECE, 0036C9,
02A61D, 054F09, 07C3C8, 09FAFC, 0C18F5, 0E5B2A, 10B72E, 12D026,
145305, 14F376, 14D27F, 14594C, 13BAE6, 13495B, 135730, 1426E4,
15D5CB, 18153E, 1A856D, 1CDCF0, 1EEAE5, 20E3C6, 232A4F, 25EA81,
291341, 2C54B4, 2F50D5, 31C770, 338B42, 34EEA7, 362E79, 37251C,
37B6EA, 37E380, 381505, 38804C, 3910CE, 39AE29, 3A24F8, 3A8E10,
3ADF82, 3ABEB0, 39DA25, 38203E, 35D69F, 333E2A, 309A00, 2E076D,
2BB1C1, 29E702, 287718, 27569A, 268213, 25F7D9, 25F61F, 269342,
27EAE2, 29DA6F, 2C04AC, 2DFBA5, 2F2A2A, 2F0E69, 2D99C9, 2B4B3D,
291C15, 27AC7F, 26E6FD, 266320, 259D4F, 246FEC, 23109D, 21A94B,
20963C, 20280F, 204BBC, 209296, 20208A, 1E6256, 1B4275, 174322,
1385F8, 10D895, 0F65E2, 0EDCEF, 0EBFCE, 0EA0C2, 0E36D5, 0D3349,
0BBB0D, 0A1DCD, 088FA6, 073F9F, 0616A5, 04E244, 03A06A, 026F4A,
017AAC, 0115E5, 0141A5, 020DB3, 0324BB, 041773, 048094, 03F961,
02B5A4, 00F859, FF161D, FD496E, FB96C9, FA38AA, F8FCAA, F7C87A,
F6664D, F4E508, F3ABB7, F31D8C, F34F92, F3C5A2, F40807, F3832F,
F20932, EFEA70, ED78CF, EB4FB7, E9EAB6, E982FC, E9FE31, EAEC1E,
EC0E92, ED6668, EF37EF, F1A919, F4755E, F742B8, F98542, FAA06C,
FA4ECE, F8D717, F71B5E, F5CDF5, F51277, F4BF27, F43679, F2FF72,
F13772, EF1BB5, ED07CF, EB7444, EAB5E7, EB2C67, ECD397, EEDFDC,
F04EC8, F07A56, EF5666, ED6E60, EB4107, E8DA41, E613D7, E2ED0E,
E02116, DE836A, DE8304, E02D60, E2CFF9, E5C7C3, E86B6A, EA52A6,
EBB92D, EC75C8, EC8AE7, EBF8B8, EB3315, EB3A49, ECD1B5, EFCA46,
F2F8E9, F4F7A9, F4E83C, F31962, F081B9, EE05D1, EC2D3A, EAAD7D,
E95E6A, E8413C, E75659, E6A673, E608AE, E5A808, E5AD90, E6270C,
E6FB67, E7AF2D, E82448, E85019, E89B4C, E9BE12, EC24F4, EF9732,
F34873, F62696, F7B586, F86F66, F93286, FABCD8, FD0658, FFA8BB,
0276AC, 054A2D, 07DD3A, 09B545, 0A3F9C, 093134, 06D527, 0418A6,
01D2CB, 0093DD, 009152, 017128, 02FDAF, 04EAB1, 07347A, 098C81,
0B62F5, 0C2F02, 0BA964, 0A385C, 088EC5, 0778AB, 071154, 06C210,
061021, 04BE39, 02D80E, 009A20, FE5A6A, FC8EBD, FB5F16, FAD941,
FB5085, FCD8FD, FF3AF2, 02205A, 04DE2F, 06D654, 07BBF9, 076E8A,
065502, 052195, 0450CF, 03EFE8, 038C54, 02CC0B, 01D386, 00F722,
00634A, FFDF5C, FECAD0, FCDA31, FA392D, F78C7A, F54A28, F3ABB8,
F3089C, F352BF, F44F42, F57CF2, F62265, F5EF70, F4F6B0, F3B268,
F2B2A3, F29BF0, F3B260, F57897, F75053, F89B35, F92E78, F97321,
F9A8E9, F9B641, F944D4, F85896, F7415C, F67BCC, F6351E, F64ADB,
F645A9, F5F97B, F5B849, F593C1, F57A80, F4F7F1, F3FF69, F27F20,
F085C2, EE7F63, EC9162, EAFADF, E97E08, E7BC3C, E5B71D, E37DDE,
E1B6C5, E0B2A0, E06064, E08D0C, E0E02D, E126A9, E1426D, E11FE5,
E0ECD4, E0F25D, E18E09, E31223, E5535D, E7EB6B, EA7E38, ECBC09,
EE958A, F0155D, F1190F, F1CF5B, F273F3, F30A92, F34CB4, F2DB84,
F1BE56, F038FA, EEFE98, EE7D50, EE8D2B, EEC32C, EED796, EE4A22,
ED1F77, EBA27C, EA2E8B, E96167, E96B93, EA71DF, EC0FCD, EDA800,
EED9D6, EF8E81, EFCE7A, EFDDC4, EFF576, F02AFC, F077DC, F0A277,
F08375, F0236F, EFD90F, EFFEFF, F0C1B7, F1FC5A, F377DF, F52624,
F73A77, F9C3F6, FCAFA7, FFB52D, 029279, 053F9F, 0772E9, 0913BD,
0A0D9A, 0AB5B2, 0B42D4, 0BEC0E, 0CAA78, 0D5A08, 0DE974, 0E28AC,
0E3A71, 0E50CF, 0EAA40, 0F7C48, 10F5E2, 132A21, 162583, 196426,
1C4AA4, 1E7058, 1FCD69, 20E32C, 221AE0, 240B00, 26BC1F, 29730E,
2C026F, 2E45E1, 306FE0, 32B530, 350342, 37593A, 3998B3, 3BC44F,
3DB913, 3EE9D5, 3EAEE4, 3CA359, 392127, 352E90, 320427, 2FEDA8,
2EAA0F, 2DB2A0, 2C9F3B, 2B871A, 2AB1CA, 2A9A5B, 2B5397, 2C843D,
2DAFEA, 2E5FF9, 2E6D22, 2DC088, 2C6701, 2AB196, 292045, 282919,
2813CE, 28C787, 29A75A, 2A213D, 29D5CD, 2916DE, 289F18, 28677B,
2838A7, 2780C2, 261C85, 249590, 231E97, 22030F, 211B16, 2012FE,
1EDD9B, 1D7509, 1C5F4B, 1B8642, 1A9F7A, 194166, 17212C, 14654D,
11551F, 0E98F8, 0C63DD, 0A8825, 08C25D, 06E423, 059A1D, 056234,
065AC5, 07F216, 09313F, 098D9D, 08B424, 06CBB9, 044119, 01AF83,
FFF7FF, FF8A0E, 0040C5, 016A60, 023CB9, 0263F8, 0220BE, 01B1E1,
0129C2, 005190, FEF0C0, FD23A2, FB316A, F9832C, F80BBC, F6C6C6,
F58B5A, F422B8, F277AC, F09400, EE73EE, EC1EC1, E9DC8E, E81843,
E7888D, E8D8A0, EC178E, F07652, F4BA89, F7B896, F9012F, F8BEF7,
F784E6, F5DD4F, F422CB, F306CC, F2F8DA, F3C330, F4C691, F55DF9,
F56D16, F54741, F5411B, F55318, F519CE, F46718, F3879D, F2C015,
F2413C, F20CFB, F1E47E, F1BD0A, F150AC, F07D64, EEFA9B, EC896D,
E95D10, E5F510, E3018E, E14B98, E15767, E2FDCB, E568EB, E737B8,
E7BBC9, E71697, E62978, E5EAD1, E6CB3F, E8AEA4, EB2F0F, EDB089,
EFA66E, F0F327, F1B2C7, F21819, F1FC47, F174CA, F05DE6, EEBE0F,
ED1A4E, EBEC1D, EB7DE1, EBB3A4, EC1DA6, EC452B, EBCDAF, EA801E,
E86E01, E5D89A, E32ACF, E1292E, E05296, E0D772, E2A3D0, E54624,
E8244B, EAA2EC, EC7FB3, EDE6B2, EF5E79, F1496E, F3C2F5, F67978,
F8FB45, FAFEDB, FC6423, FD3A12, FD843B, FD90DE, FDA8B2, FDBAF7,
FDDCEA, FDF981, FE4BA2, FF1B58, 00B9D9, 0334DB, 060827, 087140,
09F6FE, 0A8604, 0A21D0, 091E86, 07E5B9, 06F6C4, 06A526, 06CEBA,
071866, 06D269, 05BB12, 040E9B, 01F42A, FFC43A, FDED96, FCD137,
FC90A7, FD1506, FE1471, FF05AF, FFBB12, 007DCC, 019E94, 032643,
0499AE, 057996, 05ACBF, 054DF6, 048B08, 03AE01, 03213F, 030FEA,
035636, 034E7A, 0291EF, 01214E, FF5873, FDD968, FCD359, FBECE4,
FADB1D, F99EF4, F80881, F65F69, F49B81, F315E0, F22116, F220C1,
F34237, F4F179, F6A4A7, F7DB47, F867FF, F83067, F787F4, F6EFF9,
F6C6EE, F6B483, F695E9, F63E18, F5C59B, F5A885, F5F100, F697BC,
F7637B, F84418, F91AED, F9A0EF, F97A9C, F864FA, F6ED83, F5D105,
F5A3BD, F651F0, F6F2C9, F6DDD7, F5A38B, F34FB6, F04FFE, ED071D,
EA0E24, E78531, E59753, E413C8, E2D0F6, E1AFD5, E0817F, DF7305,
DE86F3, DE1914, DE7409, DFA861, E16BBD, E34463, E4E3F3, E63966,
E77F1A, E8D51E, EA30E2, EB9332, ECD71E, EDE5ED, EEBC78, EF5AC6,
EFF20C, F09786, F14118, F1B6CD, F1A656, F0E84F, EF8E71, EE0A47,
ED00CC, ECB169, ECEC6C, ED66B2, EDB80F, EDCF97, EDED48, EE5418,
EF2C7C, F04458, F13E42, F1A926, F15C7A, F0B7D1, F0030D, EF5E1D,
EEA672, EDB14B, ECDA48, EC837C, ECF880, EDE293, EEC949, EF7A16,
F03319, F19519, F3B212, F6738A, F95A6C, FC0E84, FE657D, 00533D,
01B0A7, 028C42, 0359D4, 046F27, 05DA40, 077C90, 0900A5, 0A059F,
0A82AB, 0AAAE9, 0B5095, 0CFE16, 0F69D3, 11B82A, 130624, 12FD49,
1216CF, 1112F6, 108EB5, 10CA9F, 117B5B, 12EB25, 15667A, 191F5A,
1DB1CE, 2255CC, 268D93, 2A5BEA, 2E13A5, 31C06C, 35491B, 384FA7,
3A5911, 3B2713, 3AB027, 398E93, 3853C1, 37827C, 37329D, 36CCFF,
35E8A8, 3486E7, 331F3A, 324135, 320C1D, 323D35, 3272B5, 324081,
318280, 30405D, 2ED265, 2DBAD8, 2D4DD0, 2DA157, 2E6ADD, 2F53CA,
302150, 307D76, 302ED0, 2F0F62, 2D059F, 2A7BF4, 283A10, 26D53B,
265FAF, 269681, 2751FB, 28862A, 2A2576, 2BEB70, 2D507A, 2DBE02,
2CD19D, 2A7318, 273270, 23CCCE, 20EE32, 1F176C, 1E3BC0, 1DDC01,
1D4EEF, 1C043F, 19BECD, 16F3DE, 1422BC, 11FE0F, 10F0A3, 10AA4D,
10AB02, 102E49, 0EC954, 0CC195, 0A8A35, 089582, 06EB35, 055BBA,
03B3F0, 021086, 00EBDE, 00A3F4, 0162CB, 032650, 059C13, 0856C0,
0ABF53, 0C1878, 0BEF10, 0A122A, 06BE60, 02B98C, FEFEDC, FC5808,
FB2549, FAE408, FA83E5, F94027, F6B170, F37BD7, F0CEA1, EF2AE6,
EEE3F7, EF8CDF, F08CBF, F195AD, F27D57, F31D86, F3959A, F3FD73,
F4295E, F4209D, F3C892, F35F9A, F34373, F3AD1A, F47CBB, F563F0,
F6305D, F6E7B5, F79122, F7DE58, F788F9, F6B6DA, F5F1A3, F5DB8A,
F6BC47, F86112, FA1B50, FB4CC5, FB5C1C, F9F1ED, F74122, F39E34,
EFC7DE, EC88DA, EA3266, E8D592, E81DF9, E7D040, E7D44F, E7E779,
E7EB05, E7DA85, E7CD6B, E7CC2F, E7A071, E73D3A, E6E918, E71514,
E80DDF, E9B5DA, EB95B2, ED54B1, EEB1BA, EFA3C0, F0078E, F00767,
F02C46, F0DEED, F236E4, F3980F, F458A8, F3F31C, F26F7F, EFE85F,
ECC746, E923A4, E55D98, E2567B, E0B001, E0988B, E185D2, E2D6B6,
E40F8A, E54EA7, E6E871, E8F5DC, EB0C0A, ECAE6D, EDC1D1, EE482B,
EE9E56, EF2C4A, F013AF, F13363, F20C65, F27F2E, F2CB6C, F3762C,
F4CCC1, F66729, F7F35B, F95C7A, FACFE9, FC9FBD, FEBDB4, 00D248,
026D6B, 038D01, 04A47D, 06275F, 07E88E, 097EF8, 0A56F0, 0A07A7,
08B65F, 06D1D9, 04DE42, 0347D7, 0242BB, 018CAC, 00E990, 006D3C,
001349, FFC3F6, FF5E24, FED034, FE8973, FEFA1B, 001024, 010955,
01141D, 0046E0, FF7369, FFCD51, 01786E, 03CFC0, 05E4C5, 06E4E8,
06DA1F, 05EF10, 04988B, 032F78, 01B487, 0083F2, FFA29B, FF2E2B,
FEE224, FE5267, FD0A25, FAE36A, F827AF, F5C92C, F49C27, F4A02F,
F555B1, F5D4AC, F5DE40, F586BA, F521C3, F4E88D, F4F17F, F52B84,
F58ACC, F5D187, F5CAEA, F56C79, F4C184, F4320B, F3F45C, F41418,
F44062, F4492D, F4027E, F3D131, F3F7CA, F4BF2E, F625CA, F7C653,
F96192, FA725E, FAF4BD, FAC9AC, FA1B76, F9207F, F7D54C, F64476,
F45F7A, F21FBC, EF98D1, ECE8C8, EA2592, E782EC, E53F48, E36CB1,
E22AC1, E13CB0, E06750, DF907B, DEB091, DDF149, DDA15A, DE24DC,
DF949C, E1B99A, E3F620, E590DE, E6706D, E705B8, E827CF, E9F157,
EBEBDE, ED4AF5, ED973E, ED0A61, EBFF45, EAFADB, EA3B7B, E9E113,
E9FDAB, EA6EEB, EB0A96, EBBA3D, EC5F8D, ECFC1E, ED868C, EE001D,
EE89FE, EF47F4, F061E6, F18443, F213CF, F1A004, F01582, EE00FF,
EBF001, EA450F, E92DFB, E8A434, E87B60, E88C80, E8F8CE, E9E546,
EB7535, ED74B4, EF6284, F0A2F0, F0F9D9, F0A4EB, F02900, EFEA34,
EFFED6, F08C30, F1EB4C, F46C15, F7D425, FB721A, FEB8EA, 017967,
03CDB9, 060C4B, 082E64, 0A1C08, 0B7A48, 0BFB03, 0B6D39, 09B615,
077048, 050B2D, 036117, 02F737, 03DE55, 05FE0F, 08E772, 0C2C7F,
0F38F3, 11BF46, 14076A, 1673DC, 1958E5, 1CA17E, 20120E, 238FD5,
27234C, 2B174E, 2F29AD, 32F956, 35D13D, 373BF7, 375B86, 365823,
34ACAD, 329ED2, 30E99B, 2FDF82, 2F6068, 2F6C7D, 300B9E, 3118B2,
32338E, 32EE24, 331219, 32A095, 31E464, 3158F5, 311F9E, 3140BD,
31845C, 3186AB, 30F589, 2FC6A8, 2E00EB, 2BE3F7, 29B75D, 27B676,
263465, 256A35, 25E6C4, 27F9E3, 2B4844, 2EDFC9, 31818B, 325539,
312082, 2E55D4, 2ADFE4, 2798C1, 250A09, 237E56, 230702, 2351AD,
23D2F4, 23F8D0, 23B923, 232418, 227C23, 21B4E2, 207A5E, 1EB099,
1C3CB5, 197114, 16A157, 1408EC, 11C178, 0F8C08, 0D19E8, 0A4210,
073017, 048141, 02E6F3, 02A2BD, 03A281, 05ADF4, 085A17, 0B1D22,
0D2976, 0DBF39, 0CA0CA, 0A72F0, 082ED0, 069FD4, 05FAB5, 05B9F0,
0581C1, 04EBCB, 03C8D8, 0244F4, 002637, FDC17B, FB3C24, F8C632,
F6A4BF, F50EA6, F42FA4, F3EBE3, F427D0, F4B1BA, F57BE3, F66625,
F6FA07, F6BA2A, F56EA4, F36B7F, F173A3, F0530F, F06633, F15FB7,
F2B5E5, F40903, F537BD, F6269F, F6A106, F6C642, F72AF1, F86DAD,
FAA0FD, FD41A3, FF1BCD, FF9008, FEAB05, FCDE01, FB0372, F95B1A,
F80237, F6A2EA, F4FDA4, F35192, F1F9F3, F115D5, F0B9AF, F08ED0,
F0016A, EF01C5, EDB528, EC452E, EAC1C2, E90E46, E739DB, E5B09C,
E4E59E, E51C3F, E5FBF2, E71A37, E87A64, EA44B0, ECBB74, EFBDC1,
F2ABB3, F4F4B8, F66D42, F73B77, F7469E, F683A6, F4D9D4, F28CC2,
F0122A, EDCF1F, EC0EF7, EABC48, E996FC, E84FC6, E723A8, E64896,
E634AE, E6D49B, E7AAA4, E82D83, E82760, E80996, E8779B, E9E3FC,
EBFB24, EDFEA8, EF3642, EF533D, EE61B2, ECC707, EAE772, E97E11,
E92D67, EA30DB, EC76D5, EF9798, F2FE32, F5F4AB, F8286A, F95929,
FA01FA, FAE287, FC8AE4, FF23B8, 020776, 045498, 05AB90, 061B1D,
063FE1, 06ACF6, 073A2F, 07BBF2, 07B4E6, 0712C0, 05D318, 041974,
0275B2, 013109, 006C9C, 0013CA, FFE0DC, FFB46E, FF7177, FF0D9E,
FECDB5, FEE105, FF93CB, 00CF95, 023530, 035792, 040E63, 0484AC,
04FC60, 0598B6, 05FE22, 062FF1, 064E26, 068348, 06BAF5, 06B15D,
05ED57, 044A49, 022774, 00274A, FEABC2, FD72EC, FC4E41, FB0F9A,
F9C47A, F8AC0F, F81B29, F86002, F93A3A, FA2098, FA8A89, FA0B8F,
F8FA25, F7F4D3, F75D6A, F7361A, F716AA, F6EEB8, F66E6D, F58F84,
F46E65, F34148, F29363, F2A8B5, F37EC7, F4E014, F66E28, F7D5EE,
F8F5A5, F9ADC4, FA2D23, FAA32C, FB61C1, FC958C, FE1D8B, FF4B7A,
FF539A, FDE708, FB58EA, F8A75F, F660BC, F4B539, F3432B, F19045,
EF4103, EC2EDC, E8C36A, E5B81A, E3827B, E21F3C, E14905, E0AC0B,
E02263, DFC0C5, DFD9CB, E0A444, E2408F, E4A539, E7A463, EA8BB3,
EC7B2F, ECE1BE, EBB657, E9D89A, E7FE25, E6AAA1, E6363E, E656AC,
E73751, E88B4E, E9DB07, EAEEFB, EB9A0B, EC24D7, ED0469, EE8DA0,
F09657, F2B19C, F3FE52, F3F45A, F268EA, F00617, EDBE01, EC3F7E,
EBD15E, EBF9CE, EC3715, EC8650, ED0C7C, EDDA3B, EF067F, F04B7D,
F1587A, F18D37, F063DE, EDD83A, EA629B, E737F7, E56B45, E547D6,
E6B5FC, E92C97, EBF83C, EED982, F1774C, F3BE06, F5B00F, F75771,
F8ECD4, FAC5BE, FD2169, FFD9FC, 02A3C3, 05093F, 06D6F4, 080D86,
088FB8, 08546B, 0733C9, 052ADC, 0284F4, 002B5F, FEFC9A, FF38D1,
00DD4F, 032A94, 057C0D, 07B091, 09C175, 0BF76D, 0E6478, 1128C8,
14963D, 190368, 1E72D8, 243E84, 29644F, 2CF1B8, 2EB24E, 2EE7E6,
2E3694, 2D57D7, 2C9066, 2C0602, 2BE27C, 2C64EB, 2DA2ED, 2F7E28,
3197A4, 337A6B, 350445, 35E3FA, 36252C, 35D26D, 34E491, 33737E,
31DFDC, 30BB5C, 30704B, 30C720, 30D016, 2FCD84, 2DCE72, 2BB044,
2AA8E1, 2B3B84, 2CE364, 2EE1EC, 304492, 30EB41, 30D24A, 2FF05C,
2EA14B, 2CD5A8, 2AE81A, 290FBF, 27822C, 269D6F, 2684AF, 276611,
28FE9E, 2AC32C, 2C465B, 2D2789, 2D24BD, 2C1E6B, 2A5659, 283DB3,
2631E6, 245F48, 22CFEF, 2150AA, 1F7F4D, 1D4043, 1A4BD1, 169624,
1269C0, 0E3ED4, 0B0F05, 09854B, 098EDA, 0A5D4F, 0B4831, 0BF24E,
0C4CF0, 0C49BB, 0BE009, 0B6871, 0B35E8, 0B4C94, 0B5D57, 0B09D1,
0A4CE5, 095D4C, 085500, 0739FA, 05E47C, 044934, 02685C, 009B3C,
FF2FD9, FE18EB, FD6F9F, FD0334, FCB620, FC8793, FC4A1B, FBF95C,
FB449F, FA1081, F8232F, F5D361, F3C4B2, F2374F, F17723, F12411,
F0F667, F0E12A, F10E0E, F1F355, F38D94, F590C4, F78254, F8F51C,
F9EC4E, FA69A2, FAA7B9, FAF695, FB50DE, FB86DB, FB386B, FA6C39,
F9A706, F9850B, FA416F, FB995A, FCE960, FD95B5, FD2621, FBA248,
F973F9, F6BFD9, F3E1C4, F100E5, EE64F8, EC595F, EAF732, EA29A9,
E9AC26, E8E5F1, E793E8, E611BD, E4E068, E4D51C, E64AFF, E8F68D,
EC4311, EF8A71, F24A47, F45ECA, F5BD41, F66D06, F6611D, F59B91,
F44253, F251B2, EFEC3C, ED3347, EAACC0, E8E68F, E84122, E87752,
E8F534, E95EEB, E98904, E99318, E99E47, E9DDD8, EA6697, EB0A7D,
EB8DB0, EBB520, EBA7FB, EB6EA6, EAD56B, E9E37A, E8BA1C, E7C6FB,
E78582, E7F81E, E8B7AB, E9397C, E94913, E9430E, E9D492, EB3C2B,
ED4AAC, EF8CA2, F1A0C0, F38C32, F56D35, F789D0, FA0231, FCA0AC,
FF1DB9, 0115E9, 026BB3, 033938, 038513, 03C7F4, 04295E, 047813,
048F71, 042277, 033913, 01F9A7, 00A014, FF5CE8, FE814B, FE0FEE,
FDEAEC, FDD24E, FDD734, FE145F, FE4BFD, FE729C, FE960C, FF2EAE,
007B1C, 023E97, 04315B, 05DE37, 06ED64, 075EF3, 0757F0, 07097F,
06A44B, 062D0D, 0597B9, 04D022, 0395F0, 01EEEA, 001374, FE8C44,
FDB067, FD78AD, FD83F9, FD5489, FC8CB0, FB36F8, F9BDF8, F89C7C,
F88682, F98575, FB0645, FC182C, FBDEBA, FA493E, F7F18C, F5B833,
F41F59, F322DA, F2C778, F300FD, F39B13, F43E9D, F45E6A, F3D9B7,
F33272, F307CA, F392BA, F4E7A8, F6B195, F88AA4, FA500F, FBE6A1,
FD6F8F, FEC1B8, FFD31D, 00827A, 008F03, FFF310, FE852E, FC4E83,
F985FE, F631C6, F29512, EF14B0, EC1661, E9CD03, E7D40D, E5D8FC,
E3F2A3, E2A3ED, E2639C, E36736, E54542, E753FF, E911A3, EA05CE,
E9E4A1, E86286, E5C21D, E2D9A7, E0F28F, E0ABEA, E1CBC5, E3A585,
E57D96, E71067, E8808D, EA004F, EB6C44, EC430D, EC228A, EB36E3,
E9FBC5, E91D7C, E93342, EA3E4A, EBDF02, ED9FF9, EF051F, EFC452,
EFC1E8, EF0222, EDF0F0, ED4DF2, EDAAC4, EF1467, F110F6, F2A08E,
F32928, F29D96, F158B2, EFB3D6, EDA689, EB5BD6, E92649, E78FD7,
E6DADA, E6E92B, E74B25, E7B19A, E81A3C, E88C70, E95047, EA8F96,
EC44E2, EE5085, F08041, F316E8, F64A01, FA56CA, FF0356, 034C79,
062CCA, 06E34D, 059437, 031261, 0033D2, FDCD36, FC4B00, FBDAEC,
FC39C5, FCD1BD, FD61E0, FDC9CA, FE1521, FEBEC9, 002786, 028676,
05EFB6, 0A1EEA, 0EA01B, 12D717, 163B44, 18B7E8, 1AB037, 1C6F18,
1DF44F, 1F36BD, 202C68, 2125B7, 22A906, 250FF1, 287171, 2C5B36,
3024D4, 32F530, 33F951, 332DBF, 3104C4, 2E9F05, 2D0E62, 2CBDDE,
2DBF5A, 2F53F8, 30B509, 317ADB, 3169B4, 30D4FD, 302241, 2FC9FC,
2FD8E8, 30088B, 3022F9, 301575, 2FFEE5, 2FF800, 2FD8B2, 2F4EEB,
2E4660, 2CEF45, 2BB5D8, 2AAC85, 29BF75, 28A77F, 277032, 26A647,
26CDDD, 281C47, 2A33C5, 2C7BF9, 2E33E4, 2EC654, 2E46AE, 2D47A7,
2C87D2, 2C6416, 2C8149, 2C4A7A, 2B3B24, 29194E, 260931, 2242B2,
1E4B3C, 1ABA51, 17E32D, 15CFC7, 142BDB, 12DB36, 11DECF, 1146BE,
1137E7, 116567, 1166FE, 110331, 104153, 0F6008, 0E809F, 0DAB53,
0CCBAC, 0BCA71, 0A9428, 093F04, 08088D, 06DE64, 05C017, 0502E1,
04FDF4, 05D5AC, 072EEF, 085C09, 088691, 075712, 0506DC, 0202B2,
FF0994, FC93E3, FAD403, F9DBCA, F960EC, F9273E, F8CA77, F80D70,
F71579, F600E3, F51680, F46DB1, F3F6E7, F3C3C2, F3B7DE, F3E07B,
F45B36, F515B5, F617A3, F74029, F854F0, F93A05, F9C07F, F9E28E,
F9DCFB, FA0283, FABCA4, FC33F5, FE2D24, 004959, 020E49, 02FAB8,
02A209, 00EC94, FE5FFE, FB9804, F93F6F, F75AF2, F56569, F3072E,
F03150, ED483B, EA99FA, E8755D, E7258B, E7188B, E838AA, E9E957,
EB8110, ECC3BC, EE04D6, EFAAC6, F194DD, F36AED, F4C474, F5307A,
F4E1E6, F3E36A, F2AA88, F149C7, EFC309, EE510E, ED0BD5, EC2831,
EB9F2C, EB5A50, EB2D06, EAFD66, EAE0DD, EB20D2, EBCC18, EC940E,
ED1D66, ED1915, ECA1C0, EC4419, EC31CA, EC2C72, EBC4A6, EAD52A,
E9E11F, E93477, E8CD85, E841AF, E74B53, E61C36, E54137, E54187,
E60B43, E73841, E855D7, E946DD, EA6A5B, EC1752, EE5184, F0B914,
F2EA6A, F4A5EF, F626CC, F805AF, FA95BE, FDC1D3, 00D906, 0322DE,
046842, 04A28C, 0416A3, 02F3DF, 017BAB, 00471E, FFC033, 001295,
00CF5A, 00FF0F, 0019E2, FE5B40, FC8916, FB7E97, FBBEEB, FD1578,
FEF7BC, 00AF21, 01C900, 025E2F, 02BD84, 0373B6, 04B4A4, 06159D,
07213B, 077A9D, 072DC7, 068F53, 05DAE3, 053ADA, 04C6AD, 049304,
0489B8, 044D57, 038579, 02171C, 003753, FE6723, FD3949, FCEBB9,
FD7000, FE54E7, FF11EA, FF20D4, FE70B6, FD354E, FBC7F9, FA9C5D,
F9E339, F9BC37, F9C6D4, F9C62F, F95570, F819AA, F61482, F37974,
F0D3BB, EEC6D3, EDD2B2, EE0027, EF051E, F0CE9B, F371B9, F71861,
FB82F0, FFF93F, 037257, 05072F, 0453EB, 020345, FF1DF4, FC99F5,
FB14F2, FA4CCB, FA1008, F9EEBE, F9AC0F, F8F97A, F77B1D, F4FD23,
F1CFB6, EEBEFB, EC7F82, EB659C, EAF711, EA7C1F, E9AF16, E8A22F,
E7B394, E7213F, E6B922, E64E7E, E58B4B, E470EC, E36C31, E31F43,
E4149F, E61F68, E8B09B, EAA9EB, EB309A, EA5D48, E8D8AF, E73B28,
E6236A, E5D542, E67C4D, E80EBE, E9EE84, EBB7E4, ECEB8A, ED40FD,
ED056D, EC70C8, EBF0DE, EBE337, EC8A5A, EDFDDB, EFFF88, F21720,
F3D3CE, F518C1, F5CE76, F5EC18, F550F3, F3F38D, F20020, EF970C,
ED088F, EA94F2, E88567, E74A1B, E6F251, E719DE, E6FB1A, E616F5,
E4D19D, E43F8F, E5A659, E977B7, EF07D3, F4E819, F9ACE6, FC9882,
FDB239, FD9367, FCE819, FC419D, FBEFC6, FBDD28, FBDB26, FBD42B,
FBBB3E, FBC1B5, FBFD43, FC9F97, FDC99E, FF1FF3, 0049FF, 00C654,
005F6A, FF9221, FF179F, FFAAC6, 01817D, 04595A, 07D095, 0B30F7,
0E1068, 105A34, 126142, 14D72C, 17F024, 1BC25D, 1FE1D9, 238A67,
265106, 27FD8A, 28A733, 28A3E7, 286204, 286FAE, 290F51, 2A2920,
2B6D80, 2C7D1B, 2D4F8B, 2DE09B, 2E3558, 2E576C, 2E846E, 2F07EC,
2FE7C3, 30E9E5, 31B12C, 320F58, 322D50, 325797, 32A17B, 32C8A4,
3246DF, 30D357, 2EA9C3, 2C5476, 2A36C4, 28BD94, 28140A, 27F3A2,
282169, 2847C9, 2849FB, 283D39, 288141, 29702C, 2B6353, 2E2782,
3121FD, 3345D1, 33B6E7, 327813, 2FFE59, 2D443E, 2AC5DE, 28A942,
268EEB, 243DB1, 21F98C, 2033A4, 1F4738, 1F17A7, 1F3B07, 1F315C,
1EC80D, 1DF163, 1C4F9A, 19CCF1, 16AAEE, 139E2C, 11540C, 1001A2,
0F8F9C, 0F860B, 0F680C, 0EEE4F, 0DFD4B, 0CCC73, 0BAEA6, 0AFAD4,
0AE689, 0B4FB2, 0BC8CC, 0C00CD, 0B7AF8, 0A1FF1, 084039, 064FFF,
04FF5D, 047CA7, 047ACB, 042E38, 02F179, 00EC39, FEBDCE, FCF9E4,
FC0B49, FBD30D, FBEDAE, FC1076, FBBAB5, FA925B, F8BDAB, F6B7C6,
F52A86, F47705, F46839, F49C4C, F486EF, F412C6, F39402, F374DF,
F436E2, F5FF78, F8B5A3, FBCCCD, FE8406, 007412, 0188A3, 020B55,
0276B5, 02D78A, 031529, 0328EC, 02EBB4, 021860, 0048F3, FD7B4C,
FA33E8, F6F71E, F4322A, F21C9F, F06428, EEF729, EDE9DC, ED5273,
ED294E, ED4C63, EDB96E, EE5866, EF5FAF, F0B062, F22D13, F399F2,
F4BB90, F54E87, F52939, F46606, F3496D, F2224C, F0E60D, EF70EC,
EDCA96, EC64E1, EBDFCB, EC5E75, ED91C4, EE9673, EF009B, EE896F,
ED837F, EC970A, EC023E, EC2206, EC8FB2, ED1289, ED4283, ED1AE1,
ECCB05, EC6FC6, EC0D1C, EB715A, EA7D53, E94AC8, E7F6C6, E69CE4,
E56367, E46D83, E414A6, E447EB, E4FF6A, E5D59B, E6613E, E68A1B,
E695B5, E711E3, E84A39, EA8C90, EDCCB1, F1B2F9, F5B9A3, F92D23,
FB8863, FC8BF9, FC8AB8, FC4BFB, FC5271, FCEE32, FDFB06, FEEB4C,
FF613B, FF14E5, FE3179, FD3BF0, FC79F3, FBDADD, FB4C73, FAAA71,
FA3789, FA6BF5, FB7F90, FD331A, FEE7C4, 002C74, 00A474, 0089FB,
003012, FFE485, FFE585, 006C1E, 0191C0, 034D17, 055B0E, 075578,
08E10E, 095105, 082783, 055387, 016DEE, FDC6D6, FB8B36, FB14C6,
FC2EE3, FE10A9, FFE6CC, 0154BD, 023959, 02C6BC, 030E39, 02D0AB,
01BCFC, FFA106, FCB96B, F9BB29, F7360F, F595BB, F4A9A9, F3E2C1,
F303F2, F1DAE5, F08410, EF47C3, EEA620, EF19A3, F0C2FA, F374CB,
F67814, F911DF, FAA98B, FB0CAA, FA9EFE, F9DD19, F952EA, F95116,
FA1AD2, FB95D7, FD55C7, FEDD5F, FFE330, 000FA5, FF35E1, FD6901,
FAD779, F802FC, F55F32, F340DE, F1A8FC, F06FDB, EF9526, EEFD9E,
EE6C98, ED71E1, EBB218, E94CAA, E6CC99, E504F3, E45FCF, E4BF92,
E5B6E7, E6A20D, E76097, E7AE34, E780E7, E6CB3C, E5BB24, E4CD28,
E45B48, E4C3A6, E5E2CD, E75B66, E87121, E8768A, E78BA2, E63089,
E521F1, E4C8FF, E501B4, E56F16, E5F5B2, E6E09B, E88682, EB34DD,
EEDBCF, F30DE7, F70793, F9D4EA, FA5D03, F86C4A, F4A73F, F05087,
ECE5AB, EAE8C3, EA0DF3, E997D3, E8DFB6, E7D8E7, E6B394, E5C2E9,
E55D08, E5B5E6, E6E23D, E8B320, EACF6E, ECC9AA, EE43F9, EF1D70,
EF7124, EFA8FA, F03BA3, F156D5, F2B1E9, F4055F, F5376F, F66EF6,
F7FB3C, F9CF25, FB748E, FC8CF2, FD0312, FD0711, FCDEF7, FC6809,
FB9AFA, FA7537, F96EB1, F925FC, F9A76F, FA9ABE, FB838E, FC2770,
FCEA46, FE8704, 015643, 055C70, 09D5A0, 0E132B, 117B59, 13C407,
1575B0, 171A9F, 1901B8, 1B1D2F, 1D21F8, 1F0003, 20BDF4, 225A7A,
23BA54, 24CB3A, 25B66D, 26B17C, 27C9FA, 28CF59, 295F76, 297464,
299542, 2A69DB, 2C7B75, 2FBF69, 335EBF, 366607, 37E98D, 375EA8,
352957, 3224F9, 2F4285, 2D0C79, 2B773E, 2A5403, 29626F, 28A68E,
28432B, 283F89, 28B575, 29A4D9, 2B1F2E, 2D192B, 2F20B1, 30AB0C,
3158D8, 31077F, 3001D6, 2EE021, 2DE988, 2D6518, 2D673F, 2D67CC,
2D0578, 2C1171, 2AC4E5, 29A5C9, 28E8D2, 28B2A7, 28DD3E, 28F1F5,
28A21F, 27A36E, 25B201, 231CDC, 206E6B, 1E6B1C, 1D7850, 1D0AAD,
1C4640, 1A6B02, 179E75, 14AA91, 1254C0, 115722, 119565, 128051,
13579B, 1368AA, 127421, 10D4A9, 0F26AF, 0DD9AF, 0CEB37, 0BF125,
0AF12B, 09F1D2, 091D92, 085891, 077507, 0674B3, 05B67D, 059087,
05FCF6, 068BC0, 06786A, 058989, 03C7A4, 01A2A0, FF9834, FDDAC2,
FC8AFC, FB44CF, F97325, F705B5, F44D55, F23798, F18962, F2366B,
F3DCBD, F5A20E, F6ED67, F79F78, F8175F, F8CB84, FA058A, FBDE21,
FE544A, 01195D, 038EA9, 0543CE, 05E0F0, 058BDD, 049A7E, 0337DA,
01B0E8, FFF5B9, FE13A7, FBF3D3, F98E82, F72EE3, F507A9, F37E3D,
F2A9B3, F27D8D, F2C181, F32361, F3381D, F2F2D8, F285A7, F2523C,
F2F772, F482ED, F65B97, F79357, F74A1A, F5771B, F2C4EC, F04FD5,
EF48A1, EFA171, F0B925, F1AE5C, F1C80D, F108C4, EFC228, EE8102,
EDA292, ED3854, ED16D2, ED29AC, ED68F7, EDDFED, EE6B35, EEF5AE,
EF6487, EFCBD1, F022D2, F00A29, EF4C75, EDD006, EC0FDA, EA7D15,
E96987, E8D872, E8AE82, E88C4F, E81DC1, E72875, E54CFF, E2CC64,
E07E07, DF560B, E00736, E282C3, E6164F, E9F1A4, ED69A3, F02BD6,
F1F5E4, F2C944, F301B5, F2EC68, F2E315, F35068, F48AF6, F6914C,
F9080D, FB6C8C, FD612D, FEC98A, FF90FD, FF90F4, FE88DF, FC54BF,
F973DD, F6D621, F58D39, F6306C, F83033, FAC359, FCF989, FE6637,
FEFB84, FEED2E, FED94D, FF4910, 00AAC5, 02D0B1, 05120F, 068309,
0661A6, 04D920, 025AF0, 000692, FE9F25, FE379B, FE9BE5, FF4A1E,
003C1E, 01ACC9, 03C52F, 063662, 083CC6, 091105, 08540F, 0685C1,
0448CA, 022006, 0043DB, FEA924, FD7006, FCA7E9, FC1DEE, FB427F,
F9C282, F7BB1E, F58E16, F3D36A, F2B968, F241C9, F25DB6, F2CC22,
F379D8, F425CD, F4996E, F4DF65, F4F4F3, F5127D, F55BE8, F5F211,
F6FF8E, F88E40, FA594C, FC22BA, FDCA68, FF34EF, 0049FA, 009012,
FFA721, FD98E2, FAE6F8, F87188, F6E348, F69EAA, F76D09, F89B70,
F96152, F8C350, F677B5, F2E3CD, EEB5C1, EB1292, E88E48, E75F88,
E7377D, E78ACB, E7DE6F, E80C79, E8307E, E88A83, E9590B, EA6617,
EB3F6B, EB3AF1, EA15A6, E7EDC7, E5517D, E2C4B0, E0A076, DEFD7C,
DE1A56, DE037B, DE81FA, DF8866, E0F2DF, E2F50B, E5798D, E8865E,
EBC3B0, EEBDC1, F1108E, F27699, F2D39C, F249A9, F13423, EFEB02,
EEC8EF, EDDF60, ED210D, EC3258, EB001A, E9AB16, E86B83, E772F7,
E707B7, E773FC, E89CDD, EA185A, EB261E, EB3C32, EA80AA, E97D54,
E8C7F2, E88AA6, E8A752, E90FC5, E9B512, EACCDA, EC8C3D, EEF087,
F1BEC9, F45783, F65208, F7633E, F7867E, F76264, F74EFF, F78AFC,
F8054B, F86C38, F89635, F857BE, F7BC49, F6DD70, F5FDF5, F582DF,
F5D548, F6C4F5, F80465, F95A8B, FAD151, FCDF7F, FFA26F, 0323A8,
0700E0, 0A7B57, 0D8844, 1004A1, 11E9A8, 13576E, 142740, 14B122,
152EEB, 15FED3, 1770A1, 195CC5, 1B94B2, 1D87A9, 1F28B8, 20E0ED,
232C9F, 26677D, 2A28A4, 2DC2F8, 3041C8, 313D1F, 3138F3, 30A39C,
301A2E, 2FD2EA, 2F8BE3, 2F3137, 2E855B, 2D7E51, 2C1690, 2A9C8A,
2984D7, 290224, 29421A, 2A1828, 2B5652, 2CFF87, 2E924F, 2F8944,
2FBDE6, 2F3928, 2E87CB, 2E0792, 2DDDD9, 2DE56A, 2DDDAA, 2D9B08,
2D0B54, 2C881F, 2C68CF, 2CD69C, 2D93AB, 2E1FDD, 2DFDE9, 2D1C2A,
2BDBC6, 2AD7A4, 2A62F2, 2A3E7E, 29D167, 28D522, 273464, 24F759,
228C45, 203C8B, 1E7B2F, 1D75C8, 1D2FE3, 1D64AB, 1D7CA9, 1D06B0,
1BF3EC, 1A7276, 18BDFE, 17102E, 1562F9, 13B2E5, 11E726, 1006D3,
0E4C10, 0D04E1, 0C5298, 0C0F13, 0C0A7F, 0C2835, 0C4979, 0C3911,
0BCB0A, 0AFDDA, 0A1541, 0987CC, 09BBCE, 0A8B6E, 0B1B36, 0A6E6B,
081783, 04656B, 0046C7, FCA9C3, F9F9A5, F85D43, F7BFE4, F7C0DF,
F7CB24, F77CA5, F68E6B, F54897, F4412E, F4170F, F53120, F74E5C,
F9F966, FC9DAF, FEF30E, 00E8E2, 02B614, 047FF4, 060B64, 06D64B,
06869B, 051A77, 02EA53, 0089BA, FE966C, FD9A66, FDAC1B, FE79B4,
FF0864, FE3BA0, FBBF21, F83B76, F4F72A, F33CF6, F3750C, F50556,
F70AEF, F8B9F0, F9B8FD, F9F4B6, F960AD, F834BC, F6DF70, F5B809,
F4F67E, F499E4, F486A5, F4B287, F5048D, F56764, F5C5C5, F5D261,
F52288, F37E0F, F100B0, EE3E82, EC2540, EB83F5, EC7B60, EEB8B1,
F1B4A1, F4ACBE, F6FA8A, F8041C, F7670E, F529DC, F1EDD5, EEE046,
ED1CD2, ECE387, ED893D, EE43C8, EE3755, ED13FD, EB51C8, E964A8,
E7FD92, E7485A, E735F9, E760CE, E77905, E76909, E738A7, E7217D,
E73FD4, E7C492, E8C3B9, EA4E68, EC4A3B, EE66B5, F09552, F2F4DC,
F5B9D3, F8C88A, FB768A, FD17B6, FD34B5, FBE140, F9BB47, F76CAD,
F5BDCB, F5357C, F5D575, F74B58, F904B5, FAA266, FBF580, FD09E1,
FDEA9F, FE7D8D, FED655, FEF6FE, FF1303, FF59B1, FFAA14, FFD6BF,
FFEF79, 000BB2, 003329, 0035EC, FFD6CE, FF1871, FE54D7, FE228E,
FEE2EB, 00CC67, 039A8F, 069157, 09047F, 0A3D1C, 09E525, 084A9A,
0629A9, 043412, 02FD59, 02DB2B, 0375F2, 0452D1, 04A835, 03F443,
0239E7, FFDB09, FD8FF7, FBE1B1, FAC607, F9A9CF, F81793, F60127,
F3D6E7, F2711F, F238D0, F3340D, F4CC8C, F671F9, F77580, F76D14,
F6A24E, F5A3D8, F538CC, F5ADE2, F6CAC9, F820C3, F94801, FA2E7F,
FAE60B, FBB430, FCC015, FE284C, FFB84D, 01243E, 0206F8, 01E7F5,
00A03F, FDDE04, FA0FF9, F60B59, F2C01C, F0CEE6, F0331A, F03AC8,
F00DBF, EF6B09, EE90F1, EE21B8, EE6B5C, EF4268, F0549E, F0D161,
F07A13, EF2BDD, ECE5C7, EA4368, E79FF7, E55AF2, E372A1, E19DF7,
DFE55D, DE343F, DCFC77, DCAE0A, DD70D2, DF5115, E1F6DE, E4D17D,
E72DF3, E89365, E944A9, E9BB09, EA2344, EAA9A6, EB6C99, EC54DC,
ED635C, EE3C50, EE821D, EDE65A, EC8EC9, EB218F, EA2F1C, E9EAAB,
EA1E12, EA5446, EA0C67, E958CA, E886AC, E810FA, E84E8C, E8DC60,
E92E42, E8D86D, E7D12C, E6A383, E5F06A, E607E4, E6ACAD, E7A067,
E8D438, EA2FB1, EBC650, ED73D7, EF3EAD, F1349D, F345E9, F546AA,
F6B4B7, F71720, F65F83, F4F0BE, F30952, F120B3, EF871E, EE91CB,
EE9E3B, EFAEA7, F160DB, F30C5C, F44C08, F5487F, F674D8, F82AD7,
FA8868, FD48A9, FFCFB0, 01A3FE, 02BE14, 0382D9, 045F81, 05769E,
06B39D, 07EA35, 0916BA, 0A6128, 0BCBDD, 0D6759, 0F7FE1, 12537B,
15E0D0, 19F5EA, 1E0410, 217DF5, 23E67D, 2537DE, 260C17, 26D5F3,
27E2EE, 2903F9, 29DB02, 2A3C83, 2A2EB8, 29E4C1, 297AD9, 28F42A,
2879E2, 2858CA, 28C9B0, 29C41A, 2AF77A, 2BE8AC, 2C588C, 2C660A,
2C4E43, 2C3F00, 2C0E4D, 2B83D8, 2A942C, 297E1E, 28E904, 295334,
2AB160, 2C67F3, 2DD726, 2E8ACF, 2E4BD3, 2D7318, 2C7073, 2BB1B7,
2B694C, 2B6AE4, 2B9FA2, 2BC669, 2B98C5, 2AF383, 29E0F4, 2899A1,
272A9A, 25AEEC, 246005, 237C5F, 232C12, 235662, 23B127, 23EC1F,
23D408, 233B20, 221668, 206B89, 1E42F9, 1BC189, 190FCD, 165B96,
13F6FC, 122D16, 116023, 1167C8, 117F1C, 112C0F, 100EFE, 0E700A,
0D0316, 0C617E, 0CE019, 0E4E4F, 100EDD, 1165D2, 11B747, 109C9E,
0E4172, 0B4ED3, 0858E2, 05C4E1, 037A09, 0159D9, FF3855, FD4ACF,
FBC7B7, FAB54F, FA277F, F9C5E0, F92A6A, F812CB, F67DFD, F4EFD0,
F41DE1, F4826D, F6863D, F9F1E7, FDFBDC, 019E8A, 03E37F, 043DC4,
02CAF2, 005CDF, FE3BD1, FDB3D4, FED7C0, 00FF42, 0325FD, 045534,
043746, 02C4F5, 0087FE, FE2662, FC1D2D, FAB7B7, F9BF30, F91051,
F87015, F809A5, F7F3E4, F826DF, F8A339, F96DC7, FA6C2A, FB5D08,
FBF95C, FBCA08, FAB4E3, F93939, F7E3DB, F70674, F6B0F0, F647F2,
F57E29, F42B7C, F2854C, F124D4, F07B6E, F0FD31, F2701E, F445AD,
F5DAA9, F69BF0, F66B28, F553FE, F3A311, F1E79C, F0AD2B, F03108,
F05A39, F0F4F4, F1C859, F2B15F, F39AEB, F4609A, F477DC, F35888,
F0F4C9, EDABE7, EA6ACE, E7E1DA, E672D8, E61422, E64383, E6CD5D,
E767EB, E80FB3, E8C9AB, E95760, E9BF68, EA702A, EBB39B, EDC6F3,
F07902, F3171A, F4D397, F51B6A, F4303F, F2E309, F24CB6, F2B4A0,
F3C8A8, F4C815, F56147, F5BF04, F64DD6, F78B92, F97F98, FC03F8,
FE65B9, FFED1A, 003A08, FF5B57, FDDB03, FC63D3, FB8B76, FB9972,
FC63CD, FD6B38, FE3A82, FE9928, FE8A77, FE4F73, FE1FAD, FE4E98,
FEF9EA, 001C28, 01866B, 02D470, 03924F, 03AFDE, 039C9E, 041C01,
05BD72, 08320F, 0ACD3F, 0C8C43, 0CD7C7, 0BBF7B, 09BF13, 077AE8,
058776, 0421A4, 03334B, 02828C, 01C073, 00C230, FF822D, FE5BFF,
FD9D40, FD58AD, FD1A46, FC8A17, FB48F2, F97BB0, F79A06, F6050D,
F517D7, F48E3F, F46667, F46CE7, F4C0A9, F55DFB, F645A2, F77547,
F8FB9B, FAF6A9, FD6EBE, 005DEC, 032E4F, 0505BA, 05176D, 034D5B,
0090AC, FDF578, FBFB4B, FACA99, F9C2D1, F8A844, F79F21, F6CEF8,
F6B6D6, F73792, F83998, F97580, FA5FE1, FA9336, F9CA77, F82F0D,
F64540, F46D90, F2CBDC, F154F9, EFE80D, EE5D58, EC9205, EA8250,
E85C11, E66FDC, E4F47D, E3FEF3, E35FAE, E2E9C5, E28241, E224B7,
E1E38A, E1DD17, E2845F, E42D62, E6C530, E9C206, EC3A14, ED9B5F,
EDC70F, ED0E92, EC14F9, EB4CA6, EAF0F2, EB0FA7, EB7CC8, EC0428,
EC8B26, ECE62E, ED03DF, ED0CA1, ECF27F, ECAF7F, EC2697, EB3E34,
E9FD9E, E86E4D, E6E6AB, E5B5F3, E51864, E51089, E58244, E64E41,
E76140, E891F1, E9D9C2, EB4131, ECC049, EE8097, F08DC7, F2AD2B,
F46207, F4ECDE, F3EF24, F1D406, EF7B63, EDADB8, ED132A, ED8E02,
EE7D4A, EF6045, EFD85B, F0132A, F05E54, F11E2D, F29A1A, F4738F,
F635FE, F79049, F88C77, F97A70, FA8A11, FBB2AA, FCA4C5, FD21E5,
FD2381, FCD84E, FC887F, FC97E0, FD8958, FF94CF, 02B764, 06A20C,
0AEC1E, 0F015C, 12531E, 14BFE7, 163DAD, 17418B, 1861EB, 19EF30,
1C0231, 1E3906, 205FD4, 224FE9, 23EA72, 252226, 25DF69, 264935,
26802E, 26CFB9, 2758D9, 27F6FA, 288B1F, 2909DB, 2988AC, 2A169A,
2AA17F, 2ADF78, 2A8F05, 29C4BD, 28C558, 281C3E, 2824EE, 28E934,
2A5D73, 2BFF51, 2D5C86, 2E22EA, 2E3049, 2DAD64, 2CC379, 2BD06D,
2B34CA, 2B4A65, 2C2F35, 2D7A5D, 2E8DE9, 2EEAA6, 2E37E7, 2C8C5A,
2A469B, 27E3F0, 25D7CE, 248BCB, 24455C, 250283, 26B20D, 28EC8D,
2B2C51, 2CBE8D, 2CC778, 2AF015, 2783AA, 2394BE, 200B95, 1D9118,
1C5C82, 1BD413, 1B860A, 1AC175, 19620A, 176B46, 151B39, 12E35D,
113A44, 107697, 10848D, 115AA3, 12C4D2, 144F47, 158569, 15DB64,
154566, 1407DD, 124B68, 102BF0, 0D74CA, 0A22F0, 06A197, 036D10,
011A27, FFDEA0, FF7E54, FF765C, FF1775, FE12F4, FC4783, FA01D1,
F7F5CF, F6BFEE, F6BDB0, F7D1A9, F95871, FAA62E, FB43CE, FB1CFA,
FAD5F7, FB095C, FBF510, FD9BEF, FF7865, 01269A, 02870B, 037CDC,
03EF3E, 0380B0, 01F32F, FF8454, FCFBD5, FB3FBE, FAA598, FB0766,
FBCB0A, FC6E4A, FCDA18, FD45EF, FDE0DC, FE5626, FE3A2B, FD4C0B,
FBB48C, FA03D8, F8A8B2, F81EA2, F847F3, F8EE65, F99FD8, F9FC70,
FA0C91, F9B026, F90C67, F849C3, F785E2, F6DD12, F648D6, F5A4F2,
F4F2D1, F42BD7, F37887, F2FF6B, F2AA8D, F25584, F2090C, F1FF8F,
F277A9, F3984D, F4EEB5, F61BA8, F6D53C, F7193F, F6E0C6, F5F6CC,
F433E9, F1A278, EEBE11, EC13DD, EA090F, E8E2EB, E89078, E895B3,
E8B884, E8C536, E8FD20, E9BDF0, EB104A, ECBF07, EE2DF2, EEE710,
EEB0F1, EDAB6C, EC54F7, EB36FC, EAD597, EB7585, ECDAC5, EE71F2,
EFD056, F0ADAB, F12BA7, F1CFE5, F2BD98, F3E4CD, F51846, F61F0F,
F700E3, F7D85E, F8B3BE, F9855F, FA6742, FB6C2B, FC9BDC, FDDDBC,
FEBABD, FED40A, FDF3AD, FC49E4, FA5B68, F8E580, F87267, F905A7,
FA30A3, FB353D, FB9EE1, FBB96B, FC0470, FCFBD0, FED5C0, 0143CA,
040738, 066D4C, 08043A, 088BCE, 081D05, 074518, 0686DC, 062AE0,
0606FB, 05E6E6, 05B3B3, 058896, 05776A, 05983B, 05DD9A, 063F43,
068F1C, 067450, 057470, 036C98, 00A6B1, FD92A1, FACB25, F87B85,
F6ADC3, F52A4C, F3EAF1, F2FC8D, F24AFE, F22083, F2FFFA, F516D1,
F83A4C, FBAC0C, FE72E9, 000D43, 00243F, FF0406, FD4BED, FBD3B8,
FB3D85, FB66DE, FBBC13, FBA6E2, FAE8A7, F9D365, F91CB1, F942B2,
FA2EAE, FB4763, FBEBE7, FBD0DC, FB2A63, FA7021, FA0C21, FA4E87,
FB0674, FBA435, FBCCE8, FB2F57, F9A6DD, F75E3E, F49396, F1B493,
EF3088, ED3FF7, EBE9C2, EAE9A3, E9BCFF, E822D9, E617B5, E3FA29,
E28EE6, E21D8F, E2C47F, E42114, E590A5, E6941B, E6D9F6, E68665,
E5FC1F, E59606, E5A02D, E62F21, E72CDA, E887B6, E9F1D2, EB3BA5,
EC6939, ED7992, EE85BC, EF518A, EF7E15, EEC0A9, ECF12C, EA8130,
E826E2, E68BC4, E5EBC3, E60E7C, E65DE8, E670F3, E6039B, E53679,
E482FB, E4466B, E4F2E6, E6ACE5, E9314E, EC37EC, EF3100, F172F2,
F2A071, F2737C, F121EF, EF6F26, EDDE11, EC8D8B, EB781E, EA82B7,
E9D124, E9E143, EB0E07, ED1E39, EF444A, F0DA7B, F1A9CA, F1EFFB,
F1F953, F200BA, F23D09, F2B20A, F37C2A, F48D20, F59E08, F65C4E,
F661B4, F5AD94, F47AB5, F39BF8, F3D3B6, F57926, F874DF, FBEDD0,
FF264D, 01A874, 0381C0, 051048, 067C88, 07DF3C, 096401, 0B266A,
0D2E6A, 0F9DED, 128ED5, 15F105, 19838D, 1CB589, 1ECD8B, 1F5B65,
1EBB7D, 1DC64E, 1D899B, 1E8EE2, 20A806, 235D7D, 25E5E1, 27A6E6,
285C29, 280A18, 27386A, 26577D, 25BD66, 25AE80, 261E83, 26F793,
280C12, 29123A, 29C10F, 2A2335, 2A6DF5, 2ADD23, 2B8B50, 2C0F24,
2C5CFE, 2C542A, 2C1CBA, 2BEF34, 2BCC39, 2BEACD, 2C4FCE, 2CD53B,
2D0142, 2C12B9, 29E84F, 27245F, 25038C, 24963A, 25FFFD, 2889F6,
2B1F88, 2CD790, 2D4F03, 2CBE4E, 2BA615, 2A7560, 293DA2, 27E973,
26860B, 24FBE0, 235734, 2151DD, 1EDFCC, 1C1569, 196E5E, 179644,
16EEE6, 175DC9, 18299A, 18E91F, 19516E, 19B181, 1A27C8, 1A8B68,
1AB00F, 19FE45, 185D3B, 160DBF, 1357A1, 10C91F, 0EC78E, 0DA2A3,
0D4D15, 0D4966, 0CCEE5, 0B3985, 08765E, 04F3EF, 0164B2, FE36C5,
FBB8FA, F9FAA4, F8E7B2, F8862C, F8B229, F98ABE, FAD423, FC35D6,
FD2E5D, FDABA5, FDD19C, FDD0AF, FDD99B, FDC351, FD6A2C, FCE50E,
FC9769, FCB311, FD4C36, FE2B1F, FEF034, FF7ED6, FFC5A7, FFD888,
FFF08A, 000FC6, 004584, 0067CF, 00260B, FF81D2, FE7CF2, FD77A0,
FCA5BA, FC1826, FBCADE, FBA061, FB8589, FB5A41, FB190A, FAF232,
FB3F6B, FC1A5D, FD38B6, FE0A0D, FE164A, FD4411, FBAD48, F9A41C,
F78535, F5705B, F3C096, F2BD7F, F27483, F31006, F4807D, F69B86,
F8D620, FABE34, FBCEE2, FBEC86, FB16D4, F98775, F79736, F569F0,
F36DF5, F1E089, F12B86, F13230, F15D54, F113E3, F0048A, EE6F45,
ECF2A5, EBF766, EBA273, EBE00D, EC50EB, ECBE42, ED0E74, ED22B3,
ED289A, ED3610, ED3D67, ED5BDF, ED6FD9, ED556F, ED16E0, ECC013,
EC7776, EC3941, EC199B, EC3335, EC4CF9, EC783C, ECBBCF, ED57CF,
EEA8A4, F0BC20, F35EA2, F6053D, F84805, FA10B3, FB6652, FC435F,
FC8BA8, FC289C, FB2083, F9F5D2, F906EB, F87476, F81B1F, F7A8D5,
F713C6, F66EAC, F6367D, F6FA4A, F8B9AF, FB07A7, FD4018, FED4BC,
FF9F92, FFF1DB, 002734, 006262, 008EB6, 009695, 009A5D, 00C82E,
015F9E, 0275AB, 040EB1, 063BE5, 08C886, 0B3E8D, 0CEB72, 0D5F12,
0C91DE, 0AC9AE, 089B54, 0677B0, 04C9A6, 03A00D, 0299C7, 014313,
FF2F4F, FC5831, F95139, F6D2E5, F555B8, F51FF1, F613B8, F7BB94,
F98FA4, FB04A8, FC0879, FC9239, FCDBE2, FD17FD, FD3C52, FD2927,
FCCEB7, FC3BF5, FB8396, FADC20, FA624C, FA4AA4, FAAF36, FB5A62,
FBC4AE, FB9914, FAF274, FA5A6C, FA573C, FB2D20, FCBF04, FEA7C4,
007413, 017E1F, 019046, 007881, FE5E44, FBFBAA, FA1B5D, F93DA7,
F93F18, F96168, F8DCF8, F74513, F4B9B0, F1F2F4, EF9917, EDF38B,
ECBD6D, EB7AB6, E9DF7D, E8240C, E6C285, E6207E, E617A2, E61406,
E5BEB9, E51A41, E49C3E, E46261, E47A9A, E4F3CB, E5D5E1, E778A7,
E9E6D5, ECCDA4, EF9A1A, F1A0DA, F25B41, F17481, EF474E, EC773A,
E9EE97, E85598, E7DFEA, E823AA, E85544, E7E583, E6C749, E533BF,
E3C47A, E32AA2, E3928E, E51608, E72E23, E9881E, EC02A9, EE4346,
EFEF84, F07495, EF72DC, ED2634, EA7DFD, E88DEE, E7C9CB, E83B6D,
E98895, EB30FC, ECD368, EDEE4A, EE5E46, EE453E, EDC410, ED3616,
ECF61E, ED2D82, EDD803, EED8F7, EFD8DE, F0A1B1, F11EAE, F149CB,
F15E0C, F1597A, F1296C, F0CC29, F05C48, F02A4A, F05F2E, F13C55,
F2DDA8, F553BC, F847EB, FB00AD, FCAE0E, FD2431, FCCB01, FC9E53,
FDC92C, 00A518, 04C738, 091EAA, 0CD4CF, 0F6D07, 10DFAA, 11A919,
123905, 12FFFB, 14314C, 15E9DE, 181CDC, 1A75F5, 1CA4D8, 1E3549,
1F2B7D, 1FBEAE, 20519A, 2149CA, 2296E2, 23EFBB, 24F357, 254FC0,
252AD3, 24EBF2, 25093E, 25C707, 26D958, 27E926, 289F28, 28D1C2,
28D7A3, 28F4E2, 299F84, 2AF3CB, 2C8B4F, 2DDDFC, 2E2961, 2D296D,
2AFB94, 28406A, 25E6E5, 24D1B7, 253BE4, 26F4F8, 296BC3, 2BB3C5,
2D5CDE, 2E2CF7, 2E5D57, 2E60DC, 2E08C2, 2D6169, 2C5E51, 2B015F,
299845, 28434D, 2701DD, 25E0FE, 24F963, 244BE3, 23C838, 233601,
2250ED, 20F005, 1F20CA, 1D71A5, 1C34A4, 1BBFF2, 1C141B, 1CC5C1,
1D84D9, 1DCF35, 1DB950, 1DB601, 1DE38B, 1E345A, 1E1EF6, 1D498A,
1B8E96, 18D585, 156E87, 11CF5C, 0E50B4, 0B3FA4, 08B58C, 06BAE1,
052E54, 03C517, 0287CE, 015309, 0012F4, FF02CD, FE78F9, FEA1E5,
FF5B70, 001764, 00490E, FFB892, FE8330, FD24D0, FBF055, FB2D59,
FAE774, FAF2C0, FAFBA0, FB1193, FB6552, FC44AB, FDCD2D, FFB0F6,
019460, 02BEED, 02CF6F, 01AF2F, FF9E17, FD49A0, FB59DC, FA7F79,
FB19B1, FCA8F9, FE5848, FF6BE3, FFA5B0, FF5BBE, FEEBF4, FEAFD6,
FEAE2F, FE9A59, FE2C24, FD6BAF, FC5A05, FB25AE, F9F591, F8E980,
F83291, F7BF3C, F7B8DE, F81E4E, F8C046, F94BD4, F9833C, F9933A,
F9F1A6, FAE32E, FC109C, FCD530, FCA303, FB9243, FA4AEB, F958C1,
F91C46, F922A9, F8E25C, F832D1, F71FD7, F5BF4F, F40498, F213CB,
F03293, EEA747, EDB3AC, ED7405, EDCCF6, EE5553, EEB300, EEDDF1,
EF0A83, EF8067, F04398, F1182D, F19D83, F194E1, F0EEEE, EFBB8A,
EE54E9, ECD356, EB4B42, E9C722, E8656E, E760D1, E700D0, E7BF19,
E9D7AD, ED00D6, F0AABB, F3E399, F5CA30, F6650D, F62A53, F5CE02,
F5ADDF, F5C698, F62DEA, F6B9C4, F73EC3, F7B3C6, F80AAF, F8654F,
F8BF44, F8EB78, F8E8CF, F8BC88, F88463, F881D8, F8BFBB, F935E2,
F9CA58, FA3543, FA502F, FA1D1A, F9B3D9, F952D4, F94DCA, F9D18F,
FAE5E7, FC987E, FF04D9, 022946, 05A365, 08D2B0, 0ADEE0, 0B4A68,
0AA1D6, 09CBBA, 099486, 0A22F7, 0ACF81, 0ADD1A, 099E0A, 07192E,
040F62, 00FD69, FE8FF5, FCFF70, FBBBFE, FAB713, F9ED63, F999B3,
FA1068, FB3213, FCB441, FE15FC, FF02C3, FF41F2, FEA3D0, FD3856,
FB52D2, F99086, F86AB0, F86E47, F97CD6, FB1076, FC6704, FCD3E5,
FC3C8C, FAACB4, F8B94B, F75AB8, F74836, F8DEBE, FB95C5, FE54B0,
00359E, 00B053, FFEE91, FE8CBC, FD0806, FC1048, FBDA67, FC23C9,
FCE626, FDC2CB, FE67AB, FE964E, FE04DC, FCB8D5, FABE68, F8780C,
F6393C, F44469, F28659, F0AD5A, EEDA2F, ED1984, EB850A, E9F57A,
E84AAC, E67BE6, E493CD, E2FE72, E205B9, E216F2, E34FED, E5809E,
E875B5, EB69BE, EDCC63, EF2855, EF5A51, EEAA3C, ED5EBC, EBCF97,
EA4FDC, E9042F, E8262C, E7C756, E7CBFA, E81508, E85488, E829ED,
E73BBE, E5B258, E3FB37, E2C775, E2B77F, E3E509, E5D9FC, E7FB37,
E9B187, EA86BE, EA6964, E9885C, E867B8, E77361, E7154B, E74E6D,
E7F2D4, E8CDA2, E98B02, EA163A, EA5BDD, EA81E1, EAD2B5, EB52A6,
EBF50E, EC63AD, EC56A1, EBCAD2, EB298F, EAEE57, EB476D, EC0727,
ECD095, ED4C75, ED4EF5, ECE7CC, EC3BB0, EBB724, EB9EBB, EC1E7C,
ED359A, EE5914, EF0E10, EF229C, EEB507, EE65CF, EED43A, F0739B,
F34DD0, F6C784, FA5134, FD4D45, FF54C2, 0083AD, 01478E, 01F82E,
02FBC3, 0497B7, 06C2AD, 09537B, 0BC88E, 0DF67B, 0FDA47, 118720,
1350F9, 154127, 172E3E, 18A3F3, 193C9D, 1920F2, 18C0F5, 18E5A6,
1A2D85, 1C8E49, 1F8D24, 2250DC, 2420CE, 24FCAD, 252CB7, 252EAD,
2564E6, 25D071, 26767A, 270D34, 272689, 2696BD, 257FB5, 248C0F,
246FA9, 254FAD, 26DC0B, 288033, 29B867, 2A2FFF, 2A0390, 298FBE,
29221D, 290EA2, 296B02, 2A4B69, 2B6788, 2C62BD, 2CD870, 2CDAE2,
2CBCF9, 2CA01F, 2C8AE3, 2C32E0, 2B4797, 29A965, 27706D, 24F037,
22CEE4, 2144B4, 2060E2, 1FD964, 1F6415, 1EF758, 1E5663, 1D9032,
1CF783, 1D0A6A, 1E4990, 20C3A0, 23DA31, 269861, 27E9D2, 27313F,
24B571, 213D37, 1D89A0, 1A21B5, 175A8F, 15435E, 139B4B, 121515,
10755F, 0E9A5E, 0CC55E, 0B2DBC, 09FED1, 091563, 081749, 069277,
045DF9, 01DDFA, FF9D2F, FE6BBB, FE4E85, FEE735, FF5CAE, FF23B3,
FE548B, FD5AE8, FCC833, FCD235, FD6B3F, FE3A1B, FEDC70, FF15EC,
FEC58D, FDF5E2, FCC45D, FB7289, FA650E, FA089E, FAA18B, FC2DDA,
FE3F21, 0022B5, 014829, 016C29, 00E222, 005219, 00570E, 00DB2D,
015FB1, 0142A5, 003DBF, FEAFBD, FD0BCB, FBEC46, FB92CC, FBA675,
FBBDA6, FB5B36, FA78E5, F98154, F8EE0E, F92DD6, FA1A1A, FB3BE0,
FC1357, FC2AB8, FBB181, FB2368, FAFBCC, FBC22D, FD7D44, FFA840,
018368, 025749, 01E1D2, 004F20, FE0AE6, FB70FB, F8ADD0, F607B8,
F3C4E1, F22387, F15AF9, F161F9, F1E46B, F27BBD, F2EFE2, F349CE,
F3A22C, F3F40D, F41182, F3D0E0, F330AD, F262BC, F1BE2E, F1671E,
F153EB, F0DEE9, EF93B1, ED9E37, EB8809, EA48C6, EA3A9D, EB4C87,
ED1CBE, EEC839, F00428, F0967C, F0909A, F022AA, EF843D, EF1775,
EF14FD, EFAAB8, F0C46B, F22D34, F3CE11, F57EEE, F712AB, F87A4F,
F9AC5A, FA9668, FAE49D, FA4ECD, F91221, F7BE93, F6F1F2, F73907,
F88A6C, FA22C1, FB15E7, FA97A6, F88B97, F5999A, F2CB80, F13918,
F18758, F3B707, F773D2, FBD8D1, FFCCB9, 02CF3A, 049718, 055C77,
05EF28, 06F1A9, 0877EA, 0A29E7, 0B577C, 0BC1C8, 0B665B, 0A6487,
09109F, 07533B, 05630D, 038C27, 01F550, 00B873, FFDCED, FF6D3C,
FF66B7, FFCCE0, 008C55, 015D77, 01EA5E, 01D211, 00D2A7, FF0857,
FD0C11, FB8C65, FAF6ED, FB7593, FC9C05, FD996E, FDD4B9, FD0FFA,
FBA8FB, FA3E32, F93F09, F91571, F9C6F1, FB1E15, FCAEB2, FDF755,
FEABE1, FEC23C, FE4159, FD3620, FBF538, FAD26D, FA2E4B, FA6E6E,
FB8B7E, FD62D2, FF7C2C, 019902, 034DDC, 0456FC, 0464BF, 0345B7,
015C65, FEDA5B, FC3FA1, F9F4EB, F81A49, F680BE, F4CB68, F2C173,
F065D3, EDD756, EB840A, E9DDFD, E8EA56, E8A132, E8D8C6, E957FA,
EA2787, EB063E, EBACBC, EC21A3, EC7E63, ECCC08, ECE79C, EC9630,
EBE48F, EB1F0D, EAC442, EB3AFC, EC3BA3, ED03B1, ECBC22, EB43DC,
E927B2, E733BD, E61DAA, E602D2, E69D9D, E78D65, E86898, E8FC42,
E92C5D, E8C9E0, E7CA42, E6654B, E53872, E4ED82, E5A68A, E6E0B0,
E83038, E92D4E, E9B30E, EA04A9, EA23E8, EA43F9, EA3615, E9FB6F,
E9C042, E9A474, E9EF14, EAA4CC, EBABD3, ECE0F9, EE045D, EECDFA,
EF0611, EEAF97, EDC81C, EC8F03, EB6819, EAB7C7, EA9E08, EAF38D,
EB64CD, EB8FBB, EB7BD7, EB5AAC, EB5F13, EBBCD7, EC58D6, ED2456,
EDFCCC, EEAF9D, EF1E83, EF71F5, F00F70, F178ED, F3EFC0, F71CAB,
FA8598, FDA4F5, 0029B0, 02262A, 03A721, 04C7F1, 05A9AF, 0644D9,
06B42F, 06FF31, 0742F4, 07E29E, 0943D8, 0BB8AE, 0F145C, 12BF2A,
15EB00, 1822F8, 196D1B, 1A0571, 1A72F0, 1B214B, 1C4157, 1DDC65,
1FAA9E, 214DFC, 228D09, 234D8A, 235361, 22D7BB, 22176E, 219F87,
21E675, 22FF11, 248A21, 25CBB8, 26339D, 25A504, 24CA0D, 244947,
24BF4B, 25C3D6, 26DA6C, 278E10, 27D083, 282015, 2902CD, 2B0B4F,
2DF132, 30D89D, 32D455, 32F4E2, 31090C, 2DC6E0, 2A18D6, 26E514,
249215, 22EED0, 21CD88, 20B934, 1F8AD8, 1E9DA2, 1E12A9, 1E2542,
1ED8FC, 200966, 2187A3, 2324FA, 2497FA, 259104, 25BAC3, 2509DD,
23FA12, 230CFF, 22948C, 228CDE, 22990B, 22377C, 2142F2, 1FB4D2,
1DE33B, 1BF25C, 19EB77, 17D551, 156ECF, 12A245, 0F7076, 0C288D,
0946BF, 073DF6, 060650, 0565FC, 04E260, 0432E9, 03312C, 021884,
015261, 00F995, 0138F5, 01CC54, 0254C8, 0267D0, 0194B0, FFBA82,
FD1E03, FA595E, F847D4, F77A34, F7EA41, F95320, FB0EF6, FC823C,
FD7625, FDD21B, FE0070, FE1554, FE2BD8, FE414D, FE32C6, FE198B,
FE3435, FEBEC4, FFC70F, 012015, 023ADA, 029B38, 01B9FD, FFBE4D,
FD3F77, FAC93B, F8DCD1, F7A881, F710D6, F6F3EB, F70C4F, F71EA3,
F76384, F7FA4E, F8CF0F, F9F067, FB40EA, FCB6EA, FE3864, FFA32D,
010482, 02115A, 027318, 020F8A, 00FF5E, FF8099, FD79AA, FB0462,
F898B9, F6A8FA, F5E1DB, F66AC6, F7FC83, F9EF78, FB27FE, FAEF37,
F8F196, F5AD5D, F25172, EFFABE, EF5C38, F05C07, F22180, F3BC2B,
F429A4, F2F9B6, F0AC47, EE326D, ECA601, EC94A7, EDA428, EEF6A3,
F0022E, F077EF, F06671, EFDAB9, EF028F, EDEBD7, ECBA81, EBD1FB,
EB47A4, EB25A8, EB3B4F, EBA27E, EC8C4C, EE4EFE, F0D9F4, F38E43,
F5E399, F73717, F781D5, F72693, F69FBD, F6C535, F7C0D7, F96B4D,
FB2DC2, FC08F6, FB73B2, F9545B, F60914, F2A926, F03E89, EF3AB8,
EFA077, F0F4CD, F2B222, F4A1E7, F68771, F861ED, FA36FA, FBEC4F,
FD907F, FF38F2, 010875, 02F34E, 04BFB0, 065ADC, 07A85C, 08A609,
095B05, 0988AD, 08E07F, 07635F, 0563CA, 036569, 01F5B5, 019A04,
026280, 03CD34, 0558E1, 0680F4, 06C9E1, 060186, 041D5A, 0182CA,
FF2312, FD9BE7, FD01C6, FD233A, FD4EBF, FD28D8, FCDC39, FC9CA7,
FCE2D3, FD851D, FE0E1B, FE4A2D, FE26B8, FDF4E8, FDB541, FD6016,
FCECDD, FC358A, FB6E68, FA825A, F99838, F8E90E, F87F90, F8B82E,
F9CED4, FBDFE8, FEC278, 01B532, 03EFFE, 04E1D4, 047EEC, 035165,
0233A2, 01CB24, 01F472, 025707, 021CDD, 00E543, FEF4F5, FC8896,
FA22B7, F7E2F4, F5B4E9, F3C06E, F21B0C, F0D9E0, EFE0CD, EF36CA,
EEDA9E, EEA3EE, EE7802, EE25A5, ED9F71, ED0451, EC4B9C, EB8551,
EAEF5D, EAC102, EB3554, EC4987, EDA080, EEBA29, EF0F58, EE7B86,
ED2F00, EB9010, EA4776, E9B31F, E9B0EB, E9F997, EA2624, E9D79C,
E93881, E87AAF, E80B0F, E80549, E83954, E87BC8, E8490C, E7754D,
E64D6C, E549E2, E4CFB2, E501DA, E58AE7, E61D94, E69757, E74A6C,
E886AE, EA46EE, EC2121, ED52C8, ED7C4C, EC9DEA, EB46E5, EA3258,
E9CE7D, EA14EF, EACA2F, EBAA78, EC9E8D, EDB27C, EEABF1, EF2915,
EEDC72, EDB8A6, EC1B8E, EA6EF8, E91351, E8448F, E7E858, E7C7F4,
E7AE1F, E7A561, E7E335, E8990B, E9E12E, EB9E8C, ED9FF0, EF9B94,
F17B04, F34552, F5374A, F757ED, F976C2, FB37CA, FC208A, FC2932,
FB8FAD, FAF6B6, FB2897, FC5F9B, FEA5C7, 01C6BA, 053A34, 086FC7,
0AE28C, 0C6A40, 0D1CC8, 0D6F32, 0E1341, 0F8362, 11D62A, 149B25,
1753C1, 1950AB, 1A92B1, 1B6DD0, 1C46E8, 1D9594, 1F507D, 20FFDA,
222E79, 227C32, 21D152, 208FAA, 1F1659, 1DF7FE, 1D802F, 1D9A52,
1E1726, 1EB00E, 1F7D93, 20D4A6, 22F2B9, 25E970, 2940A6, 2C5F08,
2ECA19, 300BAA, 302FC5, 2F675A, 2E23EC, 2CB6C5, 2B5997, 2A612D,
29C1C9, 294869, 289B62, 273F53, 24FC31, 2254C1, 200F32, 1ED62D,
1EF9EA, 200FFF, 2129AD, 21B9FF, 21854F, 20B4D8, 1FC894, 1F48AD,
1FB758, 20F253, 22C01E, 248294, 25F250, 26F055, 27A4D2, 282D47,
284056, 2785BA, 259FF2, 22B016, 1F1204, 1B7454, 1839C4, 157A41,
1364D3, 1200DD, 112AA6, 108D4E, 0FB597, 0E500C, 0C33D3, 09A6BF,
074B42, 059578, 04B984, 04A4A5, 04E946, 051E9F, 04F406, 0421DA,
028F99, 00595F, FDD9FA, FB9B16, FA1349, F9765D, F99D11, FA187A,
FA8D92, FAC951, FABBD3, FA4E01, F96107, F864A1, F7F758, F8BD0C,
FB1251, FE6988, 01F5F3, 0488E3, 055D66, 0475F5, 0265A3, FFE15D,
FD727A, FB5886, F9A6FE, F8856A, F7E4A3, F7AAB0, F7AD4F, F7A8A4,
F7B14F, F7F68F, F8872C, F9454E, F9EC63, FA59A2, FAB8BC, FB4CF1,
FC450A, FDB419, FF586E, 00AE2A, 01248A, 007427, FEAA9A, FC710C,
FABB0D, FA506F, FB7A4A, FDA78F, FFDE15, 013A73, 01321E, FFB90D,
FD3E46, FA6277, F7C81F, F62D0F, F5A808, F5E314, F61F8E, F5BC45,
F4C30B, F36321, F21ABB, F1254F, F0BBFE, F0CC02, F129A3, F19A3D,
F1EDD1, F22911, F26C44, F2C0D4, F2CD4D, F22C49, F09B6C, EE3B9E,
EBA1EF, E95CEC, E81072, E821AD, E9954B, EC10BE, EEC6C9, F0D258,
F1C3B9, F1CEFC, F1B476, F233A3, F36666, F53F2A, F72920, F8ACC1,
F99CC2, FA011C, F9EDF5, F95B4E, F83E3A, F68AEC, F49F19, F2EF6C,
F1C382, F11934, F0D3CE, F0EAAC, F188E9, F2D80B, F4C50F, F6EE66,
F8AC90, F998AA, FA15C6, FABBAC, FC0FD8, FE7059, 012E0A, 039759,
04EACC, 04D3CA, 03B1A4, 024496, 018F58, 022419, 03F8FB, 066F36,
08C347, 0A258B, 0A2A18, 090AC1, 0750CA, 05A16D, 044300, 0345A6,
0282D4, 01E295, 017C7F, 01323F, 010551, 00D750, 00A791, 007C52,
00951A, 00BF97, 00D389, 009251, FFEDA2, FF3482, FEA579, FEA281,
FF00D4, FF5DD2, FF036B, FDA0DF, FB59D6, F8D3CC, F73E8B, F76F76,
F97444, FC7167, FF3515, 00F530, 017DE0, 016748, 016030, 01BE50,
0291E8, 036E43, 03F22B, 03CC68, 02FB7A, 01E05D, 00E0C6, 0062F3,
0053DB, 0069C8, 006218, FFF075, FED6E2, FCF959, FA91CF, F80BB3,
F5CE66, F41C7D, F2D92E, F1E1A0, F10D74, F04B7E, EFCD99, EF9263,
EFC49E, F01F81, F063D5, F02F44, EF3BA3, EDB5A2, EC04A2, EAB8D8,
EA2FDA, EABF44, EC301A, EDF8A3, EF732F, F01107, EFD70D, EEF4C9,
EDC9A7, ECA167, EB74E2, EA51C8, E92FAB, E83506, E7A282, E76E85,
E76F3E, E74499, E6DA85, E64E57, E5D212, E58F00, E57FA4, E59612,
E5D9B8, E67199, E76322, E87C58, E934D4, E963CA, E922ED, E8CA3D,
E8CEE9, E97781, EADC6C, ECCA28, EEDBEB, F09120, F17641, F17368,
F0C042, EFB18C, EE9BE3, ED83F6, EC4EF9, EACA90, E904BB, E73EC8,
E5F96F, E5AB58, E6437B, E77A1A, E898FB, E97386, EA095F, EAC0D7,
EBBF26, ED0243, EE7EA0, EFE0AE, F10255, F1BEBD, F21849, F23FAB,
F2A5B0, F3A23A, F57B6F, F812CA, FADB85, FD1B8E, FE667C, FEA8B0,
FE0826, FD20C2, FCC2E9, FD8D2F, FFC25D, 033B68, 073885, 0AE950,
0DC189, 0FD766, 11B833, 13E02C, 167171, 192DCD, 1B7E48, 1CBD91,
1CD168, 1C0B91, 1B0C44, 1A35E0, 19C5A4, 19C783, 19F538, 1A08ED,
19CDC6, 194F53, 1926CD, 1A06E3, 1C3E8C, 1FAB53, 237C5F, 26D1A4,
290E70, 29E575, 29A022, 28DE6B, 285122, 28C4BF, 2A696E, 2CBEC2,
2F1F23, 309308, 309526, 2F13BD, 2C6232, 294343, 267A96, 244166,
22D69F, 21F203, 2119C0, 205900, 1FBB8B, 1F9EAB, 1FAF99, 1F9989,
1F5889, 1F1A43, 1F6E7E, 207EC7, 225998, 24BA0D, 27141F, 291E87,
2A6E3C, 2ACB48, 2A0546, 283935, 25D776, 23A095, 22276A, 21747A,
216D96, 216510, 20AB5C, 1EEE73, 1C0E72, 18A145, 152989, 121B82,
0FA1B1, 0DE04D, 0CFDFF, 0CF6C5, 0D7A83, 0E3111, 0EAA2E, 0E5827,
0CF031, 0A544C, 06F3C5, 037032, 00589C, FE4AB2, FD4BBE, FD1668,
FD146C, FCAB23, FBD7D9, FAAF41, F97234, F8A0B4, F89D90, F9A374,
FBADD2, FE343D, 00A818, 028656, 0356BF, 0332EC, 026150, 0128DE,
FFCBBF, FE77F8, FD68F5, FC7D32, FBAD77, FB092A, FA9341, FA750D,
FA915E, FAB600, FAB262, FA3385, F93EA5, F83E66, F7C061, F83E95,
F9D0B4, FBDB81, FD70B2, FDF86F, FD5193, FC08B4, FAD3B4, FA40BD,
FA81FA, FB72C2, FCF659, FEC3C2, 00B4A4, 026A54, 03993B, 03D3FE,
02DBFD, 00FB1B, FEC0F0, FCCD7F, FB687A, FA7D44, F9C14D, F8FEF0,
F847EF, F7BE2A, F766C1, F7149C, F68A7D, F5B889, F4B8C7, F3F0CF,
F3D79B, F483AB, F59FF9, F65FE3, F605AE, F46536, F1C541, EEEF1C,
ECDDE6, EBF073, EC011C, EC833A, ECD11F, ECA555, EC1135, EB9174,
EBAE81, EC97B6, EE2EB7, F0130A, F1D961, F3469A, F46E65, F58118,
F67F2E, F74CC6, F7CDDB, F7D6C0, F73D5B, F5FC64, F44379, F2A026,
F1A1B6, F180DF, F23B66, F36152, F47A1D, F53987, F5527F, F4A0CA,
F350CF, F212BB, F1A678, F2A193, F4D9F1, F7A1FF, FA01D0, FB5F6D,
FBC1C1, FBAC7C, FBF6CA, FCF9AD, FEA557, 00A878, 028344, 03CD50,
04733F, 04B8DA, 04E5D4, 052DDD, 05A9A9, 0646FC, 06BA50, 069C68,
05BCD2, 043697, 02888E, 014A91, 00E34A, 017FF8, 02B82F, 0406D7,
04EAC5, 05055A, 04726A, 0369DD, 025BE9, 019A65, 010114, 003EDB,
FEDA46, FCC68F, FA7B70, F8E021, F879C0, F95723, FB22FC, FCFA0A,
FE40CE, FE9F4D, FE36FE, FD651E, FC62AB, FBCC00, FC0600, FD0FC0,
FEA9B7, 00574B, 01B707, 02ABDF, 03384D, 036303, 0340EA, 02C7EA,
0216BE, 01365B, 006BF3, FFF3EE, FFDAEB, FFF749, 001F89, 003633,
FFF914, FF40CB, FDE98C, FBF6F9, F98EDB, F75E2A, F5D9CE, F51B04,
F4D90D, F45819, F33CF2, F18882, EF8026, EDB694, ECABD1, EC9A9C,
ED3018, EDE640, EE6188, EEA656, EEC6F4, EEF223, EF1EC6, EF0EAA,
EEAFE6, EDFD89, ED42EC, ECCC2C, ECAA5C, ECAE99, EC991D, EC61B3,
EBEB61, EB2E03, EA2A90, E905B6, E7F08D, E6FC8C, E64CAE, E5D5B1,
E58568, E507F7, E4285B, E2CB89, E17780, E0B057, E1041C, E2B4AD,
E54B1A, E8263E, EAB181, ECA674, EDAF4C, EDFE0D, EDC9AD, ED77E0,
ED5E35, ED61C9, ED52DB, ED01A6, EC55F4, EB9ABA, EB0DAE, EAC446,
EADC5C, EAE578, EA7F21, E94173, E73FB6, E507C0, E352C3, E2C7B3,
E383B2, E543FA, E7920F, E9DF7D, EBA6FC, ECABD1, ECDFFC, EC9485,
EC9F91, EDC8DF, F0266A, F32002, F59B33, F6BFC1, F63A62, F45441,
F244A1, F0EB22, F09CBB, F17CD3, F3226E, F5AB98, F907D4, FCEE33,
011C13, 04EB41, 08100A, 0A6FAA, 0C54F1, 0E0270, 0F544A, 107D6B,
117D55, 12997A, 140618, 159679, 170808, 17D750, 17C3EF, 16CC09,
154523, 13FFFA, 13B535, 14A69C, 168BB0, 18D056, 1AC4CF, 1C046F,
1C9C7B, 1CD908, 1D6C5B, 1EE7D9, 215AE5, 249616, 280F75, 2B3AA4,
2DAC85, 2F4580, 300919, 300BFE, 2F5025, 2DC03D, 2B8E33, 292A4D,
2711E3, 25C8BD, 25767A, 25ABB9, 25DB9C, 258799, 246C76, 22BADC,
209B45, 1E67FE, 1C95B0, 1B95EF, 1BF131, 1DC3AF, 20CA85, 2441CE,
273CC2, 28FC0C, 293139, 2864E7, 278CC7, 274F4A, 27C57B, 286C78,
28A43C, 2815A5, 26C9C5, 251B80, 234AB8, 217C6A, 1F7F39, 1D3839,
1AE245, 18BBB4, 177871, 1766EF, 1829F6, 192683, 197351, 18A8A5,
169C9C, 139A13, 1029D0, 0CA73E, 096024, 06BBEF, 04D8AC, 037D15,
02852E, 01A75E, 0092AE, FF37DB, FD9B33, FBF35D, FAAFCB, FA30A8,
FACDF6, FC6211, FE5334, 00064A, 010D43, 0154E8, 0106AD, 0065F0,
FF97AF, FEAAED, FDB358, FCE2BE, FC5881, FC3B2D, FC8677, FD1837,
FDA3ED, FDAB02, FD1D56, FC070A, FAB066, F99DB1, F8DEC3, F8B764,
F91C52, F992FC, F9A8C3, F92322, F8411A, F7628E, F6EFF8, F7153E,
F7D181, F9357E, FB18BD, FD4A34, FF670C, 00E61C, 017DE8, 01637C,
0103A0, 00B5E3, 008D7E, 00604A, 001AAA, FFB589, FF6453, FF2162,
FEDC19, FE49E7, FD1AD8, FB8327, F9F2CA, F91EBD, F95BF2, FA6DA1,
FBC545, FC8E58, FC9146, FBBB8E, FA3E63, F84322, F5D3AA, F36415,
F13C44, EF8094, EE2E7B, ED2FB7, ECA569, EC7C9F, ECB934, ED4158,
EDF565, EEC969, EF9E30, F030EE, F0616A, F05461, F04E7D, F0AA39,
F198DA, F2EDF5, F443C6, F53E04, F5854C, F529FE, F47A9D, F3D75D,
F3AC53, F41249, F4DFE7, F5B157, F5ECF9, F55BC9, F44921, F330C4,
F2ACB9, F2DD64, F39C15, F46A9D, F4A6C1, F42215, F30DB2, F21B53,
F20BFE, F33341, F58B4D, F885B5, FB72F0, FDF73E, FFDB58, 0103F7,
0169EB, 013093, 00CD21, 00A029, 00E006, 017A4F, 020A48, 027104,
02B36E, 031063, 03DBD7, 051C15, 067395, 0767CE, 078EC6, 06DB07,
05E59F, 053834, 052F8C, 05DB01, 069F20, 071963, 06BECC, 058F92,
03CEB0, 01ADBB, FFA80A, FE0CED, FD1556, FCC19D, FCD0CB, FCDFEF,
FCBF9E, FC73DB, FC1495, FBEF4E, FC4820, FD24C0, FE76D7, FFFDEA,
014A3D, 02183B, 025896, 0237C1, 01F995, 01A94A, 01625B, 00F2F7,
0070E0, 001CAE, 003EF1, 00FB75, 0204B7, 031122, 03B564, 03E494,
03CE8C, 03865F, 033EBF, 02D40C, 0229C9, 013A0D, FFEE43, FE5777,
FC7118, FA704F, F89AFF, F72981, F65482, F5DFBA, F5953D, F50B10,
F4386A, F35E9A, F2909A, F1D6E1, F112B1, F03253, EF271F, EE0297,
ED07CA, EC706C, EC88C5, ED820E, EF3A72, F19577, F3F2E1, F59093,
F5D240, F43191, F118A1, ED7640, EA7591, E91A92, E93C09, EA000E,
EA7215, E9BD44, E7FC61, E5B091, E38FE9, E24EA3, E2041F, E29EA6,
E3BF1F, E50A66, E66881, E7A65A, E8882D, E909AD, E949F6, E98FB9,
EA23B2, EB1391, EC22B3, ED204C, EE1994, EF3811, F088FD, F1B6F0,
F253F7, F1B512, EFA38B, EC4F9D, E82F9C, E4623D, E1D88C, E1275D,
E25100, E482FC, E6C3A9, E837B1, E8B426, E8C36C, E911EC, E9E8F6,
EB46A5, ECE1A0, EE6342, EF7C57, EFDC3B, EFA508, EF02A7, EE2132,
ED225A, EC1181, EB1B53, EA9960, EB0A6F, ECAC35, EF54DC, F2B118,
F61E4B, F8F5CA, FAFCBB, FC3C8F, FD0916, FDE5DD, FF5E12, 01DB87,
05665A, 09B782, 0E306C, 12112C, 1491CF, 152824, 141EF2, 124251,
1091B7, 0F9CED, 0F7E16, 0FDFE8, 108428, 111FF2, 11B722, 127C70,
13781D, 14E8A4, 16966F, 184BAB, 19D38E, 1B15EE, 1C3CB5, 1DD52B,
205C2D, 23C3EB, 2778C0, 2A9774, 2C7985, 2CF9D2, 2C60FF, 2B4D4E,
2A7C8E, 2A4E1D, 2ADAEE, 2BD2AE, 2C9677, 2C6A6D, 2AC104, 279FDC,
23B273, 1FF823, 1D6289, 1C5D25, 1C80C7, 1D65F9, 1EB676, 20433D,
21FC75, 23B0A6, 2526A8, 262239, 26AF06, 26C5AA, 266DF0, 26139A,
25DF3F, 25FB78, 263385, 266994, 264BF3, 25AC48, 2493E5, 2324EA,
21CD96, 20DCA9, 20936E, 20EC85, 21A8B9, 2253BB, 227373, 21D708,
2062BA, 1E26F6, 1B7162, 188F39, 15CAAB, 1363EF, 11562B, 0F4B20,
0D02A3, 0A762F, 07D593, 05A6CD, 041561, 0314EE, 026DE8, 01E919,
017C0D, 011D3A, 00E7BF, 00DCD0, 00E13F, 00C122, 004BC5, FF6B4A,
FE619F, FD86F9, FD3E37, FDA102, FE702D, FF59BA, 0004ED, 0052DA,
003509, FFB545, FEF327, FE0769, FD20B7, FC7585, FC0B2F, FBCFF1,
FB840E, FB071D, FA5DF0, F981FB, F89438, F7B10F, F6FBE2, F67344,
F63108, F63846, F6C525, F8031C, F9CC66, FBF191, FDFEF0, FF9DBF,
00A772, 0103F1, 00C8F7, 000EDA, FF11F9, FE25D0, FD92B4, FD6B31,
FD6DBC, FD6522, FD5A4A, FDA5DB, FEA24C, 0047CB, 022A5B, 0385E3,
03E10D, 0308D7, 018958, FFDA6C, FE42E4, FCDC01, FB9794, FA7555,
F94F75, F8144C, F66EAA, F4591E, F1DE80, EFC384, EEA7F3, EEB8FB,
EFA763, F0BD53, F180C6, F1B747, F1ACFC, F1D4D2, F24102, F2B63F,
F2ED8C, F26DAE, F15D51, F02D69, EF8989, EFE8E1, F16488, F3CAB4,
F67238, F8B3D2, F9DF4E, F9BC30, F8556C, F62F59, F3FDE6, F29473,
F24399, F2B66C, F34DB7, F35FE4, F2B275, F19248, F09DEB, F0457A,
F0CD92, F21A99, F3E90E, F5B6A6, F71F3F, F80587, F88E26, F8F60C,
F96EEB, FA2FAF, FB4389, FC91DD, FDB438, FE7E60, FEF42E, FF3BA3,
FF990C, 001092, 00915B, 010272, 015B4B, 01B1AA, 022A35, 030008,
0438DD, 05C4C7, 075AA7, 08B588, 09AA6C, 0A197E, 0A184E, 09A53D,
088CA1, 06BCC2, 0470B0, 0233E1, 0090D5, FF9F6D, FF06F5, FE5521,
FD63CB, FC678F, FBA372, FB413A, FB64C9, FC0424, FD10C8, FE9039,
005637, 02262F, 037317, 039F34, 026E62, 002D70, FDBA26, FC2F19,
FC2AE0, FD9728, FFE149, 023024, 03E59F, 04CAAD, 04DFF8, 044776,
036098, 026DEB, 01AF52, 0119A3, 009FE4, 005E91, 007C51, 010BE3,
01B74D, 0251BE, 026A5C, 01D523, 00A8DE, FEFE4E, FD2ABF, FB6089,
F9DC35, F8B0FC, F7A5ED, F6814B, F4EE60, F2E0B9, F07702, EE19CE,
EC65BB, EBAB18, EC5018, EE4709, F105BF, F3E779, F5E9FB, F68470,
F5878A, F34331, F0D9AF, EEF8AB, EE2CFB, EE43AE, EEBF21, EF2937,
EF30FD, EEDE56, EE245B, ECFDA1, EB4BF6, E91C4E, E6B37F, E47E98,
E2C6F6, E19EF8, E11886, E11BA9, E196BD, E25F0E, E32E5D, E3F663,
E4A461, E563CD, E6B061, E8C626, EB93A6, EEB180, F15DA8, F2DE48,
F2D66D, F13F8E, EEA5A4, EBBDC6, E90278, E6E41F, E57B43, E4C97F,
E4C9E7, E553CF, E6256A, E6FCB6, E7A51A, E7F114, E7CBFC, E75480,
E6CC67, E691E3, E6F65C, E810B7, E9C330, EB9A13, ED0A31, EDC280,
ED79BF, EC2B7C, EA3C1B, E83CE8, E6EC0A, E6BC84, E7891B, E8F52B,
EA7FC9, EBBDD3, EC9187, ED1907, EDB325, EEFBB2, F16502, F4D995,
F8FD17, FD4CBE, 013773, 0462AD, 06AFCA, 0854F1, 0978BB, 0A4C4A,
0AD372, 0AD3C3, 0A6BF3, 09F065, 09D273, 0A763D, 0BD854, 0DA39F,
0F2F41, 0FEA7E, 0FBF55, 0F01B2, 0E2C43, 0DCDAE, 0E52BF, 0FFEDC,
12D00E, 166137, 1A33AF, 1DAB61, 2044D9, 221E88, 23B13E, 2550ED,
2754C1, 2981FA, 2B61D3, 2C792D, 2C6E75, 2B5ACC, 298420, 276303,
255927, 23C896, 22B21A, 21FB70, 214A8E, 20902F, 1FFF4B, 1FCC80,
202618, 20DCB9, 21B10E, 22642C, 22DE76, 2339BE, 238C4E, 23C778,
23D3D4, 23C08A, 23790B, 231229, 22A30C, 2218D3, 2191D4, 2145EF,
2181C9, 225A38, 23C83B, 2578BA, 27172F, 283693, 289B31, 28358F,
2739F2, 25C748, 24016D, 222381, 202ECA, 1E740C, 1CDA1B, 1B5B42,
19C259, 17E770, 15C66F, 13704B, 111663, 0EB2B6, 0C5AD0, 0A3DB8,
088C8B, 077343, 06C923, 062CDE, 05478F, 0421F1, 02F679, 0212A0,
018195, 01306A, 00F2C6, 007A13, FFCD40, FF17E5, FEB7A1, FEE979,
FF9BCF, 00914B, 019D83, 02A0F3, 036863, 0383BA, 02A70F, 00EEDC,
FEC2A1, FCB091, FB1499, FA0BA9, F94A72, F8AFA0, F82135, F7CE04,
F7F631, F8909E, F98084, FA5B0C, FAD62F, FAE486, FA9BA1, FA6F94,
FABA47, FB8C12, FCC2B8, FDE115, FE8B59, FE593F, FD3968, FB9AB3,
F9D8AB, F89CFB, F87EB6, F9CC4C, FC74AB, FFD2AD, 0336DB, 05D419,
0735D2, 073751, 064823, 054CDC, 0493E4, 042360, 0393CC, 025AA5,
0058AD, FDBD2E, FB328C, F96465, F88918, F88D5E, F8F81A, F92914,
F8A78F, F74A6E, F576E6, F3C519, F29FCD, F219E7, F1D20F, F18C9D,
F12652, F0A7F7, F0668E, F0A0D2, F1563C, F26D3E, F3C286, F5250C,
F6755A, F763B8, F7BC00, F755EA, F67256, F58C64, F50CB8, F545F0,
F60D08, F6D316, F702CF, F65D98, F5099C, F36A4F, F1FEA5, F11C48,
F0FA80, F16694, F206DD, F2BAD6, F383A7, F485D1, F5CF17, F727A0,
F82E56, F8A56E, F893EF, F8729C, F8BFB7, F9BCE8, FB359F, FCBF7B,
FDE28D, FE34BE, FDB997, FCB848, FBB011, FB2364, FB7CBD, FCED01,
FF728B, 02BD22, 0643A9, 094E9B, 0B5B92, 0C62FA, 0C7102, 0BD58F,
0AD9E0, 098A1F, 08279C, 06D0CF, 05DE02, 055D94, 05003C, 049067,
03D4CB, 02C7EC, 01770F, FFF736, FE88AC, FD997A, FD76CD, FE0963,
FF311D, 002E36, 00A8E2, 0078FC, FFABF9, FEBEDD, FE0267, FE0A0F,
FEEFDD, 006B4C, 023E93, 040C93, 05719D, 061498, 05AAF7, 041253,
01B734, FF616B, FDC2F5, FD5096, FDE9C4, FF3428, 00F603, 02F57C,
04EE19, 06969C, 078014, 076B84, 0660E5, 04A608, 02BCA5, 01133A,
FFF002, FF55B4, FEF4FA, FE4C25, FCEB67, FAC555, F81387, F56309,
F36B6C, F28509, F289F9, F3189C, F3BE81, F42FE9, F44F53, F3FE72,
F34EC3, F25141, F14FB0, F0AA66, F0B388, F184CF, F2ECF6, F4A8E2,
F657DB, F79896, F80A42, F74A50, F52D55, F1F70D, EE13BC, EA4706,
E72EDE, E507A4, E40715, E3EDBE, E46425, E4F4DB, E51B5C, E4E986,
E47C73, E4602D, E4E0A4, E626E3, E803BB, EA12D9, EBD6C9, ED0183,
EDBEF9, EE2631, EE6031, EE4848, EDA720, EC69CB, EAD537, E980BF,
E8DBA9, E910E9, E98C1D, E9BE4C, E96A1D, E87375, E72061, E5A216,
E48764, E43D05, E525DF, E71E8E, E9BD1B, EC5A18, EE0E1B, EE5C7C,
ED523F, EB8BFF, E9C7B1, E896BD, E81EA7, E7E596, E77B1F, E69323,
E56D46, E47C1E, E43B6E, E4D46A, E62DEA, E82145, EA3B7A, EC3516,
EDE06A, EF5FF1, F0FAC5, F32E45, F61830, F9889C, FCF47A, FFC56D,
01D6B8, 03269D, 040F9D, 04FB37, 062C20, 07C003, 094C9D, 0A579F,
0A8637, 09D203, 0889FF, 07399A, 065DEE, 064499, 06F611, 0830FD,
09D1B2, 0B8E86, 0D41E4, 0EFC1C, 11107F, 13BF30, 1716C5, 1ABBB7,
1E5227, 216565, 237D24, 24BEBF, 2561FB, 25A41D, 25A210, 2562CC,
24D66B, 2417CE, 23691D, 22FA7B, 22DD3D, 22D651, 22C40B, 22CA81,
231869, 23D92D, 24BDD3, 253933, 24F5A1, 23DF1B, 226847, 2127AB,
20645B, 201249, 1FE524, 1F9BAB, 1F3365, 1EEA59, 1F08EE, 1FBEA1,
20D0D6, 21E1FF, 227A02, 22AFDD, 22CFA8, 2346F9, 244B91, 25AEA5,
2739AE, 2854AA, 28DCAD, 28BF77, 280F3E, 2711A9, 25C0D6, 24187D,
21F0D0, 1F64C3, 1CF4D9, 1B1669, 1A2976, 19F8FC, 19FCE5, 199928,
183ADE, 15D04B, 128711, 0EBEE7, 0B2AD5, 084560, 064ED4, 05577C,
051CF3, 0527A4, 0506BF, 048F70, 039FC8, 02475D, 00E3FC, 0007D7,
001F39, 01295E, 02BBB9, 042E68, 04DEE2, 04A61A, 03C6BF, 029595,
019BFC, 00DD88, FFF405, FE8046, FC5131, F9FE6F, F8375E, F788B5,
F817B8, F977C3, FB2E1E, FC8523, FD35C5, FD0CC4, FC4CEC, FB6FC6,
FAD937, FAA029, FAA544, FA90F1, F9F948, F8D2F3, F737EE, F59C7F,
F49CFD, F4BE24, F626FB, F89702, FB639B, FDE0DE, FF9ECA, 0095CA,
01099F, 013CD9, 0188BB, 020868, 02A8D6, 0349C4, 03B8D8, 041CBD,
049C47, 05266E, 056616, 04E6A8, 038E54, 018B72, FF4A0A, FD54D9,
FBF771, FB2B0D, FAC4BA, FA84A3, FA1EE9, F9545D, F7D1D7, F59945,
F330BB, F125EA, F02359, F06AC3, F19EE3, F3501A, F4C5BF, F5A4B8,
F5D608, F57FFB, F4FF9B, F49F69, F49A9A, F52414, F61067, F70784,
F7F09C, F89C74, F91227, F93F64, F90C1E, F829C1, F64E39, F38E4E,
F092F6, EE6EA8, EE0A4A, EF7FC6, F21A0B, F4F3B0, F6FCD3, F7E834,
F7AFA2, F6C430, F5B915, F510EE, F528D5, F5FDF7, F74534, F86960,
F90920, F8E392, F8095F, F6E4F0, F621C8, F645ED, F77BBE, F95C5D,
FB8E4E, FDC832, FFDCE8, 01CE7B, 037CFF, 04F293, 05F6B5, 067C37,
0687A6, 0637D7, 05F995, 063A13, 0730C8, 08C671, 0A6BC8, 0B77C3,
0B6193, 09E4C3, 0769F0, 0478B7, 0191F1, FF45E1, FDCF43, FD55A3,
FD9F22, FE36A0, FEBE48, FEE766, FEB0F8, FE4D0E, FE1146, FE4297,
FF1271, 003C0F, 01745E, 026C69, 02E8C0, 030A20, 02BE3E, 01F581,
00CAA0, FF6D96, FE4BD1, FDAF84, FDD381, FEC615, 0069F9, 029213,
04CDD5, 067A85, 0714A3, 068026, 050EAE, 034CC7, 01D240, 010D50,
012AF2, 0203A0, 032214, 04195F, 047DEA, 0429B0, 030467, 0103A4,
FE69FD, FBAE45, F93D23, F738A9, F5C4E1, F4A529, F3CE8D, F31A55,
F2A130, F274B5, F2694F, F2A22E, F32CB0, F41073, F55B99, F6FEBE,
F8A01E, F9BE3F, FA0517, F930D5, F77452, F53302, F2E2C6, F10E96,
EFC914, EECA88, EDB853, EC6D49, EB0490, E9A465, E8773E, E77D58,
E6A1F5, E5F8F5, E57A49, E529CE, E52B32, E588CF, E6512B, E77F18,
E8FAC6, EAA19A, EC34ED, ED5164, ED9CB3, ED30C1, EC1407, EACE5C,
E9EEC2, E9793A, E9721F, E967A9, E903EE, E82B4B, E70AA7, E612C2,
E5E4A6, E6AF52, E880B9, EAA0FB, EC2735, EC7A01, EB7C04, EA2263,
E93D12, E96628, EA4C1E, EB4078, EB6BDE, EA9DE4, E90756, E741E0,
E5D307, E4D464, E45603, E4002F, E3C155, E39F2F, E39B74, E3CDB8,
E43FAD, E4D4D6, E5B44B, E7074B, E8E898, EB4A69, EDDCFF, F09070,
F35346, F61E69, F915D5, FC27EE, FF2B25, 01D616, 03D2BF, 04C424,
0493C8, 039CC4, 0286F7, 01D861, 01ADEC, 01E3D2, 02086A, 01F918,
01D04A, 01EB62, 02B5BF, 048532, 0758E3, 0ACF30, 0E63B2, 11A66A,
14579E, 16505A, 17B6F0, 18BDE7, 1980D9, 1A0889, 1AA48F, 1B959C,
1CF994, 1EB29A, 206D76, 21DC80, 22BE5B, 22F55C, 2296DA, 221EA4,
21E21A, 224CFE, 2358BC, 24DB9A, 2667BE, 279013, 280C38, 277AC2,
25E7A5, 23A168, 213E40, 1F3934, 1DF507, 1D7BAC, 1D77E1, 1D7C1B,
1D9DAA, 1DDCC7, 1E5A9B, 1F4B09, 2082B7, 21D7D0, 22E7AE, 239FB4,
2415DD, 246FF5, 24DC65, 254DAB, 25E3D7, 26796A, 27005C, 27496A,
27002C, 263572, 250E39, 240E88, 2364F6, 233D9A, 2351AC, 233057,
228A83, 210C9E, 1EA5C3, 1B6CFE, 17ED50, 14DA2C, 128FB2, 1105CA,
0FA1EB, 0DF95D, 0BD147, 094CAA, 070065, 058266, 051821, 05A4BC,
06B162, 07BAEF, 0890FC, 091502, 091DCA, 089AEA, 0782E1, 05DDB2,
03CB9F, 017771, FF27B5, FD42AE, FC1420, FBCE17, FC8434, FDF59D,
FF80EF, 0064D4, 005FE7, FF999F, FE7BEB, FD731C, FCC297, FC8B76,
FCB036, FCF0E2, FD0C34, FCC79C, FBF36F, FA8D81, F8D14F, F7127D,
F5D45A, F53ED2, F56197, F5F786, F6CF28, F7C9BD, F8D61A, FA2962,
FB5933, FC1896, FC2120, FBD140, FBE2C1, FD0959, FF5D1E, 02795A,
058566, 079CFE, 087DC1, 082FD4, 06FFB6, 054B0F, 039453, 02328C,
019A0F, 01CA04, 0266F7, 02CF61, 024407, 00A44E, FE2D85, FB9307,
F98019, F81523, F73612, F6510A, F541E4, F440E5, F39B9C, F3A5C2,
F447F3, F52712, F600D3, F691D2, F6CE62, F6DD95, F6D2DB, F71DF7,
F7E827, F928CB, FA5AE8, FACA1A, F9E40C, F7BA7B, F4BBFC, F1AE2A,
EFD224, EF9AA9, F111E9, F396EC, F630F9, F81404, F8B83D, F83322,
F700D7, F593C1, F44D4C, F37005, F33931, F3A2AC, F44D38, F4E887,
F538F5, F571CC, F5BFE7, F62BA7, F69DF8, F6C44A, F6675C, F5A221,
F4FA96, F52322, F68A59, F8DDBA, FB54E8, FD55A5, FE48CB, FE88DB,
FEB1CC, FF3E62, 009ED9, 02CC09, 05AE28, 08DBD0, 0BAB6B, 0D6930,
0D9B45, 0C3BA6, 09AB46, 06C394, 042C7C, 026D26, 019FB8, 017B6A,
01AFF2, 01DBF7, 01F454, 01F348, 01F9FE, 01EB3A, 01909C, 00CB83,
FFA75D, FE8758, FDC96F, FD9BCD, FE22AA, FF2DBD, 003532, 00CE8C,
00D3D3, 00841F, 005CEC, 009B12, 0130A5, 01CC69, 021D03, 01FF95,
018A33, 010274, 00A7CE, 00A662, 00EE8A, 01686F, 01F66B, 0277A3,
03241B, 04169A, 0562D5, 06DC11, 07F71B, 085155, 07C420, 067D8D,
04AF31, 028DDE, 003AB9, FDD78B, FB8C30, F987DD, F80F31, F72812,
F6ABEC, F63B9F, F5A6F0, F529A2, F4F3B9, F5625C, F66F06, F7C1D7,
F8B19F, F8AB17, F7D111, F6D205, F64EDF, F6A0A6, F7809C, F851CB,
F889B6, F79A2D, F5A3A3, F2E764, F00A8E, ED84E3, EB9E36, EA4A2B,
E94B30, E86D78, E78D3F, E6E329, E67D86, E6985E, E73A3D, E8436D,
E97127, EA5AB1, EAA677, EA426F, E958D6, E8693A, E7F424, E82288,
E8CC52, E9646B, E97B8D, E8D485, E7AB25, E69022, E5F4A5, E60C8E,
E6AAEE, E780CF, E8533D, E8E8B1, E9012D, E8A5E1, E83662, E80A25,
E8AA6E, E9E654, EB5CE5, EC5740, EC4DF7, EB867B, EA4381, E8EEF4,
E7E245, E753DE, E75A42, E7B28C, E7F5FA, E7A159, E66CC7, E44B42,
E19366, DEF2E7, DD081F, DC5798, DCFE22, DEBCA3, E14D74, E48CA1,
E868E0, ECA6BE, F0D51A, F42783, F63F04, F777F5, F83390, F9011D,
FA1BEE, FB496C, FC6222, FD2814, FDA09F, FDB92A, FD9850, FD4B44,
FCF205, FCBB06, FCCABA, FD6F82, FEB413, 00AA93, 033D2A, 061E17,
0916CC, 0BE717, 0E6F11, 104F8A, 114214, 117B02, 116120, 119D42,
128C83, 140D49, 15EABC, 17E4CB, 19C07A, 1B3BBD, 1C438C, 1CECAB,
1DB3BB, 1EDDFD, 20AED4, 231D70, 258AF1, 27684C, 2818D3, 279974,
2647DD, 24A854, 233CEB, 2234CC, 217A7B, 20F868, 2099DE, 2051FE,
200984, 1F9CDF, 1F1D20, 1EA346, 1E4844, 1E476E, 1E908F, 1F1A90,
1FC3FD, 209321, 218105, 2260F4, 232C54, 2396F0, 23804C, 23088A,
224E2D, 21BEE3, 21DA6A, 23330D, 25CDA4, 2921B2, 2C12E9, 2D9DC6,
2D4FDB, 2B3465, 28085A, 248A64, 213B16, 1E51D7, 1BF3BB, 1A0BBF,
186D80, 171123, 15D162, 148556, 133337, 11C888, 105384, 0F1DF9,
0E4E78, 0E09A8, 0E400A, 0E8B31, 0EA77E, 0E2A81, 0CD733, 0ABC57,
080A03, 053F98, 02E3D2, 016FEA, 011B19, 01AE0F, 02B042, 038E2F,
03D746, 034E4F, 022B4F, 00BBF4, FF743E, FEBD34, FE8D69, FED7BB,
FF6ACB, 00148C, 00A558, 00E095, 00B9A4, 0012DE, FEE01A, FD22AC,
FAEAAE, F890BA, F6908D, F56509, F564E1, F673F8, F7D5D0, F8B86C,
F89A46, F78D79, F6524D, F5833F, F5C4C6, F73A7C, F97F48, FC3ABB,
FECFF8, 00DE27, 022786, 0296A1, 024644, 01E2FB, 02131E, 031C5F,
04D8BB, 069DA5, 07D40F, 081FEF, 0797A4, 06C6C7, 05D669, 048C3B,
0293E4, FFABB4, FC3176, F8DD7D, F68000, F5AEE7, F641AB, F7D731,
F99F38, FABC6B, FB185B, FAB0C4, F9D55C, F8D424, F7F975, F7C123,
F8354D, F902BC, F9BA8E, F9CBF8, F8F99C, F7946F, F60B34, F4C975,
F43A62, F48BBE, F5D09B, F79322, F91430, F9BABF, F95A93, F83A0B,
F6E013, F5D3CD, F53415, F4EB0B, F4B568, F47F60, F47029, F4D1A7,
F5D20C, F749CB, F8BB59, F96840, F8C5AA, F6FD05, F4AF26, F2A547,
F17E43, F148CF, F1EFFA, F2EA7B, F3EE04, F50CA9, F65984, F8015D,
F9DD37, FBD191, FDBE36, FF8A24, 0158D1, 02F90F, 045799, 05264A,
057EBD, 05BA77, 060E76, 06AD35, 073137, 076B65, 075FC1, 071519,
0706DC, 072959, 0741D8, 070B8D, 063F23, 04F367, 0356E0, 01B4A3,
004E30, FF4207, FEA4E5, FE5F46, FE5EF1, FE8761, FEB4B3, FEE86E,
FF488C, FFFA30, 00EB47, 01C142, 021A91, 01B4A0, 008C95, FEF7EF,
FD7B91, FC85A5, FC453F, FCD10D, FE04D3, FFBE4F, 017920, 02D74E,
03BC55, 044E9D, 04F654, 05B847, 0690DA, 072EEC, 07380F, 069D33,
05AA2A, 04AF09, 043133, 04316D, 043E87, 03CE21, 022C42, FF614B,
FC0076, F8E2D2, F6E8DC, F647FF, F6AFBE, F79CEE, F86933, F8AE5A,
F85259, F7A508, F74604, F7AC72, F90D94, FB03D3, FCABB8, FD53FB,
FCAA84, FAD369, F85264, F5B3F6, F36174, F1CACC, F0EA52, F06907,
F0033A, EF3AB8, EDF2BD, EC63BA, EB05E5, EA6511, EA97CE, EB2D94,
EBA68B, EBA7B1, EB356F, EABF06, EAA6AD, EAE04F, EB03BC, EAAA84,
E99D9F, E8231B, E6AE7B, E595F4, E52D78, E5899D, E678C5, E7B589,
E8E497, E98BB4, E952AF, E83A47, E68656, E4DBDB, E3BB1D, E39DF2,
E48EB2, E63370, E81296, E9DC26, EB75B7, ECC245, EDD02F, EE6B1E,
EE645D, ED916B, EC3B6E, EA8FC1, E8EC14, E78BAD, E67543, E58F45,
E46075, E2B45C, E07590, DDF68F, DBC58B, DA810F, DAA783, DC3369,
DECED6, E1D5FB, E4A694, E6EBE7, E8AD71, EA88E1, ECD670, EF7145,
F21381, F41F49, F56545, F5EFF4, F5F01A, F5AC89, F53787, F4CBAE,
F49CD6, F4D858, F59D36, F6DA03, F8719C, FA28A8, FC0C89, FE0726,
0025C5, 024D0A, 0421BA, 057321, 061479, 064CC9, 06A4A0, 079215,
0962DA, 0BBF8A, 0E0011, 0F973F, 10515A, 1069DC, 105041, 10A00F,
11E49C, 144650, 17AE75, 1BA8AA, 1F6A10, 224C17, 23D941, 24001F,
232275, 21D250, 209803, 1FEA07, 1FD9F8, 203B77, 20DA6C, 217981,
2227E5, 22D74F, 235DDF, 23834B, 230DDF, 21F6F8, 207D6E, 1F0912,
1E0CB6, 1DAB39, 1DD23F, 1E3150, 1E4143, 1DE733, 1D4044, 1CA2E9,
1C9196, 1D5602, 1F20DA, 21CC49, 25074F, 283A09, 2ABB0C, 2C2C42,
2C7983, 2BEE42, 2A8EFD, 28A11B, 2661EB, 2430D2, 226A10, 2159C4,
20E47C, 208C6F, 1FD764, 1E6D68, 1C7926, 1A560D, 186D11, 16DB29,
158A07, 148BFD, 13F843, 13F6A4, 1434C5, 142DEF, 136301, 11775E,
0EC830, 0C015A, 09E79E, 08C309, 0850CC, 082773, 07BBAE, 06D92C,
05B1C1, 048C59, 039DA3, 02E7C7, 02510C, 01AB55, 00E92F, 004386,
002140, 00E403, 028EB5, 046769, 058AC8, 053839, 0345B7, 003E9A,
FCF737, FA599C, F8F728, F8FDEE, FA0FE0, FB9D44, FCAC05, FC9230,
FB1F01, F8985E, F5F4FA, F3ED7D, F2EAAF, F3074A, F3CA20, F4C097,
F59839, F6385C, F6EEF4, F7E9F4, F96F0A, FB9959, FE3258, 00F81E,
0372C2, 0557A6, 069F11, 0773C4, 081D90, 089158, 0886D4, 07A50E,
05C300, 032501, 006CA0, FE39D6, FCFAD4, FCD891, FD8E3E, FEA9EE,
FF9E45, FFE8EF, FF5DBF, FE116B, FC56BD, FAB2F7, F99ABC, F94BCA,
F9A06A, FA12CE, FA1A62, F996B0, F8DA6C, F867E9, F8AF8D, F98C1D,
FA6FAF, FABDA0, FA421D, F94398, F827EC, F7402C, F6B03A, F66136,
F6240C, F61005, F6313C, F6A18F, F75D85, F84440, F94301, FA1730,
FAA901, FAC2A7, FA243A, F8F0DB, F75DE9, F5E1BF, F4AF43, F3D4D1,
F32F3C, F29FCE, F22942, F1DB8B, F1F2E7, F277E7, F355FF, F47754,
F5A737, F6D2DC, F7DC48, F8A2DB, F92D67, F99889, FA1AE7, FAF923,
FC54EC, FE0CF0, FFEECE, 01CB51, 0388BD, 054726, 070B77, 08B2E7,
09EC2B, 0A5446, 09A02E, 07E3DC, 05B128, 03E32F, 03095B, 03274B,
03E201, 04A193, 04F933, 049EE8, 03A7C9, 027646, 014A51, 0084E2,
004302, 007363, 00DA7E, 010EB0, 00CBD9, FFDF08, FE916E, FD4879,
FCA994, FCEDF1, FDEF22, FF1739, FFA9D5, FFA9D9, FF378B, FEBC02,
FEC388, FF6714, 00BC03, 02630D, 03F350, 052D29, 062551, 0723B6,
083AC8, 093C2F, 09E54C, 09E445, 090F7B, 077F73, 056D8C, 0359BF,
01774A, FFFB1E, FEF725, FE1CF2, FCF2BA, FB6F02, F9C588, F84D6B,
F78E37, F7BF62, F8F71D, FAD657, FCD801, FE9756, FFBA3D, 003D26,
FFFBC8, FEEB91, FD3280, FB011F, F8C2FC, F6BEEF, F52681, F40F94,
F37C21, F3641A, F3B183, F40DCF, F41D11, F384CA, F218B4, F01665,
EE0424, EC82B4, EBF020, EC4D9D, ED20B2, EDB464, ED96B2, ECC1ED,
EB9E77, EA8F0E, E9E946, E9B606, E9CED0, EA25E5, EA6542, EA356A,
E950B4, E7CBE4, E61F25, E4CBE7, E42515, E3F7D0, E3E652, E3AAB5,
E35846, E365F3, E43FD5, E61382, E879A4, EAD2FF, EC808B, ED281A,
ED0080, EC8750, EC7B25, ED1952, EE3C34, EF62AE, EFABD2, EE9B77,
EBD9A2, E7CA0D, E331F3, DF12B9, DC52DB, DB566B, DBE5EF, DD6160,
DF0C7A, E03617, E0A2EB, E07844, E02C89, E07C83, E1CDF4, E42D87,
E7367D, EA4242, ECC1B8, EE8529, EF8770, F00932, F038E5, EFFCF5,
EF8528, EEE5D4, EE64AE, EE4BA0, EEFB29, F0C6D3, F3C5EF, F7724B,
FAF232, FD366C, FDBC9A, FD057C, FBE763, FB8F04, FC5398, FE182A,
003E52, 021EC7, 0399C3, 04D5EF, 05D290, 06BB69, 079E4B, 089BF4,
0A26A5, 0C44AB, 0F2146, 124986, 1538F0, 175CA2, 1892EA, 1913CF,
19386D, 193993, 193083, 195B4B, 19D7F5, 1B04C9, 1CEF3A, 1F90E6,
228712, 250CC4, 268EC7, 26B3DE, 259C5A, 23CDD6, 21B159, 1FC519,
1E8062, 1DE7EF, 1DD142, 1DF28A, 1DC795, 1D2E51, 1C462D, 1B3DBC,
1A90AE, 1A8B53, 1B4098, 1CC097, 1EE386, 217549, 242310, 267828,
2807AB, 287FBB, 281A97, 272CA3, 262CB6, 258495, 256E7D, 25F80B,
26C684, 276EE9, 2778E1, 268701, 247EB0, 21C50D, 1EDBC8, 1C8163,
1B3835, 1AF522, 1B676C, 1C0645, 1C62C2, 1C3D7D, 1B8E2D, 1A7E28,
19289A, 1766DC, 154E74, 12E61C, 104D98, 0DCCAD, 0BE3E5, 0AF9A0,
0AF2D5, 0B5687, 0B748B, 0AE30C, 097F98, 07C3EC, 0629C0, 05189C,
04DA5E, 05249D, 05AE15, 061539, 05CDBC, 04DCF8, 03615E, 01A2C7,
004BBE, FFA439, FFEADA, 010244, 026482, 03836B, 03A6E7, 0297A3,
00B2AA, FE6E1C, FC420E, FA4190, F844AE, F63A4E, F4202B, F246C6,
F0ED85, F06D57, F0FCE6, F28DEF, F4EA91, F78B64, F9ED30, FBC974,
FD1DF8, FDF762, FEB4E8, FF9622, 00B122, 01EAE6, 02E888, 03703D,
036FED, 032A4F, 030B2E, 033D0E, 03A9A3, 040905, 042A18, 03D320,
02E36D, 016622, FF9D58, FDEBCD, FCC73D, FC77B1, FCCF45, FD71D0,
FDE8A4, FDE2A0, FD735F, FCDE9C, FC5FA9, FC3CEE, FC5301, FC6081,
FC262C, FB7024, FA76DA, F97B2A, F896CA, F7BB66, F6D3AF, F5F92A,
F59A51, F5F883, F72AB3, F8F7AA, FADCAD, FC541C, FD121A, FCF6AD,
FBFBDA, FA7DC1, F8CA85, F7599C, F68D4F, F674FB, F6E63F, F774F1,
F79F34, F73A00, F66FD1, F57EF1, F4B99F, F44B80, F42364, F40C2E,
F3C26B, F3331F, F26846, F1914B, F11955, F1663E, F296A9, F48180,
F6BDD5, F8F22C, FAF080, FC7911, FDB03A, FEC52F, FFEFA9, 012B67,
02413A, 030065, 0340D6, 031AD6, 02F157, 033CD3, 042FE9, 05BCEC,
074FD2, 084345, 0831D2, 0721E4, 0585E3, 04003D, 031A41, 02F094,
034E16, 03D03C, 042236, 04008B, 031A3A, 018800, FFA6B7, FDF980,
FCE1C2, FC6448, FC4F43, FC6B6B, FCAA43, FD0A92, FD8B52, FDEF2E,
FDBF78, FCE471, FBD957, FB3633, FB969F, FD1B4A, FF80B4, 026E50,
055E63, 080C13, 0A3BEF, 0B915E, 0BD258, 0AE1DC, 08FEFC, 06A4B6,
04536F, 026604, 00FA51, FFEE1F, FEFF3C, FE1CA4, FD5958, FCD91D,
FCAF88, FCC604, FD09ED, FD6BA0, FDE332, FE4062, FEAA43, FF1DE0,
FF70DB, FF87C1, FEFEA8, FDC5F4, FC10F0, FA8BA2, F9A8DE, F9D680,
FACD9C, FBC375, FBF502, FACEB2, F88B34, F5BCF1, F32678, F16DCA,
F0A582, F0AF47, F12CE1, F1B317, F1F373, F1A67E, F0D333, EFAB6A,
EE92B9, EDE07A, EDB5D3, EE1758, EEA42C, EF02A9, EEE259, EE25F5,
ED01D0, EB9FD5, EA2C33, E8933B, E6BC41, E4B5E2, E2A9B5, E10A7A,
E04686, E0C764, E2803C, E4F7D1, E75A12, E8D821, E90A50, E86A1D,
E7F49F, E86E91, EA40EB, ED0AFA, EFEFB0, F223F6, F2F517, F2312F,
F00EFB, ECEE61, E971DA, E64912, E40665, E2D7A9, E24E18, E1CF5C,
E10794, E00D6D, DF47FC, DF0FF0, DF73B2, E03E19, E10401, E19CC1,
E23011, E2F091, E4202C, E5BA8B, E7784B, E8EA2C, E9967D, E96868,
E8852C, E78791, E71870, E7BDBD, E9A000, ECBF98, F08561, F3FE12,
F67EE4, F75F7D, F6EEF4, F5BB1A, F47024, F3A250, F38864, F432C2,
F5A68F, F7BCEB, FA2383, FC857B, FEA74F, 006936, 01CBB8, 02FD77,
041517, 0539CD, 06768E, 07D2B9, 0954CC, 0B0751, 0CC5F0, 0E4CED,
0F558F, 0F9F79, 0F9066, 0FD29C, 112173, 13DAAC, 178D5C, 1B7850,
1ECAAF, 20EC08, 21E368, 21F436, 2175A4, 20E646, 207F3C, 204206,
203EE7, 205068, 20563A, 2012C2, 1F7F96, 1EA3A7, 1D8901, 1C6E31,
1B5BB7, 1A5C6E, 19A2C8, 19687A, 19EC16, 1B5A34, 1D830D, 1FF949,
2209D9, 232FA5, 238C7B, 237E5E, 2380F2, 23F7BD, 24E960, 2620C1,
271FA5, 277343, 26E97E, 25AC01, 241403, 22A0C6, 21BE68, 217D34,
21B307, 2219F6, 22683D, 2286D2, 227903, 222F07, 21B765, 210553,
1FE91A, 1E2D74, 1BCC4D, 18F874, 161876, 13D2E0, 128CDA, 125014,
12CDDA, 1352AF, 135138, 128B32, 111C3D, 0F7FF8, 0DFDCB, 0CAF6A,
0B8273, 0A3EDC, 08DB0E, 075135, 05AB4F, 041864, 02F0A4, 029903,
036D88, 054B6A, 0779BE, 092753, 09BA25, 092404, 07AE04, 05D8D9,
0420B7, 0285B2, 010B8D, FF86C4, FDE6B9, FC37D3, FA8C46, F8EB66,
F75C2F, F61561, F53DE9, F4E340, F4E4AF, F4F7EA, F4ECA1, F4DCEC,
F51DA5, F5FC08, F74055, F890AA, F99955, FA55B0, FB1583, FC21AD,
FDB643, FFBBDB, 01F6A4, 03C7F7, 04BD8F, 049D60, 038060, 01EB3B,
0090C0, FFAAE1, FF552F, FF6BDE, FF877F, FFCB75, 001D9E, 00A371,
014DB0, 0200B5, 02935A, 02C1A9, 023A74, 0110EE, FF6FD6, FD8160,
FBA8A8, FA0F0E, F92425, F8D3B0, F8D63E, F9028C, F910BF, F92CA8,
F99145, FA18E0, FABACF, FB454E, FB9AE4, FBC567, FB7216, FA8F41,
F93ACF, F7E37B, F760B6, F80EAD, F9A6D6, FB8B88, FCCADD, FCD5A3,
FBCE7C, FA2837, F89484, F78922, F6FB30, F6A6E3, F62903, F55770,
F4670A, F37E4D, F2BE23, F216FE, F165CD, F0C59A, F06F29, F0B0CA,
F17614, F29477, F3E849, F555BA, F6E414, F86E60, F9DC1C, FAE7AB,
FB50B3, FB2BF8, FACBD6, FAD781, FB8FBA, FD2259, FF483F, 018129,
0382F5, 04F9E0, 05B434, 05CF62, 057407, 04FCE1, 04E433, 053853,
05C804, 063239, 065511, 065CD6, 0647AA, 061744, 058487, 045C6D,
02C65A, 010933, FFB782, FEF6D2, FE7D75, FDDCAE, FCA330, FAD61B,
F8CD26, F701D0, F60E82, F6305E, F78177, F9E5E6, FD1120, 00B8F0,
04110E, 066F16, 078B79, 078B88, 06CF0B, 05EA01, 052E68, 04CDFE,
04CD60, 0500E7, 0564AB, 05B823, 05BAAC, 05241E, 03D3F0, 01F0FF,
FFD57D, FDFD5D, FCDCE7, FCC217, FDC096, FF61DD, 010FED, 023476,
024064, 014398, FF83A0, FDAEFE, FC70E2, FC4C65, FD6354, FF2DC9,
00F7C7, 02069A, 01E3FD, 008155, FE31F8, FB9679, F9181C, F7160C,
F5C8AF, F5211C, F4E9A5, F4C782, F48764, F43A0F, F40F26, F42372,
F4518D, F46032, F4162D, F3619E, F2A542, F25945, F2A732, F3841C,
F45951, F46C02, F34AB0, F0AC1F, ED048D, E90818, E5646C, E31634,
E26B4B, E33A32, E4E5BE, E677CC, E71657, E68B69, E55B72, E45462,
E44D8D, E58FBF, E80574, EB488E, EEAF2B, F18C7F, F35963, F3C30B,
F2CC37, F0C759, EE2DC1, EB7A5A, E90758, E71A55, E5EE5D, E58AC2,
E5C720, E67198, E73A93, E7A6DD, E74050, E5FFA1, E443D2, E2AF0C,
E1C4DB, E18A65, E1D291, E244FE, E2A7F6, E302E7, E33C48, E35007,
E368D5, E39CE4, E43729, E57DF5, E7716E, E9E57D, EC6C6E, EEAE1F,
F04AD5, F0FF1D, F0DCF4, EFF9D9, EEB927, ED811D, ECBF4C, ED1692,
EEB1D6, F1591B, F484B9, F77D1C, F9BE8A, FB050C, FB7AF7, FB854F,
FB94C3, FC08AB, FD2FFA, FEE652, 00BCA8, 0259F2, 03851E, 04665C,
052966, 061A6B, 074588, 08A426, 0A561A, 0C3956, 0E5410, 1093ED,
12D0C5, 151E93, 1768B1, 19B253, 1BD22B, 1D78B2, 1E8CC7, 1F1FF1,
1F7218, 1FC321, 203C4C, 20C17D, 21130F, 20E6DD, 1FFD25, 1E63B6,
1C3F9F, 1A21D6, 18B3CE, 1864FA, 1938AE, 1AE2CD, 1CC364, 1E4EA0,
1F510F, 1FF869, 20AC5D, 2193E3, 2296A2, 235974, 23AB03, 236A39,
22D163, 2221BF, 219C81, 216685, 21A62B, 227800, 23A604, 250E2D,
2660A1, 2747D4, 27B8D8, 27C125, 274859, 265A6D, 251F09, 23C5DB,
228231, 214BF5, 202AB8, 1F3830, 1E76F4, 1DF6C7, 1DA523, 1D56E3,
1CDF10, 1C123B, 1AE7C3, 198954, 1822DD, 16D31A, 15A288, 145CDE,
12C2B5, 10ACC8, 0E3983, 0BF369, 0A59B1, 09BA2E, 09FE84, 0ABD0A,
0B8068, 0C0579, 0C2DE6, 0C08D0, 0BBE3D, 0B42E7, 0A9F5B, 09CE28,
08EF7F, 082937, 076AB6, 06A395, 05B32E, 04BE8A, 03F30E, 0328D3,
022E1B, 00C769, FEDEDD, FC8DE6, FA1CE5, F7C0E8, F5DFBE, F4ADB4,
F44510, F48131, F516C6, F5C23A, F64938, F7074B, F84F9C, FA574B,
FCD66B, FEF041, 0008A3, FFA881, FE0EBB, FC1B5D, FA930D, FA286B,
FAC6EC, FBFACC, FD8BE2, FF2F0A, 00D1B2, 02329C, 030D55, 036618,
0350A1, 0308B2, 02A582, 0227DE, 018F95, 00CDF2, 0016EB, FFA899,
FF9304, FF9941, FF6E51, FEC585, FD8670, FBCF3E, F9FFB5, F8C116,
F86DE2, F910E6, FA665D, FBCA5F, FCBEFF, FCDB4F, FBF83C, FA5F7E,
F8AC35, F773AA, F73699, F8318E, F9F2DA, FBE914, FD84D9, FE5D3D,
FE9B70, FE4A38, FD87D0, FC6903, FB06B8, F9A981, F86A7E, F77BE3,
F6D8E8, F6510F, F5CFC4, F525DE, F45100, F33ECB, F229FA, F14562,
F0EDA6, F12988, F2043A, F34423, F45F62, F50F59, F4F3A1, F4588C,
F3C3E2, F3AC63, F47234, F5E5F5, F7BA19, F99E3B, FB3386, FC610E,
FD1637, FD5436, FD25C6, FCB1DF, FC66E2, FC992B, FDA068, FF945F,
0237A5, 052BB6, 07EA55, 0A0060, 0B2912, 0B3ECB, 0A59D9, 08C7EF,
06EF32, 053F29, 03F5C3, 030229, 02209C, 00F2DD, FF4C5E, FD2988,
FAABB0, F830DB, F63377, F503A2, F4E8B1, F609BC, F7F004, FA399E,
FC845B, FEA5D4, 006D4D, 019F41, 022FE6, 021934, 01961A, 01173E,
0111F7, 01D7BA, 03683E, 054AC1, 06E62C, 0793F7, 070C76, 056815,
031AB5, 00A5B9, FEAFEC, FDB998, FDEBF4, FF2565, 0076BC, 0147E4,
00F5BD, FFE2C6, FE948F, FD9540, FD4099, FD9AF0, FEC383, 007074,
02481E, 039C2B, 03E885, 031BC8, 01894C, FFBEC0, FE0F25, FC85C6,
FB00A0, F9603C, F7E007, F6C3C3, F63C1E, F653A9, F6A58C, F6C6AB,
F66745, F58576, F46F6D, F39A43, F3800A, F45BCA, F6229C, F87ED3,
FAB03B, FBBF95, FAF6BF, F833C6, F3F7E9, EF47DC, EB26F3, E84575,
E6DF83, E67E74, E67C4B, E63BE9, E57BAC, E4726C, E383F3, E3450A,
E3C56B, E4F9DF, E68DE4, E8767B, EA8B78, EC7938, EE08DC, EEE240,
EEDCAC, EE0756, ECB260, EB397A, E9FDF9, E93E3C, E923BC, E993E9,
EA6F0E, EB45DF, EBD9D1, EBE75A, EB2E42, E9E00A, E80E47, E61830,
E42D88, E27374, E11EF4, E0532F, E02E22, E0917D, E11F2C, E19BA7,
E1D20C, E1E27B, E21690, E28742, E3784E, E49E01, E5C00B, E6CCFA,
E7AAD6, E85149, E8C730, E8DB34, E87761, E80D58, E811FA, E8FB4D,
EADE44, ED2179, EF2137, F04BCF, F097DD, F0A4F5, F0FCB2, F20032,
F3844C, F52B12, F6C09A, F807AD, F91836, F9EA92, FA8AEB, FB1722,
FBC39E, FCB007, FDE210, FF2D0B, 0052FE, 014EB4, 0236A4, 035E9E,
050DE0, 075BF2, 0A49C3, 0D8A1E, 10E787, 14178A, 16FEAA, 197703,
1B667F, 1CC140, 1D709D, 1D999C, 1D3558, 1C5D0D, 1B2ADD, 19F749,
193BF6, 19369F, 19ED37, 1AF303, 1BD356, 1C421B, 1C4866, 1C671F,
1CCCE0, 1D7DDC, 1E5349, 1EDBBE, 1EFF11, 1EBB43, 1E35C7, 1DF884,
1E3E50, 1EEAA0, 1FB66D, 206A2C, 210C63, 21B461, 2272FB, 23272A,
23D6D7, 248175, 250B7B, 255557, 253730, 24BE63, 241715, 236B42,
22F960, 22F898, 236214, 240F4C, 24C52F, 252BA9, 25027D, 24318C,
22E9A3, 2194DB, 208737, 1FBDB0, 1EFB08, 1DE744, 1C37D4, 19FCD5,
176C86, 1526E5, 138470, 12D08C, 12EAC4, 1356CF, 1395E0, 134493,
1248D8, 109CA1, 0EBF9F, 0D1C58, 0C0B2C, 0B9F3C, 0BB183, 0BF678,
0C4AD4, 0CB1AE, 0D4BCB, 0E303D, 0F1418, 0F8146, 0EE711, 0CF098,
09BB70, 05C806, 02007A, FF16D2, FD6543, FCD46D, FCD5E3, FCE52C,
FC8829, FB9A0E, FA513A, F8F5C3, F80752, F7DB4B, F8856D, F9BD03,
FAE8B1, FBAB38, FBD6A0, FB66AE, FAA1F4, F9CFBD, F9215E, F8C393,
F8CD7D, F9405E, FA1F29, FB43CC, FC84AA, FDE3B2, FF3DDA, 00917A,
01B977, 026D8E, 0286B1, 01E6E8, 011690, 00AF64, 012258, 026446,
03DDAA, 04A830, 044F7B, 02FFD7, 013DB4, FFA557, FE6DA3, FDB5DB,
FD93E6, FDDBDD, FE3753, FE3E92, FD91F1, FC3644, FA8835, F90E05,
F85D5A, F88EEE, F98560, FB1BB6, FCEF82, FEB983, FFF58E, 004C3C,
FFABE2, FE7059, FD1191, FBF0C2, FB8F4F, FBFAAF, FCEE9D, FE1344,
FEDDCD, FEF825, FE3988, FC9BCE, FA545A, F7A987, F500FA, F2F5FA,
F1DB12, F1D021, F2A4B3, F3CF24, F4FDBF, F5E247, F64F51, F63212,
F5B0C3, F525BA, F4A119, F45B4B, F48778, F52FDF, F66FB9, F7ED89,
F9040D, F934B5, F858E0, F6B5DF, F512AD, F41B9E, F472EC, F664C0,
F9D240, FE4258, 02EBB7, 06E3C3, 097879, 0A845D, 0A2595, 093498,
086609, 081394, 085514, 08B671, 08A4D0, 07EA11, 0690E0, 04DF85,
02E915, 009A7A, FE243E, FB8F1C, F9582D, F7E4E3, F78CBB, F8683F,
FA113D, FBFCCC, FD8771, FE3C29, FE0E40, FD4855, FC6ED9, FC32B3,
FCF8E6, FEEB26, 01C4B7, 04DC04, 07575A, 089022, 084978, 06C997,
04B3B4, 0293E6, 00F75D, 00400B, 00887B, 017C1D, 0276CE, 02CE79,
0231B2, 00ED2F, FF8B5A, FEA566, FE8677, FF08D6, FFE0FF, 00B49E,
019352, 029337, 03CD3E, 053A99, 065BBF, 06A6B2, 05B5B2, 03B520,
012E99, FEA62A, FCAD5A, FB6311, FAAA49, FA33E5, F9B76B, F8EBFA,
F7B72A, F64B25, F5286D, F4F2AD, F5E90E, F7F68B, FABB00, FD80AC,
FF9C3A, 008470, FFE4A0, FDDCEF, FAEB63, F79BE0, F460C4, F184F0,
EF2BE2, ED52EC, EBFD8A, EB2445, EAA810, EA6895, EA0112, E94F7D,
E85BAD, E73486, E65E82, E64289, E6F58B, E82D27, E94068, E9EF3E,
EA3F5A, EA55A3, EA92CA, EAFABF, EB8336, EC065E, EC75C4, ECE02C,
ED4355, ED8B8C, ED9DB7, ED79C7, ED1687, EC9442, EBC930, EAB37D,
E951FF, E7B9FB, E62345, E4AA58, E3818B, E2D90C, E2B235, E309FB,
E3A41A, E40E8D, E41B64, E397A2, E2CAE0, E21C11, E1E2DE, E238C7,
E2DFAA, E3A0D2, E438B0, E49BE2, E4F6E4, E5848F, E65692, E7453C,
E80705, E85F05, E844BB, E7F8B0, E7E3AA, E85A8E, E984FF, EB4842,
ED5742, EF6DBF, F16DBF, F33B10, F47FFF, F50B3E, F50E3A, F4C729,
F48ECC, F4619B, F42BEE, F40586, F40915, F48F8F, F5AC95, F784CD,
F9DBCB, FC7EB4, FF515A, 024F21, 058606, 08C93B, 0BDCF1, 0E618A,
100961, 10F276, 117836, 11F728, 12C4BD, 13E887, 154AB0, 16C1CB,
181AFA, 192F19, 19CE44, 19F94B, 19D02C, 198F45, 197A5F, 198B1B,
19B167, 19C93E, 19D778, 19ED48, 1A1E09, 1A5365, 1A8228, 1AD830,
1B75CD, 1C6053, 1D6FF1, 1E70CB, 1F2017, 1FA13C, 1FFFC1, 206407,
20CA40, 20EA80, 20B5B5, 2021EE, 1F494F, 1E8264, 1E3D42, 1EEECE,
20D14E, 2365AB, 26174F, 2801B0, 288E59, 27BCAF, 25F64E, 241D37,
22C9DB, 2243C1, 227D95, 22FB82, 23549E, 235AC6, 22F39E, 223728,
21182B, 1F8D9F, 1DA329, 1B6D9A, 194637, 175024, 158B9C, 14273E,
13328B, 12B453, 129442, 127D18, 11EF11, 10DF66, 0F8E07, 0E8D49,
0E73AA, 0F690D, 11502B, 137BD5, 152B34, 159FC6, 146C3B, 11CAA4,
0E54C9, 0AE38C, 084557, 06DB82, 06811E, 0699CE, 065BDE, 054B6B,
0364E4, 010A77, FEF247, FD81BC, FCD53B, FCC4E9, FCF9A7, FD08C4,
FCB537, FC09A2, FB3948, FA7522, F9C055, F92EAD, F89CD9, F81BE9,
F7A88B, F77D5B, F7D7D9, F8B962, FA0837, FB4227, FBFD19, FC0B57,
FB6F37, FA95EF, FA0A56, FA1B9F, FB02FD, FCB971, FEF9F6, 017147,
03B1E0, 0535AA, 05AB83, 050629, 036E73, 016270, FF5E42, FDD9E4,
FD40DB, FDA361, FEBA8F, FFCE41, 003364, FF9B74, FE18F4, FC26EA,
FA412D, F8EDA2, F874F6, F8CE73, F9D5EA, FB2432, FC61BB, FD56FE,
FDBD3C, FD8018, FCD4C3, FC2F1E, FC2C36, FD37D9, FF1BE5, 011E74,
0287FB, 02E74A, 023D14, 00CE65, FEE14A, FCBA5C, FA5C54, F7EEC5,
F5C7B1, F42FFD, F39705, F40404, F56039, F734E3, F8D57F, F9B9C1,
F988C1, F86CEC, F6D745, F552E1, F48F0A, F4E034, F6047F, F74685,
F7BD87, F6F61E, F5069B, F29320, F06F94, EF441C, EF4DE9, F08598,
F2F503, F63444, F9A714, FCC058, FF0348, 009EEC, 01EF37, 033F9F,
04B0FE, 05F66D, 06D54B, 0761AC, 07F759, 08D1D3, 09D22E, 0A97D5,
0A74A1, 092060, 06B02D, 03AA52, 00B297, FE5214, FCCB4A, FC1298,
FBFBB0, FC2135, FC4D56, FC3D0D, FBAAE7, FAC15F, F9CF47, F95D4C,
F9E8F3, FB932F, FE1E6D, 00D555, 02E2C1, 03FF9D, 043796, 03C099,
034CC2, 0324DB, 03444A, 037A6A, 039986, 0381BE, 03157B, 0276C4,
01CA0F, 010BBD, 003AEC, FF4A0A, FE2E5F, FD3024, FCB526, FD4358,
FF2000, 01EA7F, 050E6A, 07ABC9, 092D1F, 097BED, 08A709, 072DEE,
05629B, 03768F, 0181AA, FF727F, FD6200, FB63A1, F9B92F, F8A693,
F856B5, F8C488, F9BB62, FAEFB8, FBE00F, FC7ADA, FCBCFC, FCF052,
FD6225, FE0393, FEBBD1, FF2B5F, FF1276, FE54A6, FCE3CE, FB0A25,
F900CB, F72321, F5B5CD, F4A4C5, F3A1EC, F27781, F0EF86, EF2879,
ED757A, EBF507, EAC3A9, E9E230, E92A7F, E87A72, E7D2F5, E73D19,
E6DE00, E6FC89, E7C5C5, E92456, EADDDA, EC8B92, EDB6B6, EDF7E9,
ED3B28, EC1882, EB5033, EB5A1E, EC1CB5, ED1256, EDBA00, EDB7F6,
ED1CE2, EC0B8B, EAD768, E9C5E2, E8D107, E81B27, E77423, E6C20C,
E5C3B6, E4805C, E3722B, E2D7BD, E2D454, E3465F, E3BF57, E412B9,
E43AA0, E43EB3, E4455C, E44A39, E43355, E3CBC3, E312A2, E2271C,
E146D8, E0A3E5, E07B76, E0F8CF, E20256, E39BC3, E5B7A9, E82C94,
EA85F1, EC8A42, EE1AE6, EF12CA, EF7229, EF6004, EF0A0D, EEACEF,
EE67B2, EE3823, EE244A, EE1105, EE1DA1, EE4F33, EED123, EF9BF8,
F0C9B3, F25FCA, F4564B, F6D3AC, F9B7B2, FCB690, FF4DFE, 0139B3,
02594D, 02E953, 03644B, 04639F, 064475, 09064C, 0C683A, 0FF724,
1333C5, 15B5F2, 172EFF, 17746B, 16D4B2, 15BF45, 14A3FC, 13C4D7,
135435, 135183, 13DA51, 151030, 16EEA3, 19389E, 1B4546, 1C984F,
1CCAC6, 1C096D, 1AE282, 19F7A7, 19C793, 1A6A00, 1B9FCD, 1CFB72,
1E0D2C, 1E9DE2, 1E99A1, 1E0FD3, 1D664D, 1D0438, 1D2E08, 1E147D,
1F7983, 20DED4, 21DB55, 223048, 22034F, 21B11D, 217260, 217F44,
220F47, 2328E4, 24B6D8, 267045, 27C185, 28648C, 2850B0, 27ACCA,
26C870, 25AFAF, 244E6D, 226F55, 1FFE67, 1D50DF, 1ADE06, 192CDD,
184FEA, 17DF6C, 175FB3, 16403C, 146992, 127723, 110511, 10B13F,
11B60F, 13A2AF, 16159D, 18260D, 192B02, 18B4EA, 16D0A3, 14149E,
113E7A, 0EF90D, 0DA11D, 0D3291, 0D58C9, 0DF0FB, 0E788B, 0E77A6,
0D755B, 0B64A4, 088CB9, 055ECF, 026B1B, 002637, FECF85, FE47B7,
FE716A, FF10AF, FFC7BF, 00437B, 001726, FF118A, FD41C9, FB221D,
F949DA, F81CB2, F7C449, F7FF7D, F8749F, F8E325, F91A7D, F8F504,
F88981, F7CDBE, F711AC, F6A605, F6E27A, F81352, FA2A14, FCD5CA,
FF7074, 015FA7, 0223FF, 01CA45, 0099B3, FF15DB, FDC856, FD3754,
FDA43E, FF0E7B, 011736, 02E83A, 03EBCA, 03B4D4, 022D16, FFCAB3,
FD068B, FA6B84, F89B47, F7F98C, F878F7, F99C66, FAC30C, FB5B77,
FB4173, FAD89D, FAB84C, FB572E, FC9E34, FE2E59, FF980B, 00AAD4,
018BF6, 026FE7, 035DE2, 03EADE, 03859A, 01E274, FF2A47, FC0BC0,
F94F8B, F79990, F735D4, F7F6ED, F9784B, FB3EA5, FC93B9, FD0F11,
FC894F, FB4072, F9EFAD, F8F4AE, F89E08, F8D6FC, F93973, F95E2B,
F91074, F8431A, F6EE83, F524C1, F319F9, F13A6B, EFDF69, EF4F67,
EFBB5A, F0CE9A, F23519, F3BA4C, F547F5, F6EAC9, F8A175, FA5B4E,
FBFA2F, FD84AD, FF1FD2, 00FAD0, 033469, 059245, 07C630, 0981F5,
0A9592, 0ACE69, 0A1AE7, 08A748, 06EADD, 056602, 04491D, 038783,
02CCB0, 01EC59, 00D112, FF8F89, FE445C, FD2427, FC3BE1, FB8262,
FAE92D, FA6691, FA25A4, FA5E9A, FB610B, FD3EA5, FFD52D, 02A06B,
04FD62, 063FD3, 064A23, 055A24, 040CD8, 02F9A3, 02299D, 0190AA,
00CD23, FFC4CA, FEAAAA, FDCB61, FD6409, FD9C31, FE5D73, FFA138,
014C72, 030E44, 04BE3B, 063000, 07641D, 08653B, 091C27, 0986A9,
095264, 0844FA, 066F26, 03E89E, 0114A6, FEABED, FD3B70, FCF490,
FDA4BE, FEB82E, FFB437, 0021DD, FFC4F4, FECD42, FD8F11, FCAD02,
FC8969, FD1BE8, FE2A48, FF379E, FFECDB, 0043AF, 007B9E, 00BBC6,
010EAB, 012E1E, 00CECE, FFA8E9, FDAF52, FB274E, F884E6, F65E6D,
F4D9DF, F3CD56, F2F63B, F1EB1B, F08275, EED358, ED1434, EBA59A,
EADED7, EAC8BD, EB1552, EB6415, EB675F, EB1097, EA97A6, EA4164,
EA530E, EAD39E, EBDA47, ED4CB3, EEDF7C, F031AB, F0D95C, F0C4A7,
F0289F, EF4277, EE2E25, ECFF45, EBBDBF, EA96B1, E9A43A, E90456,
E8C5B9, E8BCE1, E8C2F3, E8C195, E8B76C, E892E8, E83ED2, E7D236,
E749A4, E6C698, E67881, E65C27, E65572, E5FF62, E4CE94, E2A9E3,
DFF101, DD7A48, DC2C73, DC6531, DE0939, E078A4, E33752, E60159,
E8A466, EADCE6, EC4865, ECBCF9, EC2FE4, EADEBE, E95B20, E83CF7,
E81177, E90BB7, EB0BE9, ED6DF9, EF8DD2, F0B31B, F05C7F, EEE615,
ECEED0, EB6632, EB0F93, EBF026, EDC6E6, EFE2C8, F1D01E, F3720C,
F4F4AF, F6B06E, F8CB0A, FB315D, FDD48C, 00A9B1, 039F08, 066CC1,
08AEA9, 0A553F, 0B543C, 0C2B6C, 0D0C81, 0E1DBF, 0F45EA, 102098,
109FD4, 10EE76, 119358, 12EB29, 14E53B, 16EDA3, 184D63, 18864D,
17BFE4, 166F7A, 154ED3, 14EDE4, 1599E6, 175682, 19B937, 1C34AC,
1DF72D, 1E86AA, 1DEAD1, 1C9502, 1B388F, 1A7521, 1A8F1E, 1B81D3,
1CC6A2, 1DB728, 1E07A6, 1D9B43, 1CC631, 1C0D8A, 1BC3D7, 1BFE34,
1CD3DB, 1E3190, 20120E, 2261E0, 24EBD5, 278FEC, 2A17A8, 2C3477,
2D39FA, 2C87AC, 2A3C45, 26D9D9, 23627E, 20DA22, 1F7FA4, 1F210B,
1F2FF1, 1EEEAA, 1E0FD5, 1C8DDF, 1A765C, 1834C9, 163A08, 14C10F,
141044, 143F77, 153340, 168B3C, 17BC29, 186BEB, 1875A6, 17E215,
16D0C1, 158497, 14535A, 139E91, 13A828, 141E70, 149A71, 148DCB,
13AAA8, 11F479, 0F9EF9, 0D0D70, 0A7E0E, 084013, 068E77, 05BF7F,
05C919, 063EA8, 06BF33, 06B8A8, 060D40, 04D3CB, 03241D, 01406E,
FF5359, FD9D46, FC4150, FB6B30, FB0A35, FAE8EC, FAC298, FA78A3,
FA1594, F98D65, F8C95B, F7D0DE, F6D994, F63BA4, F65A66, F76E90,
F943FA, FB3E5F, FCB72F, FD267E, FC9788, FB8E4D, FAC8F6, FB0281,
FC6F23, FEC451, 017206, 03BC10, 04F22B, 04D375, 036925, 0149DF,
FF04AC, FCF97A, FB66E7, FA363F, F94B47, F8A3FB, F8572D, F8619F,
F8BC29, F9582C, FA14AB, FADB69, FB8732, FC20CE, FCDA6E, FDBCDC,
FEBD19, FFB1B4, 0075DD, 00F1B6, 010B71, 00BED9, FFDF26, FE9719,
FD2DCB, FBEDC2, FB1412, FAC07F, FAE836, FB665C, FC0EAE, FC8653,
FCB806, FCAB08, FC939F, FC910A, FCA9DC, FCA9A7, FC7C50, FC13D5,
FB801A, FAF3AC, FA6E71, F9D455, F8CEE0, F74CEB, F544B5, F2FC16,
F0EEE5, EF840B, EEDCF6, EEE976, EF8D29, F09C7E, F1EB75, F32689,
F435F7, F55559, F6AB8A, F85EDF, FA3D29, FC0099, FD81B5, FEE388,
0075E9, 0279FA, 050AE1, 07B535, 09E24E, 0B0FB4, 0AE2C5, 09890F,
077A72, 055425, 038C98, 0237BE, 013751, 005683, FF6441, FE3E58,
FCC999, FB1F09, F9CC23, F96F79, FA52C2, FC676C, FEECCC, 012F98,
02DCE0, 03CE3D, 0429CA, 041312, 039A74, 02C33E, 0197D0, 0022C1,
FE814D, FCDCD8, FB6FC8, FABA43, FB0816, FC5F94, FE67CF, 005C6F,
01A8F3, 020825, 01CB6C, 01A1BE, 021D9D, 0378E5, 053A6F, 06CBD8,
0780CC, 0713AA, 05EEE6, 04A459, 03C712, 037232, 0382CF, 03A973,
03747E, 029FEF, 013585, FF8DB0, FE1239, FD03BF, FC56CE, FBEB4D,
FBB8B9, FBD52A, FC64B5, FD59A6, FEB488, 002E5F, 017162, 026352,
02B9C8, 026245, 018A96, 0072DC, FF7136, FEB6F5, FE6663, FE7330,
FEA521, FE8EE6, FDCB4C, FC121D, F96D9B, F66664, F386D7, F13C64,
EFC242, EEE2AE, EE573F, EDD4F6, ED13A3, EC279E, EB2EEB, EA5833,
E9F2ED, EA0EE6, EAC42C, EC23AB, EDE65F, EFC04A, F158D7, F23DBF,
F22856, F0FF51, EEF03E, EC7726, EA2595, E8A0BF, E847EA, E9214F,
EAAC02, EC35DD, ED5C7E, EDE571, EDEDF5, ED702F, EC8EB9, EB7C07,
EA899E, E9C9F5, E9353B, E89AC9, E791F0, E62B50, E4AFEF, E38090,
E2D1FF, E26455, E1E1C9, E10042, DFEAEF, DF3A43, DF607E, E08962,
E2557E, E40922, E50FF5, E52755, E4A7D8, E423F4, E403BE, E4C071,
E67EE5, E93379, EC33E4, EE71E4, EF3A62, EE5CCD, EC5860, EA01E0,
E82AE2, E73AF1, E731E3, E7D5FE, E8C8EA, E9E70B, EAE9F7, EBBB8D,
EC7149, ED30A3, EE2C2F, EF6B79, F101BF, F2CDB6, F4D990, F71C1F,
F997AA, FC4349, FEF894, 018E2D, 0397A4, 04CBB6, 054B8D, 058FAF,
064024, 07DCEB, 0A8EE3, 0DE1DE, 112636, 13796D, 1436AC, 133524,
10F358, 0E9119, 0D134F, 0D25A8, 0EE872, 11E12C, 154036, 18440A,
1A8132, 1BB9F4, 1C34FB, 1C39C6, 1BE248, 1B4D15, 1A92C2, 19D976,
194AFD, 1916A6, 1931B6, 1990E5, 19F2DE, 1A1CD0, 19CEB5, 191A4F,
1855C5, 181817, 190D29, 1B49EB, 1E8965, 22255B, 254AB7, 278A3B,
28B57F, 28DEFA, 28532A, 276B60, 268175, 25FED8, 25FC2D, 264BB4,
26AA91, 2699FE, 25CC78, 24257F, 21C000, 1EECAE, 1C0D32, 19905D,
17AE71, 169BC2, 167C71, 173123, 187685, 19B276, 1A656A, 1A5A02,
1990F2, 1868FA, 1735F8, 165ED2, 164959, 16DB62, 17D839, 18C09C,
18F377, 180EF5, 162937, 13DF1E, 11B890, 103ED2, 0F7489, 0F5B15,
0F74C7, 0F4EAD, 0EB8C8, 0DAB87, 0C6C96, 0B09A7, 09A2E0, 0820B1,
066CEA, 048F78, 02DDB0, 018739, 00BFCA, 009AA5, 00CADB, 010A75,
00DCBC, FFE207, FE2E14, FC0160, F9DF9F, F828AE, F70EB1, F6BE0C,
F70F03, F7C43F, F88C9B, F915CD, F94139, F95155, F9AA8B, FA7BE8,
FBDE78, FD7E79, FF2C62, 00C11A, 01FB8C, 02C72D, 030149, 02A142,
01C5DE, 009E98, FF483F, FDD0CB, FC57DB, FADCF7, F99984, F8CAE7,
F8CFAD, F9A7FB, FAEF55, FC0C84, FC95A4, FC866A, FC2BCE, FBFCC7,
FC0550, FC4F83, FCC947, FD74E6, FE5BFE, FF66A9, 004A43, 00B898,
0089CB, FFBB76, FE720F, FCE321, FB7F72, FAC667, FAEABE, FBE3C6,
FD6F8D, FF1651, 0062AB, 011636, 013029, 00E4B6, 006E5B, 000162,
FFAFF4, FF5A5A, FEEF6D, FE4D43, FD86E5, FCC36B, FC01C1, FB28C8,
F9F6BA, F86D5B, F6C208, F52D9F, F3E192, F2DD42, F22700, F18F49,
F11826, F0E924, F11D4A, F1AB36, F26342, F32649, F3FF0B, F56563,
F7CCBE, FB4620, FF9041, 03AFDF, 06CF0F, 08BF0F, 095A46, 08F442,
081016, 071630, 064E90, 05AE0C, 05092F, 040530, 027BDA, 0096A9,
FECCF2, FDB77C, FDA0BB, FE6211, FF8AE3, 00AA95, 01A0A0, 02652C,
0301D5, 039620, 04115F, 04438E, 03EBC0, 02FD90, 0180CF, FFB596,
FE11B5, FCF727, FCD4A7, FDB374, FF27E3, 0081F3, 00F8D1, 0058C3,
FEE076, FD4915, FC6051, FCA4F8, FE24FC, 008EC7, 0341EF, 059ED4,
073908, 07D664, 07ACDC, 071020, 06577D, 05CDBE, 05765E, 054A4D,
05404F, 0527AB, 04DCD4, 043F0F, 033F11, 01E488, 0067E0, FF181B,
FE0D45, FD8E4A, FD9A85, FE0963, FEB77E, FF8347, 005CA8, 0103FC,
0143AD, 00F906, 003902, FF7FFB, FF4D82, 000C5F, 01B3A6, 03D3DC,
05C78A, 071E5A, 077909, 06A89C, 04A9D3, 01A1FD, FE1464, FA7198,
F740EB, F4EE33, F39714, F2F2E4, F2B5F4, F2911D, F24808, F1C898,
F111BF, F03135, EF62EA, EF07A6, EF5E5E, F05FD4, F1709E, F1F6AE,
F16A05, EFD332, EDB5E1, EBCF3B, EAC3D5, EAB769, EB99A9, ED1598,
EEA601, EFC9E1, F048AE, F02B87, EF7EB2, EE90C5, ED97E3, ECB926,
EC2AF8, EBDB45, EBD38C, EC09BC, EC784B, ED230F, ED84F8, ED4E6E,
EBF18C, E979E6, E64C03, E30F9F, E0B2D4, DF7FBC, DF8E67, E09BAD,
E1F905, E30B26, E35DC7, E2DCAB, E1E523, E0F0E1, E08FEA, E13220,
E2E3DF, E56109, E81A59, EA5C7C, EBA7CB, EBD73A, EB1E6F, E9E503,
E89C34, E791C5, E6DBCF, E69C41, E6D865, E787CD, E89666, E9C122,
EAC39F, EB4CF7, EB2C34, EA4B28, E900BB, E8072B, E7CE1E, E8E3E8,
EB2CE7, EE49D2, F1C624, F4E3EA, F77655, F94516, FA839C, FBD223,
FD9CCE, FFF75F, 02A11D, 051408, 06C730, 07C9CF, 0865DC, 08C5FB,
091171, 093293, 094101, 09789E, 0A220A, 0B93AC, 0DCBEB, 1082F7,
135DED, 15E8AC, 17D298, 18DC6D, 18FBAD, 1863B5, 175D3C, 168578,
1666CE, 172064, 185311, 1958BB, 1994E2, 18DBC4, 176D5E, 15D6BD,
149E71, 140B47, 1454D0, 15624E, 1706B7, 19030D, 1AF283, 1CAAEB,
1E3BC8, 1FCD12, 21781F, 233D57, 24D336, 25F84E, 26A8F5, 26DC0F,
26D44F, 26C342, 26D400, 26D25B, 265305, 250DC4, 22EF2F, 206079,
1DED4F, 1C2184, 1B4D4D, 1B3FE0, 1B9661, 1BD0E3, 1BA977, 1B0B15,
1A0AA5, 18E039, 17DDC6, 173E57, 171262, 1744EC, 1791F0, 17B307,
1785CA, 174392, 1723C0, 1744CE, 17698B, 176776, 170350, 1632D1,
151AB2, 13C520, 126177, 111373, 102273, 0FA85B, 0F8118, 0F20FE,
0E260E, 0C722E, 0A7415, 08B620, 0795D3, 073EAE, 076FEC, 07C0B7,
079751, 06AE55, 0513FB, 030BC5, 00C9FF, FE8E3C, FC7678, FA6553,
F87CFE, F6F313, F6078E, F5FD44, F6CFB3, F857DD, FA1C24, FB8608,
FC41AF, FC42BE, FC0E49, FC0771, FC7B7C, FD73ED, FE9F70, FFE9A7,
0107B0, 01B640, 01B4B5, 00DD61, FF5259, FD74DC, FBBBDA, FA676B,
F982D2, F9180A, F91A52, F98C37, FA759A, FBAC07, FCE1BB, FDA26F,
FDB988, FD2F90, FC7101, FBE1FF, FBC0EE, FC2E6A, FCD137, FD57A0,
FD9549, FD5A2D, FCBC65, FBE7D0, FB0CEE, FA9B4C, FAB79D, FB7267,
FC870A, FDA350, FE95D9, FF379C, FFAC43, FFF06F, 00108F, 000005,
FFC480, FF744C, FF2775, FF1284, FF3F3A, FFAB21, 004D4B, 00F8D5,
015E87, 012A4B, 002C57, FE4182, FBB4A2, F900B8, F6975B, F4B5CB,
F33C5E, F1CF66, F01AC4, EE1514, EC2575, EAF285, EB2428, ED2AAD,
F0C98D, F54D70, F9C22D, FD42DC, FF6BD6, 005C3B, 009412, 009FF6,
00ED8B, 019625, 0267AC, 031D93, 03697D, 0369AE, 032B88, 02D7D5,
027204, 01EBCF, 01517B, 0091A1, FFCD88, FF40E9, FF2EF0, FFE102,
0161A8, 0347F0, 05014F, 05FB51, 05E379, 04C07B, 02FCA1, 013804,
FFF967, FF7A82, FF9C5D, 0010D1, 0068F2, 004CD6, FF85C8, FE309C,
FCA007, FB3382, FA71DA, FA9017, FB848C, FD2068, FF120C, 0103B2,
029620, 03BFD3, 046096, 04A7AF, 0491B3, 043A26, 03E136, 03C043,
040EB2, 04A738, 054BDD, 05AE6E, 05C540, 059C23, 052426, 0466FB,
035652, 021A04, 00F4FB, 0009B9, FF3E98, FE635F, FD58EB, FC3034,
FB4E31, FAEAEA, FB424E, FC4DF9, FDF65C, 001991, 02964B, 051FF6,
075DC0, 08F265, 097A1C, 08D3B2, 070045, 0452C1, 014621, FE848C,
FC9366, FBC2CA, FC195F, FD1A18, FDF3B6, FDD626, FC3A6D, F96309,
F60A11, F2E3F7, F0B7BB, EFC1DA, F000A5, F10E89, F2541F, F336DB,
F3296C, F22F73, F0ADE1, EF2BE6, EE12B3, ED6EA5, ED358C, ED596B,
EDB600, EE2601, EE927E, EED60F, EEF0BE, EEB4D7, EE2838, ED836A,
ECE3FB, ECAE3D, ECFA0B, EDDAB4, EF3966, F0B12B, F1C31F, F1FE49,
F10413, EEE04D, EC04F3, E8EAD2, E6479E, E4BA24, E43FC0, E47894,
E4E8F9, E50222, E49125, E39E9C, E267FC, E14BBF, E07EE5, E03DD8,
E09E3D, E1951E, E304EB, E47E8E, E59EA0, E62B67, E62906, E5D100,
E57E79, E57AC3, E5D8F9, E6C3E3, E8425E, EA1A58, EBCC92, EC9DCE,
EC34D5, EA9BF9, E85D45, E604E8, E41EDA, E305C5, E2E63A, E3B04A,
E52D88, E724EB, E92955, EB01AF, EC76A2, EDD521, EF47E8, F0E296,
F2A885, F45CFC, F5FACD, F78B64, F92C45, FB24DA, FD6CA7, FF9D57,
0155C0, 0254EB, 0291EE, 0280C0, 02AF82, 038EB6, 054780, 07BFBE,
0A8ACE, 0D1074, 0EF8D8, 101007, 10A7C2, 11529F, 124F2C, 13B9E3,
1551A1, 169C16, 1770C8, 179C25, 1745FF, 16B410, 15FD3C, 155867,
14A275, 13EF67, 134E13, 12DCC3, 12A382, 12AF5C, 1321CE, 143CA5,
16168E, 1860B4, 1AC6C4, 1CDFD3, 1E6BD4, 1F658D, 200391, 209517,
215980, 2251C9, 23785E, 24792A, 2527B1, 2575DC, 254EA1, 24E52A,
244944, 239E73, 22D260, 21FC39, 2118D4, 202681, 1F36C3, 1E51AD,
1D6FE0, 1C8820, 1B9770, 1A7FF8, 194D04, 1815D0, 170DF8, 1663A1,
1636FF, 16A6A2, 17AA9C, 18F76E, 1A3669, 1AF08C, 1ABB32, 19961F,
17CE3B, 15EB80, 146EB6, 139B4E, 1348C6, 1338C5, 1330C0, 131AB5,
12E059, 127818, 11E4D1, 11229C, 105225, 0F713A, 0E89FF, 0DA292,
0CC0DC, 0C178E, 0B84C6, 0AE2BA, 09E77A, 08332D, 05C0C2, 02B5AC,
FF8881, FCCBD0, FAD854, F9ABBD, F91606, F8DEDF, F8DAD7, F91AE6,
F98F16, FA2594, FAF1F5, FBCC89, FC9B3F, FD5288, FDDFAF, FE5B3F,
FEC416, FF15A9, FF5A75, FF530E, FEE5CD, FDFB43, FC97AC, FB1E11,
F9EFCD, F97330, F9CA72, FACB2C, FC0E5F, FD1C1B, FDB5FF, FDBAE3,
FD366D, FC8B6B, FC0957, FBF3C6, FC5CD7, FCFB30, FD7055, FD3FA9,
FC4D49, FAE1BB, F97B51, F8AB06, F8B353, F9A7E6, FB2B4A, FCD5B9,
FE3671, FECAD4, FEA938, FDEE26, FCE418, FBE455, FB34B4, FAD8D0,
FACF95, FB28C9, FC20D6, FDE0C0, 005B6F, 0345D6, 05EDF1, 07AAFE,
07F294, 06DE7B, 04F3D6, 02C037, 00AF42, FF0BB9, FDDA33, FCE612,
FBC3A8, F9F649, F75457, F41A26, F0F16C, EE8BB0, ED77B9, EDA72B,
EECD56, F074DC, F26238, F470B5, F66232, F82826, F993F6, FAA8D0,
FB80F6, FC3B44, FD114F, FE1BF5, FF5B32, 00A157, 01C978, 02AB33,
030A8F, 02AAC9, 017C73, FFE0E8, FE4E08, FD68F8, FDB774, FF351B,
0182F0, 03E2D4, 05DBC6, 070549, 0720EF, 068149, 057AA2, 04766F,
03B9A6, 0351B0, 033CE0, 0347D5, 032001, 0279EB, 0133EE, FF863F,
FDE738, FCC23F, FC5172, FC9257, FD5504, FE664D, FFA0EF, 00D355,
019810, 01A07B, 00C613, FF5745, FDE604, FD1B4B, FD736E, FF160C,
01C7D4, 04EE5A, 081A6D, 0A7AB0, 0BC2EF, 0BB8D7, 0A68A5, 083D21,
05B4D3, 03779B, 01E43A, 010BE1, 00C2C7, 00C50B, 00CF08, 00CD60,
00997A, 001FE0, FF56C6, FE48A9, FD6B83, FD34C0, FDE80D, FF920B,
01E00E, 04658B, 068A3B, 07C0DA, 07CDA3, 069D93, 04C2C3, 030359,
02115E, 024C4A, 0368A6, 04CEF3, 05BD0A, 05A7CC, 0452A3, 01E75D,
FEFABC, FC0761, F9A1A1, F812F1, F72EF7, F6DB14, F6D5F1, F6E01E,
F6EEF5, F6D70B, F66BA3, F59212, F43954, F2901C, F0E16A, EFACA8,
EF0055, EED6CA, EEF57A, EF04EE, EF1199, EF2863, EF6312, EF9185,
EFA745, EF98A9, EFC7FA, F070F5, F18432, F2B7BD, F37C33, F37145,
F281AF, F0F081, EF3AEC, EDC87F, ECADA7, EC0068, EBA6B9, EB98E6,
EBB799, EBC857, EB7F40, EAA870, E942DD, E767CE, E56DD8, E3A2DB,
E24A3D, E16F33, E134E8, E1A27A, E27A6D, E376DD, E42E05, E48042,
E4AA37, E4F372, E5AF31, E6CEF2, E80AE6, E91438, E99620, E99BCC,
E943CA, E8B8B9, E8208B, E79622, E736A3, E6F470, E6B996, E676E1,
E62153, E5B16D, E57A67, E5BB27, E68BDE, E7C24C, E90BF2, EA2F7E,
EAF213, EB661A, EBE662, ECC373, EE44FA, F06D52, F2E31C, F544D4,
F71EFF, F8566E, F92738, F9DA7E, FAB760, FBC8C8, FD0AA7, FE7F01,
001404, 01C7F9, 03A9DB, 05CB4F, 0832C3, 0AC3E2, 0D3DE4, 0F5E1C,
10D5A1, 119B2B, 11D1D0, 11C439, 11E6D3, 1254A3, 131257, 13C257,
141E20, 13F23B, 134531, 126277, 117592, 10C526, 108D54, 10E8A8,
11EE77, 137D63, 155490, 1716E0, 1840FE, 18CD00, 18FA45, 1921EB,
19808C, 1A19DA, 1AFFD9, 1C268A, 1D8465, 1F271D, 210798, 22F38D,
248A14, 257EF1, 25BD59, 254BE7, 245A17, 231EE9, 21B4EF, 2066BF,
1F92B7, 1F4D9A, 1F60BC, 1F667C, 1EE489, 1D8CFE, 1BCE5E, 1A1CD4,
18EE16, 1856A8, 183223, 186F77, 18C801, 194420, 199EEB, 198972,
18D483, 178EA5, 1617C5, 14D734, 1420B9, 13F9C4, 142881, 148F25,
14DD28, 14D395, 14726D, 13AA04, 12CFBC, 12269D, 120642, 1292DA,
13814A, 14572C, 148E52, 13C519, 120DEF, 0FC36E, 0D24CB, 0A7D70,
07D39E, 052D3E, 02994B, 0036B6, FE3650, FC9D39, FB7CF0, FAF6E5,
FAF911, FB56F3, FBE1F0, FC68D1, FCD13A, FD1CB6, FD6392, FDCEF5,
FE5BF1, FEEE5A, FF163B, FE723D, FCF70B, FADA5B, F8D6C8, F79FEC,
F7A7DD, F8E8E0, FAE817, FD07BC, FEA95F, FF3D1F, FE95A5, FD0EEE,
FB42B2, F9DBE5, F9562A, F9AA16, FA8341, FB7025, FC0961, FC3747,
FC208F, FBE829, FBC05E, FBA01B, FB6A45, FB16EA, FACF75, FAB443,
FA94A3, FA7CC7, FA2392, F99E50, F8EC34, F7EC75, F6BE7C, F597A4,
F4F091, F55230, F70CF6, F9D8CC, FD13F0, 001AF5, 0266B7, 03D8EA,
0479C3, 048333, 043BBF, 03D20D, 0378B2, 035010, 03268F, 02C014,
01F456, 007658, FE6BEE, FC00BB, F98101, F6F3DD, F46E2B, F21CDD,
F043A1, EF58D5, EF7410, F074B4, F1EBF9, F33DFB, F41D93, F4AAEC,
F503C6, F5A244, F6D04E, F89080, FAD5A9, FD15BB, FE9F8A, FF1204,
FE589D, FCA4BE, FAA01D, F906F4, F86923, F906C9, FABAE4, FD3611,
00098F, 02A372, 04A9DE, 05CC49, 05D4FC, 04E043, 033B8F, 01A39A,
00920C, 0063CA, 00F578, 01F9AA, 033025, 043DCA, 050EED, 054E0C,
049B64, 030C90, 00E4BF, FEA832, FD0BC5, FC6217, FC8C82, FD4056,
FDDE98, FDDD3A, FD251C, FBE62A, FAB375, FA35C7, FACC62, FC8687,
FF0360, 01A5CE, 03FCE1, 05BED1, 06DE8C, 07692F, 075E13, 06BF85,
05A90B, 046C26, 036479, 02D7E7, 02DE42, 0356ED, 03E517, 0434F5,
03F143, 030019, 018208, FFA5A5, FDE5A8, FCC4BD, FC9585, FD649F,
FECEDA, 003FB4, 015861, 01EC58, 02006B, 01E205, 01D85C, 022882,
0305B6, 0440BA, 059E0B, 06B9DD, 071F3A, 06CA4A, 05BD63, 044F0C,
02F03A, 01B6B9, 00B432, FFE514, FF51A5, FEFD2F, FEEAF1, FF08CE,
FEDEBE, FE2C81, FCBACC, FAA843, F851F5, F600EF, F40FD4, F2A6BD,
F1C1CC, F14CA4, F12BA6, F13FB0, F165E2, F1862D, F17708, F15A4C,
F1449C, F143B8, F1589E, F1555C, F12F65, F0FBFC, F0E0B3, F0E99C,
F104CA, F11677, F117CE, F11352, F10BCF, F0F8B5, F0ECFE, F0DA26,
F0D2AD, F0C6E2, F07360, EF9E6D, EE0E31, EC16DB, E9EC6C, E80C31,
E6AA32, E5CA0C, E561F8, E5425C, E54C4F, E550E1, E53231, E50AA3,
E50057, E51020, E556E9, E59444, E58A11, E540C1, E4C3FE, E47605,
E4BB8C, E5ACD0, E71F48, E88AA5, E974B7, E98E16, E8BE74, E76989,
E5F19F, E4D9D3, E474FE, E4C861, E5A71C, E6AB8E, E764F8, E7A120,
E798C4, E79D98, E8092B, E8CDFF, E9B3E8, EA7B82, EB1408, EB83D5,
EC0070, ECCA7D, EDF128, EF6111, F0D619, F22489, F326D9, F3F673,
F4E041, F61C7F, F7FA48, FA8B9F, FDB58A, 015465, 04D9AE, 07CDAC,
09DD66, 0AC63C, 0AEBBD, 0AE76C, 0B32ED, 0C02ED, 0D39A0, 0E782F,
0F91EC, 1058EE, 10DA44, 112965, 113B28, 114AED, 1150B2, 1172FC,
11B46B, 1216A7, 1267CE, 12A437, 12C764, 12F860, 136C20, 140E38,
14C916, 156F9F, 1624BF, 1709F4, 185838, 1A0989, 1BC50D, 1D5997,
1E9B71, 1F7214, 200B26, 207EFC, 20D747, 2139FD, 21BE9D, 2271B2,
233E37, 23D3B9, 240993, 23BA16, 22E74C, 21B874, 206594, 1F4CF6,
1E9487, 1E4B12, 1E685B, 1EA641, 1EDCB6, 1ED5D2, 1E47F2, 1D18E4,
1B64B4, 197E42, 17D90B, 16D204, 168160, 16A74D, 16FB0C, 1728EE,
16B9F1, 15A3D6, 14247B, 12C9C6, 120DAB, 124924, 139EB1, 15CAFD,
184D0B, 1A7F08, 1BD344, 1C071F, 1B27B6, 195A95, 16F326, 141959,
110B9D, 0DF112, 0AF9D7, 0881D8, 06C2F8, 05BE00, 055334, 05505B,
05266B, 046AA6, 02F0ED, 010E69, FF7060, FE9D27, FEA08A, FF4093,
00022E, 006990, 0053BC, FF986C, FE4FDA, FCC9C6, FB588F, FA9127,
FADC65, FC2DD3, FE034F, FF932F, 00244E, FF8928, FE08DD, FC1293,
FA3E01, F8DA07, F81C94, F827D5, F9067D, FA7A88, FC4B33, FE16F2,
FF7191, 003BDA, 0055DE, FFCB18, FEAFB1, FD4D8D, FC3CE3, FBCCFD,
FC0FCF, FC9465, FC9D04, FB889A, F956E7, F6991C, F41013, F28B2A,
F24490, F31589, F4AF51, F6AE83, F8D37D, FADDA5, FCA891, FE12E8,
FF01B2, FF7A44, FFB18C, 0006CA, 00C786, 02297D, 041C37, 064AC1,
082C09, 0945EB, 08FA5D, 06F0CA, 03539E, FEA45F, F9D03B, F5F975,
F3CCEE, F3568C, F45390, F5F39D, F77809, F858F0, F84051, F743F5,
F5EA43, F4CB97, F46BD3, F4D3C9, F5BB66, F6EC10, F7E97A, F8846A,
F8BE58, F8C80F, F8D365, F8F883, F94584, F9C71D, FA8E4E, FBAA33,
FD0A14, FE7B26, FFBE43, 008461, 00B9A7, 0047DF, FF5134, FE48B0,
FDBFEB, FE2912, FFB4FD, 0223F3, 04E3AE, 075DDC, 08F51C, 095B16,
0881D1, 06A967, 046475, 0236CC, 008A3F, FF7C4F, FEE614, FE7E25,
FE1A12, FDA5D5, FD29FA, FCCFA1, FC78F8, FC5677, FC3C09, FC4B96,
FCAB46, FD5F9F, FE74F9, FFC0DA, 011E46, 02462E, 030FE0, 036702,
0348AC, 02E6C8, 02B182, 02EA0D, 03AF31, 04CB85, 05BB53, 06387C,
06041B, 051917, 03BA2D, 021E8E, 009FD2, FF80E1, FEF729, FEDB0F,
FF00EE, FF4CCF, FFA28D, 000F25, 00964D, 0132F4, 01BBA4, 02017D,
0201F2, 01C472, 0164A1, 011C8E, 012BB2, 01A5A1, 025AB4, 032ED5,
03FD65, 04B22E, 0563CA, 060302, 06818E, 06B9A8, 0686D8, 05D168,
04994E, 03063A, 014379, FF870E, FDE7C6, FC60C3, FAF80F, F9A1F6,
F853AD, F71DFF, F627DF, F58244, F54D41, F561F9, F5855F, F563BE,
F4A426, F35076, F1A62C, F02309, EF3EB3, EF1D92, EFB02D, F0C35C,
F20745, F31652, F3B47A, F3CA78, F37D72, F32E1B, F31453, F340C5,
F35A20, F2F4EC, F2236D, F0F898, EFCE9B, EEF9B5, EE7759, EE4770,
EE08A2, ED73AC, EC642F, EAD986, E930F6, E7BFEE, E70665, E70906,
E7BA80, E8955E, E9166D, E8C7F0, E7940A, E5F402, E46B6F, E396C1,
E3AB33, E47A31, E59C7D, E6A147, E74F4C, E7824A, E72661, E65C7D,
E56D8F, E48316, E3D5B2, E3A495, E3DD24, E46D05, E53DF4, E63BB7,
E77A75, E8D07C, EA039E, EAB26A, EA9A90, E9C785, E89A8B, E7B2A3,
E73F0D, E72256, E73963, E75B24, E7776E, E7B132, E813FE, E8C4F9,
E9E128, EB827B, EDCFF0, F0A58B, F3A663, F65B75, F88ED7, FA56A9,
FBCC5B, FD3C18, FEB6AB, 0036D0, 01D34F, 038D1B, 057164, 0773AC,
096006, 0AEDDF, 0BCE9C, 0C0FD2, 0C0EE7, 0C0C1F, 0C32A9, 0CA13B,
0D3D98, 0E0E19, 0F1121, 100D15, 10C697, 110149, 10A9E9, 0FECA2,
0F26D5, 0ED22C, 0F65B3, 10E05B, 131393, 15794E, 17756F, 18AEF7,
19230E, 1919CB, 18E50B, 18E776, 193AE7, 19F219, 1AF5AE, 1C5A84,
1DF2C3, 1FA946, 2140C8, 224A78, 228E2A, 21D5FB, 208652, 1F3675,
1E6787, 1E93C5, 1FB068, 217763, 2355D1, 24A5D6, 24FFA7, 241C64,
222E56, 1FAFAC, 1D21FF, 1AF239, 193748, 17E3FC, 16CBE3, 15C9A4,
14C6F3, 13D29E, 130329, 127F55, 125A1C, 12C757, 13E354, 158D8C,
17A915, 19A3E1, 1B25DD, 1BD354, 1BB5A9, 1AFD87, 19BC22, 17F60A,
15D04C, 139E7D, 11D613, 10E213, 10BDAD, 111454, 113613, 10B31B,
0F35F2, 0CB872, 0999B7, 064E94, 038A8C, 01B980, 00FC0A, 013C31,
01E3E4, 026B75, 027894, 01F706, 010A51, FFF113, FF083A, FE7E63,
FE7668, FF088A, FFFB17, 00EC03, 0166D6, 00FDD4, FF7FC4, FD115C,
FA21D0, F76891, F58400, F4F2D4, F5FE2E, F85B87, FB6F01, FE7318,
00A2A6, 0197FB, 015416, 00426E, FEF710, FDF756, FD9216, FDDFFC,
FEB03E, FF98D7, 001AC2, FFD8DF, FEC274, FD0142, FACD70, F83F02,
F59E89, F340B2, F182C0, F0CDD2, F11B5B, F25C2E, F44D58, F67C34,
F8A24C, FA583F, FB9769, FC9E6D, FDB671, FF3716, 013F2A, 039324,
05AD5B, 06FF55, 0719B0, 05DD8E, 03A808, 01070F, FEB41C, FD449F,
FCCFBE, FD4251, FE1919, FEC8A2, FEB971, FDC7EE, FC320F, FA3B62,
F851AA, F6A714, F54855, F43CE0, F3B899, F3C0BF, F459BD, F54DC1,
F64DAF, F72AD7, F7D3B0, F84534, F894F4, F8D81D, F91223, F9727B,
F9FEF5, FAA24F, FB1D7C, FB2FF7, FAC0E3, F9F8E0, F93A18, F8FCD9,
F99DB3, FB1A4A, FD4A4B, FFD66E, 02432D, 044EA4, 05BE10, 068C2C,
06996C, 060C98, 052EFE, 046024, 03AED0, 02F5AC, 0241D1, 017C1D,
00F10D, 009E22, 0088E1, 007399, 001522, FF4D70, FE2403, FCF495,
FC0181, FB7986, FB7740, FBDDE2, FC8FB2, FD71D5, FE7743, FF9166,
0097DD, 0182D6, 02591A, 031182, 039A84, 03F4C0, 041517, 03EFA6,
03A7A2, 034D53, 02F9DC, 02A93F, 025245, 020D88, 01FB11, 0234D1,
02B87B, 0354CB, 03EE93, 0459A4, 0453DE, 03BEAA, 027936, 00D624,
FF2697, FDDEEE, FD38A6, FD431D, FDD384, FEA0BD, FF9F7C, 00B997,
020D32, 038D1A, 051AF9, 068B7C, 078BB1, 07F40B, 079534, 06B511,
05A549, 04BCC0, 046712, 04957B, 050957, 05294F, 048346, 02F331,
00B983, FE735E, FCAB58, FB929A, FB0EB1, FAC332, FA6A78, F9D13D,
F8C3A4, F7459F, F57091, F3A993, F262C8, F1D26D, F1E6C5, F25731,
F2BD2C, F2FBEA, F333D2, F3814F, F40C27, F4AB4A, F517BB, F527D4,
F4A7D2, F3BC09, F2A3B6, F1A4B9, F1270B, F151A7, F1ECE0, F2926B,
F2BF93, F2139F, F08C29, EE7BD0, EC93AB, EB66A1, EB0C3D, EB3C99,
EB649F, EB3751, EAAAAB, E9EBA2, E952CE, E90254, E8FA7A, E9156F,
E93167, E9290C, E8FC17, E88DDE, E7CAB3, E6A133, E522EF, E380FF,
E1FF21, E0F06C, E06D95, E0B307, E1B70E, E3415A, E51A78, E6CB18,
E806C4, E8B037, E8D7FF, E8A581, E8555A, E8109F, E7EE4B, E82A76,
E8912E, E8E07A, E8AEB4, E7D526, E65A4F, E4B122, E35D49, E2B0FE,
E2FAED, E418F6, E5CF5E, E7CA71, E9CB8B, EBAD7E, ED4676, EEBC5F,
F02A78, F17B00, F2B61B, F3EA21, F54B72, F72FB7, F9CDDC, FD0FFC,
0089C0, 039544, 058284, 062BEF, 05D780, 052AA5, 04C820, 0535EA,
069F67, 08C1A9, 0B2528, 0D28E1, 0E6545, 0E9163, 0DE64A, 0CBFB9,
0BB787, 0B4081, 0B78AD, 0C6263, 0DBDF8, 0F705B, 114B5E, 13087F,
148A8C, 15A963, 16764F, 16C73A, 1698E2, 1638FE, 160F6C, 1680F1,
1797FC, 191451, 1A8DC4, 1B8635, 1BBB13, 1B406F, 1A6A0C, 19E162,
1A5CCB, 1C1D96, 1F21CD, 22C941, 262F22, 288937, 295CD6, 28A501,
26A41F, 24119E, 218861, 1F91FC, 1E2C73, 1D330C, 1C75EA, 1BB4EF,
1AEAC7, 19E6E2, 18ACBA, 17593B, 160645, 150BD5, 148847, 14BAAF,
159A75, 171483, 18E1B4, 1A771B, 1B5535, 1B12E3, 19B288, 17BA91,
15EB51, 14F651, 153505, 168746, 189649, 1AA19F, 1BD549, 1BBFAA,
1A26CD, 17261F, 134763, 0F0BB7, 0B0D1D, 07FF55, 06350C, 05C503,
065B17, 07766F, 087F81, 09101D, 08C46B, 078FFF, 05AF13, 039658,
01F4BB, 012007, 0154F1, 0242FE, 035C5B, 040C38, 03AE43, 023F0F,
FFFC97, FD5AA6, FB0C08, F97078, F8D6A6, F9241C, F9D9AC, FA9917,
FB0C6B, FB46AA, FB6FA7, FBE738, FCE15C, FE36AC, FFBCB5, 013F02,
029F35, 03BCC2, 047D70, 049FDC, 03FE8D, 02BBFF, 009E67, FDC89A,
FA61D8, F6D67B, F3D942, F1F115, F19775, F282EB, F41D8F, F5DA04,
F71CFA, F7AFF4, F7BD46, F7B644, F805AE, F8E5A0, FA54F6, FC1BAF,
FDEA2E, FF5EE8, 0030A4, 0059FF, 003F3B, 005B06, 00E790, 01DA82,
02DCFC, 036B1F, 03860B, 033F69, 02C61D, 02381F, 015CA3, 002CB4,
FE80E0, FC8F73, FA7944, F87766, F6C703, F5B736, F57057, F5FC1F,
F7209C, F8675C, F96F08, F9EAEF, F9E07C, F94EB9, F898E4, F7F9F3,
F79ABE, F7717D, F773F0, F7A992, F7F201, F84771, F89626, F8E29D,
F94AD8, F9DE3B, FAA639, FBA03E, FCCA51, FE07E0, FF419F, 007914,
01A6F5, 02BD3B, 03ADB7, 0468BB, 04E9D8, 053AB1, 0561EC, 057F05,
059861, 05A70A, 057B61, 04EB73, 03DD3D, 026B29, 00D2BD, FF51B0,
FE3B4F, FD8EBB, FD399A, FD116F, FD1AB0, FDB2E7, FEF057, 00B4A0,
0271E9, 038FD3, 03B57F, 02C61F, 01497D, FFCA3F, FECAA1, FE8C85,
FF08F9, 003B39, 01C3E3, 034026, 046C39, 052476, 0597AE, 05F8F3,
06512C, 06771D, 0640E1, 05A035, 04CABE, 0400DC, 035EE9, 02F64D,
02802D, 01E782, 013CFA, 007906, FFBC01, FF0D37, FE9C45, FE8E28,
FF02C7, 000970, 018A99, 03328D, 0472C1, 04E86F, 0491A8, 040E05,
03E899, 045A5C, 057E53, 06DBA0, 083305, 08EDC0, 08B75F, 07C250,
064586, 04CEF2, 03B54B, 030610, 028F86, 01EB05, 00EFF1, FF8AE5,
FDF468, FC548A, FADC20, F99C23, F88C00, F79620, F6A2CA, F5DF7A,
F55DBA, F52E2C, F55C22, F5A70F, F5DAF6, F5AC15, F50709, F42AD1,
F36EF0, F33718, F3C297, F4E2E3, F63E7D, F76169, F7C4FB, F74D71,
F60407, F41685, F1EA8B, EFE47B, EE5B9F, ED8E75, ED5C69, ED9A13,
EE20EE, EEAB69, EF10DE, EF23F5, EED6AC, EE3CB4, ED8E8D, ED0EFB,
ECCA3F, ECD70C, ED1FBF, ED4FA1, ED23A3, EC4504, EA7C0F, E7E566,
E4E7FB, E2261B, E03B8F, DF89B7, E025A9, E1DBA7, E3F861, E5E2BE,
E71957, E76556, E706A8, E64F7A, E5D9B0, E5DCF6, E66EA5, E75907,
E84EBB, E91ABA, E9876D, E9AD68, E97C91, E8CA6A, E797E4, E5D880,
E3DD25, E233A8, E14C0E, E1786A, E2A36F, E47431, E65F13, E7F658,
E8F67A, E93E45, E9104A, E8DE64, E9537D, EAE1A0, ED6C84, F0AD9E,
F3F402, F6A9E5, F88AC0, F993ED, FA39DA, FB03BA, FC48F9, FE2D13,
00911C, 031F9E, 057F2B, 074960, 082718, 082EFA, 077C8E, 065E91,
054C13, 048831, 045B76, 04F646, 066750, 08CD60, 0C115D, 0F7F28,
12527F, 1403F7, 144D01, 136CA1, 120F51, 10E55B, 10731B, 10EF70,
12103D, 135EA1, 146961, 14B8AD, 143FB6, 1352CE, 127781, 12638D,
13904A, 15F6A9, 193A69, 1CC7A6, 201C13, 22D9A1, 24B5EA, 25951A,
254F61, 24034A, 221681, 20288C, 1ED986, 1E6B41, 1EDEB7, 1FDD8E,
20E408, 218444, 21473C, 1FED3C, 1D9E05, 1AC74B, 1827B3, 16444D,
156762, 1573E4, 16214B, 16EBED, 177DDE, 17CDE7, 17B93B, 1794BA,
176117, 176144, 179584, 1817F8, 18E8D3, 19D39E, 1AB4B9, 1B3967,
1B2B0E, 1A666D, 18E729, 16B0EC, 141915, 11AC40, 0FE147, 0F0249,
0ED8ED, 0EF992, 0ED68D, 0DFF35, 0C650A, 0A2431, 07BEA9, 05C551,
04A6C5, 04B432, 05B4C1, 07237D, 086B97, 091710, 08C575, 0795E6,
05D2AB, 03C0E1, 01A03E, FF5CF3, FD24F4, FAE5D5, F8DB51, F739C0,
F65339, F6720E, F79252, F9A081, FC28F4, FE8D0B, 003EAE, 01160F,
018245, 01F1DA, 02A4D7, 0390C3, 042F47, 03FEDA, 02BD25, 0095AB,
FE00CC, FB9EDF, F9F873, F924D9, F90811, F948D3, F98A68, F960C2,
F8C37C, F7BD8C, F69333, F59918, F4F92E, F4D95D, F52BEB, F5D376,
F6A362, F79CCC, F8ADA8, F9BC44, FACCF6, FBEB59, FD314D, FE997D,
FFE65C, 00D11E, 01500E, 0194DC, 01D7B7, 023241, 027A0C, 0273C5,
01CDD0, 009C3D, FF236F, FDA34E, FC4D3A, FB587E, FAE8BE, FADB01,
FAFEE9, FB043E, FAC850, FA412A, F990FF, F8D144, F7FED0, F734B3,
F67FC1, F5FDD8, F5D6CB, F62FCC, F70B01, F82AA2, F93028, F98349,
F91D26, F8191F, F6E97F, F60034, F598C8, F5FFDB, F71457, F8BB5F,
FACD3F, FCF1C2, FF12CF, 010725, 02BC8F, 04285B, 050060, 051525,
046C38, 035FF5, 025C7C, 019132, 013BF2, 0156ED, 01A0E1, 01D843,
01A669, 012A2A, 007BED, 0008E0, 001447, 0074DE, 011C25, 01ACC5,
01F13F, 01BB15, 00DEF8, FF9F16, FE3004, FD02D3, FC6BA3, FC7CA1,
FD39E9, FE53B0, FF7F0A, 008566, 01439D, 01DBE0, 02632E, 02EA71,
037ECF, 0407AF, 04827D, 04E7B4, 0535F0, 056CF5, 057665, 0561EB,
052567, 04B09B, 03F5FE, 02DF03, 01AEC7, 009E0C, 000CFD, 001A9C,
008CE0, 01044F, 0124D9, 00ADA0, FFC087, FEC88F, FE20A4, FE52E0,
FF79D8, 01610A, 03B059, 05DBD5, 079773, 08C417, 093239, 08E3F7,
07FC4B, 06E078, 05EFC0, 054C39, 052353, 054FB9, 05BCC0, 061B6D,
0628CB, 05A03A, 044F74, 023C1D, FF9ED4, FCFAF2, FABB0B, F931BB,
F86D83, F8537D, F8A94B, F8FF64, F9025C, F887E5, F7A6B2, F6A1A0,
F5E700, F5C663, F65FFF, F78CD2, F8C7E3, F9CFD2, FA3186, F9E4DD,
F8FFF4, F7900D, F5BC83, F39F31, F192C0, EFEF50, EEF8BD, EEDEEC,
EF8328, F0A75B, F1E971, F2DDFB, F317FE, F2500B, F0DAB0, EF7022,
EEB801, EF06DF, F03BD7, F1C15C, F2BC8A, F29297, F123B8, EEBC05,
EBC080, E8DF1C, E68D70, E51DFE, E4B867, E50B56, E5B05D, E6247A,
E61070, E577DE, E4A43A, E409E6, E3DF61, E43470, E4F79B, E62613,
E7A689, E94569, EAC529, EBB4F4, EBCCFD, EADA13, E8F756, E69B53,
E43A44, E27C77, E1E001, E28530, E440DB, E663EB, E823F7, E8E09C,
E83D57, E671B0, E42956, E22FE4, E13DE2, E1AA75, E358E1, E5ED6E,
E8D224, EB95CD, EDF75B, EFD430, F15C78, F2CC8C, F45E74, F63377,
F83E6A, FA6DF2, FCA006, FE95B0, 001AF4, 00FC22, 00FF2E, 0033AA,
FED8E0, FD6E07, FCC0A6, FD5BA4, FF901C, 03290E, 076E6A, 0B99B5,
0ED7FF, 10A123, 10F97B, 104661, 0F207F, 0E16A8, 0D7F1B, 0D5DB8,
0DA0B1, 0E3186, 0EE244, 0FA8D3, 106683, 10FE6A, 11565C, 117082,
118E57, 1205C5, 13137F, 14B65D, 16E6A0, 19479D, 1B98F9, 1D5872,
1E42B0, 1E6D14, 1E41EC, 1E5439, 1EF415, 20350A, 21B960, 2332C0,
243999, 249661, 24573F, 2368A6, 21D79F, 200071, 1E10B7, 1C4C29,
1AF207, 1A04C1, 199ADF, 19976D, 19DAE0, 1A543A, 1AC4D3, 1B0AC0,
1AE348, 1A0F54, 18A6AD, 171673, 15F3FB, 15BE4C, 16BCCD, 189CB5,
1AC155, 1C9F28, 1D838D, 1D2737, 1BC909, 19F674, 183BE0, 16D227,
15B88A, 14ADD8, 1361EB, 11B72A, 0FD18F, 0E08C3, 0CAE53, 0C116A,
0C4E43, 0D1206, 0DF650, 0E959B, 0EC998, 0EAAE6, 0E643D, 0DF849,
0D1942, 0B8F57, 092358, 06099A, 02882E, FF08D1, FC290D, FA6B79,
F9F4D8, FAA109, FC2A2A, FDE232, FF3F6D, 0006A5, 001EFD, FFE5EF,
FFB622, FFCD91, 004AE8, 0105D5, 01BFB1, 0239FF, 02601F, 024751,
020B89, 01B4E2, 014D1E, 00E472, 00569D, FFB1E3, FEE6F7, FDEB79,
FCF5D1, FC2768, FB7B62, FAB9E8, F9ADB5, F8572B, F6E8C0, F5A4A8,
F4EAB6, F4F5F5, F5DD3C, F77082, F95E38, FB1DC5, FC32B9, FC9091,
FC5819, FBE944, FB9C54, FBBB2B, FC6EF9, FD9B05, FF034C, 005F10,
019E51, 02D530, 03E1FF, 047C5F, 044C4A, 03268F, 013A22, FF0068,
FD1716, FBF373, FBBC11, FC5011, FD3680, FDE578, FDF048, FD48B7,
FC3D63, FB23F1, FA5446, F9DDEC, F9A43D, F97395, F8FC1C, F834E2,
F7226E, F60BC5, F530C7, F4B623, F4C22E, F52E27, F60C29, F74B68,
F8C3FA, FA6E62, FC192A, FDB54A, FF2BBE, 0051E8, 00F9C2, 00F9E9,
0067D2, FFAE3C, FF584B, FF8BE8, 00471D, 014C0D, 022EA5, 02BC0D,
02DB38, 028F16, 022C28, 0203A8, 025FC7, 034F04, 0466A1, 05306B,
0541BA, 046B76, 02CAD2, 00E5ED, FF3B87, FE091F, FD7AEB, FD882C,
FE041D, FED5D5, FFD019, 00B476, 014992, 014CE9, 00C973, FFEF37,
FF2DE8, FEC538, FEF3AC, FFDF28, 018EA2, 03D00B, 060B6D, 07E245,
08D6EC, 08C3C2, 07C595, 061E7C, 045E59, 02EF10, 020900, 01C202,
01FA18, 0275B4, 02DE85, 02DFDC, 0242CA, 0112BD, FFA240, FE5D33,
FDA9C6, FDC993, FEB31C, 00296D, 0204DE, 03FDB9, 05A77C, 06A047,
06AA26, 06020A, 05298B, 04BCA2, 0521A9, 067C09, 08673A, 0A6894,
0BDB3F, 0C434E, 0B76F1, 095B7D, 06788C, 035D80, 00B3EE, FEEB77,
FDFEA5, FD94C9, FD3A60, FCB334, FBF998, FB4BBF, FAE4B8, FABF1D,
FACEA9, FAE065, FAD3DB, FAD5A0, FB0ADF, FB7DA7, FC05D1, FC4BC4,
FBFDAD, FAFBC0, F93B0F, F6DD7F, F482BE, F2C020, F1F950, F2616C,
F38BDB, F4E68B, F5B446, F55032, F3C992, F1911F, EF896F, EE85CD,
EEE176, F07F22, F2B8FE, F4FB6D, F68E33, F72B77, F6A1EC, F4F42B,
F281B6, EFB6E4, ED2FAF, EB4440, EA15EB, E997B1, E9828C, E98FFE,
E9737A, E92F31, E8B6DD, E7FD24, E7091A, E5D433, E4A926, E40977,
E45E12, E5B4C5, E7A5FE, E98446, EA9A44, EAA2F0, E9A5A7, E7D5A4,
E5DC04, E4769C, E43677, E540BA, E71787, E909B3, EA5114, EA68FF,
E95819, E76A55, E505F6, E29092, E04EC8, DE9F6B, DDDE2F, DE1F16,
DF7E9C, E1DE8A, E4C8E4, E7CBA2, EA6902, EC7F5F, EE098C, EF5DAC,
F0927D, F1B5A5, F2BAB5, F36D22, F3DC86, F410AD, F43B44, F4784B,
F4F220, F5CF45, F71F46, F8D2E6, FAC5DF, FD074F, FF743F, 01CF9D,
03F10D, 05A279, 06E70A, 07BC6E, 082699, 084E7B, 085B60, 088402,
091298, 0A2EB4, 0BA25A, 0D20E4, 0E5174, 0EE0D5, 0ED12F, 0E280E,
0D1AF6, 0C338E, 0BDDDB, 0C69A5, 0DDE00, 0FE8D8, 1223D5, 1438DE,
15EE0D, 17514E, 18905F, 19CE9B, 1B11B2, 1C2A2A, 1D1388, 1DA318,
1E0039, 1E5CC7, 1EE0DA, 1F8FA5, 203A98, 20C9EE, 210BD2, 20F162,
206E9A, 1F886F, 1E8275, 1D9E14, 1D20FB, 1D0884, 1D0286, 1CA92E,
1BAF65, 1A2189, 1876AD, 172B6C, 16A3E2, 170DE3, 1824E0, 19B31D,
1B2E92, 1C5976, 1D1855, 1D4FDD, 1D06B2, 1C3DB4, 1B0E65, 197987,
179A85, 158D51, 138A76, 11F56F, 111661, 110653, 117B9A, 121198,
128C46, 12D866, 130340, 1320F3, 133E18, 134D4A, 1333B3, 12B91C,
11BA9C, 1015D8, 0DE393, 0B3597, 085DF0, 05A826, 034D51, 01A7FE,
00B861, 006D80, 0087B7, 00D98F, 0123B9, 013307, 00E16F, 000DAF,
FEE8AF, FDBAE5, FCD23C, FC7538, FCBDE0, FDBA93, FF5CD1, 017570,
0380FC, 04E07F, 051F4D, 0420BB, 0259BB, 0077EC, FEEABD, FE11FD,
FDCD5B, FDB993, FDB034, FD6599, FCEEAC, FC35E1, FB58E9, FA79BC,
F9D042, F960B7, F9047E, F8A2BF, F8049D, F756C1, F6C9FC, F694E9,
F6C872, F73EF3, F7C061, F82B2F, F8B20D, F99427, FAE512, FC6E58,
FDE776, FF1F8B, FFD3A0, FFEA2E, FF5D95, FE5E68, FD3B78, FC7221,
FC4EBD, FCFBB6, FE43B7, FFA386, 00B5F2, 0121CC, 00CEFD, FFEB72,
FEEF36, FE1A08, FD7F40, FD0E89, FC7FE8, FBB4B4, FA8FB6, F901BB,
F7462A, F597A1, F42CB5, F32761, F2917C, F28B4F, F32592, F459CF,
F62CDD, F85726, FA624C, FBD2C9, FC639C, FC1AD8, FB1746, F9BFB9,
F8A9D6, F86DC9, F94EF5, FB2E18, FD7D47, FF9051, 00F995, 0190A5,
016EB7, 00DC48, 002EB1, FFA72C, FF83E9, FFF712, 00FBD7, 0260DC,
03C7C7, 04DA89, 0535E6, 04C6E6, 03A4B8, 0212B1, 00989A, FF7A2D,
FEFAD3, FF2BA5, FFD847, 00A5FB, 013BA6, 013CA5, 006C0D, FF034A,
FD72CE, FC34A0, FBAAF1, FBFA80, FD360F, FF36D5, 01A5D4, 0408EF,
05CD3D, 06A97B, 067B46, 0590BF, 0449A1, 03127E, 027E0C, 02A6BA,
03703E, 046ED7, 052B7C, 056FB9, 05270B, 045424, 030D5D, 0153EF,
FF7443, FDF73A, FD43D5, FD850F, FE8CAC, FFD2E8, 00B248, 00D9E2,
0037CD, FF71DE, FF26C5, 001224, 0258E8, 0576C7, 08C1F4, 0B6E93,
0D178A, 0D699D, 0C8286, 0AAF19, 086F3D, 062D7B, 0443A9, 02D1FA,
01CC77, 0141F5, 01138A, 01331D, 0153D1, 0100E4, 001EF5, FE9426,
FCC3B9, FB03E5, F9E546, F9D2E5, FADCDD, FCA9C6, FEAAA9, 00642F,
011918, 005B8F, FE27AC, FAEDC8, F795C5, F52121, F41486, F47A0F,
F5BAFB, F6E08E, F74DCB, F6C6FB, F572EF, F3BE88, F21ED0, F11FE7,
F10B8D, F1C329, F2F1A6, F41D2F, F4FBEE, F58F99, F5E228, F5EE79,
F59C10, F4B138, F31F97, F12EEE, EF4044, EDD5BF, ED35E6, ED664B,
EDF817, EE8264, EE97D4, EDEDAA, EC9497, EAB61D, E8B699, E6E163,
E5A354, E52124, E532F5, E59CB7, E62AD5, E6B608, E754B2, E8045D,
E8A617, E92956, E985C7, E9DEF5, EA3ED3, EAB348, EAFB8E, EAC4BA,
E9EBFF, E85E0B, E6463F, E3D21D, E15A7C, DF5846, DE31D0, DE29EE,
DF203B, E0EE0C, E31BAF, E535E1, E6E802, E80D03, E8D081, E9409A,
E97664, E98872, E990F3, E9C388, EA4FAA, EB7549, ECFA20, EEB238,
F05D14, F1C344, F2C5E3, F35D8C, F3AAA8, F3E864, F47F52, F5C108,
F7C394, FA3E2D, FCD391, FF3639, 0133EC, 02B1AE, 03BD1B, 04924C,
0560FD, 0650BB, 077582, 08A1DC, 099E82, 0A31F7, 0A3562, 09D66F,
0949C2, 08F760, 09134A, 099A7D, 0A7083, 0B72E4, 0CB5FF, 0E2D16,
0FD662, 119697, 1322CE, 146B29, 1553EF, 15A1D8, 158DF4, 156381,
15A495, 16C3AF, 18E58D, 1BC723, 1EA86B, 20F270, 222B18, 227641,
21E848, 20CF72, 1F7F97, 1E3B91, 1D53FD, 1CEBFC, 1CED7F, 1D2141,
1D5164, 1D3919, 1CDABA, 1C671C, 1C12FB, 1BFC89, 1C2B94, 1C9FE8,
1D6CC6, 1E8AD8, 1FDB3F, 20EE61, 213995, 207C87, 1E9EA8, 1C04AA,
190FBF, 164EA3, 143C6E, 1312BE, 130F47, 140CAF, 159989, 1732BA,
185BCD, 18DAC6, 18B84F, 183EA3, 17AD70, 1712E1, 16711A, 15BB51,
14FD93, 1445E8, 13AA81, 1329A9, 1290BC, 119CF9, 101648, 0E0ADB,
0BA308, 094030, 073138, 05BA83, 04DD67, 045148, 03C702, 02EA01,
01A4BF, 003EAC, FF2B2D, FECD48, FF6361, 00D437, 02AF41, 045705,
052BA6, 04F7CE, 03E922, 027958, 013298, 0073EA, 0054E6, 00A0A7,
01407B, 01F735, 0292A4, 02E05E, 02AE44, 020C3E, 011125, FFDCAE,
FE822F, FD156B, FBD4A2, FAD399, FA2BA7, F9F8AF, FA1A99, FA7E64,
FAE011, FAE325, FA680D, F99DC8, F8F37B, F8C78C, F95781, FA8B2E,
FBEFE4, FD142F, FD95CD, FD38AD, FBF7F7, FA3D45, F8A51C, F7DFEB,
F86E1B, FA2BC1, FCA2C1, FF45FA, 01906D, 034552, 04510B, 04903C,
0420FF, 0300F9, 017855, FFE77C, FEA967, FE044A, FDD5EC, FDDEE2,
FD8A94, FC80D3, FAB356, F87317, F658B2, F4CD80, F428B1, F480CC,
F59902, F72153, F8AA57, F9C3BF, FA46D0, FA390F, F99945, F8B246,
F7CD8B, F75E5D, F7B97D, F8EC6C, FAC4C6, FCB788, FE5306, FF4505,
FF6716, FEEABD, FE1BDE, FD539E, FD06D5, FD6A06, FEABCC, 0085D4,
0283FC, 04423B, 0562E4, 05CCE3, 0576D6, 048EBD, 0362A7, 0273F3,
01FB93, 022B3C, 02D789, 0396D0, 03E99D, 037CA0, 024D6B, 00BF46,
FF6494, FE67DE, FDF37B, FDDB66, FE17CC, FEB53D, FFBC81, 0107DF,
023B99, 030D4C, 0325CF, 028CCD, 019140, 00A536, 007DFF, 016C50,
03709C, 0619D7, 08B5D1, 0A7EF1, 0AD907, 09A9B5, 073C6C, 04590B,
01BF7B, FFFFAD, FF4B10, FF33D3, FF7F11, FF98FB, FF6272, FEE7B5,
FE3296, FD9D22, FD6E2F, FDFDD1, FF5939, 014FC0, 038D50, 05A519,
0780B2, 0904E5, 0A2D6F, 0AF07C, 0B07FF, 0A63E0, 093012, 079260,
05DE89, 047DE0, 03A58A, 0353F1, 03591E, 0375B5, 031FAC, 021FA9,
007C59, FE8CB8, FD175F, FC8E21, FD2206, FE9C20, 0053F0, 01BECD,
025A8D, 020254, 00F41E, FF6879, FD8EFD, FBB48D, FA1B18, F8E69E,
F7F91C, F73965, F6B7BE, F68162, F6C504, F75004, F7C495, F7C921,
F7296A, F6143D, F4DA03, F3E9E8, F36CC9, F35076, F37934, F3B241,
F3D991, F3BA58, F384DE, F32280, F2DFA2, F2EAF8, F32BC6, F39EF9,
F3E0C2, F3B794, F30E84, F1E45E, F07189, EECA42, ECE556, EAE02D,
E8D994, E7228B, E5F4C4, E57A5B, E5C9C0, E6AE31, E7FC39, E97C36,
EACF58, EBA742, EBF8E4, EBDAEB, EB62E3, EAC2F6, EA02B7, E929EA,
E84CCE, E76A46, E685A6, E58325, E476E4, E38DC5, E2CBD3, E246CF,
E1DF31, E1A9DB, E1B249, E1D712, E23017, E29C5D, E31412, E39B87,
E41311, E48A41, E4ECBD, E55EE0, E5FD80, E6F1DE, E81375, E937C6,
EA4300, EAE676, EB16A3, EAC9E3, EA2E14, E9B8A0, E9D057, EAD1F5,
ECC59E, EF6DE5, F25C60, F549F2, F7FCDB, FA4C03, FC26D6, FD52E3,
FDD1FB, FDD52E, FDA6EC, FDAC3A, FE3DED, FF8F44, 0167B2, 036272,
052962, 0676E2, 072B76, 0754F8, 071741, 06B754, 068AD7, 06C4AC,
07962A, 08B499, 09F893, 0B1AF6, 0BF6F0, 0C9270, 0D0CF9, 0DB91F,
0EBA98, 104EDC, 12778F, 1506E6, 17B937, 1A53B0, 1C7A88, 1DDE1F,
1E5E49, 1DFD6C, 1CF702, 1BA2E2, 1A5070, 194615, 18A999, 1886E1,
18F50B, 19D539, 1B0216, 1C348F, 1D2B3A, 1DE7BA, 1E74BA, 1F0BF2,
1FCEE8, 20A62F, 2167FC, 21A77D, 211E45, 1FCE1F, 1E14D0, 1C53CD,
1AEAC0, 19EF75, 195052, 18DB9E, 1863C1, 17E674, 1750F7, 16C817,
164E42, 1603AD, 15F5DE, 161D90, 164BA6, 165741, 167CAD, 16F6E0,
17E3B1, 192D54, 1A44AD, 1A9723, 19C863, 17D3D4, 152F1E, 1256DC,
0FDA2B, 0E0E86, 0D0775, 0CA202, 0C780F, 0C2107, 0B36E8, 09881B,
072D8A, 049CAB, 026C9A, 013623, 013249, 02156E, 0333DB, 040330,
0443E7, 03D965, 02F1F7, 01DD5A, 00F129, 00755F, 0083C6, 01054A,
01C47A, 02AA52, 03B653, 04B72B, 055229, 0535D3, 041C22, 021487,
FF84EB, FCDC64, FAC731, F9C8AA, FA09DD, FB35C7, FCAD33, FDF4D5,
FE9C32, FE7AA3, FDB34E, FC9010, FB7CBE, FABF2E, FA8687, FAB960,
FB0B15, FB3AD7, FAFED8, FA4868, F91B36, F78F8E, F60D44, F50A64,
F5084F, F6375B, F854CB, FAF106, FD679C, FF4B98, 00714A, 00F929,
0105BC, 00B0BC, 004EAC, 000AC0, 001AD2, 00A3F1, 016436, 01FB12,
01FA72, 01298E, FF9571, FD6DAE, FB1286, F8D0EF, F7128E, F63373,
F643F5, F72762, F8537A, F94655, F995D4, F9169B, F813B2, F6E44E,
F5F386, F58499, F5B815, F6B2CB, F856DA, FA40CB, FBD65E, FC9DB3,
FC4A62, FB0C2F, F963BB, F81362, F7D583, F8CF4C, FAED56, FDC3C2,
007D24, 0289A5, 038D18, 03824B, 02D51A, 01DEF5, 010CF0, 00A10B,
00A9C4, 011BC1, 01DB24, 02DE46, 03EE46, 04D9DC, 056ADF, 055AC8,
04A70E, 036007, 01C633, 001B5A, FEC7B6, FE3286, FE669F, FF29E4,
FFFF09, 006E65, 00476A, FF9CFB, FEC048, FE2EB0, FE4296, FF5FF9,
015775, 03DECA, 06606A, 083B24, 0938C5, 0947BF, 08B7A7, 07C3A6,
06C044, 05AFC3, 04A0AD, 036C6F, 02295F, 00F57B, FFEE55, FF4808,
FEEAAC, FEC19D, FE9568, FE533D, FE2211, FE3454, FEC363, FFD37B,
01A78F, 041065, 06BE32, 09275C, 0AB3EB, 0B4643, 0ACD75, 09C9F0,
089AF6, 07890A, 06C76E, 06280B, 059BF3, 04DFC7, 03E4DB, 03017D,
025FAE, 022B3B, 0259A2, 02B997, 03159D, 0356A8, 039EEF, 03CBCC,
03F5A3, 0403B2, 03C748, 031720, 01C41E, FFEE04, FDD5B2, FC07E7,
FAF121, FAD2ED, FBAE97, FCEDCC, FE198B, FEB8D7, FE7A3A, FD7992,
FBED13, FA2C42, F86293, F69D46, F50FA2, F3E841, F34F5C, F35948,
F3E5A3, F4CFBC, F5E750, F705D1, F7FAE8, F88135, F88B9D, F81578,
F7359B, F634A4, F5471B, F4954A, F3F263, F326BC, F1E758, F02516,
EE15C7, EC1F91, EABE98, EA2BD7, EA6852, EB34C4, EC47C8, ED3459,
EDC3DF, EDB3E8, ED270D, EC5219, EB8C26, EB2459, EB0861, EB2BA8,
EB5308, EB6F60, EB7972, EB44C5, EAB612, E99349, E7E1CA, E5B295,
E37172, E1A63B, E0B332, E0CC77, E1C693, E3411D, E49B9F, E59B04,
E5F85F, E5D9E2, E58122, E513C7, E4C699, E4B083, E4D246, E52B4C,
E5ADB8, E643D5, E6C988, E6FE50, E6DD67, E66E1C, E62454, E63F69,
E717E1, E8A3D6, EAB61E, ED406F, EFCE97, F2285A, F3E3C6, F4C9B0,
F4E5EB, F490DD, F441BE, F46BAB, F56778, F7402F, F9CE3F, FCC4E0,
FFBFBC, 025263, 0416D9, 04F663, 051087, 049DF2, 03EE65, 0337AA,
029273, 021C69, 01D23B, 01CDBE, 025D91, 03A3C7, 057CAB, 07A162,
09D83D, 0C01BC, 0E3580, 107BD8, 12EC32, 15492E, 171BAA, 181F09,
184628, 17D224, 16F284, 15F735, 155A1D, 156801, 1645ED, 17AB31,
190748, 19D71D, 19F35E, 1970F1, 18C5DE, 1886C9, 18F23E, 1A30A8,
1C062A, 1E29D6, 204E2F, 221D75, 235132, 23DD04, 2397A8, 228E9B,
210D33, 1F4DD1, 1D8A53, 1BEFD4, 1AB91F, 19ECF4, 19A2BF, 19A7EE,
19C178, 19893D, 18D145, 17A1A2, 16457B, 1541F6, 1512D4, 162321,
184231, 1AF507, 1D54B2, 1E8BE7, 1E222F, 1C25D6, 192FFD, 1641C2,
14159F, 1317B9, 1336FD, 13DBE6, 148C76, 14B54B, 14259E, 12B3C0,
109032, 0E0A30, 0B807C, 0936B8, 07464C, 05B879, 04907A, 03E2E5,
03B072, 03EAC3, 042854, 042BA3, 03DE33, 0380CE, 0351C9, 03A379,
046A73, 056F39, 067BBC, 072BB3, 074BDA, 068D27, 051055, 02F3FA,
007A5A, FE3E46, FCA94C, FC0A9C, FC6EC7, FD9E1E, FF193A, 005A8E,
010E55, 00ED7C, 001E29, FEEB11, FDD4EB, FD290F, FD2511, FDBB58,
FE7EB2, FF0153, FEE399, FDEC85, FC1146, F9A0D2, F72A22, F54761,
F46D93, F4C91F, F62124, F80001, F9F5A4, FBA235, FCBC64, FD1C5E,
FCDECB, FC633F, FC2D01, FCA428, FDB4EB, FF2D2C, 00CA78, 023CB5,
035E37, 03F506, 03BB7F, 0294AB, 008AFF, FDF9D9, FB67EB, F96790,
F87893, F8999D, F98A74, FACBA3, FBCA66, FC326A, FBD91E, FACEB4,
F942D5, F7932F, F63FAB, F592DD, F5A66F, F63F0A, F6EDEE, F77F70,
F7EB36, F84E3B, F8B5B1, F90A36, F95E66, F9AF36, F9F5C3, FA53DC,
FACA83, FB6AD6, FC42F9, FD40A5, FE4298, FF0BEA, FF8092, FFA8C4,
FF9A5D, FF955A, FFD356, 0085D1, 01BB7F, 0325E6, 04717B, 054888,
0586D0, 053620, 048EB4, 03BF2D, 02C35B, 01CAA5, 01099B, 00743B,
FFE98A, FF4D4D, FE88BE, FDC99E, FD3F52, FD15B6, FD6F9B, FE41D6,
FF5E80, 0095F6, 01D36D, 030C9E, 044617, 058BA6, 06E43D, 081E3D,
08E7A8, 08EF91, 082BCC, 06D146, 0533E1, 03C6B2, 02B660, 01FB07,
01543A, 005F07, FF21CA, FDC1F1, FCBD8B, FC539A, FCA4F1, FDB5F4,
FF41CC, 012A9B, 0337DB, 052BD3, 06DFFA, 08450C, 0946FE, 09A684,
093D68, 07F93E, 062275, 043479, 02C468, 023732, 02A810, 03DD97,
0560D2, 06EB52, 07F74D, 0864B3, 081F37, 074747, 0622FD, 04D81A,
03B469, 02F04D, 026C9F, 0211E6, 01B9CC, 013717, 00D0DF, 00A607,
00CCC8, 0137D1, 01AC5D, 01E8E1, 01C616, 0147C1, 008220, FF85F0,
FE5968, FD0F6D, FB93EB, F9D5E9, F7FDAD, F65221, F5563F, F55A83,
F66824, F8216E, F9D7AF, FB0936, FB5AA3, FACEA6, F9A5A3, F844EB,
F733CD, F6ADE8, F6CBC7, F7242B, F776EE, F7717F, F6C7BB, F58949,
F3BBEF, F1C01E, EFD97F, EE4F2B, ED34B3, EC8F20, EC6147, ECBBE5,
ED6D7F, EE3824, EEF0B3, EF6325, EF9A7E, EF9A22, EF6A99, EF2D18,
EEDB60, EE7298, EDF53C, ED5EDD, EC9574, EB7A20, E9F1AB, E81F8A,
E644FC, E49902, E36FB1, E2E004, E2F53C, E396F7, E46A03, E56329,
E64B10, E6DD8E, E6F600, E68B01, E5C10F, E4C69E, E3D060, E2EF73,
E2486F, E1DC44, E1EA12, E26083, E30259, E39F5C, E415B3, E4933B,
E55152, E67229, E7CCFB, E90A14, E9D723, E9EFD6, E97CC9, E8BB02,
E803A4, E7F93F, E8EAF0, EB02B5, EE16D7, F18FAA, F50768, F81A52,
FA806B, FC27C1, FD1F6C, FD8059, FD55FA, FCCBEA, FC1007, FB777F,
FB5FD6, FBDF15, FCCA82, FDDA73, FED2EA, FF65AC, FF92AD, FF800C,
FFA5B7, 009644, 029E91, 05B7D7, 09666E, 0D0E79, 1018FA, 121245,
12DB42, 129F78, 11E6DD, 1131E2, 110634, 11AC58, 12E7D2, 143EBD,
151A6B, 1543C2, 14C343, 13CC21, 12E8A8, 1273E6, 12BD31, 13C6C5,
157324, 1782E2, 19C8EC, 1C38D4, 1EB718, 210BF4, 22C67A, 239BB9,
233F21, 21B107, 1F8D7C, 1D4868, 1BA539, 1AF5F1, 1B32F9, 1BECE1,
1C7962, 1C5DFD, 1B4D97, 198C93, 17B058, 16595F, 15EF76, 16B5A0,
1834DB, 19DC70, 1B02D5, 1B3A20, 1A8F87, 193FFF, 17D03D, 16ACCE,
162645, 167A7A, 179DC1, 1930A4, 1A863F, 1B1612, 1AA33E, 1926FE,
16D8E7, 1413A5, 1133D5, 0E8C3C, 0C4C98, 0A89A5, 09532D, 088F5B,
081705, 07BFA2, 072B34, 0630B1, 04FCA1, 03F04B, 037695, 03D041,
04E281, 065CDD, 07D9DB, 08E2C5, 0953B0, 08CAB2, 07486D, 04F001,
023D7A, FFCFEB, FE0446, FD50A9, FD94AE, FE70B6, FF95CA, 009DB8,
015959, 0191DC, 013766, 004F0D, FF231B, FE290D, FDCE4F, FE3E9D,
FF3723, 005ACF, 011FD8, 012758, 005975, FEC23C, FCA906, FA5274,
F83868, F6BC21, F60837, F5F677, F63D1B, F6C5F5, F7687E, F837D5,
F9343C, FA3574, FB12E6, FBB50C, FC21B6, FC8828, FD1EAC, FDF36F,
FEF7AB, 000CC5, 00D071, 00E8CA, 006696, FF7B85, FE81F9, FDB706,
FD4763, FD501D, FD93BD, FDC4AA, FDC071, FD7998, FCFC41, FC5B4B,
FB8C66, FA883F, F9659A, F8484B, F75F76, F6D6E8, F68903, F67E24,
F6A9C9, F6F8DE, F77C8E, F7FB08, F85839, F86EA8, F8644D, F83F01,
F81ADE, F83195, F886A6, F91AA4, F9D3DF, FA7509, FAE80A, FB2CBC,
FB5932, FBC48C, FC996E, FDDB8C, FF7358, 00FD4A, 023080, 02D826,
031639, 03577A, 03DD3E, 049374, 051B76, 05269B, 047536, 03510F,
01FF71, 00CD19, FFE4A5, FF2CDD, FEA627, FE1948, FD761D, FCD826,
FC4C5D, FC3100, FCD1F4, FE57C4, 00AC97, 0367F6, 0608A7, 0808C0,
092563, 097E2A, 0943E1, 08949B, 077E44, 0618A3, 049AAE, 032EBE,
01E3E6, 00BDC6, FFCB80, FF198A, FECC92, FEE2ED, FF329A, FF88B4,
FFCE1B, 004438, 0116A5, 0259EB, 03DD8A, 05422F, 06397A, 0662B4,
05AFB9, 045535, 02CFF7, 01C6FD, 01B7A9, 02DD5A, 04DD0E, 072BDC,
0908AF, 09FC13, 09F02B, 090BE4, 07C7A1, 067AED, 054B50, 045162,
038C86, 031CB2, 0316EF, 0371EA, 042FBD, 050C5E, 05D2C8, 065C87,
0670D4, 05FE96, 050F43, 03EC87, 02F50F, 0271FB, 027805, 02A30B,
028E5F, 01F423, 00C1A1, FF1B8D, FD46A1, FB994B, FA784D, FA0385,
FA1E9B, FA99D3, FB18A7, FB75F8, FB993B, FB720C, FB33CC, FB092D,
FB2361, FB9A8A, FC4777, FCF05D, FD3AF6, FCFCA3, FC2467, FAA943,
F8CAC6, F6A2C7, F4623F, F23D6D, F0817A, EF52F8, EEC0FC, EEE349,
EF843E, F06ECF, F1696F, F225A8, F29CDD, F2EDF9, F32330, F37B74,
F3D75F, F42464, F41B98, F36725, F20310, F00B7A, EDD732, EBB0D0,
EA0387, E8E603, E869DF, E87DA5, E90A4E, E9FA4C, EAF1F6, EB9B06,
EB908F, EA97DA, E8C283, E66BD9, E43879, E2B539, E26A9C, E327B0,
E49DEA, E63711, E7568F, E7C030, E7437C, E6369E, E50816, E42501,
E3F428, E46350, E5344E, E5DA5A, E60D93, E5D32E, E5485C, E4A423,
E417CB, E3EFC8, E457E4, E56CC0, E73D22, E9A6D9, EC7EAE, EF7903,
F25CC6, F4DD07, F6C1FF, F7D2EB, F80490, F77632, F6C2DE, F68F4E,
F71336, F88C66, FA5CBF, FBEF83, FC8CB8, FBEA24, FA455F, F85321,
F6F6F2, F6F138, F8ABE5, FBE0D8, FFFE11, 040C21, 075641, 09B5F7,
0B2FF9, 0C11C1, 0CF055, 0DEAD3, 0EF57F, 0FF8A0, 10C8A9, 114D37,
117147, 115295, 1103B1, 109C03, 1012A9, 0F8E92, 0F2AFF, 0F2A0A,
0FD818, 117FC2, 1425CA, 175EF9, 1A9A42, 1D1DE2, 1E8488, 1EA026,
1DC1E9, 1C8B9E, 1B933F, 1B6294, 1C1EE1, 1DA3B6, 1F7992, 20FB9A,
21AA75, 213E77, 1FE42D, 1DFA92, 1C1CD0, 1AA92E, 19BA67, 195A0E,
196E30, 19CB5E, 1A3B5D, 1A7487, 1A622E, 19F204, 193262, 1887FB,
1827F6, 186667, 193FF0, 1AA407, 1C4093, 1DBD19, 1ED4E0, 1F2A86,
1E8C31, 1CD85F, 1A515B, 174F6A, 1446B1, 11B98F, 0FF5A0, 0EE43B,
0E2D8E, 0D8237, 0CBFBD, 0BD5ED, 0ACC73, 09C324, 08CDF8, 081140,
07A5BB, 0783C7, 07AB7A, 081F13, 08D097, 099D73, 0A1D42, 09F67D,
08F417, 071D7F, 04DE19, 02A9EB, 00FAE4, 000F56, FFE57E, 003201,
00993D, 00E122, 00DFE3, 00ABD9, 005C83, 001DCF, 00291E, 0075C0,
00F639, 015F60, 0190CA, 01A06E, 016C31, 0108F4, 005583, FF2F1A,
FDBC38, FC27EC, FABAFC, F97A78, F871D9, F7BED7, F76BFF, F79965,
F83791, F90621, F9D31E, FA4F4E, FA7EAB, FA8AFD, FA9052, FAC179,
FB1427, FB8694, FC0341, FC928E, FD29B2, FDBC49, FE4A2C, FEC6A5,
FF3BEF, FF9AC5, FFCE97, FFC56E, FF742A, FEFB78, FE7348, FE0878,
FDAEAF, FD34DB, FC7A02, FB67D0, FA3ECD, F92928, F85AC7, F806D0,
F8090E, F85214, F892DD, F8A04C, F86A23, F7FECB, F77C0E, F70C22,
F6BA25, F68A68, F689D8, F6A516, F6DC0C, F71E04, F76A8E, F7C5BE,
F824DB, F873B5, F8A88A, F8B74F, F8CD62, F92B01, FA1763, FBB5A0,
FDEF3D, 009014, 031617, 051DC6, 06253E, 0624D2, 056D09, 0451DF,
032EE2, 0226CA, 014400, 0065E2, FF6113, FE1A08, FC9253, FB2360,
FA27FF, FA11AF, FB0EAE, FCDDDB, FF22B0, 01769B, 038307, 051D7C,
063CE5, 06EE47, 073CED, 070D4A, 064806, 04FBB9, 03607C, 01E450,
01027A, 00F697, 01AC4E, 02C599, 03BDF5, 040AEF, 0363C3, 02033F,
004715, FEB76E, FDED86, FDE66F, FEA65B, FFA7F7, 008275, 012A4E,
017F32, 01CE65, 022222, 029A51, 033EBA, 04078C, 04CB58, 055955,
05A877, 05C838, 05E564, 060155, 05EE87, 05A721, 052BD0, 04977E,
042901, 03F074, 03F346, 043251, 04AA6B, 054B61, 05D141, 061590,
060ADA, 05A490, 051C51, 04B34C, 04A522, 050F0E, 059D0B, 060682,
05D4EB, 04DB47, 035C2D, 01998A, FFF209, FE9425, FD8C5E, FCEC8E,
FCA045, FC6572, FBF8B9, FB44C9, FA5BED, F995B3, F94A69, F9B499,
FAF10B, FCCB39, FEEBD2, 00F190, 027F75, 032B3B, 0283C7, 00669E,
FCF47A, F8E4B8, F51515, F246B9, F0E967, F0D448, F1A5C9, F2D2D1,
F3ECEA, F4A7C0, F4DC19, F49013, F3C5BF, F2D593, F1FD0A, F16204,
F14555, F19F59, F259C2, F32FF5, F3CA39, F3F9F5, F37E6A, F25D9A,
F0DAE7, EF35CB, EDD039, ECFB13, ECCA61, ED26CE, EDB412, EDDBEB,
ED300C, EBA04D, E95CBC, E6DF06, E4CEF0, E3B0A3, E3D966, E50B62,
E6C31A, E86C4D, E976A6, E98C09, E89EDD, E717CC, E5674D, E419D8,
E3864F, E39325, E40F39, E48EAA, E4CBA4, E4ACA4, E42BB0, E35DAD,
E24C7B, E1230A, E00C89, DF7440, DFC4B7, E121DB, E3823B, E69019,
E9AC07, EC6171, EE4DF6, EF4E4C, EFB845, EFEDD9, F082D4, F1E305,
F3EA95, F63366, F81937, F8B6E5, F7E922, F5F566, F3A3A6, F1CA7C,
F0B80C, F0B359, F19F97, F373D9, F5E4DE, F8D1C0, FBE899, FED9ED,
015EE1, 034FD5, 04A607, 05776F, 0612B6, 06AA64, 0781DF, 08AA8F,
0A1A99, 0B9F68, 0CF759, 0DD51D, 0E0178, 0D782D, 0C850B, 0BC38D,
0BB39C, 0C8EBD, 0E4722, 1068BA, 127CD4, 143D5D, 153A2E, 159A6F,
15A081, 15901A, 15DDB7, 16A074, 17F2DE, 19BA04, 1BA1D0, 1D6E22,
1EE34F, 1FFD24, 2089E7, 209F99, 20110A, 1EE166, 1D5528, 1B93EB,
1A2867, 1959F0, 19225D, 1953A2, 1986A9, 199318, 196E7A, 19181A,
18D32E, 18E31B, 1974AB, 1A7DD3, 1BCE77, 1D20D3, 1E2897, 1EBA0F,
1EBC60, 1E61FD, 1DBDEC, 1CECFF, 1BFA8E, 1AC162, 19415D, 178913,
15BB32, 13F75C, 125CCB, 110158, 0FC49D, 0EA135, 0D8FE4, 0C9922,
0BC828, 0B2DD5, 0AE554, 0B0AF1, 0B9D66, 0C51A8, 0CC088, 0C93B2,
0BB206, 0A4953, 08A53A, 07108C, 05C1D0, 04D757, 04371E, 03B423,
031E65, 027964, 01F98D, 01AD07, 01B6A4, 0206E2, 02553C, 028073,
025B88, 020B81, 01A913, 01692C, 017CEF, 01B6A5, 01EC3B, 01DF43,
015EDE, 006726, FF28E1, FDD33A, FCA6C4, FBCC28, FB50B8, FB3222,
FB3905, FB3462, FB15CD, FAD133, FA7D48, FA1FBF, F9A289, F92740,
F8C8CF, F8B6B2, F917AF, F9D153, FAE5F1, FC1AD3, FD2934, FDE9E7,
FE3393, FE357B, FE2613, FE38FD, FE6BFC, FEC9EE, FF4F32, FFBAED,
FFEF0B, FFB80C, FEFB74, FDF957, FD0528, FC776F, FC4215, FC2375,
FBF4C3, FB696F, FAB2B9, FA01D0, F95AFE, F8E7DA, F8AE03, F8B02B,
F8CBA9, F8DBFD, F8DB25, F8BCF2, F88E0B, F849E9, F7F1D9, F762EA,
F6700B, F50D9D, F35F60, F1CE03, F0EACC, F14972, F34080, F6AAE6,
FAD3FB, FEF376, 023926, 043918, 04DC73, 04667C, 037998, 028D54,
01C82D, 011890, 00569D, FF74E8, FE95F6, FDD14C, FD5F6E, FD588B,
FDA337, FE1807, FE8687, FED2A4, FEF154, FEFE73, FF4D11, 001F3F,
016BBE, 02DC7A, 03E37E, 044EF3, 0407D3, 03633A, 02E5AC, 02F9AB,
03C271, 0500BD, 065F1F, 073906, 0737F5, 0645CE, 048FD2, 027537,
008401, FF3FBC, FEE64A, FF66A5, 004504, 00F3C4, 011C24, 00C3B5,
003D03, FFD17D, FFCAC7, 00310F, 010462, 022AE4, 037142, 04AB1D,
059D3C, 061A4C, 061C53, 05BC86, 050E3E, 043637, 036210, 02D106,
02B3AE, 034180, 046B90, 05E428, 072ED0, 07C215, 075E0B, 062380,
0499CB, 0349F8, 02BD46, 032D23, 049B13, 06C144, 09322C, 0B5C2D,
0C9E34, 0C9E40, 0B459C, 08C581, 05698A, 01C130, FE9BAB, FC78AD,
FBA20B, FBD433, FCA473, FD9510, FE26E1, FE1E1D, FD99AB, FD150F,
FCF656, FD9D4E, FF07D4, 00CEFA, 026347, 035DDB, 0349E4, 022B7E,
002AF6, FDB2F8, FB6577, F99561, F8913C, F843B0, F8948F, F924EF,
F980B9, F95C98, F8839B, F6EEF1, F4EE81, F30296, F17FB2, F09A33,
F070B7, F0FB0E, F21F57, F39CE6, F520F9, F64A04, F6B026, F6183D,
F4B977, F32EBB, F20FE5, F1A592, F1EEC9, F28B58, F2ED3E, F2A2CB,
F146C0, EF1718, EC814F, EA0FD9, E8593D, E78DCB, E7BDAC, E8AD6E,
E9D3D6, EABB8E, EB1E53, EAEF12, EA40C1, E94557, E81408, E6EDD3,
E61842, E5B9A2, E5FC9A, E6BAB9, E7A085, E82ED2, E7E780, E69B32,
E42E79, E124AF, DE2A89, DC0575, DB4593, DBE4FD, DDA4ED, E033DC,
E31073, E5C87E, E8112C, E9A584, EABA57, EB91A5, EC61A1, ED672F,
EE8DDB, EFB2E4, F0C2E9, F18CD9, F21123, F25780, F23DD0, F1C510,
F0F2FF, EFDF0C, EEE296, EE7E78, EF182A, F0C6D8, F344EC, F615B2,
F8B826, FAC060, FBEBC4, FC52B4, FC6022, FC9B82, FD8B86, FF2C9F,
015184, 0386AC, 057698, 06F4D3, 080BCD, 09059F, 09E555, 0AB75A,
0B4E7A, 0B9531, 0B9AE0, 0B866C, 0B8C91, 0BDC6A, 0C778C, 0D5A05,
0E648D, 0F7640, 1092A0, 1191C3, 12846C, 13B4A5, 15483D, 173917,
195192, 1B4280, 1CC1D4, 1D8887, 1DA330, 1D42BD, 1C9C24, 1BF1B5,
1B60B9, 1B02EB, 1AC81C, 1A99A9, 1A4619, 19B695, 18F5E4, 18413C,
17EA90, 181277, 189E98, 194BFF, 19F625, 1A8866, 1B2542, 1BF320,
1CF6DA, 1E1BE1, 1F3615, 2003E9, 202C02, 1F73E9, 1DEC33, 1BE1E5,
19D3AA, 182BBC, 17083B, 164E74, 15B09A, 14F0E8, 13F7ED, 12D68F,
11B99C, 10C7B5, 100943, 0F88DF, 0F3DD7, 0F01EA, 0EC39D, 0E58FD,
0DCD14, 0D1ECF, 0C48F5, 0B4DBF, 0A214B, 08D667, 078F77, 0677C7,
05B351, 0558F1, 05609B, 059DF6, 05DCC0, 05DE47, 0583E2, 04D890,
040C08, 033FEA, 029A55, 023F98, 022A0D, 024EB4, 028477, 02A1CF,
02841E, 022F93, 01A0AC, 010327, 005D92, FF9BF7, FEF152, FE6653,
FE192D, FE0CEA, FDF433, FDC260, FD5280, FC8D22, FB856A, FA5455,
F951D9, F8CDA6, F8EF3C, F9B25D, FAC65E, FBA888, FC01AE, FBE626,
FB7C51, FB1E84, FB2399, FBA816, FC8946, FD9D97, FECAEC, FFEBA5,
00CE1A, 014AD2, 015F20, 010BA9, 0054DA, FF3E64, FDEB2D, FC7954,
FB20B0, FA3853, FA20A2, FB093A, FCBA15, FE8E40, FFD961, 0042F8,
FFA0C1, FE53CE, FCDCBB, FBA7A5, FACFAD, FA0494, F905E1, F792BA,
F59445, F33CEF, F0FD82, EF7E81, EF41D0, F08719, F2F3FB, F5F6D3,
F8C33C, FAED60, FC630C, FD54B6, FDF7A7, FE66C3, FED3F5, FF12A5,
FF372D, FF549D, FF6B49, FF935F, FFC5CE, 00019F, 002421, FFFC11,
FF8B5E, FED6DC, FE1A0D, FD893A, FD4A28, FDA92B, FE831F, FFB510,
00F8C2, 01CD2B, 01DCBB, 0133E3, 0042D0, FFAADD, FFF990, 01692B,
03C0A5, 0650C4, 0856D3, 093849, 08E443, 077D3F, 058EC0, 03ADA1,
021F84, 013745, 0103CC, 01607D, 0216AB, 02D508, 036246, 039B45,
033D3A, 0241EB, 00B8C6, FF0539, FDC4F6, FD6EAE, FE61F4, 006960,
02F956, 057F56, 074217, 07E975, 077FF4, 063534, 04B0A8, 035F68,
0299BE, 02731D, 02D1EC, 038C49, 042322, 0468AE, 042059, 038413,
02DA5A, 029529, 030A5A, 045039, 066A6F, 08F62A, 0B826B, 0D8E31,
0E901F, 0E51D5, 0CDAD0, 0A8B3C, 07D54F, 052333, 02D66B, 016693,
00F2E9, 01543B, 021AC6, 029D1C, 027B01, 0181C1, 0005DA, FE983C,
FDA306, FD8500, FE4175, FFA317, 0132F6, 026E7A, 030535, 02DC40,
0226CD, 012AF8, 00371C, FF813D, FF1C77, FEEDAE, FEFF89, FF19DF,
FF23B1, FEECAB, FE29A3, FCB6CA, FA87D7, F7EEFD, F56232, F385BE,
F29086, F296E4, F39201, F4FE60, F68B46, F799E5, F7DB0A, F74397,
F5F4C9, F4A365, F3BCC8, F39D00, F4129D, F50810, F6162E, F6E69D,
F71B81, F65F11, F4C2A8, F26ADF, EFC01D, ED5827, EB9C8B, EAB043,
EA8BB7, EAECD5, EB963D, EC5292, ECFF9B, ED7211, ED7E0B, ED16F5,
EC5D44, EBA6AF, EB37E2, EB1F9B, EB3739, EB2A07, EAA290, E9694F,
E773F7, E4EC2E, E23FF1, DFD874, DE19D9, DD2A38, DCEB40, DD5F46,
DE6BB7, DFF838, E1DCF7, E3E873, E5C41D, E74D7A, E851BE, E8DCC6,
E91F66, E9533D, E9D4D6, EAB4E6, EBEE3F, ED1291, EDE2E4, EE2B61,
EE06CF, EDC1EA, EDA42C, EDF4EE, EEAA6A, EF8697, F0453F, F0C7FC,
F11E6E, F172DE, F1F140, F2A41B, F38F3F, F4B866, F60900, F76950,
F8DA45, FA44A0, FBAC45, FD3886, FEF82A, 00FB0A, 030F2B, 04DF83,
06188A, 069B4B, 068FC3, 064F88, 063565, 06748D, 071178, 07EB30,
08DC46, 09BD23, 0A7079, 0AF5CA, 0B798F, 0C3BEA, 0D8976, 0F7D97,
11C37C, 13FA0B, 15BA63, 16D780, 178D53, 181321, 18A220, 19335F,
19A234, 19CDFC, 19B699, 196300, 19023B, 18AFBD, 185EA4, 1815C1,
17CCCD, 178510, 1738D4, 1706C0, 1707AA, 175BCD, 18269D, 1966A5,
1B128C, 1CE58D, 1E7D56, 1F8D10, 1FD430, 1F5C20, 1E5D8C, 1D25FB,
1BFCBA, 1B120E, 1A868C, 1A5611, 1A2F4A, 19EBF9, 19689D, 18A4BC,
17CE2F, 16D611, 15DAFB, 14E212, 13FC0E, 133BFD, 12AD8D, 123F76,
11C944, 111825, 1023B9, 0EE9FB, 0D6BBD, 0BDB28, 0A7562, 097CFA,
08F8C2, 08DFFA, 08EFDB, 090543, 08F560, 08A19A, 081060, 074615,
0661B4, 057B59, 04ADDC, 0414AA, 03E42B, 04238D, 04AA55, 051C66,
053D7B, 04C67B, 03BE12, 025648, 00C283, FF5868, FE5331, FE0A25,
FE8851, FFB67A, 010439, 01E999, 01F079, 00DF7E, FF1024, FD0D3C,
FB6FC3, FA9781, FA5C07, FA49D4, FA0E4D, F98467, F8D5BB, F85771,
F8405D, F8AF93, F9913D, FAC092, FC2797, FD6C7D, FE74DF, FF466C,
FFADD9, FFBEBB, FF41DB, FE31E5, FC93E7, FAB1C5, F92274, F85858,
F8B8C1, FA4C09, FCA923, FF3F5E, 016E56, 029193, 028543, 018CB2,
00249C, FECFAF, FDC836, FD24D8, FCE4A0, FCC564, FC6BDA, FB7A6C,
F9AEE8, F728A7, F45EAC, F1F016, F03BFF, EF9B82, EFFE0A, F1466D,
F32832, F52F71, F72EF0, F8C57B, F9B4F8, F9D12C, F931A6, F83F36,
F79346, F7CAF8, F92040, FB6E29, FE2A82, 0075FA, 01B125, 018E88,
FFF5B2, FD6BEF, FAE06D, F92043, F8C8E8, F9A210, FB4F01, FD3842,
FEB263, FFA92A, 0005C4, FFD824, FF5F80, FED0A6, FE7942, FE98B4,
FF43C2, 006624, 01D0CA, 034E48, 0493E0, 057356, 05CACA, 05A4DF,
053628, 04A0F3, 04371C, 042537, 046B91, 04CC96, 04E13C, 044EE8,
02FE69, 011D5B, FEFCDD, FD243F, FC1347, FC32E2, FDB353, 0040AD,
0345D5, 05E389, 0773D5, 07C8B8, 071289, 05B70C, 040C5B, 02864A,
017298, 00D210, 009851, 00A231, 00E9B8, 0163AC, 01F115, 02677D,
02B739, 02CA91, 02DB60, 03289A, 03EC34, 05724F, 078C63, 09F677,
0BFDD6, 0D0F55, 0CF1DD, 0BCA6E, 0A1ED9, 08701D, 072D9A, 0694A0,
06874C, 06C254, 06EAF6, 06B813, 061410, 04EE34, 037726, 01DA78,
0047F3, FF11A8, FE68CA, FE7855, FF2C85, 004A15, 0193C5, 02B45C,
036792, 035E36, 02B441, 01A9E2, 00B01D, 0015AE, 000276, 007BB1,
0139C6, 01F719, 025895, 021944, 011035, FF4C07, FD0810, FA9BAF,
F88405, F70180, F64364, F637C6, F69BE8, F7165D, F74133, F71F33,
F6C6CB, F675BA, F63E3E, F62FB0, F655EF, F6B89B, F756F9, F81769,
F8D62A, F94BFA, F90D53, F7D40A, F5BF6B, F3245C, F08243, EE6138,
ED20E3, ECBB5C, ED0395, EDB194, EE940A, EF8BD9, F06B32, F12148,
F1A185, F1F420, F1E33E, F152DD, F04538, EF009C, EDADD9, EC6EC7,
EB4BA1, EA2341, E8C99C, E70D49, E519C0, E316C2, E15960, E035D6,
DFC1A0, DFEBEC, E0A354, E19BF8, E2AA3A, E39A21, E428D9, E470D0,
E48580, E4C2AA, E58172, E6A1DE, E7F57F, E93A23, EA1E59, EABC62,
EB3D17, EBC09B, EC5917, ECEEA7, ED6746, EDA6A7, EDB5EA, ED978F,
ED9B52, EDEA6A, EE9A56, EF8600, F06B28, F12AAC, F18F94, F1B83C,
F1DBDE, F24286, F355AD, F51926, F780E4, FA2485, FC7B4F, FE3F05,
FF4E0B, FFBABF, FFDEE1, 001B30, 00AB00, 019C8F, 02BB3C, 03D0B6,
04935D, 04F8C0, 05300B, 057DDB, 0602A8, 06DA82, 07F9CE, 094C06,
0AE67C, 0CA270, 0E70D9, 104C60, 122EE3, 14075D, 15945D, 16B65C,
174164, 173955, 16D815, 166AFB, 1635EE, 1645D9, 16A133, 171B44,
179B41, 17D6C6, 17BBD9, 1740E2, 169117, 16162D, 16067E, 16ADE1,
181E90, 1A1CF2, 1C4113, 1DFFA4, 1F071B, 1F16D9, 1E743D, 1D729B,
1C4FEC, 1B766C, 1B16E4, 1B48E7, 1BFBE2, 1CDFD5, 1DA1E9, 1DFD49,
1DC79C, 1CEB65, 1B8DE4, 19FCE0, 187B2D, 176372, 16CF63, 16B4EE,
16D8EA, 16E557, 16B004, 160A2C, 150441, 139A10, 11EF8B, 1035F6,
0E8864, 0D0110, 0BAF24, 0A9DE4, 09F0AD, 09B8D9, 09EB27, 0A5F2D,
0AB4D7, 0ABF57, 0A6C84, 09F2B1, 09AB4C, 099F50, 099FDB, 094046,
082AD7, 06639A, 043651, 0231D7, 00C522, 003F14, 00C0DB, 021068,
03D6A2, 05952D, 06C4B8, 06FCC4, 0614B3, 043353, 01AE9F, FEFE54,
FC9769, FADA05, F9ECA1, F9D87C, FA73A3, FB5B10, FC37DB, FCC07D,
FCD0F1, FC7012, FBCF06, FB4421, FB129C, FB67D2, FC454B, FD7EAB,
FE9E44, FF232B, FED4E8, FD74F3, FB4339, F8DA24, F7054C, F6704A,
F74119, F975A1, FC48F3, FF0F51, 012A1F, 02519C, 028953, 02278D,
018374, 00D717, 005C9A, 0009C0, FFEE67, FFFFDA, 002908, 00368E,
FFCB27, FEB3A5, FCE392, FA8024, F7CD52, F5445A, F36F03, F29A26,
F2CCD5, F3AF7F, F4C610, F584D9, F5B463, F57BF0, F53913, F570DB,
F6602E, F80861, FA1E0F, FC137F, FD7324, FDF9A3, FDB652, FCD030,
FB9620, FA4D23, F96499, F92872, F9B7EB, FAFD56, FC8E8C, FE09C6,
FF37A5, FFCF5D, FFAB63, FEF711, FDA278, FC11C5, FAB84C, F9F09B,
FA1592, FB4AC1, FD8245, 0058CD, 033379, 058543, 06F25F, 07514D,
06CEBA, 05CBD6, 04C793, 044A64, 046E37, 04E35A, 052420, 04AFED,
03647C, 0194CE, FFE5B2, FED644, FEA66C, FF5098, 007E85, 01FE3B,
038F28, 050404, 0629BE, 06CF5D, 06BEFF, 05E1C2, 04707F, 02A2BC,
010A05, FFF01B, FF98A9, FFF0C3, 00D1E5, 01F454, 02EC93, 035EC4,
030A16, 021357, 00D9D3, FFDFB8, FF8F53, 0035FF, 01BF74, 03FC33,
067A8D, 08C8A4, 0A94A5, 0B9DCF, 0BD52E, 0B5BF6, 0A93F7, 09C3FD,
091F41, 08BFC3, 087EAC, 08487D, 07F6C5, 078BA1, 070374, 066327,
058C35, 0474F8, 034D30, 0235A1, 0194DB, 016179, 0188F0, 01D32A,
021A13, 0233AC, 021960, 01EF62, 01D221, 01EF1F, 022D70, 026C54,
02BC79, 032ECD, 03CBAE, 047342, 04D641, 04B840, 0405BC, 029DE1,
009DB5, FE4C82, FBF67D, FA04CD, F8B850, F83B11, F869B8, F8EDB8,
F97B80, F9D4A1, F9E70A, F9D4AD, F9D257, FA0494, FA7532, FAF8E2,
FB3BA4, FB0F4B, FA63F9, F94200, F7D222, F64D8F, F4C420, F357AC,
F20936, F0F6A6, F05C0F, F0348E, F094D9, F171B9, F29DC6, F3CB24,
F4A504, F4EE6E, F4AD87, F3F46C, F30DED, F23F15, F1B80F, F18F13,
F1861A, F158B8, F098F6, EF2096, ED1AAB, EAD55E, E8B5FE, E6FEDD,
E5BB4E, E4DC61, E43F41, E3B20F, E31987, E2790B, E1E5A5, E19D0F,
E1D3B9, E26CB1, E34CE1, E41979, E4C55D, E546C2, E5BAFD, E670DD,
E768A5, E8A10F, E9AB6A, EA4F71, EA70B9, EA2663, E9C487, E9B038,
EA249E, EB3C66, ECACDF, EDF135, EEA28B, EE76AF, EDA4A4, ECAE26,
EC25C1, EC6404, ED5E15, EF0521, F116E6, F35671, F5533B, F6E385,
F8172F, F8CAB3, F94286, F9972A, F9FA55, FA9110, FB697B, FC6EE7,
FD8AD7, FE9565, FF5DA9, FFE915, 003C06, 006625, 00A212, 01235A,
021015, 038FAA, 05AB13, 0855FD, 0B4FD8, 0E1837, 1037C4, 115DD2,
11A459, 116DA3, 111AC9, 111F62, 119570, 125820, 134051, 1408DC,
14A6C5, 15057E, 151EB0, 151F4B, 150748, 14E4F1, 14D4CC, 14E01F,
152B78, 15D983, 16DA04, 182018, 196D09, 1A5D3E, 1ACC7D, 1ABE1D,
1A7F09, 1A7AC2, 1AF795, 1C029F, 1D45E3, 1E45CC, 1E8804, 1E04A2,
1CD361, 1B5A61, 19FDC4, 191CF7, 18F874, 199C13, 1AF505, 1C8FB6,
1E1D33, 1F1422, 1EFD2B, 1DB500, 1B371C, 17F197, 1477C3, 117BBD,
0F985F, 0ECEDE, 0F0B63, 0FF829, 10FB9E, 11A29E, 118B2D, 10AC00,
0F119B, 0D19E4, 0B51F3, 0A0A37, 097302, 0989F7, 0A0579, 0A82CF,
0A8935, 09C165, 0859F3, 069623, 04E425, 03CFAD, 03A33A, 049920,
066140, 085585, 09E3F4, 0A6D78, 09B18D, 07B9B6, 04CEC4, 016FDE,
FE2796, FB90BF, F9FE45, F9B6D3, FAB41D, FC8B44, FE8FE6, 00086D,
00A060, 002C34, FEF5AF, FD81B9, FC478B, FBB616, FBBCED, FC1FCD,
FC8294, FC9021, FC357F, FB66A9, FA5F09, F96955, F8B33B, F8636C,
F873F5, F8CADD, F969CE, FA463C, FB6543, FCA81D, FD9F75, FE2603,
FE4F87, FE450A, FE745F, FF20F7, 005F8F, 020E0E, 03B75F, 04CE66,
04E8C7, 03DF57, 01C940, FEF932, FBE6CD, F90E78, F6F2D1, F5D312,
F5856F, F5C5E0, F63778, F67774, F66344, F604BB, F575D0, F4F1AC,
F4AEBF, F4C6A9, F53850, F5CF35, F673F3, F73545, F7F194, F8B78C,
F962A7, F9C52A, F9EF3C, F9E4FB, F9D2A0, F9FD7E, FA8FEB, FB81C3,
FC90AC, FD4D03, FD5AC4, FC5F85, FA7A72, F81A87, F60B05, F4FA90,
F53582, F6E7A3, F9ADF8, FD0064, 003176, 02A937, 043B1F, 04CE6E,
049234, 03E012, 02F70F, 0211C5, 014E88, 00D040, 009C1B, 00AD23,
01157D, 01B53E, 0262F0, 02C858, 02CAF9, 026FD4, 01E7D6, 01734D,
014B07, 019BD7, 02452D, 032BB6, 042AE9, 04FA12, 053D54, 04F78C,
042935, 031887, 021D8B, 016967, 012512, 0137E7, 016CDD, 016D36,
011B31, 008B5E, FFC6FE, FF0DCC, FE7729, FE34E9, FE845D, FF5CAD,
00C9EF, 029989, 0484F8, 067101, 07FE25, 08F83C, 096513, 093A61,
08C402, 085FA4, 0837BC, 085C92, 08AC74, 090FEB, 096A68, 09997B,
098A40, 092632, 0875C9, 0768DF, 062325, 04D263, 03893E, 027E09,
01D9E5, 01ADA7, 01EA22, 025029, 0295CA, 028DB1, 025B58, 024779,
02959A, 0384E6, 04F92C, 068F62, 07E840, 085FC0, 07B3D8, 0618CC,
03D337, 01639F, FF1A10, FD4D3D, FC23DD, FBA61C, FBA93C, FBF983,
FC7341, FCEE3B, FD7204, FDE1CE, FE164E, FDFF70, FD8CBF, FCF75F,
FC60E9, FBDCFB, FB6611, FB04A6, FAA755, FA2B7D, F96ACD, F83621,
F69D15, F4D4CB, F34862, F25C55, F24595, F30306, F42FDA, F54FB1,
F5F403, F5D8AD, F52388, F41D7B, F33E80, F2FFFD, F36E97, F46991,
F58030, F62ED6, F6463A, F5C489, F4C319, F37138, F1D654, EFE932,
EDB7CF, EB7613, E9841C, E8337C, E78A38, E74493, E716D5, E69C2D,
E5AA74, E45FE9, E2F556, E1D33F, E14F46, E19C9B, E2B303, E43834,
E5CA8D, E7046C, E7B580, E7EA5A, E7BD4C, E7698E, E728DB, E72C9C,
E796D9, E86DB8, E9A182, EAD450, EBA15B, EBD839, EB7968, EAC830,
EA23FB, E9CD6D, E9F44B, EA9489, EB9F7F, ED1F02, EF0655, F13364,
F3618B, F534DA, F65345, F6A82D, F65F8D, F5E8FD, F5B868, F62B93,
F72F9F, F8722C, F9AB28, FA8C93, FB049D, FB03D8, FAE4B6, FB0E90,
FC05CD, FDDB2A, 00528E, 02D49C, 04EFCE, 069AA5, 07BA8A, 089593,
09619F, 0A3F6E, 0B290F, 0C2B1F, 0D5747, 0ED128, 108A90, 127953,
144362, 154C0A, 154E99, 14421F, 12988F, 10E541, 0FC6E0, 0FBCA6,
10DED1, 1304F5, 15A4CA, 180EA7, 19BA17, 1A51C4, 19EF0B, 18FACD,
17F490, 175100, 175A36, 181947, 195869, 1AB952, 1BEC57, 1CB071,
1CEFF6, 1CB0FE, 1C35DA, 1BE343, 1BE831, 1C784D, 1D89C6, 1ED24B,
1FFAFF, 20CC83, 20F7D9, 206CFD, 1F26AA, 1D1C1F, 1AA26A, 184098,
16737A, 159CD1, 15DA07, 16C59C, 17F2DC, 18BAFF, 18AFF7, 17B35A,
15EEF2, 13B9B5, 1168BD, 0F4241, 0D761E, 0C26A6, 0B4067, 0AC028,
0A799B, 0A6DD8, 0A624C, 0A7517, 0AA6E5, 0ADBAC, 0B3229, 0B87DE,
0C0567, 0C9D8E, 0CF0D2, 0CC5D2, 0BD884, 0A0C71, 0794F8, 04CCEB,
0243CE, 007321, FFA02B, FFD80E, 00D4E2, 021827, 030B9A, 033DD4,
029BEE, 017F3E, 0049F3, FF5640, FEB1D2, FE5D85, FE5B5D, FE92C6,
FF03F1, FF7D81, FFC331, FFA5F1, FEF50B, FDAF6E, FC00A5, FA4615,
F8BAF2, F7B3D9, F76032, F7CCA6, F8D1D6, FA0D33, FB4AA2, FC2AE2,
FCA4A9, FCE54F, FD41A5, FE006A, FF584D, 011979, 0300B0, 04A091,
056A53, 052EE6, 03F256, 022000, 00378E, FEA713, FD9ED3, FD2708,
FCFFB7, FCECF8, FCC00F, FC677A, FBE3F6, FB1490, F9F7BD, F884A9,
F6C440, F4EDAB, F35C89, F27CED, F28B9E, F38C90, F55DD0, F79863,
F9B3A9, FB3798, FBF038, FBE861, FB554B, FAA1E5, FA06B9, F9AA76,
F98BE4, F979A8, F94559, F8D21C, F82A72, F77873, F6E6BE, F690FD,
F6885D, F6D10C, F773E5, F8831E, F9F82C, FBCBE1, FDCA74, FFA280,
0107B9, 01D5D6, 020023, 01784B, 006EFB, FF399F, FE50C9, FE0BA9,
FE841E, FFA3F8, 0112B1, 025BFB, 02FEF2, 02E85F, 0250AE, 0180FA,
00EA3D, 00B3C5, 00FBD1, 01AF55, 02AC06, 03CB99, 04D1F7, 0596C4,
05E097, 05C60B, 054C37, 04824E, 03AAC7, 02B90F, 01EE2D, 014A52,
00DEC2, 00962D, 001FCB, FF7E69, FECAA1, FE30D7, FDF992, FE3ED7,
FEE9B0, FFCA9B, 009B9E, 013664, 01C722, 02724B, 034823, 042EFF,
04F55A, 059272, 06090E, 068025, 072CF0, 082B82, 0970CD, 0ABA52,
0BCB62, 0C3655, 0BBEBA, 0A60AB, 085BC5, 062680, 043CEF, 02F3A4,
02595B, 02606D, 02C0CF, 033298, 038271, 039F22, 037910, 033790,
03238F, 0382C3, 045E5A, 058221, 06A3E4, 075B9F, 075FE0, 069488,
052B2F, 036475, 018E5F, FFE7F8, FE933B, FDC20B, FD677F, FD7FF3,
FE1A66, FF07FA, 0010F8, 00CDCC, 00EACC, 004A56, FF134C, FDC84B,
FCCC87, FC7890, FCD8AA, FD9C6B, FE4A76, FE43C4, FD5D9D, FBC328,
F9D1E5, F81B9C, F6F704, F64ECC, F60123, F5E51F, F5B57C, F56410,
F4FAC1, F49E07, F466ED, F443E5, F43508, F40386, F3D8C3, F3E02D,
F44BAD, F55542, F6B2A0, F7FA2B, F8A9A3, F8708E, F762D1, F5BD2C,
F3EAC5, F2235A, F0BB54, EFB723, EF09D4, EE865F, EDD42F, ECC3E0,
EB0FB1, E8D360, E67D17, E47D1B, E35A0A, E31EE3, E395E8, E46FF4,
E527C1, E58228, E569F5, E50F90, E4C47E, E4AE63, E4F43A, E5A22A,
E6A19E, E7B45F, E8A8E5, E94071, E94E36, E8C8BC, E7BB46, E64B3A,
E4E507, E40209, E3F055, E50C0F, E74AE3, EA505E, EDA1F4, F04B37,
F1A6E7, F190B3, F05A3F, EECF85, EDAD2A, ED7611, EE4845, EFFA4C,
F23C6D, F487BE, F65BF9, F7573B, F784ED, F703F6, F61047, F50DEC,
F461E0, F4546B, F5130C, F69532, F8AFC6, FB4D58, FE0EB7, 008527,
0236E4, 031E0A, 037BEB, 03C92E, 049A0B, 061B2E, 082AA3, 0A5EF0,
0C4A88, 0D9B08, 0E0F0A, 0DCCD2, 0D2935, 0C942C, 0C7CAF, 0D23FD,
0E8C79, 107CA6, 1290D9, 144D30, 1554FD, 158030, 14EF50, 1400CB,
130CFF, 125FE3, 121FBA, 126CDA, 13420B, 147708, 15ECAB, 176DFF,
18C304, 19CCCF, 1A73D0, 1AA448, 1A9CB3, 1AAD4F, 1AF728, 1BB3AE,
1CB1A3, 1D8C00, 1DF467, 1DC576, 1D090B, 1BE0B6, 1ABFC7, 19EF25,
19B2D1, 1A160F, 1AFB48, 1C0EB5, 1D1053, 1DC2A5, 1DE55E, 1D3558,
1B9600, 1926FC, 160FF2, 12CE43, 0FE148, 0DCC65, 0CBDAF, 0CB89B,
0D62C3, 0E3A04, 0EC004, 0EA0D1, 0DECA6, 0CDFA3, 0BF479, 0B8B39,
0BD1A8, 0C9B3B, 0D68CA, 0DE0C5, 0DB8A8, 0CE3C5, 0BA25F, 0A3156,
08BE8E, 076B4F, 064AC1, 054D33, 0463C9, 038453, 02A857, 01FAC8,
018D5F, 0168AB, 018A4C, 01CA34, 01F2DA, 01ED05, 01B31B, 016345,
0158BA, 019CDE, 020D85, 02323D, 01A5C4, 003DA4, FE0509, FB525E,
F8BF8C, F6E897, F61EF0, F6718C, F79C83, F91ADE, FA47BC, FB05FB,
FB701D, FB9882, FBBD44, FBD630, FBF49E, FC120E, FC4123, FCC9A9,
FD9895, FEE3AC, 00805D, 023AAC, 03B8B8, 0495F2, 04946E, 03B466,
023ABE, 009027, FF1DD8, FE1AFE, FD8EC9, FD2E01, FCB923, FBE75F,
FA7F9C, F8B5CD, F6D10A, F54475, F46194, F44151, F4E6A3, F61931,
F796AE, F8F959, FA023D, FA9A78, FADF9B, FADFA9, FA9460, FA23F4,
F977DF, F88D80, F7926A, F6B378, F63ECF, F6371A, F67252, F69949,
F6671E, F60273, F5A632, F5A04A, F6343D, F75B10, F8D610, FA72A3,
FBF990, FD1C74, FDCE23, FE044F, FDDFC3, FDA133, FD885D, FD9F63,
FDD17C, FE16FD, FE66C2, FECC4A, FF4812, FFB871, FFF89A, FFEF70,
FFA8F4, FF6AF0, FF7530, 001DB9, 016339, 0314E9, 04CE0C, 06079C,
0691ED, 0656BF, 05950B, 04AAB3, 03E063, 03596B, 032862, 033E8F,
038732, 03EF08, 0433CE, 042069, 038A5C, 026650, 00ECA0, FF575A,
FE1400, FD75CE, FD7BE7, FE02F6, FEC2AD, FF7EEB, 002504, 0095BE,
00E466, 013E30, 01D5E3, 02EE20, 0468C4, 063493, 08301C, 0A1E01,
0BC4D8, 0CC569, 0CE163, 0BEA36, 0A0360, 07B8C2, 058AA4, 040335,
036139, 039477, 045EA5, 054F64, 061881, 069764, 06CBE7, 06C155,
0688D8, 063DA8, 05F096, 05D411, 060AD6, 0690F5, 074324, 07CEC3,
07E165, 073D48, 05D908, 040966, 0237E1, 00CB23, 001746, 0020F6,
00C3FE, 01B111, 027BDB, 02E1DE, 02A0CA, 01D406, 00DB9C, 002756,
FFF714, 003165, 009677, 00DC2B, 00F0AB, 00BAA2, 00433B, FF9A10,
FEC946, FDE29E, FCE355, FBF016, FB37E5, FAAE20, FA517D, F9F36C,
F960DC, F8953D, F764BB, F618AA, F4C577, F3C953, F364BF, F3CCC2,
F51686, F6F5BA, F8E30A, FA1F3C, FA794E, F9D713, F89356, F721D2,
F60308, F5A62F, F62384, F73E9C, F879A2, F935F8, F8DC41, F72D63,
F44251, F0A5D0, ED237C, EA3DAF, E867A7, E795BD, E77F37, E7E28E,
E89090, E9660E, EA2645, EA6F05, E9ECA6, E8B8B4, E71929, E58FD4,
E489FF, E478A4, E53A66, E66BB9, E7955B, E840E1, E84726, E79911,
E67F25, E565DD, E4BBBA, E4D41F, E5BA5E, E710AD, E87AA4, E9AC45,
EA61C2, EACDD9, EB3795, EBC490, EC8FC8, ED7B80, EE7558, EF7119,
F07C1A, F1959B, F29297, F34002, F35ED8, F2FAD7, F23B6A, F15AA4,
F0BA19, F09163, F100E4, F2110F, F3D0AB, F600EB, F8546D, FA53ED,
FB8F8C, FC1554, FC3A29, FC6543, FD0967, FE364C, FFB9DE, 016D73,
02EECB, 044244, 054BFD, 063351, 07133F, 0822B3, 098F7F, 0B3C35,
0D2020, 0EF68B, 10906C, 11B6C9, 12475E, 122829, 117E24, 105925,
0F0AD8, 0DEAD1, 0D6F38, 0DF7E2, 0F693E, 11850B, 13C84D, 15B7E5,
16FABE, 17A062, 17C7EB, 17A798, 1771C5, 174B15, 175147, 178495,
17E32D, 1878BF, 193F87, 1A22FC, 1B0AEE, 1BCC88, 1C6368, 1CB0BD,
1CCD33, 1CE296, 1D0E15, 1D80B4, 1E4735, 1F4A1D, 202803, 207551,
1FF33F, 1E9326, 1C985C, 1A61DF, 184B14, 16A45C, 15813D, 14AC0C,
140F45, 13685F, 126DFD, 113E96, 0FF4E9, 0EE01F, 0E38BB, 0E1A07,
0E535E, 0EA16D, 0EEE38, 0F267E, 0F6752, 0FCC32, 105033, 10B9BA,
1085DA, 0F471B, 0CDACA, 09A50F, 06454A, 0382D0, 01F3B9, 01B0AF,
02973C, 042E26, 05CE0B, 0703D2, 078B1E, 075CA4, 06B8E6, 05EC9C,
053653, 049F47, 04129E, 0356CE, 025679, 010F0D, FFA021, FE735A,
FDA45F, FD28CB, FCC96D, FC3874, FB84A1, FACE24, FA3E05, F9D9CC,
F98912, F94BCF, F9121C, F8C9E0, F86BA1, F80E22, F7E975, F83AA9,
F91E51, FAB2A3, FCE775, FF78AD, 01F04F, 03BA55, 04827A, 046107,
0397E4, 0296C9, 01C87A, 011AC4, 008CD3, FFD6EC, FF006A, FE1DCB,
FD2433, FC4052, FB5F9C, FA7CFE, F9881F, F87C95, F7A126, F71BCD,
F7307F, F7FD86, F95360, FAD39B, FBF8EB, FC63A2, FBE4CE, FABE74,
F9708C, F87665, F825E4, F847BE, F881F3, F8513E, F7A8E6, F6BAAD,
F5A99C, F4CC90, F442DC, F4277F, F47B6A, F5247B, F6222A, F74942,
F88E4B, F9BFE3, FAD4EA, FB953C, FBF6B4, FC01D6, FBA221, FB0710,
FA7C8F, FA50F6, FAA9D4, FB815B, FC7CC0, FD4D38, FDA9CF, FD9ABF,
FD47AA, FD07FA, FD2A7A, FDC559, FEE6A4, 004424, 018CEC, 028497,
02F774, 02F3AD, 02A6FF, 024F58, 02367C, 0285A3, 032D6E, 043C46,
057659, 06962F, 0778CD, 07C251, 076E9B, 06589B, 04B67C, 02B3A8,
008D8B, FE81B7, FCDEA3, FBEC54, FBB2C9, FC3A70, FD26D7, FE0E6F,
FEA683, FED2AC, FEF049, FF57F6, 003F70, 01D078, 03EB21, 0634FE,
082896, 095310, 0987E0, 08DE37, 07AC74, 065EB0, 055C18, 04C2FE,
048C30, 04950E, 04D9D4, 054E08, 05CBF7, 062FC4, 064A01, 062827,
05F307, 05E3F8, 063204, 06E6D7, 07E5B2, 08C5DD, 093B92, 0917A6,
083FC4, 06E237, 054E09, 03E3AA, 030A38, 02FC90, 038C0F, 047005,
0520D2, 054560, 04C5B0, 03B058, 024C78, 00EE49, FFE6EE, FF7883,
FFCB20, 00C1BE, 021269, 0363D8, 04596D, 04AB35, 045198, 033CF5,
019A57, FFC616, FE2AFB, FD2CB1, FCFA76, FDA5F1, FECC92, 000AAE,
00CEAF, 009452, FF0E0D, FC488A, F8DB83, F58EA0, F339BD, F26C3B,
F31FB1, F4E6F3, F6FB3A, F89B62, F975DD, F99A7A, F96B63, F9323F,
F9228B, F9482C, F994C3, F9E8E2, FA1B70, FA1FDD, F9D242, F93B6F,
F84582, F6F2C6, F543B6, F355C4, F163FD, EFBE4D, EE98BC, EDFCB6,
EDF613, EE318D, EE3CB9, EDD146, ECBD23, EB088E, E93046, E79EBD,
E6AB06, E67307, E6D808, E7B149, E897C1, E920FC, E8FF7C, E81AAC,
E6A5FB, E518D2, E3DC67, E3450B, E345EA, E3A1B4, E423EA, E4A814,
E5404F, E60806, E705B1, E82590, E94875, EA4754, EB31FF, EC26F0,
ED3EA6, EE7166, EF5BF9, EFCAD4, EF9157, EEAECB, ED87ED, EC5C17,
EBB28F, EBE557, ED0B94, EF045F, F17389, F3F0B7, F5FC57, F748CB,
F7B4A3, F74623, F650E5, F53264, F459EC, F407BD, F44E77, F554C3,
F71536, F97C95, FC3EBB, FEF227, 0160A8, 036302, 04F8AC, 062F85,
071F52, 07DC16, 087538, 090A54, 099ACC, 0A1DCE, 0A9F56, 0B13D3,
0B93F8, 0C2477, 0CBAF9, 0D6301, 0E0B30, 0EC88C, 0F860F, 105276,
113933, 122C3E, 13278F, 13ED80, 143EF0, 140C38, 13710D, 12C115,
12592C, 127CC5, 134EE7, 14B3F5, 167331, 183C0E, 19AD9B, 1A7B43,
1A8611, 1A0C71, 19910D, 199174, 1A41EF, 1B7DBA, 1D067B, 1E7310,
1F7BA3, 2007D8, 2033DB, 2019BE, 1FB092, 1ECA07, 1D299D, 1ADFEF,
182F5D, 1583A8, 135A6C, 1202FC, 1185A9, 1195E3, 11FF7E, 126B0D,
129F6C, 12A4DD, 128014, 1262C2, 126EA7, 129DD9, 12B668, 127937,
119F31, 101590, 0DFB43, 0BA09B, 098B74, 08069F, 071BA5, 06BCF3,
06D214, 073FBF, 07D554, 08651E, 08AC89, 089D51, 083EDF, 078301,
068622, 05746C, 046C54, 03A41F, 033A7D, 0341AE, 03B9D4, 043836,
045239, 03BD87, 028160, 00EAE8, FF4CC0, FDEAC9, FCE0F0, FC17E2,
FB593E, FA6C93, F93777, F7CA3F, F641AD, F4EB3E, F410E9, F40BF4,
F4FF91, F6B06A, F8E05A, FB2767, FD1FB6, FEA46D, FFBF61, 00941D,
012239, 0168BF, 015138, 00E604, 006558, 000CA0, FFFAC8, 001DE9,
003E85, FFF55B, FF019C, FD6ACB, FB595C, F94F67, F7CF92, F74085,
F7B178, F8C1BC, FA0E36, FB35ED, FBF732, FC3AB8, FC0C02, FBA3DD,
FB2532, FAA74C, FA2B37, F9AAAC, F9124A, F85FA2, F79F33, F6E551,
F62842, F55262, F46BE2, F38B8B, F2F275, F2D7FB, F38908, F4DE47,
F696DA, F82F41, F93C5E, F98FEE, F913D1, F815D2, F6E8A4, F5F21F,
F589A7, F5EAEC, F70444, F88A92, FA093C, FB20D3, FB8F0B, FB7613,
FB12DA, FAB4BA, FAA4B0, FAD5DE, FB4BB4, FBC060, FC18CF, FC3B00,
FC2C01, FC0008, FC076E, FC79C2, FD538B, FEA546, 004EB7, 0231F7,
042EBA, 0620FF, 07DCFE, 09120E, 095BBE, 089C00, 06DC7E, 0488DC,
023B8E, 006F62, FF64D1, FEF42D, FECD89, FE8379, FDEE0F, FD1C80,
FC39AE, FB7F6C, FB3A2F, FB9327, FCB257, FE8B80, 00C674, 030671,
04DB04, 05E81F, 0601AF, 055593, 04110F, 02D3DA, 02042D, 01E1E1,
0291EA, 03CE34, 05411C, 066C6C, 06F910, 06C12A, 05D7AD, 0497ED,
0371FF, 02D3D6, 030472, 041369, 05CDE7, 07CB46, 099435, 0AAD47,
0AC50C, 09F07E, 088617, 06DFDC, 056657, 045B3F, 03DB61, 03C2F9,
03CE10, 03EBF0, 0437A2, 04AA3E, 052165, 056DEB, 053B13, 0474E2,
0337BE, 01E708, 010643, 00D6FB, 014BAB, 020C64, 02BA13, 02FE4C,
02B953, 022189, 0188E6, 014E8C, 0198B8, 027908, 03A49E, 0484E2,
049FB1, 039220, 016F73, FEACCC, FBE63B, F9B5F9, F85875, F7D67A,
F7E516, F82894, F86C61, F89147, F89EAF, F8B29B, F8C32E, F8CE82,
F8D853, F8E4E8, F915E6, F96B51, F9E864, FA8027, FB1980, FB9EB5,
FBD5EB, FB8CFE, FAA62E, F92BA9, F77E76, F60BB3, F516CC, F4B6F9,
F4B5C7, F4A1C0, F41204, F2CBFB, F11662, EF52C9, EDD72C, ECFE40,
ECCEB2, ED1E8C, EDA110, EDFF60, EE0262, ED7CA9, EC7FB4, EB233A,
E98BDD, E7DB73, E6312E, E4A571, E3543D, E27845, E24539, E2D555,
E3FC62, E56D0E, E6D756, E7FF3B, E8DB76, E969A1, E9B2C6, E9B170,
E97C93, E942BC, E9201A, E92C3F, E95F60, E9C2A9, EA32EA, EAAE2E,
EB4DE3, EC1A7D, ED370A, EE9A3F, F00CAA, F15DDF, F261C9, F30819,
F349CE, F32599, F2997B, F1B330, F0B1C7, EFD36B, EF8997, F00068,
F1419F, F33CF7, F5AA91, F8462C, FAAE01, FCA8E1, FDFC7B, FEE5D3,
FF5A9D, FF9F7B, FFD8E1, 00425B, 011301, 0245E6, 03E835, 05AF95,
0793D3, 095EF1, 0AE1BB, 0C0CA9, 0CA336, 0CD035, 0CA3DC, 0C7278,
0C8866, 0D0E22, 0E2E8C, 0F9747, 1118CD, 125C4E, 131800, 134A37,
12FC82, 1270B7, 11EE89, 11B201, 11BE4D, 1215BF, 12A691, 133F82,
13F851, 14D83F, 15EF93, 173CBF, 189CAC, 19FB65, 1B4B95, 1CAA4E,
1E4010, 1FDBFB, 2138BE, 220D25, 2213D0, 214E01, 1FD6C5, 1DFC8D,
1C2654, 1A9AAA, 197324, 18CBB2, 187C06, 186084, 1859CB, 182D36,
17DA8C, 177744, 17326C, 1715AB, 170D07, 16EC32, 168C9F, 15E72D,
14F37B, 13D2E9, 12957C, 114FCB, 10118C, 0EDC87, 0DDE03, 0D1605,
0CAFE6, 0C97E6, 0CB31E, 0CCA41, 0CA96D, 0C1DEE, 0B2742, 09C69E,
0810B6, 0673DC, 05585D, 052FAA, 05E1B6, 073989, 08C582, 0A1FC5,
0AD620, 0AB638, 09C8D2, 083F4D, 06A530, 053C0B, 0407CE, 02E4CB,
019FC0, 0018E2, FE4A22, FC6DE2, FAC585, F957AD, F8148E, F6ECB3,
F5EF24, F56326, F58A6D, F683C3, F8337C, FA2D0A, FC17AF, FD9C2B,
FE932F, FF16D8, FF4DA8, FF7F88, 0003C0, 00F936, 022A6F, 0325F9,
0373FE, 02D890, 01619E, FF7484, FD7E26, FBE332, FAE576, FA8635,
FAB421, FB4FB2, FC2569, FCF927, FD8C0F, FDC2F9, FDC033, FDA249,
FDA2A1, FDAF61, FDB762, FD9392, FD0F7E, FC44C6, FB498A, FA41A2,
F926D1, F8002C, F6F54F, F61DE9, F5CE4E, F628EA, F725D5, F87823,
F9978E, FA14CB, F9935A, F831D4, F64413, F44AF8, F30698, F2D3DB,
F3BD13, F56181, F74B05, F919D4, FA6C0A, FB10EF, FB1AED, FABAAC,
FA2C1A, F9B684, F972B1, F9822C, F9CE2D, FA45D7, FAAFD7, FAC622,
FA5D57, F96538, F835D8, F7422A, F6F172, F7937A, F95592, FC261A,
FF97C3, 033648, 0653D4, 08636E, 093C90, 08DD67, 0794AF, 05EA3E,
0447E6, 0309C6, 026E6E, 024009, 024BE6, 0258BF, 0220B1, 019552,
008C7B, FF3043, FDB923, FC78DC, FBE194, FC007A, FCE9BB, FE44E3,
FFD35D, 014BC1, 0275D8, 03267F, 033955, 02D74A, 024376, 01CFB4,
01D5B6, 028029, 038DD1, 047DAE, 04E999, 04994E, 03C0D1, 02C953,
022E9A, 0235A4, 03004D, 045FB6, 05EA2A, 07569E, 085304, 08D86E,
08D590, 086275, 079ABF, 06B50F, 05D7D5, 052CF0, 04DDD2, 050844,
05CBD0, 06F3C6, 0839EA, 09367F, 0970C9, 08B0F7, 07044A, 04E3C4,
02DD74, 017E62, 0104CD, 01611D, 025906, 036374, 040DC0, 04098A,
03739E, 02B8AD, 023959, 024BD2, 03018E, 040EF6, 0503D5, 057D81,
054EF6, 0497F6, 039ADD, 028EA9, 018F66, 008C41, FF7F79, FE4F7F,
FD15D4, FC01E2, FB3BB6, FADBCB, FAC5EC, FABD55, FA847C, FA0429,
F92ACE, F82A68, F76982, F72D74, F7B3BD, F8EB29, FA8A28, FC1F49,
FD3CE7, FDB51B, FD7E1B, FCB071, FB788F, FA288E, F8E3BB, F7C482,
F6C325, F5E2C2, F536AF, F4D2E4, F4D5E8, F52B05, F58C7C, F5A0B1,
F52E22, F4384B, F2F6E7, F1CE2E, F0F129, F03C37, EF8008, EE7EA4,
ED1DCB, EB774C, E9A8C7, E7F706, E6A031, E5CAFA, E58331, E5A6C3,
E62231, E6C861, E76724, E7E02E, E80F2A, E7FC99, E7A128, E6E4C9,
E5EC61, E4DD13, E3EED3, E378F7, E3AB52, E49E08, E6390D, E8149C,
E9F6A1, EB73B4, EC589E, ECBC11, EC98CD, EC4846, EC058A, EC2293,
EC9C10, ED531C, EE11AF, EEA151, EEF2CD, EF01A2, EF0985, EF3096,
EF7501, EFE21D, F064EB, F0F05E, F1A68E, F285F0, F388E9, F4A6A8,
F5DC56, F70FEE, F828C5, F91F18, F9FA4C, FAE324, FBEFA3, FD4C15,
FEDAA7, 0069DA, 01BC40, 02A68E, 0332EF, 03A0FF, 044D4C, 056A07,
06F8AF, 08CDB8, 0AAD6E, 0C562D, 0DA412, 0E8FFF, 0EEB7F, 0EDD6A,
0E8284, 0DF915, 0D6FB7, 0CE917, 0C9573, 0C7F48, 0CB46B, 0D4B5A,
0E1F8B, 0F180C, 10212A, 113921, 1264A5, 13BFA5, 155076, 17067D,
18DA32, 1A943C, 1BF989, 1CE411, 1D3DE0, 1CF9F7, 1C5DA7, 1B94C4,
1AD634, 1A77AF, 1A8202, 1AE97C, 1B8174, 1C0720, 1C4947, 1C12E3,
1B6270, 1A5EB1, 194A87, 1869E9, 17CD6B, 177AA3, 175ACD, 17678B,
178B79, 1793A0, 175A9C, 169AED, 1545E3, 138D21, 11DAFB, 10994E,
1010C3, 103D34, 10C08D, 11195E, 10B770, 0F5D86, 0D4469, 0AD738,
08988B, 06ECEC, 060BDB, 05FF5B, 06A4EC, 07C47F, 091207, 0A315C,
0AF143, 0B562E, 0B645C, 0B3C78, 0AF2BF, 0A71CC, 09C929, 08EC0A,
07F36D, 06DF64, 059496, 040253, 01F899, FF763C, FCB51A, FA1418,
F7FF9E, F6B813, F6443B, F68028, F72463, F80852, F8D7AD, F950A3,
F97492, F985FA, F9F155, FAF01B, FC93CA, FE9C0E, 00A4CF, 021E73,
02846B, 01CC0C, 0029A7, FE24B9, FC3FA4, FAFDD9, FAB436, FB56F1,
FCAF06, FE1A4D, FF3ED5, FFD5A8, FFCEB3, FF314A, FE3CB1, FD2850,
FC39E8, FBADD3, FB9E79, FC2533, FD0461, FDE46C, FE53C5, FE18FF,
FD219C, FBB8E5, FA4AC0, F9224F, F889A9, F88908, F90EBB, F9E673,
FAC1D6, FB58D6, FB3D5C, FA3C35, F84DB0, F5D999, F3753E, F1C8C0,
F14290, F1E10B, F3848F, F5D14A, F83EF5, FA5547, FBB6F7, FC34C3,
FBE172, FAE31F, F9A706, F88369, F7BCA4, F76FE1, F783C3, F7B2A6,
F7A12B, F74D6C, F6C762, F64210, F5F89E, F609FF, F69225, F79AD5,
F91C90, FAF548, FCFFE1, FEFABE, 00B08A, 020D74, 03047C, 03B3DF,
041C50, 046C55, 0497AC, 04B176, 04C65E, 04C600, 0483C1, 03B802,
026E02, 00E4BF, FF6EBC, FE529A, FDD126, FDEC4C, FE9C2A, FF8F84,
00917D, 01562C, 0184ED, 0108C9, 0003B7, FEFBA3, FE64D4, FE87DC,
FF6727, 00AC28, 01E16F, 02B52D, 0314DE, 032201, 03208E, 033A37,
0353F8, 036BA1, 0381A3, 0384A7, 03A0BD, 03F574, 048E3B, 053F8A,
05D733, 0642FA, 067BD3, 0679B5, 064A6C, 0611BE, 0609C9, 066394,
0720A0, 0832EA, 093AEC, 0A03AA, 0A2A21, 09BE93, 08C76B, 077558,
061D6C, 04F5D0, 044CC9, 03FB4E, 041115, 044C0A, 049851, 04FA04,
05497F, 0575BD, 0576FE, 054B85, 04EDD9, 045CDF, 03D599, 0398B8,
03C1A6, 0456E6, 05237B, 05F0B6, 06756D, 0665B4, 05D329, 04C776,
036D6C, 020C04, 00B409, FF820C, FE581A, FD0BBC, FBB1B0, FA817A,
F9D93C, F9DCAE, FA768B, FB5D36, FC3CFE, FCD173, FCFDB0, FCE2AE,
FCA440, FC6F37, FC3C49, FC07EB, FBB5F6, FB183C, FA39DD, F93FB4,
F85724, F7E59A, F80457, F8B8BB, F9D521, FAC7BD, FB69A8, FB6535,
FAD625, F9D360, F87E6C, F70175, F57CAC, F42765, F31081, F22E1C,
F165D1, F0B0D8, EFFE68, EF4C94, EE8EB1, EDD4FA, ED0A6D, EC2A9F,
EB4F2D, EA8654, E9E1FC, E964DE, E90C3A, E8B608, E83917, E77B91,
E68607, E587B1, E4BEB0, E46832, E490B7, E5255C, E6026F, E6EE5A,
E7A943, E80183, E80466, E7EA52, E7F410, E84825, E8DEFB, E99A6D,
EA5ADA, EB1D37, EBD97C, EC8EAC, ED3815, EDA2A8, EDB4C1, ED6F11,
ECEFCB, EC8507, EC6B62, ECC1D1, ED9D79, EED90C, F05E54, F1E3F6,
F31CBC, F3F4D5, F44281, F438D5, F41824, F4336E, F4B289, F59431,
F699F5, F79AFC, F889B1, F95D14, FA4A3C, FB65DA, FCCCD1, FEA217,
00CDEA, 033B4B, 05BFCC, 082975, 0A2925, 0B83B4, 0C2104, 0BF7D6,
0B340A, 0A22C7, 091E74, 0878C6, 085F7E, 08CA43, 09A2E3, 0AB481,
0BCB83, 0CA096, 0D1670, 0D4EDE, 0D8BEC, 0E177B, 0F263E, 10CFD9,
12C1EB, 14A142, 16218C, 170BEA, 176F56, 178D27, 17AD61, 17F035,
1856BD, 18E756, 199FA1, 1A7416, 1B5AD3, 1C3379, 1CD037, 1D18A3,
1CE3D7, 1C16C4, 1AE476, 19BB5E, 18F4E5, 18BDA9, 192A77, 1A0304,
1ADAA4, 1B55C4, 1B2E95, 1A4C80, 18F157, 178711, 168E9A, 16524A,
16B9EC, 176FA7, 17EF9E, 17BC06, 169C45, 1486DA, 11BFC2, 0F0184,
0CB55D, 0B2D64, 0A6B30, 0A266D, 0A22DD, 0A1944, 0A0063, 09FEE9,
0A2D83, 0A8795, 0B03AD, 0B8F65, 0C3C21, 0CFEC9, 0DE90D, 0EE820,
0FC46C, 10215D, 0F9FAB, 0E12E2, 0B67B3, 07EDED, 041709, 0086C2,
FDBA56, FC3AA1, FBE4D8, FC4F8F, FD1DEE, FD997C, FD5E3F, FC59BE,
FAC613, F93491, F83036, F82248, F9149A, FAC863, FCB29D, FE5C33,
FF60D3, FF8DD2, FF19A8, FE3417, FD2C7E, FC3BD1, FB8322, FB6568,
FBFE84, FD529A, FF1557, 00CF72, 01F63F, 0235B9, 0186F4, 001607,
FE425E, FC6DF1, FB226B, FA91EF, FAD216, FBCE33, FD1082, FE4521,
FF1E9C, FF79B5, FF66AA, FEECDE, FE447C, FDB3E6, FD5ACA, FD3E12,
FD3C51, FCFAF8, FC54EA, FB0723, F93C81, F76583, F5E23B, F5106A,
F50252, F5A3C9, F6A716, F7CDBF, F8E3DE, F9B28E, FA08D4, F9D3D3,
F9437F, F8B501, F87A68, F8AEE5, F94067, F9E9B4, FA6479, FA72A5,
F9DF30, F8D4A3, F75442, F5B270, F43CD0, F34377, F2FCEE, F373D9,
F4A664, F64E0E, F84DCF, FA5772, FC36A2, FDE164, FF0299, FF8044,
FF6C1F, FF0D4A, FEE75E, FF52C4, 0067C7, 01E63F, 035EEA, 046606,
04BC38, 046FDF, 03B2E1, 02C3B1, 01FBF0, 01785D, 0144AB, 014364,
015842, 017D5D, 01853D, 015918, 00D9A7, 001790, FF37AB, FE6EBE,
FDFE40, FDED46, FE42A7, FF1855, 0050A7, 01AE41, 02E2F6, 03A791,
03E4AC, 03954E, 02DAA9, 0202A1, 01583F, 00F89D, 011BC2, 01AB04,
028223, 037074, 044798, 051157, 05AEED, 064184, 06AB12, 06E4EE,
06FACD, 06FB6A, 06E14F, 06DA74, 0700E8, 075C22, 07FC36, 089D8D,
08FFCD, 08EB50, 08544D, 075945, 066A02, 05AF6E, 05830D, 05B578,
060A0E, 063BD1, 05FE2A, 057529, 04BA79, 043B5C, 03FBEC, 04487C,
0516A2, 0658DF, 07B676, 08D437, 099724, 09C23C, 095AD6, 087892,
073223, 0595A3, 03A9D2, 01A9FC, FFE632, FE9971, FE26CF, FE7A14,
FF5ECE, 00779E, 0141E6, 018B94, 013852, 0067B7, FF40DF, FE0A58,
FCF3CA, FC13F5, FB699F, FADDD5, FA5235, F9DBD4, F99303, F99489,
F9FFAF, FAB4A4, FB8C72, FC4671, FCBCB7, FCDC4E, FCB2FD, FC52B5,
FBD01D, FB2D39, FA69D9, F993D6, F8C4B5, F8267B, F7B246, F75DB6,
F72522, F70304, F6D97B, F678A7, F5A3CB, F42F3C, F24B41, F05F47,
EED64A, EDF9B1, EDB7D1, EDCB46, EDDC98, EDA4E6, ED056E, EC0051,
EAA732, E924BC, E7B65E, E68B16, E5C528, E58260, E5B38F, E6226C,
E68EAA, E6AC8F, E68596, E65915, E6417C, E67A7B, E6EFE5, E78559,
E83F52, E8F5D4, E9A0BD, EA0CC6, EA1932, E9B68A, E8EFBF, E80966,
E7603A, E745EA, E7F6DA, E979ED, EB928F, EDC2B7, EF9E11, F0F0E9,
F1A9FB, F1E849, F1B0B5, F12598, F0863E, F00AE8, EFD72E, EFE176,
F02132, F08B5C, F1136E, F1A241, F221EB, F2BF41, F3ADC4, F52CAA,
F764F4, FA5A2B, FDC918, 01351C, 040660, 05D102, 06716C, 060225,
050BE0, 04207B, 03ACA6, 03DB09, 04B65A, 05FA26, 077146, 08ABD6,
09502A, 0956B6, 08D625, 085BEC, 085202, 08E3CB, 0A0361, 0B7762,
0CDE26, 0E1198, 0F21FD, 1019AF, 10E946, 117B7E, 11D4BD, 120A0B,
125B07, 130E4E, 144C37, 161430, 181FC9, 1A11BD, 1B7FCE, 1BEC34,
1B4FF0, 19FD50, 1857F1, 171B57, 16C342, 175E0C, 18B342, 1A1C8E,
1B3947, 1BA686, 1B3C80, 1A403F, 18FF46, 17FC11, 1784A2, 17C244,
18B10D, 19FD61, 1B5246, 1C2675, 1C4358, 1B7583, 19CE6C, 17577C,
14510B, 111CF1, 0E09A3, 0B8B8E, 09E4B5, 094585, 0981F6, 0A468F,
0B2C5A, 0BDF54, 0C1694, 0BD84A, 0B7891, 0B56D1, 0BF3CF, 0D4B0B,
0F0A78, 10D00F, 11E4FE, 11EF83, 10B8A0, 0E6DF9, 0B7501, 0870DC,
05CD54, 03C5E7, 02709A, 0193F3, 011BC5, 00D6AB, 009B1B, 00481C,
FFA5A6, FEB307, FD7BC6, FC28D3, FB0111, FA21D3, F9A276, F973D6,
F97CC0, F99D1F, F9AA45, F9B2B8, F9B6C3, F9E985, FA7947, FB5B26,
FC77B6, FDB482, FEE320, FFC4DF, 001C17, FFCDBB, FEE161, FD7B78,
FC067E, FAE1A6, FA412B, FA3671, FAB177, FB76C9, FC723D, FD61BE,
FE2A66, FEBCD6, FEF238, FEF89D, FEA303, FE2CB1, FDC30E, FD7F6E,
FD6BA4, FD790D, FD8F4A, FD68C2, FCEB83, FBF87A, FA9CAF, F911F8,
F795EB, F6AF98, F65B76, F6882D, F70FAA, F7BCFA, F874D6, F91368,
F99A20, FA0FD7, FA722A, FAB6AA, FAC8DA, FA95D7, FA335C, F9B49F,
F9177B, F85726, F76D31, F666D4, F56BB1, F49CE0, F40FBB, F3DE3F,
F41AF2, F4CC7D, F5E065, F728C2, F86A1C, F95044, F9CD07, F9D8C5,
F99532, F9555D, F95D66, F9DF82, FACB07, FC062E, FD4E3F, FE9F44,
FFEF76, 013E83, 027B4B, 037E01, 041400, 0420AC, 03AFF3, 02E5A9,
0208CF, 0151E1, 00FD60, 00F684, 011EA1, 013D5F, 012F6C, 00F679,
008CF2, 001415, FFAC0C, FF80D8, FFACCD, 00074B, 0077FC, 00DE08,
0111F4, 011539, 01010D, 00E93A, 00E407, 00E9F8, 00F3F9, 010996,
013FA6, 01A499, 022CC2, 02E3FF, 038C8C, 041696, 04548B, 043742,
03ED7E, 03A3ED, 039F5E, 04024B, 04F04F, 064CA1, 07C22A, 09188B,
0A01B4, 0A5F8C, 0A2ADD, 098644, 08A2E4, 0798BD, 068B6E, 057D7B,
049228, 03E821, 037864, 036D96, 03CF22, 049FB8, 05CF90, 073A8D,
088730, 097B2C, 0A06DE, 0A27A6, 0A1C86, 09F90D, 09A5F9, 08EA56,
07985A, 05DF21, 0410EF, 02BDC6, 023C7D, 029E14, 03A720, 04DC8E,
05E82B, 067A41, 065AAF, 05864C, 044746, 02D80F, 01800D, 005901,
FF759C, FEE446, FE8520, FE493E, FE1B19, FDDAAE, FD7093, FCDDA1,
FC4F6E, FBEF33, FBCDC5, FBFD7D, FC5F18, FCF448, FD8A98, FDFE8E,
FE4693, FE34A0, FDCB98, FD03F7, FC1E29, FB56A4, FB01B4, FB4377,
FBD9C3, FC718C, FCA8FB, FC42E5, FB299E, F97FE4, F7A35F, F5FD6E,
F4F731, F49A9F, F4CB6E, F52645, F5550B, F52754, F45EC7, F3029A,
F12322, EED78A, EC84E5, EA8261, E92F6C, E8BE4B, E8E098, E96960,
E9E9E9, EA150C, E9E8E1, E983D4, E920D0, E8EC44, E8F6B0, E9314C,
E99721, E9F309, EA159F, E9C1E1, E8DA3C, E789E3, E625D6, E5047E,
E48115, E4CC0B, E5CCA3, E76157, E9452B, EB41F1, ED365A, EEDE7A,
F01275, F0A2C3, F09210, F02C9A, EF9F1A, EF40A1, EF22A2, EF298F,
EF49A8, EF33E3, EEF386, EE6E57, EDBA10, ED1527, ECE34B, ED9E04,
EF9173, F2A698, F64C59, F9E0D2, FCBCAA, FE74C1, FF0C41, FED63B,
FE6C88, FE3A73, FEA40A, FF9C2E, 00F856, 028C8C, 041B5E, 057E39,
067483, 07050B, 071FF2, 06D954, 065D8D, 05D6DA, 059CDD, 05E045,
06D07D, 086C45, 0A450C, 0C0A06, 0D4538, 0DB7C8, 0D950E, 0CFA54,
0C8508, 0CB1F9, 0DBE8B, 0FBB58, 125566, 150893, 1755BE, 18DDBA,
196A7B, 19211D, 184F52, 175C19, 16C577, 16AFD6, 170766, 1784E8,
17EF42, 18278C, 18397D, 1841E9, 184E47, 18716C, 18B55A, 193EB3,
1A16FE, 1B5BDE, 1CE0FF, 1E7F0A, 1FC751, 2049C2, 1FC9EE, 1E31E3,
1BDBBE, 1927E2, 1676D5, 14051C, 11FE59, 106834, 0F2796, 0E17E0,
0D2E8D, 0C76A7, 0C13AD, 0C1BE2, 0CA104, 0D9454, 0EBF20, 100053,
110BF3, 11BA6A, 11F185, 11B703, 110F72, 100CF0, 0EC333, 0D4192,
0BBB38, 0A7890, 09B02C, 09709B, 09AF4A, 0A2171, 0A7A5F, 0A34FA,
091AD3, 071785, 047137, 01ADDC, FF436F, FD94C0, FC9CAC, FC3C8B,
FC2DCA, FC3A98, FC1D26, FBD48F, FB777B, FB1930, FACD7C, FAB839,
FAF79B, FBA085, FC9F99, FDBA57, FEB5AA, FF2E48, FF2F8B, FEB1D6,
FDF224, FD1496, FC1F36, FB656B, FB01BD, FB19F8, FBBD02, FCB377,
FDC89E, FEAC08, FF322B, FF4D14, FF15EF, FEDCA1, FEC3AD, FED8CD,
FF10FE, FF4232, FF55A6, FF4820, FF1066, FE872E, FDA940, FC7A4E,
FB16DF, F9B186, F8883D, F7C518, F78BA5, F7FAB0, F8FEC7, FA6C04,
FBE55D, FD09E0, FDA02F, FD6A71, FC7B61, FB268B, F9D1A7, F8EE1C,
F895C7, F8B3F8, F8E386, F8B944, F844F0, F791EC, F6E00A, F66A9F,
F630EB, F63B8E, F66CB0, F69294, F6B2F4, F6C2BA, F6C4B9, F6CAE0,
F6C11F, F6AAF9, F6824C, F644C3, F61A4B, F6427B, F71703, F89B2D,
FA98DB, FCC158, FE8598, FF9DDA, 00132B, 0011C1, FFE34A, FFA098,
FF638A, FF6662, FFC9D8, 00A826, 01BF94, 02C2E2, 036136, 0367FD,
02F5D0, 02232E, 014804, 007650, FF943B, FEB5AB, FDFAFE, FDAF83,
FE0FCB, FF0E94, 0060DD, 01A1E2, 026FDD, 02996D, 022BFF, 015EE5,
00A35F, 002612, 000CD9, 003B4B, 007AFC, 008C63, 00449D, FFCAA3,
FF6AD9, FF9E8A, 009B1E, 024DCD, 04720F, 0690B6, 085F2A, 098E89,
09F9B4, 09BE13, 0908E1, 0803F6, 06D5E9, 05AB60, 04A399, 03E66C,
0391C1, 03B29C, 042609, 04CEC3, 0590E7, 064CF5, 06DAAF, 0718FD,
071F17, 073DC5, 07ABCE, 0868F9, 0957AE, 0A138C, 0A611C, 0A0C69,
091B98, 07BF65, 064FBB, 053566, 04C564, 0521C1, 060E85, 0735C7,
08321F, 08B413, 08718E, 079506, 065286, 05057C, 03F990, 035820,
031FFB, 03159E, 031E3A, 0302CE, 02A718, 01ED91, 00D010, FF7432,
FDFBC6, FC969A, FB96C9, FB4791, FBB960, FCCA59, FE0527, FEEB44,
FF46E0, FEF0C6, FE21FA, FD2DF0, FC68CE, FBF0AD, FBD050, FC0309,
FC7080, FCD6F4, FCF9DD, FCBBFB, FC120B, FB403B, FA7186, FA13E0,
FA2909, FAA36D, FB48AB, FBC48A, FBD586, FB48D9, FA0A26, F8024C,
F57813, F2B50B, F030C9, EE61F1, ED6290, ED2959, ED76A3, EDF62E,
EE4C6F, EE3665, EDA15B, ECA292, EB930A, EAC388, EA623A, EA6A7C,
EAD227, EB4FE8, EB8346, EB2AF8, EA3FCB, E8D565, E7110E, E52F25,
E37966, E23A3D, E1B55B, E24FC1, E401FB, E68263, E936D8, EB915B,
ED1B8D, ED9864, ED3AB5, EC5A0D, EB74C8, EB0110, EB3F2F, EC1A91,
ED4967, EE33AB, EE9391, EE0AC5, ECAE04, EAF484, E97ACC, E8E264,
E95145, EAD443, ED0D51, EF95BC, F20506, F425DB, F5D9A9, F71A21,
F7E553, F860B5, F8A41C, F8D53D, F944CC, FA17DA, FB7B2A, FD5A9A,
FF6B98, 014DEA, 02BFBE, 039669, 03C020, 03774D, 030579, 02B91C,
02C9D4, 034079, 040330, 04D8EC, 05B156, 066004, 06DDC0, 0735AD,
078211, 07F2A6, 08B60F, 09EC1F, 0B92D5, 0D6278, 0F1DDD, 10BFB2,
1225CC, 1367CD, 145CDE, 15055D, 155528, 153724, 14E32B, 146E0C,
140819, 13D4C9, 13C231, 13C342, 13B1FF, 13A9C3, 13E7E1, 14AFE3,
162387, 184E96, 1AD0B1, 1D49AC, 1F7254, 20D8AE, 21474D, 209877,
1EE78E, 1CA39E, 1A53F7, 183281, 166BF8, 14FE42, 13E767, 130C05,
12724C, 12362A, 122488, 121AD3, 11C963, 110C86, 100BA6, 0F14FD,
0E6AE2, 0E3FB3, 0E9B00, 0F4684, 0FF967, 10724D, 108A80, 102B3E,
0F68A9, 0E88AB, 0DC9A8, 0D51DB, 0D1553, 0D048E, 0CFDBE, 0D01CA,
0CEAD3, 0C830E, 0BB3DF, 0A5BC2, 089359, 066988, 04331E, 02333D,
007E77, FF2DA9, FE33B3, FD973C, FD4F63, FD3ED3, FD4301, FD0F89,
FC9437, FBF301, FB64D6, FB3005, FB678D, FBFCAC, FCADFD, FD2557,
FD2380, FC9553, FBB296, FAB557, F9F1E0, F9AB07, F9C441, FA2A11,
FAB097, FB5848, FC2556, FD12BF, FE183B, FF0293, FFACA3, FFE5C5,
FF8F08, FED8D0, FE1887, FD949C, FD59A0, FD3C6C, FD15BF, FCBB27,
FC1C62, FB57A5, FA7FE2, F9CC5D, F978A5, F98A5D, FA0CAC, FAE406,
FBCD9D, FC7F9F, FCD078, FCB615, FC49B0, FBBB9E, FB1AEB, FA6E7F,
F9D27D, F95699, F91B0F, F93FAA, F9A5B4, FA2A81, FA77CF, FA3DFC,
F97C6B, F85F77, F72ABF, F622FA, F57294, F534B3, F57BF8, F60F5E,
F69D07, F6F3B4, F6E31A, F6880B, F619B0, F5CE5A, F5EB88, F65784,
F6E4CD, F761EE, F7A1B2, F7C64D, F7E50C, F84991, F92228, FA6E23,
FC018E, FDA28A, FF1831, 0041D5, 01241D, 01C918, 024597, 028213,
025820, 0198A6, 0047D4, FEAE5D, FD3DF6, FC89FB, FCF53A, FE7485,
009C70, 02D6A1, 04727F, 04F4BD, 045340, 02C1AB, 00EDC4, FF5C72,
FE667B, FE2A79, FE5F12, FEC07D, FEF99B, FEE698, FE9406, FE2BCB,
FE04FC, FE4B15, FF40D1, 00A4FF, 023D18, 03CD67, 05184C, 061664,
06AA92, 06E2C6, 06BCDD, 063D9C, 058866, 04BE8D, 04233D, 03D95C,
042D38, 04DA1F, 05A115, 063879, 064784, 05E779, 05317E, 048828,
0436BA, 0466F0, 052F77, 067F32, 07F77B, 094A98, 0A0F3D, 0A1022,
097910, 088131, 078EB0, 06E249, 069FEB, 06CC14, 072CD1, 07BA95,
084E8A, 08CF62, 091138, 090297, 08A87B, 081B01, 078FFD, 07176E,
06DD95, 06DF66, 070088, 071854, 06E65F, 0618EA, 04977F, 02A3D8,
00AE63, FF2859, FE635A, FE7A94, FF4010, 005433, 013EFA, 01AE48,
01928F, 00DC96, FFD5E6, FEAE75, FD757E, FC7126, FBCE4F, FBADC1,
FC021C, FC8401, FCF7DD, FD3C22, FD3B90, FD11D3, FCDD94, FCC966,
FD02BC, FD9524, FE6BD1, FF7649, 006299, 00B50F, 003DA4, FEB60D,
FC33C9, F9280C, F619A4, F3CA26, F2873E, F242C4, F2C23B, F3723A,
F3DEB5, F3D525, F34FA5, F25C47, F12A66, EFEA1B, EECA79, EDE4E5,
ED581A, ED21E5, ED367E, ED642F, ED63FC, ED03AB, EC14AC, EAAA92,
E8B2D4, E68593, E49FD2, E38129, E38571, E48689, E619BA, E7AD1F,
E8EBA7, E9C58E, EA431A, EA9A96, EADF2A, EB223E, EB5FAB, EB802C,
EB708D, EB3104, EADE93, EA8BD9, EA53C3, EA4CD9, EA6C83, EA9DA2,
EAC0C5, EACB52, EADDE3, EB2FBF, EBE714, ECF305, EE0A10, EEF5B2,
EFB8F9, F0743E, F144EA, F23277, F347F0, F47D2C, F5E046, F79C2A,
F97F03, FB3FDB, FCABB1, FD7B33, FDDA5F, FE133C, FE6B0F, FF305E,
0040CB, 016C19, 024F47, 02C544, 02C197, 02589A, 01DF9C, 018837,
017E6D, 01D0EC, 028083, 03AB42, 05433F, 073C73, 099A70, 0C1797,
0E671C, 102EA4, 1126E8, 11414B, 10C7A4, 1011DD, 0F7AAE, 0F3F51,
0F49A4, 0FA361, 100F93, 1099B3, 113F85, 11F861, 12EBAA, 1400C1,
15178C, 1624F9, 1742A4, 188A3F, 19FAA7, 1B8268, 1CDC9D, 1DE0B3,
1E5512, 1E426E, 1DC04A, 1CCEB1, 1B98C0, 1A6461, 197551, 18EB69,
18C38A, 18C3D4, 18A68F, 18345C, 175412, 1606E6, 147611, 12F5E0,
11C252, 1117F4, 110F94, 117210, 11F42E, 1248BF, 1249EF, 11F83A,
117141, 10D0D9, 1021AF, 0F8F38, 0F2618, 0F0BD4, 0F5AA1, 0FEECD,
10B967, 1173D9, 11E0DF, 11CD35, 10E4FE, 0F2696, 0CADD8, 09E403,
0762E5, 05A289, 04C172, 0475D4, 046C0D, 04417C, 03D280, 031CF7,
022255, 012BE1, 004D80, FF8EC1, FEF190, FE5EE2, FDE4C4, FD77AE,
FD071B, FC8318, FBDCB9, FB1DD4, FA514E, F9AE42, F95DCF, F96D3F,
F9EE72, FAE5D1, FC4345, FDC821, FF1510, FFD890, FFF569, FF879F,
FEC206, FDF0CE, FD57EA, FD0A6B, FD1333, FD6662, FDC0B5, FE064C,
FE1174, FDCB2E, FD404F, FC80F8, FBEBE1, FB7A60, FB5384, FB7377,
FBB811, FC1B5D, FC8379, FCDB3B, FD0614, FCE415, FC6ABF, FBD267,
FB677D, FB7F12, FC1914, FD1DE8, FE0FC4, FE7DCE, FE0879, FCA7D0,
FAB325, F88573, F6D92A, F609BC, F63ED1, F7606F, F8F232, FA8541,
FB8742, FBBF34, FB1509, F9D074, F86F99, F705CC, F5D117, F4D028,
F400F4, F39549, F3A5A0, F44DDF, F57523, F6E70D, F8703F, F9A935,
FA6D08, FAD19D, FB135D, FB9312, FC6A5D, FD8405, FE77E7, FEE01A,
FE97FF, FDC83F, FCC07F, FC04DC, FC1626, FD17DE, FF093B, 016713,
038B9E, 051BDB, 059911, 051F5D, 03E86C, 025F7D, 00F182, FFE0F7,
FF5004, FF2DAA, FF535B, FF7EB1, FF81CF, FF3B3A, FEDC43, FE7BBA,
FE5576, FE72D4, FEB543, FF1024, FF80D3, 003184, 0124F5, 02491B,
036FF0, 043479, 046146, 0409A8, 038698, 03301A, 035010, 03E552,
04C40C, 059254, 061169, 0629A8, 05C1C1, 050C4D, 042039, 035B03,
030D8C, 037AAF, 0476CB, 05B4B6, 06FAC3, 080468, 08BD49, 08F97D,
08A51C, 07CA89, 068997, 055026, 0483F6, 0480A4, 057EBD, 07283B,
09029A, 0A91AB, 0B642F, 0B58F9, 0A8A77, 095DE5, 0852D4, 07D323,
080199, 089BA4, 095739, 09DD05, 09D855, 092A1D, 07D666, 062675,
046F72, 03009C, 023BB6, 022C3C, 02B578, 03A2BA, 047487, 0502E7,
05191C, 04A066, 03A8A3, 02476A, 009FCC, FEB636, FCE48F, FB63C8,
FA8B97, FA9BB4, FB5755, FC839B, FDBA7B, FE77EA, FEAD2A, FE7999,
FE3D13, FE5C09, FEE6D1, FFBF21, 007235, 00C2C9, 007996, FFC39E,
FED8E6, FDCB89, FCAF0C, FB82AF, FA25EF, F8B656, F78775, F6BC19,
F68D72, F6A7D3, F6DCD2, F6D0AC, F6463A, F55260, F40FDB, F2D47C,
F1CF12, F10AD0, F08E6C, F04A00, F008E8, EF71BF, EE5FBE, ECD60C,
EB0996, E95CF9, E813E6, E74E69, E71125, E738BA, E78C7A, E7DCAF,
E80C93, E816C6, E8102D, E80B67, E82AB4, E85E27, E887E7, E889F4,
E85ED5, E83BDD, E8418D, E88D20, E91A5B, E9A163, E9D4A0, E99D5F,
E8FC29, E84684, E7BAB9, E7A3D4, E81618, E8E7EC, E9F56F, EAE044,
EB8577, EBC039, EBA453, EB6E85, EB60FF, EBB312, EC985E, EE0656,
EFEAB2, F21775, F45B7B, F6AFFD, F8E1C2, FAC57D, FC06DD, FC8EFB,
FC5351, FBAA00, FB01E9, FAA51A, FAC02D, FB389E, FBE45F, FC92E5,
FD3876, FDD704, FE88AF, FF82F5, 00C502, 02574E, 0419B3, 05FB63,
07D548, 09613A, 0A6FAE, 0ADA05, 0ABFB2, 0A5A77, 09EC98, 09911F,
097AFA, 09B3D9, 0A49EF, 0B3855, 0C5613, 0DAC25, 0F292D, 109E90,
11C589, 126B22, 129D2D, 12803B, 128EBC, 1322AE, 14776A, 166E5F,
1893A9, 1A96C0, 1C01D2, 1C8B5A, 1C308E, 1B3039, 1A186C, 1935DC,
18BE4A, 189F82, 18D01E, 190B19, 192308, 19020F, 18997E, 17FE67,
17273D, 161FB8, 14F288, 13C54C, 12ABBC, 11F115, 1192D7, 1189B5,
119D20, 119589, 117455, 112442, 10CBE8, 107F50, 105FC5, 109CA6,
1139E8, 121CA4, 12D038, 13075C, 128453, 1152E3, 0FBA8A, 0DF689,
0C5DBA, 0B0AA6, 09FC85, 093B3F, 08D443, 08BC17, 08F72F, 092D44,
091E08, 088020, 075117, 05CC59, 04138F, 026B3C, 00EBEB, FFB4C1,
FEA6E4, FDA8F1, FCA13D, FB8C7E, FA7A30, F99F3C, F91C22, F90E9A,
F992EC, FA8CDE, FBC2E3, FCE136, FDA8EC, FDC5C1, FD37CC, FC4B2A,
FB5733, FAD756, FB014D, FBD7DE, FD23A3, FE6BC5, FF7883, 0012BA,
000A40, FF61FE, FE225E, FC7C22, FABDEC, F94D38, F88CAF, F88D10,
F9537A, FAAAB1, FC10A4, FD419E, FDF73E, FDFE25, FD82DE, FCCFC7,
FC4592, FC3A44, FC8788, FCF11E, FD1DB8, FCD266, FC2C83, FB48A7,
FA700B, F9D7DB, F9B260, FA0706, FABA3B, FB8655, FC3A57, FC9F64,
FCA656, FC55D9, FB9BF5, FA90E3, F93E24, F7CF3F, F67258, F558B2,
F4BDCB, F4C861, F577E7, F672D1, F76788, F81587, F8457F, F819A0,
F7C42A, F77E3A, F77230, F7AC32, F830CF, F8DE37, F989D1, F9F02E,
F9D0E6, F93B08, F87DB8, F8233E, F8C004, FA6B67, FCD119, FF7700,
019A10, 02E9BB, 036C1D, 0333DB, 029A6D, 01C290, 00DE25, 00248B,
FFA0C5, FF8EC2, FFDBA2, 0065DE, 010C42, 0167CA, 0124ED, 0027EC,
FEA282, FD0DF3, FBE4C3, FBA783, FC7684, FDFF1A, FFCEC3, 015A59,
02659A, 02C979, 02A7F1, 02284F, 0191B9, 0114B0, 00C849, 00CB33,
0129B1, 01EF23, 02E3E7, 03E194, 049461, 04F92E, 0507E2, 04DA17,
0494D6, 04569C, 044999, 047557, 04E387, 057A23, 062765, 06BE93,
06F378, 06A1EB, 05BEA5, 049440, 0395AA, 032DD8, 039F4F, 04C7B8,
064F7F, 07DC2C, 0919E2, 09E23B, 0A50A9, 0A6BFD, 0A5D24, 0A4077,
0A1BEF, 09D509, 096BEB, 08F0C2, 0871D2, 0807B7, 07BC8E, 07AB28,
07B54A, 07C75E, 07A98B, 076E4C, 0732E4, 0727EE, 0772E9, 07F407,
085E0A, 084768, 0786F8, 062946, 047529, 02AB3F, 010C7A, FFB78D,
FEC516, FE2622, FDA301, FD4D74, FD2D83, FD4AD2, FDB4B4, FE452D,
FF06D6, FFE837, 00AC16, 012864, 0146EE, 01229E, 00D9FC, 009790,
005D3C, FFFCE9, FF5EC9, FE7F03, FD82B3, FC904D, FBE2FB, FB8943,
FB9F26, FC01B7, FC78C9, FCBF2B, FC9550, FBD3DF, FA7CAB, F8F13E,
F78188, F67AA1, F5D452, F573E6, F51A9D, F46C5F, F37BA1, F24E4E,
F11512, EFDED0, EE8846, ED2812, EBC3E2, EAB2DC, EA0670, E9DE4C,
EA378A, EADED1, EB9573, EC021B, EBF889, EB64A7, EA66C3, E9456C,
E84B0D, E7C9A2, E7BC1A, E809E1, E87C10, E8DD03, E939B3, E9940D,
E9F9DA, EA63E8, EAAA2C, EAAE2F, EA5B46, E9BA9D, E8EE7E, E83C72,
E7B571, E780D9, E77CFF, E78F98, E7A90D, E7BA28, E8052E, E8C2C1,
EA37E3, EC7354, EF3D2B, F23CA5, F4EC1A, F6D2B2, F7C4FB, F7B9E7,
F6F366, F60359, F55889, F53D8A, F5B932, F68F92, F796A6, F895D4,
F97BB3, FA56C7, FB3ACF, FC339C, FD4C1C, FE854F, FFDEC0, 0141D6,
028C81, 03BE97, 04C19D, 059A3D, 0660BB, 0701E1, 076689, 07594F,
06D1DC, 06151E, 059A59, 05DDFE, 06FD47, 08C996, 0AC543, 0C66F9,
0D789A, 0DEBEE, 0DF8AB, 0DEF79, 0E3B71, 0F0D27, 106844, 1234BD,
141DF4, 15EBB7, 17523D, 182BB9, 1899FA, 18B8BB, 18B249, 18BD20,
18E4E0, 19359D, 19B7CE, 1A78F0, 1B668C, 1C2BA0, 1C7AD4, 1C2035,
1B1752, 199AAE, 181B6D, 16E391, 162389, 15C92D, 15A4AD, 15880B,
1541D8, 14D004, 142883, 137627, 12FD4E, 12E2B8, 13562D, 142D79,
1515B9, 15BFD3, 15DAA4, 154B7C, 142950, 12B181, 111398, 0F8162,
0E333A, 0D61EE, 0D5846, 0DFBC0, 0F25B5, 105CCC, 11432E, 118C3E,
110C35, 0FCB86, 0DCB48, 0B7754, 093C62, 079911, 06AA77, 066DFB,
0680BB, 066B76, 05B4DD, 043A51, 0249C0, 003CE2, FE8ED7, FD6DB3,
FCBA6F, FC45B7, FBE56C, FB7365, FB26A0, FB1EEC, FB723F, FC0DF1,
FCD3EF, FD9195, FE1B39, FE9221, FF0CDE, FFAE8C, 002C7A, 004DF2,
FFDACA, FEDB6E, FD7326, FBEF8D, FAA74A, F9DD3E, F9CE94, FA740F,
FB9F4C, FCF22A, FE1E4F, FEC214, FED157, FE5255, FD826A, FC9C2F,
FBDD6F, FB86C7, FBA08B, FC0EFB, FC8917, FCE908, FD02F0, FCDE26,
FC96DD, FC5DC1, FC6A94, FCCD96, FD6B2D, FE0EF7, FE8B30, FEC583,
FEBB4E, FE5367, FD6A32, FC0E0B, FA5D31, F8A384, F76265, F6F365,
F76D69, F893E1, F9E7B0, FAFDA0, FB71E7, FB1A65, FA3A43, F915E2,
F7F5E2, F71F42, F6C80D, F70B10, F7AC82, F85ED3, F8CB13, F8B9D4,
F83F82, F78F96, F6ED60, F68110, F67C4E, F6E8F7, F7EE45, F97B48,
FB6795, FD8294, FF6D73, 00DF5F, 01A679, 01C647, 015D45, 00BD68,
004128, FFFEDA, 0014FD, 0062F5, 00CC66, 011AA2, 011173, 00B36C,
FFE917, FEDF35, FDF15F, FD6206, FD60AD, FDE2D0, FEB2EE, FF9CD8,
007FC3, 012DD5, 0195BF, 01A17B, 014C96, 00B0C9, FFD669, FEFAD8,
FE5BBF, FE3DBA, FEB6F3, FFCF6F, 01399F, 02A943, 03E40E, 04BCF2,
05294C, 0536C7, 052DE9, 0522D8, 052914, 053A39, 052242, 04CC9F,
044CB7, 03AF58, 0349F7, 0339F3, 037BBC, 03FA99, 046E75, 04C7C6,
04EF95, 05211A, 057B3D, 06276A, 0706CA, 07DF32, 089701, 09024F,
0931EF, 092B58, 08F866, 08BF89, 088865, 086D5A, 085A02, 0835CB,
07EE0C, 079F52, 075CF3, 076403, 07DC45, 08B867, 09EDBC, 0B1388,
0BEA0F, 0C4327, 0BF796, 0B1908, 09A111, 07B40B, 058637, 035C46,
0193E8, 0038E3, FF65A1, FF2591, FF5892, FFF284, 00B426, 016B48,
01CAED, 01BD1A, 0147F3, 009A24, 0001CC, FF8B3E, FF6CDB, FFB2D7,
00294E, 00A509, 00CB6F, 007DDB, FFBD60, FEC194, FDC2F0, FCFDCD,
FC926C, FC8157, FCD873, FD65EA, FE130E, FEC6C1, FF4EE4, FF9B56,
FF5B30, FE74C7, FCE4E6, FAFD10, F92CCA, F7BA15, F6CA75, F62B3F,
F5AED0, F509EB, F4037B, F29E57, F10F3B, EFAFE6, EEBFE1, EE408C,
EE1FD3, EE1D4B, EE112E, EDD10E, ED4362, EC8B48, EBA5CE, EAB99C,
E9BD23, E8CA3A, E80F95, E7C167, E8038A, E8CFFF, EA10C7, EB6C68,
EC993C, ED4BE8, ED31CD, EC5466, EABFE5, E8CECD, E70082, E5C510,
E53456, E52069, E53C5E, E5519C, E55DE8, E5583A, E559DE, E59325,
E638C5, E75EC5, E929A9, EB4D3E, ED7E77, EF630B, F09F1D, F13FD1,
F16044, F14374, F12E02, F12DF9, F129E0, F12E03, F14308, F1A378,
F274CB, F3A954, F51890, F672E0, F7987A, F88A56, F94E7D, FA2C8B,
FB6BFE, FD0923, FEF959, 00DC14, 02467B, 02F580, 02EB82, 02635D,
01AEA6, 012EA3, 0116EA, 018C88, 027226, 038FDF, 04B935, 05B5BF,
067E35, 06FCDF, 074802, 0788B9, 07E32D, 0899D2, 09C1A1, 0B5487,
0D0863, 0E85F9, 0F98E9, 105717, 10E306, 1175CA, 12382D, 133289,
145F7B, 15C11B, 1753D4, 18EF3D, 1A5DAF, 1B4495, 1B79D0, 1AD9ED,
19A57D, 1835B0, 16EDB9, 16190B, 15B8FF, 15C10E, 15FEA5, 163D60,
165FDD, 166C68, 167639, 1688CD, 169A88, 168DAE, 16477B, 15C3F3,
15267A, 1492B4, 142714, 13DB7C, 13875B, 131A80, 127A91, 11B92C,
10F227, 106187, 1044FF, 10B417, 117D5F, 1236EA, 128548, 121454,
10F7B5, 0F7F02, 0DFFDC, 0D1208, 0CDEED, 0D5372, 0E4B75, 0F3099,
0F9F52, 0F46F7, 0DF76D, 0BE25D, 09355B, 065702, 03A623, 01668D,
FFBAF9, FE8EB8, FDC957, FD73E0, FD7F8C, FDC339, FE0313, FE1040,
FDF177, FDBFA9, FDA791, FDC57A, FE1834, FE8A0D, FEDC38, FEE020,
FE79C7, FDAB21, FC8C5F, FB6997, FAAE77, FA9C31, FB641C, FCCB3E,
FE56AA, FF75A8, FFC283, FF4643, FE285A, FCC74A, FB7A38, FA661D,
F9A937, F959CE, F986A3, FA14E3, FAFF5C, FBFE22, FCEBEB, FD8759,
FDBEA7, FDA42D, FD3400, FCC034, FC784C, FC8503, FD0C0A, FDD8D3,
FEAC0A, FF3899, FF2BF9, FE6E68, FD0B03, FB588A, F9CDA0, F8CDB7,
F88294, F8D891, F9A58E, FA950D, FB7022, FBFBD9, FC2620, FBF5B9,
FB7932, FAD29C, FA1CE3, F97D8F, F909A7, F8B44D, F86228, F80F48,
F7C529, F76499, F6F2F7, F66A44, F5CF86, F5417A, F4FCD6, F549D6,
F639ED, F7A9AC, F93F83, FAC3B6, FC2EB1, FD705E, FE8BC8, FF7049,
000328, 003F3F, 0024C2, FFC986, FF4C62, FEC10A, FE3FF6, FDEC0F,
FDEF52, FE5E5B, FF203D, 000B00, 00CF24, 0125C2, 010E16, 00CA9B,
0090A6, 00877D, 009735, 006D6E, FFEEEC, FF0762, FE07F8, FD481E,
FCF876, FD51E7, FE3929, FF6EBA, 00A699, 019DBF, 023CBD, 0279E2,
028B70, 02A50D, 02D411, 031EB1, 037B69, 03D4BD, 041B43, 044F0D,
046828, 046D90, 0462BC, 043C54, 03E979, 036612, 02FDAF, 02CB36,
02E9B9, 036247, 040F66, 04EEB1, 05DBBC, 06BB41, 077F29, 07F4F9,
080F2F, 07CCDD, 073BC9, 06908F, 0615DF, 05CC4B, 05D8D0, 062D83,
06BA74, 07803A, 083879, 08D9BE, 094E32, 099525, 09E199, 0A5172,
0B0132, 0BC4CF, 0C7855, 0CF043, 0CF285, 0C6A6E, 0B63BD, 09E0F2,
07FD7D, 06120B, 044E5E, 030EA4, 027264, 0268CB, 02C1D5, 03368A,
03811B, 0391EC, 0377B8, 036187, 0369E3, 035F5F, 032E33, 02AD04,
01FE7A, 01507F, 00CAF8, 006AA6, 0013B0, FF977D, FED7F2, FDF28F,
FD2E08, FCE8A6, FD4FD1, FE6BEB, FFE3B9, 01548F, 025735, 02B225,
025DE2, 0189BD, 005E3B, FF093F, FDC576, FCC2A8, FC27BC, FBCC1F,
FBAB6C, FB7D7D, FB2CE1, FA8A91, F97C37, F84BDB, F6FEE1, F5ACCE,
F46464, F31C94, F1ECB8, F0CA65, EFB798, EE9C1E, ED92A8, ECAC56,
EBEBAE, EB5F13, EAFDA0, EAEE38, EB56F8, EC48FD, EDA9FE, EEF9AE,
EFC51B, EFB7C1, EEC4DC, ED51D2, EBD545, EAAF11, EA066E, E9B97A,
E97E73, E90C78, E8327B, E6F575, E59E9B, E456DF, E35D83, E2F610,
E34F35, E46C79, E61C1D, E80BA0, E9E760, EB79B4, ECA133, ED5C3C,
EDB206, EDA249, ED4CAB, ECEE02, ECC1B1, ECF216, ED90CD, EE7441,
EF6037, F01C4E, F0898B, F0CABB, F10F0F, F191C7, F2820B, F3F9CF,
F5E769, F831CA, FA6E49, FC4A72, FD9C1B, FE3EBA, FE4C72, FE04BB,
FDCC9E, FDC3FB, FE104E, FEC385, FFC763, 00F7BF, 023FDE, 0364C0,
044222, 04C6AD, 04D075, 047C25, 03EE94, 0371D3, 035DD4, 03D6F5,
04D404, 06317A, 07ABB0, 0915B1, 0A564E, 0B8ABF, 0CE65B, 0E858E,
108440, 12B759, 14DEC9, 16A199, 17B290, 181043, 17C7CC, 172577,
1677D5, 16013B, 15F88A, 1655F8, 1705F5, 17E368, 18C5D0, 197AF8,
19EF38, 19D068, 191EF0, 181747, 1707C2, 1641C9, 15E0AA, 160D00,
16A6BA, 177A40, 1849B1, 18BD78, 18C587, 182725, 16F409, 158719,
14395B, 135CA6, 130785, 132440, 13628A, 136620, 12FCE4, 124285,
1173CD, 10D39C, 109F8B, 10DF8F, 118576, 1274FF, 138BB3, 148E6F,
1539E1, 155F3D, 14C30E, 135807, 112445, 0E52A0, 0B4744, 0880D9,
0661FA, 0524A7, 04C948, 051BD9, 05B328, 061014, 05EA28, 0504E8,
0374CF, 01A877, FFEF6F, FE9E7A, FDDD5C, FDA9D5, FDD39F, FE0C57,
FE30F1, FE330A, FE23D6, FE189D, FE2C5D, FE60DF, FEAEC1, FF04BD,
FF43D6, FF7757, FF8E6D, FF765E, FF336F, FEAAD2, FDDF29, FCE3EE,
FBD9C5, FAE8B9, FA4584, FA1B0E, FA5C8B, FADDEF, FB7CDF, FBF9C1,
FC4DA5, FC8ABD, FCBEAF, FCFEDF, FD2FF4, FD7457, FDAD32, FDF901,
FE3AED, FE700D, FE8E26, FE7C81, FE3FDB, FDC435, FD2C4D, FC6E9B,
FBA0C6, FAD6DE, FA498E, FA24AA, FA7BD0, FB24F6, FBFAB5, FCB087,
FD1397, FD32B8, FD0BD9, FCCDA6, FC83AF, FC406A, FBF7A0, FB83C5,
FAE5E7, F9F56A, F8AC1E, F7388A, F5DF3C, F4E5E0, F48C48, F4EF1E,
F5D23E, F6F8F8, F80806, F8E916, F991C0, FA3DCD, FB08A1, FBD892,
FC90DD, FCDEBA, FCAAAE, FC14BA, FB6DB1, FB2A56, FB88F4, FC8245,
FDDF14, FF4B70, 004D8C, 00C8BA, 00DC24, 00AB8C, 007DC1, 007551,
0097D9, 00C241, 00C166, 007CB0, 00104B, FF85F4, FEE911, FE39FF,
FD88BB, FCFF94, FCCC07, FD0D2D, FDB499, FEA503, FFA871, 009AB1,
015978, 01F005, 024964, 024F18, 021266, 019BF2, 011157, 00B36A,
00B975, 0132B1, 01FE1E, 02D091, 035F14, 0382E1, 035867, 0313AD,
02D772, 02C66F, 02EAC3, 035460, 03EB0D, 0480E8, 05127F, 058187,
05DB3A, 05F264, 05B450, 0519D8, 04382C, 036706, 02F578, 03109E,
03B4BD, 04B115, 05A9C2, 066BA9, 06D8B1, 06FB3B, 070EC2, 075756,
08111E, 093E7F, 0AAB60, 0C11E9, 0D1F2D, 0D8DEB, 0D5155, 0C72FD,
0AFCC1, 09302F, 073EC8, 057BF9, 042A7A, 038E8D, 03B5DA, 046CD0,
0576D2, 0676B9, 073BF0, 0780FC, 072643, 062FBA, 04BC46, 033817,
01E184, 0111AA, 00B59E, 008536, 00502B, FFD760, FF389B, FE8CBE,
FE23DC, FDFE15, FE3992, FEC489, FF5FF8, FFE5B0, 003334, 0013DC,
FF7C0F, FEA386, FDCB13, FD553A, FD7118, FE0BA5, FED222, FF852B,
FFE766, 000E5D, FFF2CB, FF9671, FEF10F, FDE727, FC9BC3, FB1F9D,
F9BC98, F861B8, F72063, F5DFE8, F471D7, F2C65D, F0EE6E, EF1233,
ED667D, EC3376, EB8AF8, EB8ECA, EC3CB6, ED49CF, EE8B40, EF92F9,
F019C5, F01AC4, EFA84A, EEF247, EE2ECE, ED7791, ECCB62, EC391C,
EBAE7E, EB1829, EA59AC, E95794, E80DC3, E698A9, E51112, E3B3D5,
E2BFF8, E260F9, E2BA51, E3BCBD, E543D3, E71232, E8CDA5, EA0E94,
EA971E, EA6B2D, E9B9BB, E8FB04, E88CC1, E89948, E91016, E98F0D,
E9E6C3, EA0B21, EA2028, EA7318, EB1DAA, EC2A66, ED9825, EF2858,
F0B00B, F1F5E9, F2E1AB, F37D83, F3BA94, F3CCC8, F3F2D8, F4735D,
F571DF, F6FD76, F8EF30, FB2606, FD6FDE, FF8BE3, 013E65, 022878,
020F39, 00FACB, FF57F2, FDB384, FC9165, FC41A0, FCC957, FDFA42,
FF6F56, 00EBE3, 022532, 02F562, 038143, 03E806, 048068, 056C48,
06D87B, 08AA15, 0AA204, 0C91EC, 0E49BE, 0FCF39, 112CA5, 123804,
12EA22, 134D37, 1370AC, 13AE23, 142A42, 14F163, 15F3FF, 16EF59,
179C86, 17C610, 17464D, 1645C1, 152046, 142F00, 13E074, 14532B,
157877, 1720B6, 18D9C4, 1A3193, 1ADDC0, 1AA8CA, 19B6AE, 1866B3,
16E782, 155DD7, 13F716, 12CBC3, 11EFF0, 116AC0, 113DCC, 116603,
11DEF2, 126B59, 12F1D6, 136007, 13B023, 13F9D7, 142BA8, 145C67,
147928, 1488F5, 148173, 1441CA, 139727, 126E3F, 10F0B6, 0F6DCE,
0E3E8C, 0D7231, 0CFA44, 0C9D4E, 0C0F47, 0B56CC, 0A5E00, 094D5F,
084368, 0728B9, 05F8B4, 0488E8, 02CF35, 01144A, FF9BF2, FE96FD,
FE2152, FE2021, FE6314, FEA0EF, FECBE0, FECD4A, FED8FA, FF0B27,
FF5334, FFBA0D, FFFF57, 0012B2, FFDCDF, FF52D7, FE9D2B, FDDC11,
FD345C, FCAA76, FC47CA, FBF2E2, FB9B47, FB4C1D, FAE8D6, FA8F9A,
FA5706, FA4A25, FA7985, FAD35A, FB65ED, FC0E31, FCADD1, FD31BA,
FD77ED, FDAB79, FDE630, FE34B8, FE8319, FE6E9E, FDD132, FCB336,
FB5A84, FA45F6, F9D695, FA1E19, FAE791, FBCD79, FC9F2C, FD4131,
FDA348, FDE57E, FDF27E, FDEF02, FDCC89, FD92E4, FD4DAF, FCCE79,
FC2D1A, FB7C70, FACF7D, FA49F1, F9D205, F94BDC, F8AC8C, F7FCBF,
F76375, F7109A, F713DD, F77477, F82F9B, F914C3, F9ED03, FA8E33,
FACF3D, FAA247, FA1D4A, F96FA2, F8D6CD, F88537, F8AA11, F93EAC,
FA3296, FB6800, FCBF26, FE2C02, FF81EB, 0091E5, 012D9C, 015490,
0123FB, 00BE3B, 0048E0, FFD62D, FF8057, FF38A6, FEF90C, FEB2F6,
FE5471, FE00C3, FDC313, FDCA74, FE1B9A, FEAF60, FF6BAA, 0029B3,
00C25B, 010999, 00EA6A, 006F35, FFD01E, FF48AE, FF09AB, FF2E9A,
FF9C2C, 0038B7, 00DFFD, 015869, 01B9EF, 01FF5C, 0224FE, 022408,
01F548, 01CBDE, 01C380, 021C3F, 02E1B0, 04049F, 0543F0, 0644BF,
06BBC8, 067601, 05A75E, 0497DF, 037771, 028542, 01F555, 01DE9D,
021D14, 028279, 02D843, 032CD4, 036F69, 03E6F9, 04BE2E, 05F3F5,
078303, 091211, 0A6ADE, 0B4E0D, 0BAD4D, 0B791A, 0AE3FB, 0A0AAE,
091192, 083E17, 07BB57, 0798C5, 07D6D7, 085D13, 090E42, 09D290,
0A606C, 0A83ED, 0A1E63, 094076, 081327, 06F55E, 06228B, 05B9C0,
05AEBA, 05D3DB, 05E2B4, 05A33B, 0525C2, 0444CC, 035AE8, 027415,
01BCE5, 016079, 01596E, 019286, 01CBE4, 01BBB4, 013D79, 005FD1,
FF2DDC, FDFD76, FD0038, FC7787, FC7681, FD0FD1, FE2FB5, FFBA5E,
017692, 0301D3, 041F87, 048F72, 044685, 03624C, 023716, 010A18,
000F90, FF4DB6, FEA703, FDF31F, FCD35A, FB3227, F8FF3E, F65C9D,
F3DD23, F1BF8A, F055FF, EFA765, EF9F5A, F01C8C, F0D048, F17994,
F1E3C3, F20377, F1E2F2, F1A9A5, F178E8, F156B5, F14FFD, F13132,
F0F323, F0593F, EF61E9, EE0757, EC4EAA, EA5F82, E872F4, E6E353,
E5F02E, E5D853, E68139, E7B735, E8E50B, E9B1C3, E9DAF1, E962CF,
E8869F, E7712C, E68A68, E61263, E6172F, E6A41D, E78F22, E894AF,
E9903B, EA58B8, EAD285, EAFA5F, EAD07E, EA6BE9, E9F5F3, E99E38,
E99AA7, E9FE77, EAC9EB, EBF5C9, ED3E5B, EE6726, EF3E58, EFD218,
F07020, F164E5, F30134, F54EEF, F81637, FAE77B, FD18B6, FE488D,
FE68D1, FDC6ED, FCDE26, FC0FAB, FB97E9, FB82E7, FBE193, FCB1C7,
FDC687, FEE20B, FFBF31, 0031B4, 001DD8, FFB3C5, FF3162, FEE341,
FEFB71, FFA93F, 01020D, 02D46F, 051188, 079788, 0A2409, 0C7CBD,
0E5749, 0FA13A, 105AD9, 1092DF, 108539, 107F3B, 10BBA4, 113AC3,
11DFA2, 128F81, 132578, 1397FB, 13F2FB, 144C13, 14C5F1, 1556A9,
160529, 16B0DC, 175516, 180122, 189F11, 192893, 19752A, 196347,
18D695, 17DA08, 16A12C, 157409, 1497CD, 14053A, 13B94F, 1385C8,
135217, 1326C3, 1305B8, 132355, 136B60, 13DAD0, 14550C, 14C07B,
150912, 1515A2, 150270, 14C0D0, 144E49, 13D2E4, 136070, 132DD9,
133B52, 13460A, 13245E, 12B547, 120E04, 115F9F, 10C046, 10220E,
0F481F, 0E13EB, 0C7D01, 0AA148, 08B9F3, 06F9CE, 05AC96, 04B685,
042726, 03B0CF, 033AEB, 028D42, 01A38D, 00A06C, FF9196, FEE889,
FEB154, FF1095, FFC27B, 0088B2, 012BBE, 017F18, 018EA1, 015ABE,
00E558, 0025EE, FF105F, FDC11A, FC50F6, FAF146, F9F950, F99D4A,
F9FFF1, FB0869, FC4398, FD4DA8, FDD8A2, FDB4C1, FD049C, FC1A7A,
FB6921, FB3042, FB66D7, FBFC6C, FC93CB, FCE338, FCE972, FCB0BF,
FC67F2, FC1BF9, FBB9CC, FB597D, FB03A5, FAC8C8, FACD93, FB1D91,
FBCB88, FCBA00, FDB2FC, FE794D, FEC85B, FE8EAF, FDEA73, FD1987,
FC574D, FBCF29, FB8FC2, FB88B5, FBA061, FB9361, FB585C, FADFCC,
FA4571, F9CC7E, F983CE, F9842F, F9B036, F9EAF7, FA1730, FA019A,
F9C91F, F95628, F8B266, F7F20C, F719CD, F675C0, F632A5, F693CD,
F7A6FC, F92092, FAD1DE, FC5AFB, FD810B, FE26A0, FE41FB, FDEE15,
FD7395, FD3BB3, FD6275, FDFAF2, FED84C, FF8F2E, FFDD44, FF8612,
FECCBF, FDF059, FD3950, FD0484, FD5C9A, FE1622, FEF956, FFB22C,
00261D, 005B70, 005164, 002190, FFCBBE, FF706D, FF1140, FEAF9D,
FE5B19, FE1C3C, FE1BD7, FE49E4, FE9382, FEE310, FF00B8, FEF92B,
FEE50E, FF0550, FF9978, 00A94D, 021635, 03A2F3, 04FD61, 05D54F,
060AA6, 059CEC, 04988A, 0348C8, 020C09, 011895, 0095CD, 008E54,
00CA91, 012780, 017A77, 01CED4, 0242ED, 02C1FC, 034884, 03C4C0,
0432B9, 04A31A, 05334D, 05DCFF, 06935F, 0737B5, 079627, 0798E4,
074D36, 06CFB3, 066F2B, 0681FF, 0729C5, 085F44, 09CBDB, 0B0AEF,
0BC080, 0BB24C, 0AD00D, 096F97, 0803FD, 06E1B8, 0656D1, 066A19,
06E29A, 07773F, 07E5F7, 07ED27, 07AD59, 07578E, 071CE7, 070351,
06E655, 06AFD2, 0645F9, 05AB3B, 04EDFC, 04144C, 031ADA, 01F6A2,
009348, FF1741, FDA73D, FC7608, FBBFC4, FBB3FA, FC5D36, FD8562,
FEF011, 005E30, 01A0E7, 0289D0, 030EFC, 03550E, 037F19, 03D7B3,
0452A0, 04D442, 052C4B, 05027E, 04313C, 028786, 0020C2, FD3665,
FA404A, F7AE4E, F5E26B, F4EC7A, F49615, F4B4D4, F51D3B, F59822,
F5FC1F, F61E21, F5BFA3, F4D4F9, F37401, F20902, F1110F, F0DB84,
F15E39, F22522, F2AD33, F28916, F1A894, F03550, EE8075, ED0E35,
EBF9FB, EB5C75, EB15C9, EAE1E9, EA8BF9, E9F557, E93A9E, E878EC,
E7C7A4, E731A4, E6B1D6, E66388, E6558D, E67C1D, E6F794, E7CF68,
E8E85A, EA1435, EB01CF, EB567C, EAE12D, E9AB1B, E7FDDC, E64B2B,
E4FB85, E47EA9, E4EA21, E61B95, E7BF44, E96092, EAAC92, EB7629,
EBDFA8, EC36FE, ECB6B7, ED8CC1, EEBD5A, F017BB, F1887C, F30EB0,
F4A255, F64CDA, F7FA18, F9964B, FAEB6F, FBD196, FC5B44, FC7C84,
FC57F1, FC08CF, FBA253, FB37CB, FAD217, FA8735, FA59CF, FA52B5,
FA8A0D, FB054A, FBF3B3, FD4F84, FEE2CE, 009B3E, 022CE1, 03A324,
04E1DF, 0611DC, 073F03, 086903, 099194, 0A740B, 0B113C, 0B7CEC,
0BF610, 0C9FF1, 0D9933, 0EB426, 0FD0A4, 10E747, 11D811, 12A7AD,
134F65, 13E643, 1498B3, 1562CE, 163F67, 16FE45, 177B0D, 17A57B,
1769C8, 17054A, 16AB30, 16828C, 16938F, 16AE12, 16B2BB, 167226,
15F768, 156845, 14D3DE, 146D60, 141DA5, 13CFCC, 139AC8, 136B7E,
13549C, 135A68, 13854D, 13ED0C, 14788A, 151686, 15882B, 15A4A5,
1560D7, 14E2CC, 14458B, 13D3D5, 13AEF4, 13CBAE, 1418DC, 145653,
146857, 141C5E, 135C8C, 123871, 10BF99, 0F25D1, 0D7606, 0BCC84,
0A372F, 08BBF0, 075DD7, 06274C, 0542D4, 04B7F3, 048E15, 04881F,
046B4F, 03F19C, 032D62, 0249BC, 019585, 014CED, 017A47, 01EDC8,
022A1C, 01F529, 01260B, FFE21E, FE79DA, FD3096, FC6A6D, FC401E,
FC8FC8, FD2B43, FDB244, FDF831, FDEF7A, FDA97F, FD5026, FCDF3E,
FC713A, FBFEF5, FBA44E, FB6CB4, FB5B91, FB6F5D, FB7F5D, FB7D68,
FB5D1E, FB2C26, FAF7EF, FAC30B, FABADF, FAED87, FB54BE, FBEDF6,
FC9A9E, FD2CA7, FD72D3, FD4B87, FCCE44, FC255F, FB8A31, FB44A8,
FB59B9, FBB369, FC26C0, FC87FB, FCBE84, FCAB06, FC7017, FC3738,
FC19E7, FC1B95, FC1492, FBFB0E, FBC245, FB7E75, FB3444, FAEA18,
FA815A, F9E690, F911D4, F825C6, F74C85, F6B3BE, F6979E, F6EE74,
F7ACD1, F888FA, F953E7, F9D73E, FA0D01, F9FED5, F9DB7F, F9FE87,
FA9564, FBA62D, FCEE4F, FE147C, FEC186, FEC4FC, FE3EAA, FD5142,
FC53CD, FB7E4A, FAF9EA, FAFA1B, FB9735, FCD3EA, FE7006, 0015AD,
017942, 02646E, 02A189, 022244, 011695, FFB384, FE5B62, FD5012,
FCAE23, FC84E6, FCC1DC, FD355D, FD8D37, FDA86C, FD70E7, FD0E0A,
FCC1D7, FCDBAD, FD8B1B, FED217, 007DC6, 022732, 0364E0, 03D750,
037DD7, 02A9BA, 01B341, 00ED85, 007575, 0044A2, 00555E, 0086ED,
00EBC8, 016AF0, 01F1F0, 0277BC, 02BB53, 02B0EC, 022D34, 017686,
00F2F4, 00F5E0, 017AF7, 0263D5, 035C72, 03F1FB, 041F93, 03E983,
038835, 0366EC, 03BB7C, 049B49, 05E256, 0753FC, 08ADD5, 09B0BD,
0A221D, 09F469, 092DDC, 080554, 06DF41, 060462, 05B343, 05DBF0,
066882, 071F35, 07E37F, 088E54, 08EE8D, 090218, 08DA84, 087889,
07FF14, 07B3E9, 07CA13, 08668E, 093209, 09EACB, 0A1816, 095CA6,
079AF4, 04FD03, 01DB20, FEC221, FC5B56, FAE146, FA7D57, FAF412,
FBF3F4, FD5A4D, FED699, 006BCC, 01E9C8, 033A9E, 0449CD, 04E28C,
05201B, 05058E, 04C305, 047863, 043749, 03F872, 039793, 02E555,
01C911, 004CDE, FEB1CE, FD3F9A, FC33C6, FBB4BA, FB9D8E, FBA3AF,
FB6529, FA9E49, F93B26, F77432, F5AD6A, F43C86, F35E6E, F3302B,
F38061, F40FD7, F4AF5D, F517A2, F53F1B, F51EA6, F4A842, F3D7EB,
F2A902, F134CD, EFA177, EE1C96, ECCBAE, EBA594, EAC11F, EA3E92,
EA067D, EA001C, E9FC18, E9DE94, E9A25F, E95DE8, E94787, E9700A,
E9C0DE, EA148C, EA4861, EA3138, E9C37C, E92589, E86A98, E7CE61,
E74CCE, E6F0EC, E6D266, E6E634, E71A95, E74C81, E760BB, E746A0,
E712B2, E6E0B6, E6D5E4, E7033C, E77714, E8405D, E97E3F, EB32A4,
ED4D75, EFAC9D, F20E81, F42DFB, F5D17E, F6F01C, F793AE, F810C4,
F881DE, F8F488, F949D6, F954D4, F92A88, F8E693, F8A84B, F88193,
F8952E, F8F80B, F9B0CC, FAB33E, FBAACC, FC9724, FD6DFA, FE31A8,
FF146C, 000AFC, 00F751, 01B522, 022A51, 0269ED, 02C167, 0370D8,
049FD9, 064C2A, 08362D, 0A12D4, 0BA471, 0CDF28, 0DD9BB, 0E907A,
0F07C3, 0F6477, 0FD422, 107E3D, 1172F3, 12A366, 13D8E2, 14F6C3,
15E9AD, 16B14F, 174C19, 17ABF0, 17D361, 17B01E, 1754BC, 16E1B1,
167F3D, 165F12, 16869F, 16D98D, 171B7F, 170CCA, 1696DD, 15C546,
14CD46, 13F455, 137FC9, 13899B, 13EAD5, 147962, 14F01C, 1518C4,
150BC2, 14E3F5, 14CA92, 14DABE, 151B43, 15A511, 165A26, 170ACA,
17985F, 17E939, 17F680, 17B050, 16FBD7, 15C291, 1400C7, 11EC55,
0FE30B, 0E3B9F, 0D2EE0, 0CC2AA, 0CBC74, 0CBAA0, 0C77B8, 0BC85E,
0AABED, 094352, 07E0B9, 06C98F, 063FE0, 064589, 06713E, 067624,
05F350, 04DBE4, 034C1A, 019921, 001CC9, FF189F, FEA901, FEBA61,
FF381C, FFF514, 00AD43, 012CCE, 0156D3, 011C7B, 00AA13, FFF691,
FF1228, FDFA80, FCD13F, FBD6DC, FB3479, FB1F09, FB7CCF, FC0373,
FC5A09, FC5879, FBFC3D, FB9FCD, FB8DBA, FBE44B, FC82CA, FD2ABD,
FD9431, FD9265, FD394F, FC99D5, FBEAF7, FB4BD6, FAD6CD, FAA72E,
FACD45, FB3D6D, FBDBA5, FCA30A, FD5C04, FDE61F, FE0994, FD9C92,
FCDE75, FBEB9F, FB3FBF, FB1937, FBADB9, FCC945, FDEF32, FEBBE3,
FED5FF, FE1ECA, FCAE53, FAEB5D, F92B52, F7AF62, F6AECD, F64F42,
F6B233, F78A29, F886FF, F969CE, FA0FDD, FA7EF9, FAD658, FB3944,
FBA518, FC1675, FC4B28, FC3C2F, FBD2B4, FB34F9, FA9849, FA1286,
F9D19C, F9CDB3, F9EC04, FA4344, FAF6DB, FC1408, FD8EF3, FF2CD4,
00B8BD, 01F7D5, 02B615, 02CF9E, 023A67, 011CD4, FFC446, FE8ECA,
FDB943, FD59BA, FD51A4, FD67E5, FD78FC, FD4B4D, FCFF77, FCBF10,
FCC474, FD2C1D, FDD63F, FEB82D, FFA0EA, 00744A, 010CD0, 0144B9,
010918, 0060FC, FF9B7E, FEF16F, FE9CAE, FECDE8, FF82FD, 00A1AB,
01E446, 03031C, 03BE05, 03DD99, 034F2B, 024E36, 011352, 000428,
FF6872, FF6A5A, FFFF49, 00DFCA, 01CC9B, 027D9E, 02E02F, 02EBFF,
02B89A, 027162, 025EDB, 028698, 02FDE0, 03C27C, 04B75C, 05DAA0,
070B5D, 082047, 08EE1B, 09507C, 090F59, 082DB5, 06C223, 0532D2,
03F476, 03720F, 03DF30, 04EA56, 062A43, 0744B5, 0801A9, 087449,
08DB63, 09658D, 0A40B5, 0B7339, 0CB4AA, 0DA658, 0DF1A3, 0D6F7E,
0C019D, 09CCA5, 073FE1, 04B18C, 027AC6, 00A995, FF49B6, FE4B5E,
FDBB4F, FDD208, FE9214, FFF7E2, 019C00, 02E928, 0391B1, 036F8E,
02C3BB, 01F069, 016AC1, 01792A, 021F4F, 0321B6, 042DFE, 04FD1C,
055809, 054375, 04DD9E, 044C42, 03A5BB, 02DB05, 01E1A1, 009C0C,
FF19B3, FD8673, FC0A0E, FAE57C, FA2535, F9B9F2, F9832A, F94F2C,
F917CF, F8D151, F88B75, F85BC1, F83544, F7FE5F, F7B563, F74054,
F6750E, F5680A, F41655, F2A945, F15E20, F054C9, EFDA21, EF8E44,
EF54F0, EEEBF3, EE1181, ED04F0, EBF323, EB272B, EABF8E, EA9B09,
EA971D, EA94F6, EA9ED1, EAC3CA, EB0C30, EB5DBE, EB87D1, EB7A87,
EB1E57, EA88FE, E9D6CD, E915B7, E86CB3, E7DFCD, E773E8, E70161,
E67A08, E5B4B7, E4C95C, E3E388, E34086, E334CD, E3D64A, E52F25,
E6F919, E8EEF8, EAE731, ECA59F, EE5A8F, EFE1DD, F11A72, F201D2,
F28E4D, F2D3D3, F2E8E8, F2EF1C, F31B88, F3B6C9, F4C36F, F61A20,
F776BD, F89F44, F94E25, F970F5, F9319C, F8DAB2, F8BC25, F90829,
F9C31B, FAB634, FB979E, FC3071, FC85B8, FC9D9B, FCBDF1, FD2460,
FDF987, FF4E86, 00F00A, 0284FF, 03D392, 04D6E6, 05A9DC, 0688D9,
0778BE, 088230, 0980ED, 0A6840, 0B49BE, 0C4BAB, 0D7C44, 0EDBA5,
105D63, 11C285, 12C553, 132C6B, 133CD2, 1339A7, 137C9C, 143021,
15412C, 168668, 179AB4, 183001, 183C11, 17D6BF, 1729D0, 1660B6,
159D1E, 14FC8D, 147BE5, 14279A, 13EF2C, 13CEC1, 13A889, 136FF2,
1322D2, 12E7DB, 12F563, 1330D6, 13ABE3, 14343B, 14E4E0, 15AE26,
16BEBB, 17F149, 18F044, 199A70, 1995FA, 18C083, 172C55, 153E13,
1365C6, 11F788, 11140B, 10B90A, 10A459, 109147, 10601B, 0FD26E,
0F0F66, 0E5A8C, 0DDBEB, 0DB744, 0D8E27, 0D1DDD, 0C2D2D, 0AB362,
08D968, 06D103, 04DA95, 03275E, 01DAB1, 011CD8, 00FC7D, 015C20,
02155C, 02F166, 03B485, 042871, 04138E, 035AB9, 021E29, 009DD4,
FF1E0D, FDEE6D, FD3F29, FD226A, FD6F08, FDC9CF, FDEE5C, FD883C,
FCDB8D, FC04D6, FB6476, FB1BB2, FB2495, FB8122, FBE3B1, FC4E03,
FC9E2A, FCD09A, FCD848, FCBC07, FC62C9, FBD1D3, FB1B59, FA8541,
FA351F, FA202C, FA568D, FABA95, FB37F6, FBAD9C, FBE1AB, FBB128,
FB32D5, FAA381, FA75DF, FAEB53, FC26D7, FDD802, FF7BBC, 0087D6,
0079B1, FF62B5, FD67F9, FB23CD, F91C14, F7BEE3, F7216D, F72FB8,
F7B7CD, F88466, F95604, F9FDEC, FA8A7A, FAE08E, FB24AB, FB5CEF,
FB7DF6, FB8BED, FB630E, FB1114, FA99DC, F9FB5E, F94D88, F8A044,
F8039E, F7820C, F74996, F781DF, F8529A, F9B7D8, FB83B8, FD623D,
FF06F2, 003953, 00D6C1, 00D162, 00410F, FF64F3, FE6D92, FD9E3C,
FD294D, FD2B0E, FD9393, FE3367, FED734, FF4FA9, FF6ECA, FF1DB7,
FE69C5, FD632E, FC61DE, FBDB01, FBF29C, FCBBD3, FDEF75, FF13EA,
FFEE82, 002A35, FFD53B, FF2E86, FE6722, FDDFC4, FDB798, FE06BD,
FECDAA, FFD5DF, 00CBBF, 019421, 01F36F, 01F9F2, 01C435, 0153D5,
00C7CE, 0033C2, FFBBA0, FF5B5A, FF2003, FF0BC1, FF3B64, FFA95A,
003B74, 00BF94, 011D49, 015155, 016ECD, 01A53E, 021EFA, 0304F3,
044432, 05B33D, 06DCAD, 0771B6, 074928, 067B08, 055490, 04078D,
02DD9C, 020F7A, 01A827, 01B53D, 02326B, 030B35, 044960, 05E6BB,
07B17D, 096DE6, 0AE25E, 0BD077, 0C36FC, 0C2D89, 0BE584, 0BA466,
0B64F7, 0B26C0, 0AC6B5, 0A172D, 0923C0, 07E7CD, 0695A5, 056AF6,
04876E, 03F102, 038E55, 033DCD, 02BDE9, 0203F3, 011FAD, 0045AF,
FFC40E, FFBD8A, 003B34, 011839, 022AA8, 034404, 043D90, 050043,
056DD7, 059102, 05786C, 054F25, 05014B, 048A40, 03E563, 03163B,
024C76, 01A18F, 012799, 00DE7A, 009B17, 002A06, FF74AB, FE7601,
FD6834, FC96F8, FC2A52, FBF313, FBE46E, FBD026, FB9D9A, FB5B98,
FAE38B, FA4218, F9550B, F8392A, F70666, F5E061, F4E335, F41B3D,
F39734, F32CCF, F2B92D, F21129, F10083, EFA1EA, EE2A98, ECCC0E,
EBC299, EB3FC1, EB4640, EBE70C, ECCDBC, EDBA06, EE9758, EF186F,
EF254E, EEB27E, EDCEDA, ECAA87, EB919A, EAB25D, EA029B, E96623,
FFDAFA, FFD671, FFD3B7, FFB15F, FF7FAB, 001175, 00F501, 0216DE,
0A1768, 1CD300, 2D11C7, 2FFF31, 2C393D, 2A7576, 2E9008, 324B84,
2FB06A, 2F539D, 3300C2, 331F6D, 31D28F, 33A8C2, 351963, 33E4D8,
343D0D, 3606A9, 35E010, 354F11, 36908D, 3745F2, 368190, 36AD02,
37ADAB, 37B8D7, 37AFF2, 3863F7, 381395, 36B01C, 36789C, 37DBB7,
39657A, 39F473, 394B5B, 3889B1, 38017E, 36DB2C, 35732B, 33ECB6,
310D40, 2E81CF, 30CF95, 34D975, 32A5E8, 2CEC08, 28BEBB, 216003,
1296B1, FFF1E6, F4B701, F91122, FE5BA7, F65FDE, EDBD9A, EBE24C,
E8EE8F, E4F300, E2B7E3, E0C132, DB6A56, D0C844, CB2216, D8E46B,
EEF47D, F57672, EAFD29, DBE1D3, D7699C, E01C9C, E6FDDC, E64B61,
DFADEB, D56EBF, CB84AB, C2951A, BFD7EA, C79065, D10422, CFD45B,
C1FE9F, B5292B, BCE4E9, D33B9E, E09E9B, E110FA, D6EB39, C1641F,
AC0AA2, A767E1, B99BDF, D44129, DB577E, C94C0B, BD0665, B7BB1A,
A224F5, 91EE06, 9FBF21, B7A71E, C659AC, CD77C6, D23A3F, D7B78B,
D5A59F, C4F591, B1DB8A, A27EEA, 95EAA7, 978A8A, ACDAD7, BE1B7C,
BEB35B, C6D2AC, D5863A, CD7215, B0E701, 99D85F, 9CC62B, B94621,
CFE302, CEF5BF, C26574, B9B192, BD20E9, BE915F, B67E0F, B4A404,
B762C6, B548FA, B43C94, B72BF9, B2F8DE, ABBA4B, B48A16, C7A7A4,
D1E78C, D31714, D0BB42, CC874C, CA13BB, C918D4, C3D63E, B6E8A0,
ACB4D3, AEC617, BA5F9B, CAB809, DB73B3, EA7513, F7C73D, 00F418,
025667, FB1B5A, F3FF8A, F57532, F45FFE, E7B5A0, DCC6F6, D9E810,
D7DECB, D7541F, DAA8E9, DD61BB, DEA022, E40D92, E93219, E4AC4E,
E38553, EF8A12, EFE5E2, DEBC65, E1C88F, 04BD23, 2BF561, 397F27,
265367, 1813EC, 1F6EC9, 1A1821, 0837E2, 0225BA, 022E12, FBC2DA,
ECB83D, E18306, EDDEA6, 079840, 17C713, 27E29E, 40F5C1, 526192,
513C32, 408920, 2E3E10, 261A68, 1F74D4, 1529F7, 128BA4, 169EF1,
15BFAE, 0EA64C, 084AEA, 0E7649, 2484B5, 3AEC5A, 3A44C0, 1DFF0E,
0F9207, 2B07BE, 4835C2, 50CD6D, 5ADC89, 66468D, 67BAAC, 5C3CD9,
483943, 383B00, 2FF26A, 27E61F, 1F9297, 16A832, 094E4C, 05EB66,
2777E5, 5DCD79, 77EAA5, 6EE0AB, 54506F, 34BE23, 279C54, 3CF48D,
5CE3B0, 60C113, 5163BC, 47B026, 40A8AA, 3A8AAD, 3551EF, 334818,
3753F0, 3B1E30, 3B9548, 3CCC29, 3F5E77, 3F87C8, 3E3521, 3E070E,
3DB902, 3BA6BA, 343CBF, 2347E9, 0FB434, 173C4A, 451869, 6DBFB6,
7527B5, 70618D, 66384C, 5241BB, 3F83C7, 32F48B, 2634A3, 141907,
02C61C, 004282, 152CCD, 324F5B, 486D8C, 5C02F0, 6A4766, 68958D,
56ED8C, 3E1A5B, 2B716A, 234F00, 1C863E, 15F2B6, 166372, 18E449,
19208C, 1B3B01, 1F5FDC, 2067FE, 1F5687, 20B1F9, 21C887, 20AF30,
2094B6, 21BF5A, 20A83E, 1EB6F5, 1E7580, 1D822A, 1AE253, 19D447,
1A0185, 18323F, 160095, 15B00A, 14DCD1, 129A72, 11E51F, 119F00,
0EF2A6, 0CC6E1, 0D4E57, 0C2E7A, 09104C, 092EC3, 0AAA27, 0920F9,
07BD56, 07DCBC, 045947, FF09B5, FFD7CE, 0389D4, 02F3E7, 003BAB,
F67A3D, DAD186, C794A2, E67F7C, 1F6F6B, 3B9438, 326188, 173470,
04FDFA, FCF714, EAA3E5, DCC27F, E17BF4, E405FA, DD76D4, DABD6E,
D7AC6E, CDEDAD, D52805, F1F21F, FBD61F, EB61C6, E7DF81, F7158C,
05D059, 097D97, FAECDB, E2798D, D5BCE9, E3FF61, FA1772, F7515A,
DFFC6C, CD2695, D41986, E9217B, E8A9F5, DB457B, D7CBE7, D7B868,
D60A17, D24774, CE14C0, CCF1E9, CD8E57, CE1FD5, CF10A0, CCA8C7,
C0E7CC, AFA79B, AA857E, C69327, F87F39, 0E5975, FE80A8, EEC119,
E3C04A, D48F94, CA216A, C429C4, BAC916, B3A342, BA7C65, C8A06F,
D0E810, D2BD9F, CE9F67, C5894A, BB0989, B4C724, B6CFA9, BE28A6,
C3740F, CE06CE, EAE636, 008A07, F244EC, DB9213, D291FC, C1DCFE,
A54516, 9238BF, 9AEC6E, C20BDB, E7B6D5, ED00F2, D5409D, BB9687,
BFA784, D95DB5, EA573A, E9A520, D616F7, BB7D83, AC05A2, B2DBFE,
CD368A, E51EF5, E41042, D21057, CCF596, C970E8, B1226A, A73576,
BBEEFB, CC93A8, D4111C, E9636A, 00235B, 020F32, F234A0, DDFDCC,
D420FD, D34F96, CDD608, C62E30, C46983, C8B122, D3604F, E2BB45,
F1091E, F9DC6C, FE6ED9, FD0D36, EEC579, DDFE87, E084D2, F30443,
01CC61, 051643, FDBAF8, F3568B, E5D9F0, D02382, C311ED, D1CE3E,
F3D533, 0F3877, 0C0FC2, F715F3, F63BC1, 08BFCF, 165053, 125C9A,
000D3D, F944E6, 048E47, 11E126, 15C8F5, 0D73DC, 0684BC, 00D6F4,
F21298, F2A96E, 13EF79, 2882F8, 1357D2, FC2F66, FEE71A, 16259F,
317C16, 3B8249, 3667CB, 2D2534, 23BD48, 1DF039, 18FADC, 154F4E,
12DD28, 0EA9A8, 060CEE, FCAE98, 05CE46, 2BEAED, 503087, 55D531,
4B763C, 411867, 393EE2, 335E50, 2BD6AF, 27DBE7, 28BFA0, 266334,
22BA5E, 260571, 2C355B, 2A2879, 1D8B1B, 176CAD, 32874C, 5D5F1A,
6A376E, 5C7AE9, 4C577E, 3FC9E4, 30A9F2, 14A1A5, 083796, 29ED48,
4D8CD1, 4C9DA6, 45A3B4, 48E9E4, 4A0EE1, 4CE231, 53A38B, 57A4FE,
51DF51, 42251E, 34114B, 33EDA0, 3C32B2, 4163E8, 4AE335, 5732A7,
587432, 4E32A3, 425565, 384FC9, 2C271E, 17ABCC, 065C5C, 121476,
33C82B, 4F7D96, 5FD834, 65241F, 5C9D88, 4CD283, 3F6876, 3627E1,
2E79A1, 2A0FB7, 27C81C, 2215A2, 1B9E32, 193249, 15A334, 126959,
230666, 469D71, 5D9AC6, 5C394A, 4DA8C3, 3AF69C, 2C7277, 22364A,
13DE79, FD593A, F0E345, 069C9A, 2F30B7, 4B24B6, 4A6EE5, 34DE14,
25E731, 2022E3, 1638E7, 0DAF29, 0A833A, 080845, FBD8C3, E29763,
DD30EA, 00E016, 2433FB, 28BB38, 24EAEF, 2B23AA, 3B7F28, 3DCB88,
225585, 0A88BC, 0363D7, F7DBDD, ECA7E9, EEC6CB, F1D919, EAB9FC,
E09C46, DF58D2, EE1D0D, 053197, 12F2A3, 0F9BA4, 02245E, FA6740,
F964AB, F1043B, E60F27, DCF947, CA7AE8, BCF5D7, D8242D, 0844BD,
15FAA3, FEC10D, E27324, DE8591, F8542B, 0E7D6F, 0FF4A0, 01F4CA,
EE1D79, E05F7E, D6E345, CF35C4, CA8220, C57B32, BC0E19, ACC9B9,
AA5935, CDBE2E, FE5583, 05AFA2, F3584E, E8AF2F, D38BA2, B86565,
BBE523, D85998, EAAC0F, E964D1, DD9AA2, D34B45, D17BAD, CED296,
C9A2FB, C62F2C, C4CA61, C1AD50, B4FE33, A86105, B10FDB, CAA839,
E03861, E97CDF, E76B00, E1C253, DC0384, D23AE4, C85D8A, C2E8C7,
BFCCC8, BB1350, B02CAC, A14F5C, 9BA9D8, B143A5, D7B9C3, E08173,
CE4EA1, DA3A00, F557B4, EE176F, D60AB9, C67F5E, BBE2BC, B6B123,
B90007, C15CBD, C8A594, C07689, AC0966, A6A5FC, B8A674, D0622B,
E00DBE, E4DFC2, EBC153, F537D1, EA8F55, D11DB7, BDD62E, AD41D3,
A0000D, AA499F, C6E1C9, D890CD, E114FE, EE7664, F0BB85, E13D40,
D67248, D7E575, D7411C, CAA3FF, B82C3B, B7B5AB, D2DC41, ED3059,
F42BF5, EC6E58, E1B697, DEBB5F, DB3FC9, D426F5, D436A8, D88A29,
D7B660, D3C474, CE44BB, C46516, C5F0DD, E86167, 113AED, 1884F5,
0C6060, 035834, F93252, EF6D8F, E82D70, DA7E7C, C4735A, BC4E3B,
D42828, 000BFB, 24A6D2, 2AAF58, 1D4D2F, 14542A, 0ABB6D, FEA8F2,
F863FC, F62799, F3A0D6, F2579A, F4D933, F818BC, FB6C66, 00FD35,
0656C9, 092EC9, 0AF930, 0DBD2C, 0FAD88, 105F77, 113706, 12C765,
14A4BD, 16529D, 17B81C, 19A496, 1B3C0C, 1AB9AB, 1A34C8, 1AC3A4,
1851DC, 111ECD, 0B16AB, 0ED23B, 1F7C3A, 30E85D, 3184D1, 1EA6F6,
0D284E, 1A9C06, 3DA2A8, 51B65D, 4D65A8, 3B77AC, 2F028D, 2DA64F,
28A62D, 20FE69, 1E240A, 1D5349, 1A0D73, 11C24C, 110657, 2799CB,
4B03F4, 5FB9AD, 547E46, 32645F, 1E6A02, 2940B2, 448B40, 5944B7,
563AE8, 45EF51, 386596, 2F4F7B, 2316A3, 10B0A9, 14B6E4, 37C244,
5136D5, 4FF2C9, 451C8D, 3669A7, 24AF82, 13D8AC, 0E9DE7, 24A7F5,
463C83, 53441E, 4E9B55, 4B7D4F, 4CD346, 4F3784, 4A2553, 401FF3,
3B2B9D, 352D43, 2AD5E9, 26176D, 2622C5, 1E6FBC, 0FABC2, 09ABDB,
1E0E92, 454D50, 57B444, 4BE660, 3EE910, 37CEA3, 2F9CDE, 256FF8,
1D29E4, 223DD8, 2E1CD6, 30418F, 2C9BD8, 29F0CE, 2071F8, 0FC6C7,
070B93, 151FA5, 37ACD1, 4B7861, 37BA59, 16F3C6, 08C32C, 16C5DD,
335969, 41FCC9, 3DAA26, 2FA72A, 22C7C6, 1B06E7, 110047, 08BCAE,
071828, 061DBC, 0458AA, 065394, 08E1EC, 0636E9, 05F810, 09895D,
FFDAE6, EC654D, EBD17C, FE6BB9, 0F62ED, 1CE6FB, 294D61, 3180EE,
2EF808, 1C6355, 072984, FE40E8, F79F52, EC473A, E85D8A, EAD751,
E7E8C0, E24642, DE6B2D, D635DD, CECAFC, DCF9C9, FCA6A2, 12061A,
0E43F3, FB2DFE, F68659, 02773D, FC60AE, EA4717, E9FBC9, EFCA95,
E85490, D33001, C43D79, D5D319, F59509, FE8CD5, F65ED7, E8CFFE,
D38ACA, C614CF, D07E9E, E1FF97, DF95FD, CBD20F, BC3E43, C77747,
E61C28, F7900A, F6581B, EBA5A2, DBDE5C, C93583, B13417, A664AF,
BA5AB1, D82314, E870D6, F04F3C, F22395, E9D593, DD6A29, D3AB3C,
CC95B8, C701FF, C4048B, C07BE3, B75E60, AC1175, AA381B, BFBCBC,
E3F483, F6256B, EF907A, E43EA3, DA06C3, CCE152, B8BD9E, A93F6A,
B90FC0, DC23A8, EEAF60, EBBCEE, DF84E1, D553B4, CE2BF2, BC4E3E,
A5CD71, A0153F, B64722, DF2B38, F98E0B, F8DF9D, ED380E, E1682A,
D9C9B3, D3FD76, CCE562, C909BC, C87DBD, C8B8E8, CAE5BD, CEBABE,
D0A711, D065B7, D20119, D12550, C76E69, BA87FB, BBA95E, DA5933,
0389AA, 0BF184, FA4AC8, F00E33, E94317, E08563, DBB529, DA2852,
DA0153, DA32A7, DB6293, DD2F86, DF225B, E12660, E2CE04, E478BD,
E57D8B, E67D1D, E7D59A, E98753, EAB644, EBF949, EDC823, EECA33,
EE97DF, EF2D3E, F16E23, F3C616, F4803F, F34AA0, F2A8DF, F20E94,
EBF991, E09A74, DBC371, EE5FAB, 15D671, 2AEBEB, 1D7B90, 0E2BB6,
061E0A, F9016B, F1D840, F8EC08, 04E8C8, 0BBF6E, 0A429B, 057C61,
051744, 069F70, 067179, 08864C, 0B5414, 09FE3C, 062B36, FF717B,
EF334C, E40BB7, FF2715, 304F3A, 42965F, 3723F2, 26B48A, 110CED,
FC8AB3, F6BAC8, 08E3EF, 2D3384, 436179, 3A2329, 2C8B0B, 24566C,
0CFD55, FAAAA7, 093616, 1F861D, 237614, 2006A8, 26568F, 38D109,
434743, 321F8E, 216A8B, 22A6A1, 204135, 191D8D, 1C0C8A, 20EE63,
1F24FD, 21A581, 294F77, 29A725, 27101A, 2B91B3, 27D6A7, 138E51,
06BAF7, 10A4A8, 289071, 424489, 526261, 55FCEA, 511A31, 46DBF0,
3C5625, 32E431, 2ACBE0, 2242A1, 16B313, 0B5973, 0C0F2F, 1FFD52,
3C1A3D, 41B412, 28D907, 23E017, 4349FA, 53D19E, 4B4534, 41B70A,
37FE96, 2DD114, 27A826, 24BC43, 219B77, 1F53DE, 21C284, 24BD8E,
25AD81, 27FD2C, 2A4EF6, 28124F, 261F26, 2733D1, 20107F, 10A93A,
0E2654, 215FEC, 3D277B, 4B119A, 3F45B0, 2CCE42, 24BD68, 2303A0,
273BC6, 2E3ABC, 2D65FE, 23A5F8, 1D917B, 1D4986, 167FE6, 0FA4BA,
14A398, 1B2A5C, 1AC540, 198421, 133B86, FFBAB1, F0CFFF, FD9573,
1F62AD, 3DFAFB, 42D340, 320F8F, 25E382, 1D4FA1, 0A7AFB, F205CD,
E3F388, F49F08, 1734FB, 29A8DB, 2908E2, 1FFD3E, 133C41, 0831B7,
FFD984, FA5C33, F82A26, F768D8, F7DFCB, F81E68, F7CCA1, F57FFD,
EF9F53, E9E793, EDFCEE, FAE2BE, FDFF55, F18297, E3E129, E76215,
003DDF, 175304, 1AEF8F, 13DB15, 083EA3, FAE463, F06A57, E8F22B,
E37D9E, DEFDE8, DD417E, DCBD94, DA4849, D541A6, CBE9AB, BFB9F7,
C0D788, DDD340, FC463D, FE9C43, FA9DAB, 026CF4, 06DD63, FFE5BF,
EFEDF7, E030E0, D8DECA, D48C32, CFDB51, CE72C3, CCE84D, C46843,
B66430, AF2139, BF1213, DE633A, EF10E1, F276E9, F9FD0B, FB4D40,
EFC241, E2FFDD, D990C8, D11757, CBE128, CB8625, CB206F, C9A5C6,
CA75F0, C883C5, BC8C8C, B45A12, C13C94, DDB752, F6036F, F4785A,
DC03B1, C60F09, BEB075, C8E749, E11843, F3676E, EF5F83, E04FCE,
DC5A00, D9C9E8, CF6DDD, CB0AAC, CA5922, C09528, B2880C, AFC8DA,
BFBB92, D91D82, E5A785, E83B64, F51DAD, 00FCA9, FBABE7, EDE0A3,
E0E5A1, D77EB1, D11CD0, CA7F7D, C2FC17, BB562B, B6A44C, C02043,
DF36E3, FDB6B7, 012A19, F84934, F3EE86, EB1191, DFD533, DC7EA6,
DEC342, E0272E, DFE239, DFD020, E0D198, E31998, E55A2C, E5EB19,
E41F76, E1D3D3, E18706, E3FCF4, E9353D, EE1CB6, EE8667, EBB673,
EE95D5, F63052, F5E0AC, ED0B3F, E78317, F0CEC6, 043632, 0875AF,
FB7B25, F6BEB3, FFC689, 0BF936, 0FCB6B, 0760E3, FF835B, FC035F,
F71791, F5069F, F68095, F2B845, EB6080, ED3939, F4860B, F4BA7E,
F3ABCA, FBA715, 0CC3BA, 1E1CDD, 245737, 253729, 28375E, 1D161A,
053007, 025B87, 156D10, 1F094C, 1A8924, 12ED9F, 0CCF1E, 0A5BAE,
0781C7, 05D346, 0A1994, 0EAB50, 0FA6A7, 11B2E8, 15AC6C, 15314E,
13D51F, 15A30D, 0FEA26, 02764E, 05E771, 1FA23E, 37A381, 3EE099,
35E815, 2A9749, 279A30, 2339C5, 1CAC02, 1C6C38, 1E4580, 1D4828,
1C5986, 1D89C3, 1E2E3B, 1DFDFF, 1F3E64, 20AF30, 200349, 1B1EAD,
12F377, 0D59E6, 14FF0B, 2CDD0F, 4227C3, 425E6B, 320443, 1FC69E,
19F8A7, 234934, 317827, 3D412A, 41F8E3, 40D972, 3B1C21, 2F36FE,
20221A, 11259E, 047BE0, 01565A, 0FC3A9, 2571F3, 2FFF1F, 36015D,
4131D2, 46E4B9, 4074CA, 32EE36, 25C218, 1F16FE, 1CA749, 1A4647,
19BD59, 1B7002, 1D33B2, 1EC8C3, 2057F9, 212BAA, 212699, 21C440,
227E12, 21EA16, 210E79, 20B8ED, 1FB7E6, 1E670B, 1ECDAB, 1F90CB,
1E6978, 1D4FFC, 1E04D0, 1E0598, 1CE4B5, 1D4626, 1DD1EF, 1BDD29,
1A1982, 199385, 157726, 0EB4E6, 0C975C, 107471, 166508, 1B4EDB,
1CA1C4, 1A6016, 16FFC6, 149253, 127A58, 0FD44C, 0F7C1C, 1084AC,
0D7353, 09B991, 093B3E, FFC1CC, EA8D57, E4D553, FC556E, 1E5336,
3083D7, 22DF3E, 05B16B, F2EB05, EFFEFC, FE69EF, 16017A, 22534D,
188941, 0A669C, 062155, FE71B4, F3927A, F12F2F, F0EF36, ECA829,
EB5E42, EFCDE1, F06BF6, EEC19E, F1B98C, F5A41F, F5B3A2, F5162E,
F5069B, F301F4, F06EA1, EEF0FD, EC3E8A, E87EF0, E8BF5B, E7E9B9,
DBD350, CD4BE9, CFAD19, E86AF8, 081C05, 11A509, 03E173, F91FF9,
F2F4C2, E99906, E325AA, E04E2D, DD6B33, DAA829, D9FC6C, D9CE95,
D7097B, CFB0B9, C35BE7, B895CE, C08D80, E2D27B, 032EEE, 09E2E6,
0458FB, F78466, DD1D3C, C54606, C3D41D, D74655, EF039F, F76FCD,
EE4B32, E34F78, DB6D44, D14D26, C0D146, B05D5C, B4EA4D, CB71FB,
DE78A6, E8A1C8, ED1EB9, F089E4, F40EEE, F20826, E99377, DE2B6A,
D09DFC, C9B3D5, D41FEC, E15881, D65A97, C5280C, CE5C76, E3A008,
EEBE86, EC73AB, E0DD36, D7E772, D51A8C, D653FC, DC65BC, E1EDFD,
E03832, DAFD78, DAE72C, DD4976, DCA496, DBA94D, D9E21B, D6AD5B,
D9CC2D, E5B94C, E7CD74, D8A2C8, D10E72, DE288D, F46240, 03A933,
0114B2, F666D8, EFDCBE, EA2410, E0447F, D06FEA, C62318, D027B9,
EB7C8B, 061C06, 093C00, F6EA0D, E66711, E02A49, E53C46, F4ABCF,
02739E, 01ED33, F3CCE8, E7360B, E67826, EF1B08, F18AC1, ECB381,
F1887D, FBDDFC, 0098BE, 037B38, 0885AD, 0E2968, 0E9F9E, 061201,
FCE16A, FB04B6, F908C7, F4B09E, F591B3, F512A4, EB0F5B, E66885,
F4FB18, 0BE26F, 1AABAE, 198556, 1081E6, 0E6855, 0D3B70, 072C1D,
05A1D9, 07DAAC, 06A4F5, 055C4C, 05C8F6, FBB074, EB925D, F16F95,
0DD17A, 25D560, 2D79E7, 28A370, 2371AC, 1E3CA3, 0A108C, F796B6,
032AD8, 1D4AA4, 2BEA01, 2BAB6D, 1E77CC, 0CEC03, 03C732, 088077,
13E0A5, 1ADC75, 1BCB6F, 180E7B, 1385F3, 153E6B, 1D75D5, 23FEF0,
25B5FF, 2C1B63, 327FD6, 2C5E18, 2200E6, 1DDBC4, 19FE3A, 142E57,
13311B, 156443, 164B4A, 180FC9, 1C2D81, 1DD6E7, 1D5022, 1EA324,
1B5312, 0E2E03, 070A7B, 14D0E2, 2FDC07, 43CD4B, 3FB8BB, 2FEE29,
291B0E, 1FE82A, 0DE4F1, 057A6A, 107311, 287111, 381CC5, 302B97,
1FA8F6, 1887FE, 1D7BD5, 2837DE, 2E71E9, 32B4FD, 381B9B, 35A3D6,
2B4BEC, 2220CB, 1C26BD, 170492, 136899, 11C331, 0FFA85, 0EA961,
10724C, 16FAC3, 1C7884, 14EEF4, 069D3C, 0DC5C5, 28922F, 394340,
38C550, 2EAE56, 24C2FE, 20B2FC, 1B506A, 15B87F, 152E14, 14E89B,
12386F, 10BAF4, 113194, 107CB5, 0F5922, 1010E2, 1129CF, 11D808,
12C1D2, 13E4D9, 12E6AD, 0CAD8C, 001478, F3A88A, F64797, 11EAE3,
2FF91C, 2F8360, 1F47CC, 160157, 049848, EFB09C, F4E1EC, 0DD061,
1D6878, 1EE322, 190391, 0FB0EA, 07BA01, 01507C, FC0319, F82A0F,
F5DB7C, F2F6A9, EA09AA, E16C4F, E6D27C, F986AD, 0E1D60, 1A22CF,
194404, 119B19, 0982BC, 0087EC, F1ED28, DE9AE4, D896E4, E4F134,
F188EE, F591E6, F58E3E, F83AB4, FE5F50, FC385D, F43F8E, F6944E,
F8E4C6, EF1478, EDEF02, FC6233, FD4E66, EEE74D, E9431B, E8982E,
E2BFDA, E1288A, E5E5A9, E6249D, E1EEA6, E04DEC, DCBAD8, D428F3,
D188AB, DB50ED, EBB7AE, F93531, FC4173, F686BF, EEB4F3, E8574B,
E2A795, D9582B, CDFD4D, CA06CA, D4E33C, E60580, E527FA, D86132,
DE851A, F15E08, F8385F, ECE2F3, D87484, CF9047, D5DF1D, DC2EEC,
DFE115, E2E5BC, E57E01, E9FDA8, EE892F, EA7A53, D98F61, CE3024,
D5D6A6, E03E97, E16BE2, DD1B16, DA5007, DDCF24, DF02DE, DBD5F5,
E1DA2C, ECEB3F, EC024B, E3B743, E0C675, E1DFD7, E2FB9A, E17CD8,
DE55A9, DD6E65, DC6623, D9B817, D93B3E, DB80AA, DD88FC, DFA17D,
E34171, E55AA1, E541B7, E702B8, E97128, E7D098, E59B64, E4FD02,
DD0639, D19332, D8351A, EB0D11, EF8F29, EBE14D, F22F17, FEF1B0,
07C5C2, 034B15, F56527, EB10AD, E22F65, D95A06, DD700C, ED4AFC,
F75145, F85BB8, F9BD98, FF30D9, 03FB83, FC540A, EDAD84, ED5706,
F721F3, FAE332, F9A894, F74D36, F523CC, F4FE84, F5C4B6, F34E66,
EB3C93, E4AEAC, E814F7, F63B06, 05AC88, 0AD079, 0C67E0, 1113FD,
0D7C8B, 03C826, 03EDD6, 0BAABB, 0E80F0, 0AEDE2, 03BD0E, FB9CBC,
F9810C, 01948D, 0C4C24, 0F976A, 0F6F48, 0FDD19, 0BA204, 086ABA,
0EB609, 15A9F4, 10B82E, 04CE82, FE13F4, 053A35, 1515B7, 1DE0A0,
1D21FA, 18F4A1, 15AABE, 14BFC6, 11993F, 0DD7DD, 0DDA5B, 0EE3A2,
0F127E, 110C04, 142635, 1468DC, 124284, 1111AF, 135B52, 195A20,
1E7142, 1C981D, 12EE54, 0C277B, 132C84, 20FA1D, 29F1ED, 297321,
261DD2, 2B906F, 3224FB, 2EE7FF, 26DE3C, 1F34C1, 1A9C92, 18607F,
16098D, 15FFEA, 189D2C, 18CA42, 172F8C, 17AA19, 14F872, 0D8EB6,
104DBE, 20C4B3, 2BCAC8, 2AFD4E, 262258, 1BB77A, 0D5435, 08F0FE,
13FFA3, 2408CD, 2FD24A, 352804, 34FBD4, 31C8E7, 2AF0BC, 21B6F0,
1A6EF4, 16261E, 13AB4B, 121D7C, 11AE30, 129E50, 10C44A, 08CED5,
0755E8, 1791E4, 29F767, 2F5BA5, 2B2522, 240516, 1F5440, 1A950F,
0F7F61, 0157B2, FA451F, 0482AD, 178418, 1FA0AB, 1FEABB, 230A78,
287F3E, 2B379A, 2496AD, 19A1E5, 14F06F, 1343E8, 0FBF58, 0CAEEC,
0A6EA7, 083389, 0745E6, 080867, 08CA23, 06FE55, 012B6C, F9B5A4,
F851D8, 043A09, 17526E, 1B188C, 0E2BB8, 0D1959, 167BC6, 141DDE,
0F96C2, 12F4AE, 119C21, 072859, FDA84B, FCCAC2, 043D89, 095E32,
04BB60, FF00B8, FFB83E, 05C193, 0AACAB, 0720E4, 00BDC9, FDB97A,
FBB876, F90487, F517B1, F280D1, F3B0A2, F5A510, F67B8E, F7226A,
F65E16, F30B1C, F01D18, EE60F1, E9A256, E4950E, E963E6, F8AA1C,
09562D, 109FC6, 0A8C08, 01022E, F9D8E3, F1E077, EA550E, E5553E,
E3CAC1, E37C1B, DEE2A6, D82F75, D92B2C, E67EF8, F7FBD2, FAEE96,
EEA6C9, EC6D06, F596CE, F83ADE, F53629, EF112F, E2C41D, D57178,
D144D7, DAC0F0, EB8FA2, F6102D, F29B79, EA6618, E646D0, E4FFEE,
E06401, D759A9, D95D04, EA2216, F4F242, F2F822, EBF34D, DFCE3E,
D156F1, CBE57A, D36C64, E0B899, EC02C3, F1A258, F2E5D0, F1DD05,
EBABC2, E32BC9, E028AE, DF9F69, DC34A7, DA5ED9, DC9008, DC4636,
DA8ECC, DCB994, DCB140, D45DC8, CDBDA2, D3AF9D, E42EB9, F1AC7C,
EEB4A9, E7C089, ED68FD, F41B86, F1947C, EA6418, E54072, E7476D,
E9861C, E73781, E9BE66, F028AC, EF0002, E7C7BD, E2C533, DF2EC4,
DBBA52, DB355E, DFB2DF, E7F217, ECC32E, EA7915, EA9BA4, F19387,
F61126, F660F3, F76EC6, F6922F, F249D6, EF5CFE, F0DA2B, F3E379,
F5060A, F3241F, F102EB, F0C08D, EE16EE, E8CE09, E6F97A, ECCE74,
F857FE, FF1097, F9EF3B, F0A7D4, ED8308, F4ECFA, FF79EE, 0238E9,
005DA5, FF521A, FF6890, 0141DA, 040FDD, 0869CB, 0C9C26, 0B3816,
04BE54, 00800A, FF4685, FD13E5, FBEC2F, FD23C8, FE6903, FF7E61,
015EA1, 02B02B, 00834B, F9D18D, F5688D, FFB846, 13A1DB, 1CF00E,
1A0A7E, 1537C1, 117414, 0F6C03, 0CAF40, 0A8CB6, 0C54D2, 0B0CCE,
02CEF2, FE215F, 05AC36, 15EA18, 228128, 210096, 19DFA0, 1869B7,
169826, 13047B, 120A57, 119A7A, 0F825F, 0E4357, 0F82C5, 10E01A,
11E8C9, 142DFA, 16419A, 167B00, 160FD6, 14EBE7, 0FA7AA, 0706A1,
02E2F2, 0CD624, 237E6A, 314D26, 2C4EDD, 24BDFE, 23EACA, 276ADF,
27CBF4, 1FDABD, 19171D, 16D08F, 13B8F4, 112A08, 11BD1A, 12A84B,
126995, 13152C, 10752E, 07143D, 054245, 166667, 293024, 2EBA08,
2DE848, 2ACE37, 258EF0, 1FB466, 18E1D5, 11B574, 0A14B3, 0415A8,
06721D, 1308A2, 1EA2AB, 21E4A7, 270FAC, 2D2EC4, 27835C, 1CA060,
178764, 11C195, 09F872, 0C7B85, 164582, 18C6B9, 160F3C, 15A7C5,
149879, 11DBA9, 10EF9C, 10EB0C, 0E70D6, 0A649E, 07EF0C, 083660,
09FD99, 0AC295, 0CBA7D, 12F2D6, 18EB7E, 1B2D74, 1D1E18, 1E7AE9,
1A806F, 12C82E, 0DE576, 0FE56C, 141BDA, 0EA7C4, 03E5EE, 041276,
08B1AC, 0486EE, FD13CE, FC0FE1, 066B04, 140DEE, 15B3D0, 0EEA34,
09B388, 050C28, FF8C86, F8E42C, F1DAF8, EF897C, F87AC6, 091EDC,
0F3D0E, 0903ED, 082281, 0C4A47, 0AE7D3, 041F1B, FD1DB1, FC6970,
FFDC80, FE725D, FAA159, FA57EF, FAE8AD, FA570D, F983D9, F6A7BF,
F077E3, EBC8E2, EE868C, F7B4C3, 002AD2, 0024F4, FB3500, FA3AE2,
F9C481, F5EED3, F34AB1, F28460, F0D6C8, EEE3C9, EE25AE, ED511A,
EA3863, E4C417, E3819A, EDFF12, FBD83E, FFB7DE, FA55B9, F28373,
EE3138, EB168A, E342C7, E0A118, E9D4F3, F213ED, F4325A, F7EC34,
FB1A04, F6FBBF, EDF4C1, E53426, E04247, E1DD12, E8BE64, ED8C5A,
EBDA70, EB4231, ED303C, E60329, DB7354, DF059D, EB7C7A, F31498,
F4B8FC, F12855, E9096D, E21EB9, E14F67, E3B553, E3CABF, E2F96B,
E57AFC, EC7D36, EF9A72, E7DB30, E3E0B2, ECD347, F40669, F3D367,
F3246C, F0C4A6, EAD8C6, E66D77, E580C2, E385DE, E0FCDC, E1FC7E,
E1F666, DCD12E, D9B557, E01822, EF06F2, FC7EE9, FD421F, F72806,
F3DD5C, F07888, EAE6CC, E4142F, DDBE7E, DB9D34, DF35D2, E78E3A,
F02E44, F538FF, F68243, F66218, F75177, F7F4CD, F64E3F, F42805,
F43F65, F7A57B, FA8379, F8E187, F5D33A, F3C3FF, F16641, EF4649,
EE82AB, EE2D97, EDDD84, EEE686, EFF205, ED914F, E9DA91, EA1F9D,
EFDE78, F722B5, F98E9B, FB5B0C, 063777, 10AC25, 0DEDC3, 06E832,
03851D, FF585A, FAACD3, F8C382, F84745, F7AA10, F86B93, FAF0BC,
FCFA36, FE5ADE, FFF411, 00C92B, 005FAD, 0021DD, 007219, 005F92,
01004D, 035F62, 051E0C, 04F754, 0577DD, 0511B3, FF23A1, F829AD,
FA173F, 0731E0, 159F11, 1511D8, 0B4E76, 0EC3E8, 19C87D, 1C7DEF,
193261, 137E6F, 0DBF27, 0A0B62, 083EE3, 08496A, 0943AF, 0A6454,
0B4C27, 0C5A99, 0D17CC, 0D4B49, 0E4525, 0FCA1D, 0FA2AE, 0E6BC0,
0E2D15, 0B9776, 051096, 041201, 0E44CA, 1BFA91, 23AA1B, 214898,
1BDD04, 1B5150, 19A1C4, 1492D6, 12C480, 12AC40, 0E5BE1, 07C758,
062FFD, 0ED3B3, 1C753D, 212FBA, 1A8F6E, 109845, 0972D6, 0B39E1,
169ED0, 21A731, 20205D, 182206, 170F86, 18EE37, 19A7B3, 1BA9B2,
1B2A94, 150FCA, 10FA3D, 15A075, 19F444, 17F3DF, 1501F1, 128AAB,
10528E, 10E247, 13B45C, 13C788, 1120B1, 10C2E1, 0EC9B6, 079919,
05B1B4, 0DE068, 14846B, 15FEC8, 197EF3, 1E7847, 1FF3E2, 1B4939,
12D4F6, 0EAC0E, 0FE170, 1001BE, 0D1FBC, 08E67A, 0675D4, 08B07D,
0D8D75, 0F53BC, 0C38E4, 0DDE6F, 167DD2, 148B83, 086377, 06FD45,
0EC762, 1208DC, 119BF0, 107E38, 0E4713, 0BAAB2, 089D62, 04E658,
019D47, 0200E1, 054C56, 056F94, 02AB4A, 0337C1, 06CA57, 0A2EB7,
0C8558, 0DB192, 0DC9CC, 097322, FFD02D, FB76F5, 023C2A, 07EC17,
06A370, 04EDCC, 0373CC, 00C5D1, FDC0A3, FAEF5F, F96417, F97512,
FAAE4C, FA71A6, F7EAAD, F74EB2, F97CD2, F8E1B4, F51648, F39190,
F882C2, 02F20F, 09BB9A, 0789F2, 010C5F, FA27E3, F5C2C2, F64457,
F8FF3F, F7E58B, F2D722, EFC298, ED1597, E8020C, E891DA, F1D902,
F9E30F, FA6013, F6C361, F5FEA3, FB3710, FCEE14, F6AE50, F216CF,
EFC350, E9EEA4, E53613, E77B92, EF34F9, F635B0, F5CCBE, EF7EF2,
EB242E, E9D8EF, EAF73E, EF4AE6, F44634, F667E7, F46413, EFD61D,
EBB92B, E8BE1F, E4622B, DFC8B7, E0D145, E965D7, F5816D, FB6360,
F7BF2C, F353AB, F0A485, EB415A, E3DD00, DE99BB, E0C2D2, EACB41,
F5207E, F99D65, F66397, EEEE44, E8B76F, E642CD, E926AB, F07871,
F678F2, F679F0, F309E6, EFE9D8, ECB371, EA6429, EA5B95, EAFF27,
EA8A3E, E93F9B, E60912, DF0A98, DC1CFA, E6EA9A, F5BBBA, FA7797,
F74C20, F42A4A, F76B17, FCFF61, F9A58E, EF9117, E74497, E606E2,
EC1D18, F31A95, F83C99, FBA13D, FC76B9, FA4766, F51337, EDBB6A,
E70E2F, E5E52B, EC563E, F4D3A8, FAA3D2, FEEA42, 012424, FFD3C9,
FC8CEC, F99398, F84F4B, F7AE74, F5F674, F47C44, F5252E, F423A5,
EF1B00, EBBEC5, EF78B0, F9E260, 021810, 008CA8, FD43A1, 00A2A7,
0672C8, 09C115, 0855C4, 04C845, 03269A, 0115EF, FDE4AF, FC7829,
FB302C, F6F967, F37601, F651FD, FFC348, 0A20FD, 0CC9BA, 08D8CD,
0669E9, 051132, 023AFD, FED5CA, FB1190, F8CF30, FD9EFA, 0AAEC5,
13E9B1, 12330A, 0E6211, 0AAE8A, 027E3E, FBC647, FE1B9B, 07E041,
10EE4F, 105B0D, 0802A0, 02A7C4, 031896, 0725CB, 0D0AC5, 1227BE,
15CFE6, 16EC07, 146697, 0EA810, 07C859, 04D79E, 072E59, 0B3818,
0DC5EA, 0E3D97, 0DED8D, 0E54AB, 0E157D, 0D2F42, 0D2F6A, 0D5CB4,
0D4000, 0D29CE, 0D8067, 0DD42B, 0E42EA, 0F072C, 0FDF5E, 1071C3,
10C573, 10C44F, 10675F, 102A14, 1040DE, 10831A, 10B08E, 10C8EE,
10C7EE, 1064B8, 0EA866, 0A4B98, 044BDE, 032639, 0F060F, 2020E5,
24D5D8, 200F7B, 1CB976, 1810A9, 11D2F8, 0E0415, 0AFA70, 05869A,
00CF31, 01E0DF, 084FCC, 0F8892, 124C14, 13AD5A, 19CF94, 1EC1D0,
1D6E67, 1A5B40, 1738E3, 12D185, 0EC2DC, 0C5CD9, 09A03F, 05F9EE,
052907, 0804ED, 0B58E4, 0D35BB, 0D83FB, 0DB8D4, 0E3605, 0D94BD,
0C902F, 0C8991, 0C6BFD, 0B715B, 0A8B3A, 0833EB, 023FB8, FF2B52,
05658B, 0C5213, 0C1644, 0AE351, 0DD3A5, 136CB3, 15E531, 110835,
0BBA4E, 0A431E, 06F7E7, 028062, 01F95E, 030909, 026D95, 02C3F2,
0417FE, 02CAD2, 009A01, FFEFC1, FB8B26, F3C4D7, F67656, 050D92,
0F1B56, 0F90C3, 0C5BAE, 092921, 06C188, 00CD2C, F8CD0F, F75F13,
FD165E, 03D57D, 045542, FCC154, F59903, F5EE1B, FCF002, 044BE7,
0483E9, FF9FB6, F97D58, F37E02, F2BCE2, F90522, FEE6E0, FEA3FA,
FE0EAA, 003C09, 0072CA, FDC770, F9E333, F6F49A, F4F65D, EFED00,
E9E1FE, EA39C0, F071BB, F6DCC9, FAB674, FA38B4, F66DBA, F365FA,
F438B6, F5FF67, F5B4EF, F7528E, FAC8C0, F9C923, F596CF, F45187,
F67FFF, F88C32, F68836, F186AF, EFE8B9, F0CD1B, EFB8E9, EEE016,
EFD39F, F00941, EF7B10, F020E4, F0EB10, F056DF, EFED69, F05598,
F03ACA, EFAD6B, EFC489, EFFB78, EFDA07, F00CEE, F07874, F0625C,
F014CB, F063DB, F11E03, F1B720, F1FFC3, F1DF35, F1541D, F0C994,
F0A5C5, F0CB43, F0DC6F, F0B066, F027F0, EE3986, E8FC4C, E35763,
E792F6, F69877, 0141F5, 01C298, FEE56D, FAE0B9, F675E9, F2DD99,
F019F2, EEEC50, EEB826, EEFB2F, EF897C, F04210, F12365, F22ED3,
F34BDC, F42C42, F440EB, F24968, ED92C8, E886E9, E9B197, F47BC8,
FD1568, F88B9E, F3ED78, F92814, FF3386, 01BE3E, 01C8E3, FEAD3B,
F9BE2E, F561BC, F3CF78, F512FD, F80EC6, FA8EFC, FA6BD1, F8869D,
F8924B, FAE083, FB3ACE, F9D421, F9C333, FAA286, FB47EB, FADB28,
F9F108, FA0F58, FB00B7, FBF353, FD82C1, FF4180, FF6B68, FE8FEE,
FE8AAA, FE81D8, FD6E75, FCFAD3, FD1F2E, FBA2E0, F8EF83, F8C7FC,
FF7BD2, 0B9A70, 12C5D1, 10DF20, 0CCC7D, 096F40, 05FAC4, 03195C,
01165E, 00CFBB, 018164, 01A65C, 01F87F, 025452, FF3AE2, F9BC21,
F9C39F, 015E69, 0B1A7D, 11793B, 11D467, 0F8F2C, 0E5C50, 0D81DA,
0B90B9, 0814EE, 06CFCE, 095CF6, 0A3C7E, 0873A7, 08C57B, 0AFE40,
0BB405, 0A6ADB, 089850, 0976D5, 0C4A7C, 0CD0FD, 0BE226, 0C7AB8,
0E61DA, 1071EE, 110F8D, 0EC68A, 0A20D0, 0534E3, 03AA45, 084552,
0FBDF5, 125056, 101CD9, 0E645F, 0B2A64, 053458, 023D95, 060FEA,
0EC432, 157702, 143C81, 0E1C7F, 097719, 08CAEC, 0B834A, 0E96A7,
1158DC, 141F86, 147775, 11497D, 0C4DDD, 0A2F2C, 0D9F20, 10DE20,
0EB186, 0C6001, 0CD139, 0BEB8B, 08DD65, 0532F5, 025A61, 0394A0,
0BB5E1, 148E45, 12D675, 0B72B4, 0ADF1B, 0EC350, 1085B2, 0DF863,
09FB40, 0AE1C3, 0D0475, 0AF220, 09BC7B, 0BE81F, 0DB6EC, 0E1F0D,
0E3566, 0D6CC1, 0B0FF3, 07468F, 043D7E, 052667, 091C2E, 0BB77D,
0A4FB0, 05F0E8, 02D8EF, 03EF71, 077930, 0A363E, 09D6C6, 07FFB4,
074271, 07949E, 085656, 08CA35, 08F3D6, 09012A, 07D62D, 052D62,
028978, 014298, 0101DE, 000404, FCDA92, F904A7, F8395A, FD1D90,
038296, 04BF88, 0357B6, 03AD84, 04B02A, 05D7E3, 0644F7, 03819C,
FDA7A3, FA8F83, FD3D1C, 0056AC, 01AEF9, 030704, 02C38C, 0002AD,
FCF947, FB4C92, FA42AE, F978AB, F94274, F94735, F9488B, F931D6,
F8D19D, F80E0B, F6DB9A, F4FED7, F1E92F, EFFF61, F4A3F8, FE5F85,
0435A3, 045004, 024F14, FF4D97, FC437E, F95944, F68EA6, F4C058,
F3DD25, F3971A, F3EA13, F4C499, F5504F, F51B45, F4130E, F1D90E,
EF161B, EE045E, EFE9A5, F42FBD, FA2B9E, FFA92B, 017A5B, FF3450,
FBD09A, F8B436, F4E507, F10325, EE078D, EC432D, ECEDEA, F0F86C,
F5BC3A, F72B52, F7B0FE, FA96C4, FC5C37, FAB5E1, F754BB, F27D39,
ECC428, EA0C6B, ED1C34, F324FF, F77E75, F7C92E, F5144E, F35C3F,
F4AB2E, F8349B, FB35B9, FB7B47, FA1DCF, F825D5, F60AF5, F4846C,
F35C03, F2358A, F12AC9, F0D762, EF7442, ECEC5D, EE457C, F4EFAD,
FB135F, FCE6D1, FB33A4, F8B3CE, F7A9C2, F605B5, F3A13C, F3CF73,
F62D3B, F8110F, F81EF2, F661BD, F4B074, F47536, F5AB91, F8C2DD,
FD3888, 00550D, 007199, FE62B5, FBFBAC, FA319F, F74C70, F24DA0,
EFDFBE, F377B5, FAAA12, FFCD91, FE5806, FAB1AA, FAD158, FCF0C3,
FEB371, FEDC06, FCA55A, F94CF3, F65B75, F563E8, F6F153, F9F2CA,
FCEFEA, FF40A1, 005076, FDEB3A, F9FDFB, FAC4C0, FFAC4E, 028E10,
03DF57, 05E6A5, 0678E0, 048D05, 015E2A, FE98CE, FCE5F2, FA9D57,
F6DAB5, F46D83, F6F0F0, FEED71, 07C66A, 0BA765, 0B9EB0, 0AB548,
086C04, 056821, 02BD7D, FFE90A, FD5F2E, FE4A9A, 01D091, 0166B3,
FE41AD, FFF070, 0534D8, 082BAF, 06B2A5, 03B1DF, 05BA25, 0A90E6,
0A21ED, 06BFF1, 05BBCF, 07454F, 09A1FD, 0A601E, 09A284, 091A27,
0820B1, 066DA0, 05661E, 051306, 040C58, 01B924, FEF38A, FE2EB7,
01A39B, 0883BA, 0E7387, 0F3F3E, 0E1FB4, 0F4B76, 0EB5FD, 0B51E9,
0A408A, 0B8F00, 0BBDA1, 09E500, 073636, 05E8F5, 0786BD, 0B0919,
0D803F, 0C261A, 07A038, 03BA06, 03D18D, 07C6E5, 0B9D49, 0E33EF,
102C20, 104243, 0E50E8, 0BD46D, 09F1BD, 08A8E0, 06B478, 040FE3,
03FDB1, 081B95, 0D585C, 100C8C, 0E855A, 0C244E, 0BFC2C, 0B26C9,
0905C6, 08561E, 0821C8, 06D4A7, 066355, 07AAE6, 082AE0, 07BE21,
0898BC, 099D4E, 0923B0, 08E6B2, 088F9E, 04B681, FFD800, 007A33,
06A7E4, 0D6899, 0FDCAA, 0D0933, 0A4B56, 0A930E, 0BEFBD, 0B76F2,
0837E7, 06AA0F, 0828DC, 087C3A, 073A1A, 05C5DF, 03B86B, 021956,
039441, 06C458, 078DBD, 069E81, 069471, 067CA8, 05808A, 0443BA,
03BC18, 04F682, 06AC24, 0759D7, 0782E9, 071620, 04FA67, 027156,
014DA7, 008612, FF2493, FE9A7F, FF44A6, FFD06D, 003CE2, 009EBE,
0010D4, FEEF12, FF435A, 0074A4, 00276B, FF71FD, FFD19B, FEFC4C,
FC0EC7, FA0AF9, FB5D08, FFE5B1, 0403E2, 045B82, 030F49, 01D29C,
FFAA89, FD434B, FB7263, F9BE14, F7F253, F7392F, F86108, FA62AB,
FBDD1B, FBF3B6, FBB57A, FBE44C, FB98AC, FAD4D0, FA4623, F96792,
F6F356, F29FE0, EF7327, F24F02, F9F3B0, FFA816, 014FD6, 004DE5,
FDDD90, FA8B57, F5E995, F3533D, F68984, FB2C86, FB50BE, F739B4,
F338FE, F457C8, F94120, FB5079, F95594, F6428F, F5D0A6, F70CA0,
F4CAFC, F24B39, F49E3A, F8A2B6, FB1DC9, FBFA20, FB29D5, F94EBE,
F76B06, F621BE, F50C4C, F3A7B5, F27025, F2124E, F2D361, F3BA75,
F4487C, F5E1C0, F8750A, F962DA, F6BC8E, F20C2F, F15FD5, F687A0,
FA208E, F9C182, F982DD, F84B93, F4C7FB, F26550, F421FF, F945AD,
FDB7D9, FD9E5B, FB7603, FA6023, F6E36D, F1688D, F04F1C, F440D0,
F921D1, FB9407, FB0B65, FA4DA8, FAA2ED, F9EF08, F8BDAF, F84F65,
F76699, F62A08, F6DED0, F9372F, FA683D, FA9A34, FAA7F1, F9F277,
F80ADE, F64905, F7AB84, FD45E6, 00A50A, FCEC19, F8D36A, F98B2A,
FCAA5B, 000DFB, 01D8F5, 0140EA, FF3E08, FD58C4, FC8C07, FC55E5,
FC72DC, FCCDAB, FD00E3, FD295B, FD6E43, FDAE73, FD9407, FD81FB,
FDE341, FE700D, FEE7A9, FF12BC, FD1FBC, F8870E, F6B302, FB8E9C,
0290AF, 077FBC, 0A7785, 0B40AF, 0A2196, 075480, 03B12F, 017CA2,
00E757, 006BB1, 003700, 00CD84, 0052D9, FD80B9, FA31C3, FA4009,
00188A, 06A88E, 082EBC, 07BE34, 0872C0, 090AA7, 08AFE0, 0704D7,
055A58, 04E840, 043C7B, 033E50, 034AD6, 02CDBD, FFCA14, FD4C72,
FEFA55, 0457B7, 09199E, 086798, 061C6D, 08B45C, 0C3EC4, 0CA5EE,
0C0E09, 09E676, 051F47, 023B20, 04F857, 08CE1F, 09A504, 08E6D8,
07AE88, 06CF13, 063CE2, 053F20, 042736, 034B33, 0323CC, 03CE8F,
0479D1, 03BB04, 02758C, 04DBA0, 0A541D, 0D59B3, 0D8D14, 0D3543,
0BA055, 098EC8, 094B49, 0A0A39, 08B9A3, 053AC4, 01EA97, 00FD24,
037A08, 07BDB3, 0B4ED3, 0CBFB2, 0C6B3B, 0B9C27, 0A12C0, 083249,
07352F, 068871, 052B77, 042E46, 03A101, 00E770, FE23B6, 0124BA,
0857A8, 0D8D11, 0E502C, 0B4FCD, 07F1CF, 06BADB, 0722A9, 08154A,
077E7F, 03C89C, 00026D, 01F697, 07F8DF, 0A98D0, 0A0ECD, 092304,
074520, 0525B8, 03E77A, 02AE2E, 002B18, FDA58F, FDCE76, 01A6A8,
06721D, 075D24, 05E2D4, 0625BB, 06F2ED, 07127C, 0761BE, 075080,
062B9E, 04D801, 0432D5, 035846, 02155B, 01BF2A, 01B49A, 00868D,
FF91E0, FF4F7E, FD1FDB, F9E871, FA9A5A, FF867C, 04B449, 079DA9,
06F6A7, 030707, FEC52D, FDA7E7, 0006FC, 034A20, 05571F, 052C35,
038491, 018074, FF8961, FE7EC6, FE6873, FE80D9, FE2E88, FD83D9,
FCCD64, FBDB92, F9EDE4, F78A79, F78B84, FAE369, FF20CB, 01A841,
01BB3E, 0207FD, 0356D6, 012AFF, FBF9BD, F99525, FA2040, FB334F,
FD5B1B, FFCC77, 005206, FED76B, FCB068, F98E8F, F5B9CF, F5453D,
F90C89, FC91CD, FDDE94, FE03D0, FCCA05, FA0982, F68763, F4176E,
F4FD17, F92FBE, FE06DE, FF5CA7, FC5DF2, F97B88, F98075, FAADA2,
FAF8AA, F9C236, F9C32B, FC072E, FC62E7, FA8B26, F9916F, F8FB3F,
F7B502, F6E98F, F6F251, F71F34, F74FFC, F7B617, F82D55, F7DEE6,
F5B89B, F34E86, F4015B, F725E4, F9E724, FC41BB, FE7A8D, FFC128,
FF9D2D, FDEBD8, FBABA4, FA0DC0, F89B73, F6F72F, F5D38A, F44892,
F16068, F08A4C, F4525C, F8CC02, FB25A1, FCCE4C, FDE799, FDFEFD,
FDD507, FE1089, FE9BA2, FE6934, FC93A5, F9759D, F6EF42, F6728F,
F7965D, F80DF9, F782F0, F84414, FAACA3, FCD0FE, FBF28A, F83B26,
F6672A, F80893, FA8A7B, FD1E6D, FF934D, 0147F3, 01C968, 004427,
FC9662, F83BAC, F69E18, F8FCFD, FB96D6, FCF110, FF531E, 01BB9D,
01D132, 0068D7, FEF157, FDD472, FD1E4B, FC63F9, FBADE7, FB46C2,
FAFB23, FB54C3, FD0E20, FF1EF5, FFB0FA, FF3014, FEF717, FF0159,
FF2791, FF594E, FF9223, FF8D8B, FE0689, FBE06F, FCB97F, 007838,
02A174, 029DE5, 02BA69, 0381D9, 049AA4, 05190A, 047D1A, 03013A,
014EFF, 009205, 00C4A1, 011122, 00F361, 00D7DE, 010BC7, FFF407,
FDADCD, FEDED7, 040B00, 07609B, 0783CF, 06EF92, 05B19F, 040222,
02FDF7, 02BAAC, 028D88, 0255DF, 026261, 01D1AB, 004246, FF9494,
01D379, 06D767, 0A2567, 07F0D9, 04557F, 03CCB7, 0527CF, 069CD9,
06CCA0, 06690D, 0737FB, 087849, 093855, 091601, 083408, 0724B9,
0605CA, 0507AC, 047A53, 044BC4, 04358D, 044D16, 04D695, 0562C5,
0562DE, 04D2FF, 032CFC, 0086EB, 00A57F, 05C1CC, 0A62C7, 0AB234,
09F41F, 0A1E83, 0A7330, 0931FE, 063B92, 0624C2, 091602, 096E3E,
07452A, 0600D5, 040CF4, 012ABC, 018759, 04E5E2, 062F2A, 04E1CA,
04564B, 05F156, 088EF4, 091934, 07DBE5, 0823CD, 08E9A1, 080652,
067762, 051A27, 03B493, 0291F7, 021128, 01F340, 01AD54, 00DAAF,
007C33, 023A28, 05BCAF, 086C0F, 0802DB, 0493D5, 01964C, 01D9EE,
04CFB2, 07803F, 06E128, 045151, 01E84D, FF48AB, FDCAAC, FF5AE1,
02DCBA, 05CC5B, 075B57, 074E63, 05A079, 03AF13, 02660D, 009B2E,
FDF619, FE06AF, 01A1BC, 047E5F, 046B10, 024DB0, 008235, 00A638,
00F03A, 006C0C, 001D44, FFB742, FF085D, FF1841, 002A9F, 00D248,
00A9EA, 0078F4, 001E83, FF2467, FDF398, FD49D1, FD4FB9, FCD5D3,
FB1927, FB1512, FEEA88, 032F79, 05245E, 054FFC, 03F87A, 01B23B,
FF6BD4, FDB918, FCE472, FC9C41, FC781C, FC33C1, FBF744, FB9E9C,
FA4CCC, F76B2A, F5B6C3, F8F28F, FE18F3, 006FCA, 016FFC, 027CFE,
0234F1, 00ADE4, FECB54, FCDED5, FB5BAC, FAA580, F9BBA5, F7636C,
F5C86B, F7D598, FAE44F, FBB1F8, FB9F52, FC1FC0, FD5C11, FDFB53,
FCBB81, FBAD6B, FC0825, FC1292, FBC77B, FC5AEB, FCB792, FB6656,
F8E018, F6CC5D, F70ECB, F97DC2, FBCBA8, FC6AF3, FB8B83, FAE1B7,
FB1A69, FAE3C6, FA7F47, FAC781, FAEF23, FAB745, FAC246, FAB23D,
F98CD4, F85CEB, F8641D, F8DA23, F8F6CE, F95DCF, FA2CD9, FAB158,
FACAE2, FA94EA, FA5A74, FA76F0, FAEB2E, FB428E, FAFA07, FA8467,
FA504A, F9B6FA, F89192, F7842E, F6B7A3, F6AD68, F9174A, FD6083,
FF6A7C, FEACDE, FEE551, FF9FC5, FE6E99, FC71DA, FB917B, FC72E8,
FD0C2F, FAB796, F846A9, F974FF, FC5ED6, FE300A, FE254C, FCAEEF,
FB6C80, FAE3AE, FAAFA9, FA5321, F919D4, F772E5, F78157, FB07BC,
FFEAEB, 02FAA3, 038DA8, 02106A, 0005B5, FF8492, 00F55C, 01C5A5,
005B74, FEFDB8, FE7217, FD7FA2, FCA23B, FC8758, FCF271, FD8C15,
FE4048, FED18F, FEECBF, FE751D, FD7ECE, FC6D50, FC2055, FDAE4B,
012059, 0509E6, 072B69, 06772B, 04BE1B, 038AAE, 02A458, 0217F9,
0165B6, FF26C7, FC1B66, FB9972, FE2366, 00F5DB, 037C00, 05C1B1,
07500C, 07CCF8, 06C4CD, 043BC6, 01143F, FF72A6, 009F09, 0321F1,
04F4DB, 0540FB, 048D1D, 0407A8, 037F4D, 029774, 024840, 027909,
025492, 021EE9, 027757, 0360E1, 0409FA, 037DC6, 02021E, 01A01F,
03E30F, 081575, 0A3BDB, 08EB01, 079A37, 069F9C, 040A3A, 01530F,
00F36D, 03D8DD, 07FA70, 0946D9, 07E873, 06D176, 0599A1, 03D040,
02C3E2, 028D09, 028AD9, 02F49F, 03C728, 0369D0, 01B775, 0129A6,
03988B, 07F1D3, 0A31AC, 07F503, 05836D, 0632D9, 07F3A7, 08B8CF,
07546C, 04CE20, 032F5F, 02687D, 02BCD8, 0451F1, 05F282, 06298C,
051FBE, 047E4E, 05958B, 075549, 06E87A, 052F28, 04A20B, 03DF59,
01DAB0, FFE171, FFC800, 026EFB, 053506, 056C45, 049EE7, 04CB46,
061BFF, 077F2A, 070EBA, 04CE86, 027A0F, 01B3AD, 02F121, 04C1E6,
05D6D0, 05C7DA, 04CB4B, 037FF5, 022D92, 013ABF, 00D258, 00B270,
008F68, 001C4C, FF427A, FE5421, FE6F12, 00ACD7, 0394C4, 04DCE9,
048A4E, 03A028, 02E75F, 020AF0, FFE23C, FD09C0, FBC481, FE0C05,
026B32, 047AFC, 03615E, 013F4D, FECDDB, FD2381, FDAF3E, FFA21F,
00DF83, 00E758, 00D034, 00DD87, 00F22A, 0075B6, FF594D, FE59AA,
FD6D74, FCD1A8, FD57D7, FE6BCA, FE139C, FCCF44, FCC1A7, FDC1BE,
FE7816, FE20A2, FD732F, FE4A12, FF37DC, FDE3DE, FC961C, FD14F7,
FD8AEA, FD2036, FC8C94, FC7B62, FD27C1, FDA334, FD7F68, FD8AC2,
FE1334, FE6A02, FD4A9F, FAD9FF, F9BE06, FADC22, FBCFCC, FBA0BD,
FB4508, FBC569, FD5233, FE2334, FDC969, FDD012, FDD90B, FCD7BE,
FB262A, F9D70B, F9F9E0, FB4BE1, FC1813, FBDD8E, FB40B8, FAF9A5,
FAF3D0, F9E568, F88F96, F9047B, FA83E0, FBA3C1, FC72FE, FC71ED,
FB1007, F9B747, FA23A7, FB1D52, FB1080, FB28D1, FC34C0, FD8F7B,
FE772F, FE5AAF, FD9B74, FCB506, FBE8CE, FAE593, F9182E, F77777,
F798A3, F9AB37, FC326E, FCC226, FC275C, FD6EEC, FF1437, FEC2A0,
FDCEC5, FD1020, FC163A, FAF4D7, FA0F03, F9AC80, F9C34F, FA1A73,
FABC7B, FBE63E, FD1A7D, FDB93D, FDE2B5, FDC0A8, FD4678, FCC8BD,
FC75B9, FBB0F2, FA866F, FAB6D5, FC41E1, FC8316, FBA95D, FC44F3,
FE7E0B, 009874, 0098EC, FF0CB7, FF5E0F, 00C818, 0037F8, FF3B75,
FF8326, FFB350, FEABA0, FCAFF4, FBA4F9, FD215E, FF4A99, FFBB9B,
FEC9D7, FE188B, FEFF1C, 006E92, 00B5E0, 00DFB5, 01708C, 01529A,
00B930, 004555, FF3D63, FD3B55, FBFF81, FCE375, FF7289, 021D42,
0326A4, 02A25C, 018299, 0085D2, 008F6E, 01A092, 02A53E, 02A058,
026419, 02C01D, 03075D, 031182, 031470, 02CC1D, 020E42, 0114DD,
00764F, 00A25C, 01580F, 01F30F, 022AC6, 01EA1F, 013D2D, 00DB28,
018C4A, 02C87A, 039906, 043EDB, 04777A, 02DC3F, 0071ED, 0072DD,
036E1E, 072DF0, 08D7E3, 07A106, 065CAB, 05BAF7, 03BD08, 01CB6A,
01EFA7, 032C89, 042579, 045744, 03BCF5, 02CA45, 01DD8E, 015D73,
01DA8E, 03BAE2, 069D6D, 084E14, 06FA17, 04C768, 0490E9, 05C612,
06AF71, 05B373, 039F70, 029C75, 021C21, 0196CE, 0219D8, 03697B,
047CC6, 0582F7, 069B70, 0690ED, 04ED2A, 03055C, 02AB2C, 04920A,
0676C3, 060644, 04BE4C, 03EA5C, 02E2C5, 01FDDE, 01A8E0, 0220D0,
038D5B, 058F86, 06AB07, 0561E3, 035CD6, 030504, 032EBA, 02ADDC,
02BAAA, 03D3DC, 054D6A, 05B31C, 0494FC, 040DC4, 04C572, 04BE22,
03E6B6, 03A102, 02F2C0, 00E2D5, FEE151, FE7990, 001E0C, 029571,
0404CF, 046B59, 046FE7, 03C38A, 0304F3, 0337C5, 038262, 02F579,
029FF8, 034E54, 04098A, 0413C8, 036A70, 029F1C, 01F5CE, 007A3C,
FE3E27, FD2670, FE3E1C, 00C9B5, 02BC3E, 02CC06, 025A78, 022709,
013AB1, FFDE7A, FF06C7, FF1308, FFC6A7, 007254, 009D43, 0061AB,
FFDF37, FF072E, FDEFBB, FCEEE5, FD11BB, FE9455, 00510A, 00EC9B,
00407E, 0031D9, 014D1C, 015FA4, 0035ED, FF2541, FD8A4C, FB605F,
FA881B, FB9D03, FD10BC, FDE2F1, FE2DEF, FEB040, FF5812, FE6ECD,
FC9C11, FC931B, FD820E, FD61F3, FD5C73, FE555F, FF297C, FF310F,
FE8415, FD8D2A, FC78FB, FAC2CB, F9059F, F915CD, FABE3C, FC2BC3,
FD1B4C, FDDA57, FE1B32, FDA8D5, FCBDDB, FBDE3A, FB4CF9, FAD319,
FA7665, FAAA25, FB2AA9, FB4305, FB2918, FB1A82, FAAFD6, FA05A5,
F9BDBE, F96B82, F87BB6, F86A3E, FA8F3B, FD4D45, FEB4DB, FE72A1,
FD3824, FC723D, FC1B88, FB9D6F, FB78C0, FBC667, FC0877, FBC85B,
FAC563, F8FDE6, F776FC, F825BE, FA6B99, FBC7A0, FC662E, FD82C3,
FE1A2A, FDB342, FD3B0D, FCCDD8, FBE986, FAC562, FA5A38, FB87DB,
FD648D, FD77A9, FBE175, FAF876, FBC966, FDD02B, FF00E8, FE2987,
FC5D13, FAFA23, FB19EE, FC9455, FE1C09, FEACED, FE2FDC, FDD3A8,
FDC2A0, FD9B01, FDC57C, FE5AE8, FEEA6F, FF0E96, FEA048, FDE7AB,
FD2600, FBF07C, FAFA9A, FC137F, FE604D, FF6B8F, FF6777, FF9B9F,
006788, 01231C, 005726, FEA850, FDFA94, FE7135, FFA1CB, 00F2C7,
01AF42, 01C580, 015CED, 00ABB0, FFC875, FE8F09, FD2796, FC9F18,
FDF1A0, 000974, 0145EF, 01B41E, 01C733, 01A35B, 016586, 00E3B8,
FFC1C2, FE5CD5, FE4DD5, 0011B6, 0231C7, 034BD4, 02E415, 0216AF,
02509A, 034941, 03CBEA, 031BF4, 0291F4, 03A88A, 047665, 039F3A,
029C8B, 021A0F, 01C57E, 0144A9, 0086E9, 001EE9, 0084AE, 015D93,
01A385, 00DF16, 00D90E, 02F5E3, 055ADA, 06331D, 05535A, 0389FA,
02AF95, 034288, 04761F, 04FDDF, 048562, 044965, 0498EA, 04E671,
04A96D, 03BE9E, 02FA71, 02CA0B, 02CE9C, 0237F5, 00EDBD, 00A0A9,
022E64, 0450D0, 05B828, 05C102, 04E755, 040DD8, 030D50, 0286F1,
039805, 04967C, 036026, 019FDA, 018479, 0299A2, 043D39, 05DB57,
06834F, 061501, 054E3B, 04BECF, 040C4A, 033BB5, 02908C, 025CB0,
02382B, 0110F1, FF8261, FFB8CA, 01CAA2, 03D459, 04C84E, 0484ED,
03E14C, 03C0A3, 04027C, 04597E, 044AA2, 03BB9E, 02B76E, 00F2F3,
FF4960, FF569D, 013785, 039AAC, 04C970, 03D5C1, 01EE5E, 0064C9,
001795, 014704, 02F0EA, 03D4CC, 03E3D3, 044ADE, 048BCF, 03347A,
018744, 00F16D, 00D921, 00AA12, 00624D, 00128C, 00066D, 00888C,
01A46E, 02B0EA, 02EDB6, 0241FB, 00FECE, FFBB22, FEAD0E, FE3CBA,
FEFC37, 006364, 01443C, 0169FC, 013CA5, 013C03, 01A10A, 0212AA,
025811, 021C4E, 00EC0B, FF1819, FDF8E5, FE3863, FF0B4B, FFBF7E,
FFF329, FFF560, 002A5B, 0003D9, FF6780, FE925D, FD9752, FCCC08,
FCCDEF, FDCC8E, FF1DAF, FFFDE0, 0039C3, 00270B, 001E42, 000B3D,
FFB865, FEF7E3, FDFD97, FD72CE, FDB8A0, FE6765, FE520C, FD4E5B,
FC57A9, FB19EA, F96CFE, F9954E, FC5C6C, FF1177, 003905, 006727,
FF7B7C, FDA6DE, FBC401, FB0082, FC3C80, FE43EB, FF2549, FF1869,
FEEF50, FE05FD, FC6E9C, FB72AF, FBD30E, FD5636, FEB423, FEBD1B,
FDAA44, FC92A0, FC7C3A, FD1459, FD348E, FCA7F7, FBC736, FB1169,
FAFA7C, FB79FD, FC37E8, FCCBD5, FD3706, FD95ED, FDBBA0, FD6DBF,
FC8C82, FB53C6, FA9F26, FBAED8, FDC3D5, FE30CA, FD0767, FC7170,
FCBBB1, FD88EF, FE8973, FF3E8F, FF7DBB, FF08BE, FE05C7, FD06F3,
FC4233, FB537C, FA252F, F984E3, FAA01B, FD3C22, FE7956, FD79C5,
FD3DCE, FE7368, FF50AB, FF667D, FEE19F, FE3D42, FDCEDC, FD0AB2,
FBBFD8, FA6FD1, FA6C05, FC3A7F, FE3EF3, FF9CC2, 00C043, 01320E,
0089CE, FFA40F, FF2077, FE9336, FDFCA0, FDA7EA, FD0A02, FBAD3C,
FA6329, FA71F3, FC6B7A, FEF3DB, FFE239, FFF830, 00B587, 014531,
012D34, 00D01C, 001FEE, FF4A1C, FF2579, FFBAEE, FFA4CF, FEF28C,
FF2CDC, FFD55D, FFA88F, FF5B51, FFA5A7, 00319A, 008F4A, 002789,
FED1AD, FD7A65, FDB70B, FFC60A, 01D1F5, 02CD57, 03028E, 02B6BA,
022D48, 01151A, FF8BA5, FEAFDB, FF2283, 0099A3, 01D12F, 01E055,
016E90, 00CDD3, FFBEAF, FF41E7, 005956, 021C41, 036669, 04202C,
045324, 03E29E, 02CEE0, 0136B7, FF37DA, FDDC40, FEC22A, 010BBC,
0274BD, 02A4BD, 027C68, 02AD83, 035E6E, 03EF05, 043093, 045794,
04027F, 032FF9, 025CB8, 014F65, FFAC89, FEEEF0, 00806E, 02AEBB,
03AC01, 03AE9E, 02CEF5, 01605B, 00BACC, 0177E5, 027B92, 031FC7,
0437C7, 052527, 048426, 03088F, 021549, 01EDE5, 0261BC, 0303B3,
03907E, 040B43, 03E2CE, 02FC37, 022C39, 01D198, 01A475, 01C309,
01FF51, 01AAE9, 01422E, 022DFD, 03DEB5, 0454C3, 03E248, 038504,
026AF8, 0110E8, 01676C, 031F81, 045F8E, 04D6F0, 04D327, 03E728,
0283ED, 021E87, 02E7A6, 03B392, 03D2F0, 03253A, 02152D, 014392,
0122FD, 01E14E, 030101, 036B8A, 02929F, 01350D, 00144D, FF8419,
002CED, 01E4C8, 036B04, 03E2B9, 03AE43, 02FF01, 01CED9, 00E54B,
0085A6, FFCA8B, FF03F2, FFDE03, 01D731, 0315AC, 035627, 03088C,
028121, 01C069, 008A20, FEF401, FD7FA1, FD88F4, FF7CC7, 01A0A3,
028985, 021ED6, 013B7F, 00D253, 00B5BD, 0075B3, 001D64, FFD4A5,
FFA499, FF590E, FEFED0, FEEF19, FF559F, 000A90, 00831B, 001634,
FE935F, FCE647, FC9F36, FE15D3, FFC923, 00273B, FF0C2B, FE4CDB,
FF34DD, 00773B, 01409B, 016E03, 0107F6, 005FAA, FF9470, FEE626,
FE7E97, FE28E2, FDBE85, FD651A, FD476E, FD55C0, FD7DA6, FDAA66,
FDE02A, FE378D, FE6B01, FE58A1, FE4C24, FE74EE, FED2D0, FF12E8,
FEEC0B, FE9952, FDDAEA, FC11F0, FA3BD0, FA3607, FBF0F1, FDFC07,
FF28D8, FF5EC8, FFFD7B, 00DA0B, 00594B, FEFF18, FE041E, FDE70C,
FE7F18, FEEC6A, FE67D3, FD24DA, FCB785, FDD323, FEC4CA, FEA74A,
FE11D8, FD03CC, FBC785, FB7A40, FC7DFF, FDBD6E, FE5A1C, FE55FC,
FE55C2, FEE48E, FF3BB1, FEC7F0, FE21CE, FDB6A1, FDA84F, FDE4DD,
FE32D7, FE63A5, FE50AC, FDFC07, FDB482, FDB4E5, FDCB4A, FDC1A7,
FDC947, FD8DD5, FC7ADD, FB9570, FC0D62, FD686C, FEA589, FF1B2F,
FEDCBC, FEC9FE, FEED36, FEBD2A, FE5AE1, FE0939, FE0971, FE62F3,
FEBAE0, FEBE9C, FE37BD, FD34E7, FC1B9F, FB92F2, FC5DAF, FE5518,
FFA81C, FF685F, FF1255, FF623B, FF93FB, FF14A5, FDF204, FD6D83,
FE3322, FF15FF, FF53AE, FF1B27, FEBA65, FE9140, FE9914, FED285,
FF7348, FFFBC5, FFF35E, FFA3E3, FF5DF5, FF2F38, FF24BF, FF28A6,
FEFE20, FEB120, FE8FB4, FE5CD4, FD6C06, FC9B39, FDBDAC, FFF8D3,
014DBF, 021446, 02CA27, 02DE8D, 026207, 019C75, 00C660, 002228,
FF9801, FF299B, FEDF2A, FEBB07, FEE0CB, FF634A, 000CBE, 008535,
007253, FF9735, FE71DF, FE224E, FF90B5, 022CAB, 03BB24, 038902,
030A50, 0257B4, 012551, 006406, 006ED4, 00D31C, 013097, 015297,
014839, 014E4B, 015F58, 0153CF, 01348E, 011180, 01060E, 012008,
0136B8, 00DCBE, 004CD7, 008D04, 01B38B, 02E229, 033795, 02A4D4,
0222F3, 01F77F, 016DC6, 00B595, 005306, 0039F0, 009C4D, 01D7E7,
036383, 041F13, 03F844, 03788B, 02E9F6, 02A836, 02D693, 0303BE,
02A176, 01F801, 01A2B4, 019BF9, 01B3EB, 01C233, 01E783, 024403,
0242B7, 0175D0, 004D7E, FFC7FC, 00C3E0, 0252CA, 0322A4, 03E7F2,
04E3FA, 04E677, 03D9C0, 0291B7, 01674A, 00BA3E, 0122AC, 025012,
032440, 034709, 033EA1, 034DC5, 0362B6, 0343D9, 02DCBE, 02873B,
023705, 01D4DC, 01ACAF, 01BBA5, 019388, 014BB4, 0162BC, 019460,
017C85, 018B43, 01A51F, 00E3BA, 000C45, 00D184, 028DD4, 03A953,
03C270, 031693, 024A3B, 019B8E, 011ADF, 016411, 023E12, 029693,
0230EE, 01E1E6, 01A533, 013850, 010EE5, 014BD7, 015F2F, 009233,
FF120D, FE712F, FFB4E8, 0199DB, 02761F, 02088A, 0135E1, 01483F,
01B174, 0168BF, 00E0BB, 00633B, FFDF37, FF8682, FF8651, FFB342,
FFC0E3, FFC053, FF95F3, FF1DB2, FEE1A8, FF67F2, 002462, 006872,
004E29, 000FCB, FFB7FC, FF6374, FF392A, FF1E49, FF146D, FF50FB,
FFA5E3, FFAD0C, FF5DFF, FEBBFE, FD7DB7, FC4C59, FC9C2E, FE51F7,
003BEB, 01B195, 025E17, 0250B4, 01B3AC, 008DDD, FF561B, FE76E6,
FDE17E, FD7AFC, FD2C75, FCE102, FCB80C, FD2430, FE2A65, FECFDC,
FE902A, FE30A2, FE38D0, FE893C, FE95F9, FE2D87, FE391B, FED4D3,
FF09D5, FE9F1A, FDF36D, FD7BBC, FD726B, FD8614, FD8B19, FDA4B8,
FDC8B0, FDC7DA, FDA7C8, FD7EAE, FD3525, FCDD28, FCB294, FCE24A,
FD4B1E, FDA7C1, FDDAC1, FDE4A0, FDCC89, FD9668, FD62B6, FD69AA,
FD93B6, FDADE7, FDC34C, FDB610, FD6811, FD1268, FCF19A, FD13B2,
FD899C, FE4697, FEE098, FF042B, FEDFD3, FE3DC2, FC80A0, FB08C8,
FC0B20, FE3FB9, FF60DC, FFFD93, 003CD1, FF2933, FD9824, FD0CA7,
FD7C04, FE32FA, FF1315, FFBB7A, FFD4F6, FF6E2D, FEB777, FDF4AF,
FD5D64, FD14D2, FD56FC, FE4829, FF16CE, FF0447, FEED83, FF4C36,
FF6060, FF07FC, FEC51B, FEC3C6, FEBC7C, FDFEED, FCB8B8, FC61C5,
FD6549, FEAC75, FF58DF, FF7BD8, 000732, 00F32E, 00CAAF, FFCED3,
FF348C, FEAFD0, FE1769, FE4632, FEF47B, FEEEBA, FEB859, FF5EBF,
004E8B, 00D304, 011A97, 0137F0, 00FFF2, 0039B1, FEECC0, FDDB9E,
FDF5C4, FF7884, 011068, 012783, 0079DD, 00321F, FFF28D, FF419C,
FE3D3A, FDD48C, FEE25D, 00B0E4, 02096B, 026F3D, 023655, 01F319,
0134F6, FF95BF, FE5C4A, FE950F, FFE2D8, 014E4C, 01E843, 01F297,
022506, 01FFB2, 01242A, 0030A7, FFB2EF, FFF8AC, 00B2B4, 015847,
01FC3F, 027BED, 026BB6, 022840, 01F614, 012A66, FFDABB, FF4FBA,
FFEBD3, 00EA36, 01D63C, 028D03, 030626, 033283, 02EFB7, 026A2B,
01FDCF, 01AB2D, 015B96, 01425E, 0142BB, 011670, 00EF26, 00FCEA,
0123A9, 014F7E, 019697, 01A092, 010D9D, 00B5FA, 017CC1, 026CE8,
02766D, 02343C, 02336C, 025F29, 02715C, 021502, 018995, 01500B,
0173AA, 018D74, 013D57, 00DD02, 010EFF, 01E093, 0284EC, 01E7E3,
00BD10, 00CBB7, 01BE06, 02499B, 01E47A, 011FED, 016C60, 0257EE,
02833A, 026347, 027130, 023844, 01A5A9, 0122F8, 011B3C, 018825,
01D701, 01C194, 01B41C, 01BD34, 01868D, 0133B9, 00F04C, 00C5BA,
00B652, 00BEE1, 00E13E, 010277, 01050E, 00FB8F, 011077, 014DB2,
017A8B, 011715, 001C92, FFC152, 00886A, 011414, 012377, 01CB00,
0290B6, 0277FF, 0207BD, 01BCC7, 0146B4, 011240, 01911C, 01C8A6,
010D83, 004C96, 002DF4, 004E3C, 006642, 006D41, 008A82, 00EDAF,
013F4A, 0134B7, 00F427, 00B144, 00871C, 005205, 000F81, FFDB43,
FF93C0, FF2489, FF23FF, 00102E, 013AE5, 01987D, 00CCFE, FFB365,
FF91C5, 0026DB, 0068BA, 005957, 004AA4, 008611, 01023D, 014CB0,
01235F, 008AFA, FFFB78, FF98FA, FF1C9A, FEA60D, FE88F9, FEDEDD,
FF893B, 0032B9, 00780F, 002BC9, FF86D1, FEF800, FEACD8, FEAEC3,
FF05FA, FF69E0, FFA5FD, FFBFFF, FFA083, FF1383, FE161D, FCFD72,
FCA5CE, FD9EED, FED387, FF5CA8, 00104B, 010233, 012217, 006B36,
FF72AA, FE7C32, FDAA2E, FD2AFC, FD0369, FD0A46, FD33B7, FD525D,
FD0F0B, FCB2BE, FD3225, FE63DC, FF4B76, FF9902, FF73BE, FF3E5D,
FF21C9, FEC981, FE601D, FE57E8, FE7A76, FE542F, FDC283, FCC191,
FB754C, FADED5, FBC6DC, FD35BE, FE1894, FEA12F, FF3C08, FFFF16,
007414, 001C49, FF55C9, FE43D9, FCB215, FB5EC1, FB8258, FCC9D3,
FE011F, FEB32E, FEDC37, FEB451, FE794A, FE6669, FED486, FF882C,
FF8B2D, FEB219, FDE0EA, FD2663, FC7564, FCB87C, FDE4AB, FE87B4,
FE3E3B, FE06FA, FE0DA7, FE195A, FE3E9F, FE6BA6, FE6B97, FE332A,
FDD2E0, FD3927, FCA6D0, FCED74, FE3C76, FFB6CB, 008DFA, 00776C,
FFB6BF, FEF9D9, FEB053, FED82E, FF14EC, FF1A30, FEEC39, FEAA01,
FE951B, FEEDB6, FF8EA1, FFFD38, FFFC56, FF83F4, FED8EA, FE955C,
FF2B91, 000DC1, 0036EC, FFD8CF, FF9BAE, FF8354, FF80E6, FF7A1F,
FF7F54, FFA86B, FFAE75, FF96C3, FF9BF0, FF637B, FE85B3, FE0072,
FEF80A, 00684E, 011BFE, 013A4B, 01181A, 013248, 0176CC, 0171D0,
01679B, 015770, 00DF73, 0085C4, 010319, 019EDA, 017DFE, 012C87,
00ECD1, 007EE9, 003ED1, 008E21, 00F07F, 00FFD3, 0106AE, 012777,
013D9F, 013F9D, 01408E, 015867, 017BD7, 0178BE, 011F72, 008F02,
006534, 012195, 025793, 0346CB, 038C5F, 03412A, 02DBDF, 026E18,
01DC24, 015D8B, 010F5B, 01020C, 01634F, 022266, 02ABD5, 029C8A,
0230E7, 019D4C, 00C92D, FFBC33, FF1DFA, FFFC31, 02321F, 03BEB3,
03F53E, 03E413, 0389F0, 02CF30, 0233C5, 01E09F, 01BE3D, 0193D8,
018144, 01BEEF, 023E3F, 0282F3, 025BBF, 020515, 01A75C, 014FB5,
0123A2, 013155, 015245, 01779D, 019E6B, 01A2C4, 017472, 017048,
01ABA0, 01D1D9, 01FCA5, 024F28, 02021C, 00E0CF, 007279, 016711,
02806F, 02C9C6, 023916, 011595, 004036, 00AC27, 02211F, 035567,
03AB35, 0375D4, 032FBA, 02FC06, 0254E0, 0165FB, 00DEEE, 006C5F,
FFCA7E, FF8B44, FFBF62, FF7D8F, FECBDB, FEC64D, FFBB56, 012199,
021397, 0245D6, 027416, 02C8E3, 02E618, 02B25D, 022135, 01391F,
0011D8, FF0D09, FEB3A8, FF26EB, FFBD91, FFD609, FFE208, 000B74,
FFF9C8, FF67D7, FE8D31, FE9DF6, FFE2A9, 00E9AC, 00F800, 007FE0,
FFEFA7, FF8F98, FF5632, FF0DDA, FECBF4, FED428, FF7D9A, 005F81,
00CF5F, 00D7EF, 009676, 0040C3, FFECBF, FF5670, FEA902, FE3744,
FE1DFF, FE58B5, FECD88, FF271E, FF2782, FEF58E, FEBFF9, FE7067,
FE0278, FDB9A5, FDB444, FDF143, FE7AD0, FF1CD3, FF738A, FF7A5C,
FF63FD, FF37F4, FEF176, FEA815, FE69FC, FE20DD, FDE32E, FDE19A,
FE0B39, FE40A3, FE4FF8, FDB266, FC4AE6, FBCDCA, FDA058, FFD4CE,
006F15, FFED5C, FF3979, FF230C, FF7323, FF1E28, FE538B, FD958E,
FD7DAD, FDF1F5, FE0979, FDBF03, FD8FA0, FE1C55, FF2EAC, FF7D5E,
FEF456, FE6A33, FDFF31, FDB073, FD9958, FD8FDD, FD4A8F, FCAF23,
FC1C00, FC2A92, FCFF85, FE1561, FECECD, FF12FF, FF4E2B, FFB272,
FFB2CE, FF1F93, FEA69D, FE7E3E, FE6515, FE671B, FE8703, FE97B8,
FE8714, FE7365, FE5B29, FE1DAD, FDC51A, FD8F0F, FD987B, FDBC9E,
FDC425, FDE02B, FE3DC0, FE37F4, FDB18D, FDBE35, FEBD34, FFDAB2,
005D73, 003B85, 0033C0, 008CA2, 0082B9, 00165C, FFC8F8, FF50AD,
FEA5C4, FE59FD, FE3DB6, FD90F0, FCD245, FD199E, FE7D96, 00307A,
013A2E, 0154ED, 00ED58, 004CF4, FFAD8A, FF6564, FF4D3D, FEE92E,
FE7B95, FEACBA, FF1213, FF3A2B, FF8137, FFF67F, 005486, 00AAC9,
012390, 01607F, 012A08, 00DA4B, 007F1A, 0025EA, 001C18, 00755E,
00AC6B, 00675D, 00393F, 007D7F, 00F877, 015FC8, 017A57, 017C81,
0185F3, 015BF1, 00DAA5, 001FEE, FFD777, 00561F, 00BA56, 009A5C,
009FF5, 012F50, 0202A2, 023D81, 0197AE, 011A1A, 0134CA, 015035,
01313C, 011450, 0139F1, 01A3AB, 01E59A, 019647, 00ECA7, 00860F,
00B542, 0132DB, 01AF6E, 022536, 027269, 0272FD, 02462B, 02030F,
01B191, 015EEF, 011110, 00DCFC, 00B042, 00558B, FFEC31, 002316,
00F574, 016B4D, 0198AC, 021DB8, 02AAB9, 02E7C7, 02D4C4, 0294ED,
025C95, 021513, 01B212, 013F2F, 00AAC0, FFE0D5, FF56F6, FFD4A9,
012CCD, 028054, 0335CC, 03240A, 02ADA8, 024259, 01F12A, 01AF12,
01633F, 0122D5, 00EFF2, 00BBB6, 00AD75, 00D73B, 011329, 012CDB,
013F7F, 014BFC, 0132E4, 010BDC, 00D25A, 006801, 002663, 00C2A6,
01FEAE, 02BDFE, 02C665, 027297, 01E0DD, 014F30, 00BF18, 000219,
FF2FF8, FEF21C, FF9BF3, 00942D, 013B4E, 01533B, 01426E, 01996D,
01F56F, 01F1EF, 01EF8A, 01DE3A, 0171D1, 00F761, 00A336, 0048AD,
FFEA04, FFA9E6, FF8BD4, FF7AB2, FF6C01, FF7C8E, FFB078, FFFA0E,
004C8E, 009DAA, 00E1C7, 00F896, 00D644, 00810F, FFCC4D, FEA80D,
FDD9A1, FE3413, FF4CEB, 0053DF, 00E222, 011BDE, 019425, 020093,
01A518, 00E233, 002A3E, FF89F5, FF38B3, FF1FC5, FF05EC, FE9D27,
FDEFA4, FDA37C, FE52E9, FF8248, 00207F, 0035D7, 002B94, FFDE93,
FF5FDE, FEEDE5, FEB2FC, FEB4C1, FF06CF, FFA97C, 00345A, 00475D,
FFDA38, FF66A0, FF5798, FF126D, FE4DCC, FDE69B, FE4EAF, FF2980,
FFD492, FFD4FA, FF77A9, FF1EA8, FEACFE, FDFC05, FD417B, FD59A5,
FE8780, FFA7E2, FFFE75, FFBFA7, FF26B8, FE90ED, FE663A, FEB7B2,
FF0E25, FF2E38, FF3495, FF268F, FF1457, FEDF0D, FE7353, FDDABF,
FD66C1, FD8620, FE0A00, FE7AE4, FE9542, FE8C01, FEC9DD, FEE455,
FE5DF2, FE1722, FEB01C, FF3CCB, FF3024, FECF79, FE3EDB, FDBFBE,
FDD396, FE7064, FEFF57, FF24F3, FF024D, FEECB8, FEF1BA, FEBD5C,
FE5D46, FE78F7, FF0989, FF81E5, FFA4D1, FF65B3, FEC2A8, FE0C1F,
FDD98D, FE0687, FE003E, FDD83F, FDCFBF, FE2E26, FEF78A, FFA6BD,
0007F4, 001B1A, FFC64A, FF1CA6, FE554A, FDF05E, FE4FCB, FF2834,
FFF9B1, 007D5E, 00602D, FF8614, FE8DDA, FE4D22, FEA2D7, FEFB93,
FF6B60, 000186, 0079F2, 00A407, 006457, 000826, FFE5CA, FFD61F,
FFB53A, FF9164, FF5C8C, FF0C8D, FEA1E1, FE6346, FEC4A5, FF9ED3,
006FB9, 00EA74, 00F84F, 00B81E, 006A0F, 002C62, FFE2A4, FF6BB4,
FF3942, FFC05D, 00B093, 016671, 015397, 00B2E4, 003FD3, 0003C4,
FFCC79, FFA489, FF75BA, FF4DD0, FF7FE5, 00306D, 00F6CF, 015CB4,
01603D, 0128BC, 00F5C0, 00DDA3, 00D1DC, 00DD52, 00DC15, 00961B,
0053ED, 007021, 00B560, 00D3DA, 00C544, 0097BD, 004E69, FFFE08,
FFC28F, FF83E8, FF3D93, FF4BDE, FFD666, 00B69B, 019F2E, 02182B,
01DFF7, 0135B3, 00DA66, 011187, 014F26, 013863, 00D80F, 009311,
00A2DB, 00B288, 00BB36, 00EB00, 01242B, 014039, 011364, 00B446,
0085B2, 009F9A, 00DADC, 00F06A, 00CDD0, 00F874, 01707C, 01AD49,
01C5A6, 01F245, 020383, 01A6AA, 00E98D, 005A3F, 007F68, 00FE04,
013933, 012E71, 010F05, 010ECE, 0120BC, 01146B, 011E87, 015B66,
01A66A, 01D27D, 01C3A7, 019438, 016B2B, 01429B, 011EDB, 011BE5,
00F444, 005099, FFDAF7, 005372, 011ECA, 0172CC, 012DF3, 00BDD6,
00BAB9, 0102D9, 0137B5, 014B27, 0126B1, 00C22D, 00635B, 006C53,
00B78C, 00F28A, 0117E6, 010768, 00B28F, 007929, 00BF12, 014E0F,
01A1BB, 0159F2, 009621, 001017, FFF975, 000F80, 0031B7, 005614,
009722, 00CAD3, 00A349, 006F70, 0092AA, 00BD53, 00A9CC, 008225,
003322, FFBA21, FF6CD0, FF94D9, 000698, 006DE4, 009160, 006FFD,
003686, FFFA87, FFCDE0, FFBDF2, FFC76C, FFE732, 003FFA, 00D70C,
0139A0, 01245B, 00CA1E, 002070, FEFA13, FE08F8, FE3558, FF79DC,
00FE81, 0172D6, 00FF6A, 00D241, 006EEA, FF857C, FF3795, FFB4F5,
00113F, 001628, 0017D0, 001FB6, 002581, FFE5DE, FF7A1A, FF5525,
FF1C88, FE849C, FE4335, FECD21, FFAAC6, 002663, FFE29D, FF389F,
FED7CD, FF1117, FFA7B8, FFE718, FFA935, FF6A91, FF302F, FED2E9,
FE6F56, FE4B95, FEBD66, FF6A80, FFB6D5, FFCF58, FFDE31, FFA420,
FF391A, FEDFFD, FEA343, FE544B, FDDF8A, FD8D64, FDC11E, FE55BD,
FEBB3E, FEE401, FEE0CB, FE8D1D, FE30EB, FE413A, FED21A, FF6F6B,
FF98C4, FF37EC, FEC542, FEBCA0, FF12F3, FF6E97, FF61B1, FF313A,
FF3B41, FF3357, FEEB0A, FE88E0, FE3256, FE11D8, FE155B, FE16FD,
FE1225, FDED89, FDB8A5, FDD515, FE7240, FF013E, FF196D, FF02FD,
FEFFBA, FF174E, FF0799, FECA48, FEDDDD, FF1E44, FEEF36, FE921C,
FEAE3F, FEF55F, FF054A, FEFA74, FEE386, FEB8DE, FEC8C9, FF3804,
FF6EA9, FF39FA, FF14DD, FF3014, FF5B6A, FF4AC3, FEFD52, FEEDD2,
FF2350, FF2FDE, FF2367, FF3B02, FF4961, FF3EC4, FF577B, FF7D83,
FF7BE4, FF73D0, FF98EA, FFB9DE, FFA1B3, FF6B78, FF382E, FF2BDD,
FF450F, FF5911, FF7053, FFA119, FFDEA4, 0008DE, 001EF3, 0033F9,
004FBA, 005CC5, 003DE6, FFD5CC, FF2538, FE8B62, FEBC3E, FFDF24,
00F0C2, 01525E, 017525, 0182A7, 015C07, 010AD0, 00A1F2, 004F6B,
000A8C, FFB88B, FFA777, FFFEBD, 0057CC, 006C98, 006680, 004E26,
000DF1, 001A26, 00CA1C, 018EF9, 01C86A, 015875, 00C797, 00CD82,
010082, 00C6D6, 008AA6, 00997F, 00FC81, 0159CA, 013E75, 010017,
00FD74, 0122A7, 01546A, 0178B5, 018E8E, 01A5FB, 01933E, 01272C,
006FF9, FFE152, FFEB18, 008D41, 016CD1, 01F680, 01E969, 018D63,
00FE2B, 0058EF, 0047D2, 00FE24, 01EF2D, 027B8A, 027937, 01F9BF,
0140F2, 00AF58, 007355, 009C24, 00D6D8, 00BAB2, 007175, 0086DF,
011EA6, 01DBD7, 02225F, 01E510, 019A6E, 013D83, 00A2D6, 0029DA,
003623, 00AF40, 011B67, 01033F, 00C855, 00E888, 011896, 0113AD,
00E8E7, 00C759, 00DB13, 011346, 016103, 01A6F7, 01B846, 019B24,
0166CD, 01389C, 00D73C, 003741, FFD1E9, FFE6BB, 005903, 00B8B1,
00B09A, 00BC6C, 010AA6, 011197, 010F72, 0136D6, 012D6A, 00DA64,
009131, 007630, 0050F3, 002765, 00138B, 001B27, 00403C, 007189,
00A601, 00AC37, 00A7F9, 00868D, FFCB6D, FEC2EF, FE7904, FF33AE,
003873, 00BDE5, 00950C, 007955, 009478, 004F62, FFDE7F, FFB367,
FFB259, FFC8B8, 001C8E, 0083FD, 0097A7, 0058D7, 0005EA, FFC1B2,
FFAD10, FFE688, 003BF7, 0046D8, 001EEF, FFE7EA, FF79CF, FEFCDA,
FECB2A, FEFFED, FF5F8C, FFA20D, FFAE3B, FF97EF, FF8A03, FF7595,
FF9847, 00076F, 004572, 003794, 0035B1, 004420, 001D50, FFBE48,
FF46D1, FED7EA, FE884C, FE6825, FE5228, FE4AEE, FE9B69, FF43C7,
FF9E8A, FF78D2, FF83DE, FFB106, FF8674, FF1A92, FECC3E, FF007C,
FF76DF, FF6E61, FF2666, FF3D4B, FF5DA5, FF2986, FED2A2, FE9133,
FE7AA8, FE95CB, FEDBA4, FF1E4A, FF3E8C, FF2966, FEEC39, FEB11F,
FE836F, FE6C8F, FE930C, FED799, FEC9A9, FE7270, FE444D, FE9408,
FF3EC5, FF93D2, FF5964, FF05C3, FED6C3, FECF9E, FEF351, FF15AB,
FEE7CF, FE804A, FE56B6, FE7A84, FEC0B6, FF0E55, FF4094, FF3D29,
FF29A1, FF4DDE, FF836D, FF8158, FF697A, FF5F69, FF548B, FF38E8,
FEF48C, FE8D82, FE30BB, FE14B8, FE616C, FEEA77, FF5388, FF6871,
FF5C1C, FF72F6, FF86C8, FFA822, FFDB36, FFB1EE, FF04E5, FE73A3,
FE71EF, FEBCC9, FF13F4, FF6DBF, FFB5CB, FFE8A9, 001696, 00289F,
000F89, FFD015, FF7911, FF4674, FF52EF, FF782D, FF8F1D, FF828A,
FF7A54, FF9FDC, FFB685, FFA50A, FFB1EE, FFBD16, FF8467, FF647F,
FFD15A, 0059FC, 006B73, 00143A, FFB5F7, FFC7A2, 002F9B, 008B5C,
00BA8B, 00BA40, 00A5CA, 008FFD, 0072FE, 007541, 0080DA, 005B2B,
001A1A, FFDCF6, FFB45B, FF993B, FF8E80, FFA7B5, FFC172, FFCB5E,
FFE7C3, 005956, 01201F, 018DA3, 014A9C, 00D32A, 008046, 0060CD,
0082E5, 00D41A, 012C99, 015F3F, 0136C4, 00CCE7, 006B56, 0039D8,
00573C, 00ACA1, 00F1E2, 00F072, 00A25E, 005E13, 0071AF, 00C343,
00EE60, 00D6D6, 00B3F8, 00AA4F, 00D0DD, 011151, 0133E8, 0123F4,
00F758, 00DD67, 00CBCF, 0093E3, 003B67, 0017A0, 008451, 012D38,
016F16, 015B8C, 015A0B, 017F90, 01A176, 018DC5, 015BC8, 015C63,
0182A3, 017678, 0123F3, 00B790, 006985, 003ED1, 0023F7, 00523B,
00C7C2, 01239B, 015F67, 01981F, 01B988, 01AC15, 017E9E, 015762,
0146BF, 013D69, 0135C2, 01623A, 01C99A, 01FF51, 01CF73, 017D1F,
012B78, 00E40D, 00B451, 00910C, 0067A9, 004F6E, 0061A6, 0090E3,
00BE21, 00A6E0, 005DCB, 004F4E, 00B2CC, 015D80, 01F937, 0232C5,
020EB5, 01AB6D, 0111FB, 007F6F, 002350, 00007A, 000FE6, 0052B4,
00A236, 00C1E3, 00A12A, 005862, FFE62E, FF81D3, FFC187, 008493,
00FE29, 01013B, 00D0E0, 009052, 005AFC, 0019D2, FFEC88, 002407,
0072BD, 0081FF, 009402, 00A3EE, 005E66, FFF394, FFC82F, FFF5B3,
005159, 0093EF, 00842F, 00269A, FFBB04, FF89B5, FF823C, FF7AFE,
FF801C, FF9179, FFBA62, FFECBB, 000C52, 001C58, FFFE0A, FF9AE9,
FF2F76, FF1479, FF5DDE, FFC521, FFE453, FFC88C, FFFBBE, 0063B8,
0070B1, 0041E3, 001BC1, FFB48C, FF330F, FF202F, FF637F, FF96B3,
FF8A60, FF4968, FF1048, FF0D5A, FF32CA, FF76D9, FFD70C, FFFBC0,
FFB6BF, FF5336, FF058F, FED790, FEE574, FF39E4, FFA73C, FFD2BD,
FF8AD5, FF2660, FEF949, FEEEEE, FEDE7A, FEF0E4, FF2D1A, FF4A21,
FF38D4, FF1C2F, FF1DA4, FF2D1B, FF0C70, FEDCC0, FED8C5, FECF9C,
FE97E4, FEA490, FF0193, FF12D3, FEE35E, FEF3AA, FF44B1, FF8348,
FF7DEB, FF49B7, FF396F, FF2BF2, FEDED2, FE9C62, FEA0A4, FEB4C0,
FEAF2F, FE9426, FE5FCC, FE2050, FE05E4, FE2B62, FE6F37, FEC28E,
FF1E5B, FF5D7C, FF7020, FF619B, FF3D62, FF09C0, FEDF74, FED2B5,
FECD5C, FEBDD8, FEA7E7, FE8DFD, FE5BF2, FE337F, FE4429, FE579D,
FE55BA, FE977F, FF316A, FFC871, 0009E4, FFDF1C, FF9A25, FF6F7C,
FF018F, FE643C, FE27A9, FE694B, FECF13, FEFB75, FED36C, FE7EDE,
FE65BA, FEDB1F, FF810E, FFAECE, FF78BF, FF3DE8, FF63C7, FFBE3E,
FFBDC4, FF9F6B, FFA632, FF9E36, FF7033, FF268A, FEE299, FEC4EB,
FEED9B, FF48CD, FFAE4A, FFF0F5, 000DC3, 0008C9, FFEEC0, FFF5EA,
00052D, FFEF8A, FFB56F, FF8039, FF545F, FF2E2A, FF39F2, FF9311,
001405, 0080BC, 00A51D, 00844E, 005EFC, 004C35, 0017C0, FFAA7E,
FF8A6C, 00214D, 00BE30, 00CD47, 00C534, 00DF30, 00DB50, 00B4F7,
00880B, 007C58, 009727, 00A2AF, 00976F, 00B7CB, 010D6C, 015D2E,
017BE7, 014DCA, 00EBE8, 00AFC7, 00BF28, 00BBDA, 006F0D, 0058FA,
00A54D, 00F2CC, 011ABB, 01198C, 00F942, 00EC4E, 00ED3D, 00E6D5,
00ED38, 00FFAF, 0114DD, 01338C, 016B28, 01A3F8, 01BA9A, 019595,
015571, 0137FC, 013415, 013408, 01445D, 0155D4, 0147C1, 01150B,
00CE38, 0095B5, 008C17, 00B72A, 00FB50, 014878, 018590, 019803,
0182A3, 015B33, 0130D1, 00D408, 006022, 00676C, 00F911, 016E4B,
018EF9, 019950, 018D6B, 015952, 0108FB, 00DDEF, 0122C3, 019096,
01B36A, 0195F4, 015E3A, 010601, 00A296, 003E77, FFFCFA, 0012F6,
0086BE, 012A73, 01853C, 0171E9, 013881, 00EE4B, 00AB4B, 00940B,
0094FD, 008055, 0043DD, 001264, 00333B, 00A2E6, 010316, 012921,
0146F5, 013D64, 00E6DC, 008783, 0060A8, 006DD7, 00998A, 00C693,
00D8D9, 00D8B9, 00DBE3, 00DA15, 00A86B, 003B53, FFC548, FF7B12,
FF7E60, FFAF58, FFE6EE, 001CFF, 0037B1, 0041E6, 0049FC, 002F86,
FFE0FA, FF7E20, FF50E8, FF74CE, FFBE51, FFF2F7, FFF39B, FFE08C,
FFD48D, FFC949, FFC9F7, FFC07A, FF7C4A, FF19A3, FEFAFE, FF3EC1,
FFAD18, 00314C, 009CE0, 0088D6, 000202, FF858A, FF509A, FF559C,
FF81D3, FFAD25, FFA8CB, FF6E8F, FF2874, FEFB71, FEEA4C, FEEF4E,
FEF8D7, FF057C, FF1521, FF174B, FF0F1E, FF1791, FF7823, 002180,
00740F, 002266, FF7C98, FEE28C, FEC800, FF2029, FF752F, FF7E1D,
FF4A12, FF3D02, FF3B2D, FF1EFC, FF0823, FF1A1E, FF4F4E, FF7470,
FF6967, FF4CC7, FF4538, FF4529, FF1B83, FEBE36, FE85AA, FEC411,
FF3C35, FF80B9, FF76BA, FF5F40, FF6CC4, FF6E76, FF37AC, FEF71B,
FECBB7, FE8D29, FE495D, FE29C4, FDF974, FDB889, FDCEAC, FE5297,
FEDDC1, FF6121, FFF4E4, 003A65, 0006C9, FF9DD9, FF3389, FEE143,
FEC05B, FECB09, FEDB96, FED651, FEB970, FEB2CD, FED51E, FEF847,
FEFEF4, FEF9EE, FEFCD0, FEF28E, FEE84A, FEEA04, FEE584, FEBFF8,
FEA5BC, FEC77E, FF24B5, FF7CA0, FF77A1, FF49ED, FF4E24, FF829F,
FFBC9A, FFCE39, FFB6EF, FF8B0F, FF52FE, FF15D5, FEDE21, FEC983,
FEEB09, FF343C, FF85CA, FFB10D, FFB113, FFBE8B, FFDE11, FFE6B0,
FFE49F, FFD132, FF8498, FF0F55, FEC880, FEFA01, FF9059, 0011A6,
002D09, 0037D7, 005752, 005BBE, 003629, FFF36D, FFB395, FF92BE,
FF9169, FFA526, FFC665, FFE7A8, FFFD71, 001678, 003123, 003178,
0025E9, 004021, 007919, 00A1C3, 009FA0, 006F3E, 003F07, 0050B4,
00991B, 00BF04, 0094B2, 0058D8, 004F5B, 00950F, 00C58C, 00937B,
0052B4, 00410F, 0040AA, 0028F0, 00042E, 00004B, 002C88, 0053A1,
00718C, 00AE6E, 010CD4, 015742, 012E78, 00AB80, 0062D2, 0084C7,
00BD78, 00DFF7, 00FED1, 00E763, 009968, 006639, 006EA2, 0089E9,
00A3BB, 00AE29, 009E44, 008190, 006B6E, 0076EF, 00862C, 0091F0,
00B185, 00E77F, 012DC3, 0161C8, 01662D, 01477D, 012A10, 0124FF,
011867, 00FA9C, 00E2E4, 00BF81, 0099EC, 008DA7, 009ADE, 009BD8,
00AEEF, 0108F2, 0172AE, 01ABF1, 01B716, 01AEB9, 01A76B, 01977B,
015A78, 01123C, 00CFE0, 0091F4, 006F18, 00852D, 00C26C, 00E5BE,
00EB43, 00F84B, 013411, 017A2A, 016766, 0119D4, 00E54D, 00F8B6,
014411, 0187DB, 01A692, 01A94F, 016C64, 00EE1C, 008B1D, 0061AA,
007259, 00A2EF, 00D7DD, 00E4B4, 00C22E, 009CA0, 007735, 0051EE,
004830, 005FE0, 0070FD, 005653, 00209A, 0007C8, 003F66, 008F8E,
009626, 008160, 008769, 007663, 00491E, 0030DC, 003DBF, 005B78,
007042, 006AE4, 005635, 004E46, 005104, 005125, 003BC5, FFFB48,
FFAF2A, FF9B75, FFCFC5, 001566, 0033F0, 0025BC, 00151E, FFFE30,
FFB76E, FF7470, FF7D15, FFBB6D, FFEC8F, FFE22F, FFBDFF, FFC726,
FFEF2C, 000B0D, 002C53, 00436C, 002BC2, FFE621, FFAEF4, FF8799,
FF5E0D, FF4435, FF28AD, FF1097, FF04C1, FF1EF0, FF58EC, FF81D9,
FF86CC, FF75C0, FF7609, FF84CC, FF8C1E, FFA568, FFC8D6, FFC6F5,
FFA8F0, FF9EF2, FFA0F4, FF9D73, FF7F03, FF497B, FF3477, FF3653,
FF15CC, FEE5D1, FED3B3, FED278, FECCBC, FED902, FF0178, FF229E,
FF19C3, FEECC6, FED66B, FEFD27, FF4606, FF833A, FF7D19, FF1AD4,
FE9D43, FE77A0, FEC9C6, FF3D0F, FFA175, FFDDD4, FFE59E, FFC760,
FF8DBE, FF4BF7, FF1F51, FF2071, FF4207, FF5ECD, FF5303, FF15AF,
FEC893, FE7A06, FE4B68, FE5EA4, FEA596, FEE99B, FF00CC, FF2363,
FF791A, FFBECC, FFCC83, FFBC96, FFA783, FF9E8A, FF9250, FF809E,
FF9315, FFAED3, FF7901, FF1744, FEF881, FF16E8, FF4527, FF5CA0,
FF44D5, FF2557, FF142A, FF0F3A, FF204B, FF32CB, FF2E11, FF2EAF,
FF7464, FFD677, FFEE36, FFCB31, FF8985, FF2921, FED02A, FEBD2B,
FF1398, FFA401, FFFF8F, 00065B, FFEB22, FFD0E3, FFBD9F, FF97A6,
FF68F2, FF64F6, FF9CB9, FFC80C, FFBEAE, FFA67C, FFAB32, FFD33D,
FFE560, FFCD6A, FFC10E, FFC60B, FFB8E4, FFADCF, FFCC50, FFF976,
000F70, FFF05E, FFBEAC, FFA8B2, FF974A, FF8BC8, FFA19C, FFCB4F,
FFDAA5, FFE3F9, 000653, 002B17, 0038AA, 0020E9, 0002A3, 0005A7,
FFFFB4, FFE5C7, FFF4ED, 002F76, 005D6A, 005E4C, 00513E, 004E14,
005F17, 0067BE, 0048AB, 000D05, FFC4A7, FFAF66, FFF4CC, 005A3A,
009EE5, 00B6D4, 00C6F2, 00BFD1, 00943E, 007938, 00923C, 00CD45,
00E965, 00BB34, 008164, 007CF4, 008BDD, 008C8D, 008330, 00639C,
00415F, 0066B0, 00CF08, 0100DC, 00DB50, 00AC70, 00A6D5, 00C595,
00C122, 00912A, 008DA1, 00C06A, 00FC9A, 012383, 011C8C, 00CB21,
00594D, 00348D, 00684B, 00B0F1, 00E952, 0102AD, 010351, 0104FF,
0107D3, 00F5FC, 00B81F, 0080A1, 008C79, 00CCD3, 00F4CA, 00BE68,
00653D, 004B80, 006E7A, 009C07, 00C825, 00D80E, 00CF5F, 00BFC6,
00AAFF, 009E94, 00AD2C, 00D4D9, 00EB94, 00DE52, 00C72F, 00CA3B,
00E84F, 010A7A, 010436, 00E3BB, 00C3D1, 00A1F2, 00936D, 00AE38,
00D333, 00C227, 00810C, 0045C3, 005774, 00A3D9, 00B72A, 00AC30,
00EA23, 0127D0, 0112B9, 00E48E, 00B612, 005ECD, FFE7AA, FF8EB1,
FF8EB7, FFE1E0, 003A05, 0079A0, 00C4CC, 01044F, 0115E4, 00FB66,
00C0C9, 008893, 006942, 0068D5, 0058AD, 001738, FFEC3E, FFFBEE,
0009E2, 00180B, 0030BA, 0018D1, FFC2FE, FF6DC8, FF6CAF, FFD861,
005A22, 008DD1, 008177, 0067D5, 004EE5, 004E9E, 006D7B, 009082,
009B97, 00848B, 005168, 0005D3, FFBD98, FF9529, FF8A33, FF8514,
FF8757, FF94E8, FF8031, FF5B77, FF73C6, FFC3E5, 0010DD, 002722,
002705, 00618B, 0093AA, 00480B, FFB688, FF59B2, FF4B64, FF63E0,
FF75A7, FF95F7, FFE9B0, 002528, 0017C3, FFF956, FFF729, 0019E3,
0018BE, FFD67D, FF9F40, FF89B3, FF6284, FF2DF3, FF1C26, FF0EEE,
FEEC66, FEEC2B, FF2702, FF65F2, FF971E, FFB29D, FFB5C0, FFA953,
FF8828, FF7221, FF7F3F, FF8BF9, FF814B, FF7DCA, FF9193, FFA8FA,
FFA7E3, FF8A1F, FF5F0A, FF340D, FF2C4A, FF34F3, FF1FB9, FF08A3,
FF07D6, FF21AF, FF468C, FF5E64, FF6717, FF6423, FF6194, FF68A2,
FF7908, FF7A39, FF3600, FECDA0, FEA5EA, FECC00, FF1223, FF514C,
FF7227, FF7AF2, FF71C3, FF65FD, FF72C7, FF908E, FFA448, FFAFEB,
FFB8F8, FFA0B1, FF5942, FF1221, FF023E, FF0CBD, FF13D3, FF15C7,
FF22A6, FF428B, FF5C39, FF67C1, FF632B, FF5EE0, FF6010, FF3BB2,
FEE825, FEA335, FEBF98, FF3250, FFAB36, FFF0A5, 0005E6, 000D9D,
FFFECE, FFD1E1, FF9A9E, FF66CD, FF33F2, FEFDEF, FED51F, FEE4E4,
FF26B2, FF4FDE, FF6311, FF83C7, FFA59B, FFC520, FFCE15, FFD0CC,
FFEDEF, 000B29, 0000C2, FFD3CD, FFAC43, FF988B, FF946F, FF9665,
FF84F6, FF79C1, FFAAD7, 00064D, 0042E8, 00403F, 0016E4, FFE68C,
FFB4DF, FF758D, FF3F55, FF3B8F, FF66A3, FFA7BA, FFDE8B, 000632,
004F9F, 00A2F7, 00B08B, 008676, 0046BF, 0018F2, 000CAE, 0013B8,
002C4C, 0032DC, 001526, FFE057, FFC1B7, FFC07D, FFA886, FFABDC,
001740, 008FAB, 00AC5A, 0085B5, 005406, 003A61, 00400D, 005395,
006E04, 00864C, 0086A2, 005C30, 001BBA, FFF476, FFEDAA, FFF718,
FFFF6D, 000741, 0018B1, 002A2D, 004D8F, 009679, 00F0B2, 011F71,
011127, 00E7B1, 00C315, 009D98, 006954, 00484C, 0047E1, 00528C,
0067A3, 0080F9, 0091F7, 0091D0, 00773D, 005772, 004C87, 005ACD,
007803, 007B9E, 0058B6, 00357A, 002EA2, 0050ED, 008543, 00A74C,
00BA0B, 00C61F, 00E971, 010A66, 010E79, 0115B8, 011AAF, 00FE90,
00B61F, 006786, 00258F, 000799, 000CB7, 002165, 0053B3, 008A43,
00992C, 008354, 007031, 009354, 00E017, 01039C, 00E804, 00D151,
00C432, 00BFF1, 00BF39, 00B046, 00A000, 009608, 008206, 00543D,
0019C3, FFEBBD, FFF774, 00437C, 009557, 00B353, 00BD6C, 00D9FF,
00FCBB, 011371, 010EC4, 00E6B7, 009FA4, 004CA1, FFFA1E, FFC1AB,
FFD399, 0033FB, 007C48, 007710, 005EBC, 004D98, 003E38, 0039D8,
0035E9, 0024A2, 001DEE, 0047D8, 007E5D, 0061F2, 001579, 000D8A,
00428B, 008B3C, 00D4B0, 00DB99, 0080D8, 000D70, FFCD6E, FFBB93,
FFCC1B, FFED39, 0000FB, FFF6EB, FFE7C5, FFE7BB, FFFEF6, 003AF4,
006E8E, 0078CC, 00649C, 002734, FFD4D9, FF8F7A, FF681C, FF6BDE,
FFA2A9, FFEFF5, 001593, 0009C2, 000226, FFFBD5, FFD884, FFD7C3,
002039, 006D12, 007715, 003A59, FFD8A4, FF84DB, FF550E, FF4572,
FF4FAC, FF702F, FFB98A, 0002F8, 000ABA, FFE1B2, FFB05F, FF9E32,
FFA5D8, FF9BF9, FF8596, FF7006, FF6283, FF70B3, FFA566, FFDA78,
FFD1DB, FFB067, FF9C22, FF75CA, FF4FB1, FF5D90, FF823B, FF7A8F,
FF4D7B, FF3638, FF5059, FF8F6A, FFCF5B, FFDD87, FFB039, FF7BB8,
FF5E55, FF52FA, FF63B8, FF99A8, FFDAE6, FFF75A, FFDD8A, FFA3C6,
FF696F, FF4B78, FF468A, FF3301, FF02E7, FEF5D0, FF26FE, FF54FC,
FF801E, FFC4C5, FFF53B, FFF4BB, FFD214, FFAEFA, FF9A71, FF8B02,
FF7BD1, FF5B51, FF31FA, FF1C0F, FF2C72, FF5846, FF870E, FFA725,
FF96EE, FF5F73, FF2FDE, FF35B5, FF5506, FF8800, FFC4D1, FFEFE3,
000548, 00015D, FFD925, FF76CA, FF1B61, FF12EF, FF474A, FF909D,
FFB64D, FFB135, FFC1A1, FFD268, FFC2DD, FFA8D0, FF9AFF, FF9FC8,
FF9B3C, FF84F3, FF66BE, FF61DD, FF8CFD, FFD1ED, 000274, 00116C,
0007AB, FFE436, FFB527, FF8DDE, FF68A9, FF4214, FF3834, FF5EA8,
FFA6D9, FFFB6D, 0032F2, 003408, 000EBE, FFF7A2, 000958, 001CF6,
002BE5, 0031CD, 001060, FFDB4A, FFAD02, FF9C7B, FF9A7B, FF9678,
FF8FAB, FF84CE, FF88EA, FFBF45, 001416, 003CD2, 004943, 006748,
0088E3, 009AB7, 00A500, 009A6B, 0052ED, 000AE9, 000F15, 001B77,
FFF5BC, FFCBE5, FFC3DF, FFCCEC, FFDCE1, 000AB3, 00534D, 009BA9,
009F05, 006617, 004C2A, 006485, 00911A, 00A667, 0098D1, 0087B6,
0089D3, 00966F, 008261, 0049D9, 002212, 002455, 003349, 0027B4,
00094A, 000DC7, 003E29, 006344, 00616A, 005501, 00727A, 00AC06,
00C91B, 00AD8D, 009283, 009491, 00818F, 005A7D, 002EFF, 0005B6,
FFEECC, FFF27D, 000EE6, 004C3F, 0094EF, 00BA65, 00BA93, 009F3E,
0075CF, 0050C6, 0038A0, 002EF7, 0022AE, 0024AB, 003642, 004DAE,
005416, 0037DA, 003515, 0062F5, 00855A, 0084AA, 007172, 0060A5,
005317, 003AB9, 00252C, 001E76, 00382C, 007703, 00AA03, 00A141,
007AED, 005D46, 003FE7, 0031FE, 0039D8, 00322A, 001031, FFFDD8,
0002B7, 00128D, 003879, 0059E0, 005268, 002B75, 000BDE, 00146E,
003F0B, 006DCE, 0088F9, 009495, 00889B, 006C12, 004D95, 002E9C,
0029B9, 004295, 005ABD, 0059D5, 002D59, FFF0EC, FFD41A, FFD3EF,
FFE390, 0007CE, 001BC7, 00063B, FFE349, FFCF16, FFD3E3, FFEA7E,
0020FB, 00657A, 007341, 0053F4, 001DD5, FFF1EB, FFF8FF, 002883,
004C14, 003DE1, 002C16, 0040F9, 004EA0, 003747, 000C12, FFD0CD,
FFA1A0, FF9DCA, FFB6F6, FFBCBC, FFB332, FFC6A0, FFDBD4, FFD3A9,
FFDEC5, 00185C, 0048AC, 0043B5, 001FED, 00048B, 00049F, 000670,
FFFBAD, FFE837, FFD333, FFC1B2, FFAACD, FF984E, FF966F, FFB0D9,
FFDA8C, FFF711, FFF13D, FFDCA9, FFC315, FF839F, FF3951, FF2774,
FF5B7D, FFBDFA, 001C09, 004C54, 005F6E, 005959, 002584, FFE7C7,
FFBFB8, FFA8CB, FFA984, FFC0B8, FFD4CC, FFC5CD, FFA59A, FF9789,
FF9112, FF9A58, FFBE71, FFFD77, 004245, 005B4D, 003323, FFDF50,
FF91DF, FF8384, FFB363, FFE737, FFF997, FFE92F, FFCA1B, FF9EE5,
FF73CE, FF6187, FF72DE, FFA277, FFCF20, FFE957, FFF9D7, 000006,
FFF3E4, FFD3E9, FFC0F4, FFCA1B, FFE4AB, FFEC9D, FFBFA6, FF8E40,
FF847F, FF8DF1, FF93ED, FF90EE, FFA2CE, FFD2D2, FFF2B7, FFE66C,
FFD059, FFC108, FFB8FF, FFAFED, FFB285, FFD78B, FFFEA9, 000691,
FFE82C, FFC474, FFB9A1, FFCD07, FFE71E, FFEEAA, FFC336, FF6A91,
FF27A6, FF31C1, FF8C15, FFE6F2, 000E4E, 0023D4, 001BC2, FFF173,
FFC2C8, FF9C78, FF6AEC, FF4891, FF5B08, FF917B, FFCD30, FFF000,
FFFE00, 000228, FFF604, FFD627, FFDBE3, 00149A, 0025BC, 0007AE,
FFF402, FFEB7A, FFDDA7, FFD289, FFD2DC, FFBE2F, FF9BEF, FF9A22,
FFB367, FFC8E7, FFC7EA, FFB2D2, FFAE2D, FFC39F, FFCD8E, FFB9DC,
FF9DCC, FF9B4B, FFBFBD, FFF21A, 0013CF, 002242, 0019FA, 000305,
FFFA1B, 00056C, 0015E5, 001D30, 0013B0, 000023, FFECB8, FFDF01,
FFDDCD, FFDC48, FFD9C7, FFE00B, FFF8C4, 0016C0, 00243F, 002389,
000ED6, FFF072, FFE0EA, FFF95B, 003AE5, 006711, 0070CD, 0077DC,
0070F7, 0058F7, 00367B, 0017A6, 000C96, 001611, 0035AF, 004993,
004A18, 005EDF, 007657, 005518, 001D96, 001B53, 0039EE, 005E79,
008A81, 009E40, 008E80, 006ACE, 00481D, 00296F, 001130, 00022E,
0015A7, 004B25, 006A7A, 006BE3, 0077F4, 008DAD, 008DEA, 007AA8,
006721, 005371, 004A45, 006496, 008AF6, 008A0D, 006172, 002F4F,
FFF93D, FFD776, FFF01A, 00362F, 00813B, 00A3B4, 00970F, 007821,
005CF6, 004C3D, 003F33, 004345, 005627, 0058BA, 003F6F, 0015B9,
000872, 00286D, 005916, 0070EE, 006385, 005259, 004EF0, 005445,
0050A1, 00361C, 001771, 0004F1, 00060C, 0019F3, 0038FE, 0041DC,
002DEC, 002F97, 003F7A, 00304E, 001736, 001750, 002941, 00341F,
002DBA, 0022CB, 001EC8, 001329, 000B01, 001728, 003B88, 005DA5,
006BDF, 0060EA, 003493, 000B0F, FFF64F, FFEEB8, FFE929, FFED79,
FFFD63, 00197C, 0028DB, 000E46, FFDB5D, FFB512, FFBAAF, FFEB22,
001F05, 0033DF, 00297D, 0008D9, FFE221, FFD543, FFF3FF, 002617,
0042A5, 003784, 00053C, FFC156, FF8ACD, FF7AE1, FFAAA4, FFF4FF,
001440, 0004F8, FFFBCA, 0005ED, 000895, FFEFAC, FFC49D, FFB06C,
FFB9BD, FFC5A1, FFCFC8, FFD2FD, FFC395, FFB2CD, FF9DF3, FF8415,
FF7C2D, FF9C91, FFE0FE, 001F96, 003715, 001A68, FFC670, FF5995,
FF2A78, FF5B5A, FFC889, 0023DE, 002DE0, FFF668, FFB9BF, FF8F72,
FF7172, FF61A3, FF59BB, FF682C, FF7C5B, FF84FD, FF9628, FFB0B9,
FFC90B, FFD846, FFE9F6, 0003AC, 001735, 001CB0, 0001D3, FFCD39,
FF99C1, FF79E9, FF6A3C, FF66C2, FF75D4, FF85B6, FF8047, FF7E10,
FFA1D5, FFEC4C, 00365A, 004206, 001780, FFEF0E, FFBBE4, FF8846,
FF8354, FFA4A8, FFB705, FFBC62, FFD9A6, FFF256, FFF5F8, FFF19E,
FFE57D, FFD559, FFC2D9, FFAE0A, FF9632, FF8855, FF9A13, FFC3AA,
FFE9D6, FFFC2E, FFFE00, 00062D, 0012E3, FFF396, FFB323, FF835C,
FF71A4, FF7921, FFA1C1, FFE59D, 0020F8, 003C3C, 003EAE, 002D9E,
000F6F, 00054C, FFFB9A, FFD487, FFB071, FFB0D3, FFC54D, FFCFD3,
FFCB99, FFBE5B, FFB97D, FFCC27, FFEDD5, 00143B, 00316D, 003E21,
0025EA, 00038D, FFFA17, 0009F4, 001035, FFFEAB, FFFB6B, FFFDFF,
FFF984, FFEEF4, FFEF05, FFF997, 000895, 0015A3, 001426, 0007D0,
0007D4, 001C1D, 00205A, 000BE7, 000C76, 002AE3, 0048E4, 004635,
00159D, FFDCF1, FFC184, FFCB31, 001046, 006C3F, 008F20, 007F0E,
006F13, 006C90, 0058F7, 002A11, FFFBFF, FFD7EE, FFC88B, FFCBA2,
FFDA3C, FFF0F9, FFFC62, 0009C7, 0038CF, 007D5C, 00AC3D, 00C444,
00BDC7, 009A34, 0071C3, 004E12, 0030FF, 001CBE, 00137F, 000B84,
000193, FFFE06, FFFF44, 000983, 001E08, 00417A, 006A40, 008367,
0084B6, 0076D9, 006DF5, 006FBA, 0070E0, 006929, 0054C2, 0037E7,
003019, 004789, 006962, 0076C6, 005966, 0027D3, 00058B, FFFAA7,
000755, 0022A4, 004490, 006201, 00603E, 004EE2, 004126, 00381F,
004009, 00513E, 00657F, 006E9A, 005B59, 003D77, 001402, FFE71D,
FFD3FF, FFD60C, FFEF94, 001C07, 00459A, 0053CD, 004B94, 004066,
002803, 0007C0, FFF31F, FFF0E9, FFED05, FFE331, FFEE51, 001852,
004692, 005EA0, 005EC0, 004E4D, 0037A9, 001F6B, 0006B2, FFEFD8,
FFD86C, FFD6C0, FFEBD0, FFFD74, 0005A3, 000776, 000E11, 002029,
002EB8, 0023B4, FFFE5E, FFE191, FFE620, FFFDD4, 0007C2, 000369,
0001CC, FFFF85, FFEB50, FFD5D5, FFD3C7, FFDA2F, FFE169, FFEAA3,
000A42, 002F47, 0025F5, FFF34C, FFBF67, FFAA8B, FFADA1, FFA1E1,
FF88E2, FF8687, FFAA8D, FFDB46, FFFF7B, 001D7A, 0030D1, 002C46,
000F6B, FFDBD3, FFA537, FF78A6, FF571E, FF54DF, FF7793, FFAAA6,
FFD1B4, FFD9C5, FFD398, FFD110, FFBFD7, FFA3C8, FF9DB0, FFC0E4,
FFED75, 000044, FFFC21, FFE9CE, FFD683, FFC6AA, FFC9AF, FFD819,
FFEBA0, FFE6DB, FFCC26, FFAFEB, FFA781, FFC1C4, FFE3D6, FFFC2C,
FFF8FF, FFE0F8, FFB57F, FF7FB1, FF62C9, FF70EE, FF8745, FF9BAD,
FFBA84, FFD925, FFEBA5, FFF774, FFFAAA, FFDD4C, FFC1EB, FFD0C7,
000080, 0018A6, 000B86, FFE2BC, FFC850, FFC95F, FFC536, FFCA4B,
FFD383, FFE24B, FFF86B, 0008BF, 000490, FFE872, FFC570, FFA0EE,
FF8AE4, FF8FBE, FFA194, FFBE52, FFD729, FFD31C, FFB84E, FFAC8E,
FFBE79, FFD949, FFEB71, FFF7C1, 000AB4, 002C8E, 0041B4, 00355F,
00102F, FFEA83, FFE13C, FFD62B, FFC0B1, FFB1F5, FFB7BB, FFCE84,
FFD6ED, FFD0DF, FFDCD5, FFFD51, 000D27, 000125, FFEBF4, FFD9AF,
FFDE69, FFE9D9, FFFAA0, 000A6A, 001377, 0017F0, 001635, 000F5B,
000393, 00021E, 000013, FFFD9A, 000406, 0005F7, FFFC85, FFDC18,
FFBE36, FFB1D4, FFBC29, FFE9B6, 0019B9, 002CFC, 001476, FFEB56,
FFDF0B, FFF33A, 000728, 00171C, 00166F, 0001C9, FFEA7D, FFE3E9,
FFF105, FFF9BD, 00005D, 000E20, 001E1B, 001C1A, 0013CA, 001083,
0015FA, 00138E, 000947, 000798, 0012FE, 001D09, 0010CE, FFFB88,
FFE274, FFE83D, 000BF7, 002EAF, 003DE4, 003F36, 003DDD, 00376B,
003397, 0030CF, 001F9D, 0001CD, FFEA46, FFDD16, FFD32F, FFDA2D,
FFF2A1, 0016B2, 002B44, 003236, 003C40, 003ACA, 00303A, 001E75,
001515, 0018D4, 00239B, 003674, 0053A7, 0069DE, 0068B1, 005B53,
005183, 004985, 00366F, 00210D, 00172D, 001604, 00242F, 002542,
0008FE, FFF2E8, FFF2FC, FFF6D0, FFF63D, 00082A, 003D3B, 007C44,
00B11F, 00CB70, 00ADE1, 006BE5, 001EA5, FFF592, FFEDFB, FFE928,
FFE9E6, FFF7BA, 002074, 0044D6, 005468, 006352, 006388, 004AE7,
0032C5, 002F4E, 003DDA, 004FEB, 006024, 006144, 00427C, 00177B,
FFFF72, 00064B, 001CEA, 002552, 001EBF, 000C06, FFFD52, FFF4B0,
FFF4B6, FFF997, FFFA78, 0012CE, 002E28, 00272F, 00086A, FFE5F7,
FFD806, FFEFB2, 0016FB, 0030D4, 003888, 002D1D, 000BC0, FFE3EE,
FFD063, FFDB6E, FFF47A, 0001B6, 000148, 00093A, 001014, 0002EA,
FFE81F, FFD253, FFD461, FFE7E7, FFFDF1, 000D4D, 000317, FFDE7C,
FFB958, FFA9BA, FFB053, FFD6F1, 00018C, 0014AF, 0014EF, 000540,
FFEEB8, FFCE57, FFAE53, FF95FA, FF8CC0, FFA895, FFDD91, 00173A,
003D08, 003686, 000D61, FFDC6E, FFC145, FFC1CE, FFCC1F, FFD80B,
FFE233, FFE3AB, FFDE9A, FFD420, FFD7F8, FFEA64, FFFCFD, 0005DF,
000066, FFF788, FFE4FE, FFC796, FFA50D, FF92E8, FFA803, FFD7E8,
FFF968, FFFB80, FFE4A8, FFBFE6, FFABC3, FFAFAF, FFC887, FFF23F,
000B5E, 001675, 001244, 0008EF, 0001AB, FFE850, FFBB6E, FF9362,
FF8ECA, FFA536, FFB155, FFB607, FFCBA3, FFE598, FFFA61, 001EDF,
00401A, 003D71, 001910, FFEDDE, FFC4F0, FFA846, FFA6EB, FFB9FD,
FFDF02, FFFB13, 001018, 001E7A, 000F21, FFEC0C, FFC83E, FFBF0F,
FFD3C3, FFE37C, FFE9A5, FFEAFC, FFEDD3, FFEF4B, FFD8D7, FFC5C9,
FFCCB5, FFD8F3, FFF3D2, 0012A0, 0019DB, 000CA0, FFEC53, FFC96C,
FFB5F3, FFB34F, FFC211, FFDB55, FFF700, 00043E, 000505, 0003A6,
FFF84E, FFE4CA, FFCEBC, FFC3DF, FFCE76, FFE46E, FFFD17, 000758,
0005AE, 000BD4, 0009E7, 00014E, 000166, 001198, 0031A4, 004942,
004B8D, 0037E5, 002390, 001843, 000687, FFFC89, FFF71C, FFEE99,
FFE943, FFEDD5, FFF2AF, FFE8D5, FFDD03, FFD302, FFD500, FFE5E9,
000A1D, 003C18, 0070EA, 009B4E, 009877, 006680, 0031B3, 00101E,
000750, 000F29, 0014A5, 0017C8, 000A3D, FFF70E, FFEF1D, FFFB03,
001845, 002294, 001E0C, 001F68, 001EB6, 001996, 000D83, 000306,
FFFDE9, 000018, FFFBF7, FFF7DC, 0001BA, 001893, 003B52, 005712,
005B0F, 004A2E, 00279A, FFFE69, FFE7D6, FFE2E1, FFE4C1, FFE836,
FFF205, 0009D4, 001AB1, 0017F7, 001114, 0012A5, 001A14, 0017AB,
000E62, 00052E, FFF888, FFF61C, FFFFBE, 0016EB, 002E7B, 0033AC,
0024EF, 0005AC, FFE4B4, FFD0FE, FFE429, 0007E3, 002257, 0027AB,
0013FB, FFFA57, FFE5F6, FFD6BD, FFD40C, FFE4BB, 000248, 002926,
0050C3, 006689, 006B4F, 004E54, 001BC1, FFECB5, FFCF47, FFCDFC,
FFD9EE, FFECD7, FFFF61, 000A12, 00187C, 002A94, 0036FC, 004242,
003FB0, 0027FD, 000F5B, FFFFF9, FFF6D1, FFF216, FFE96F, FFDA75,
FFCC94, FFCB89, FFE988, 001160, 0032AE, 004283, 003C92, 0020E7,
FFFB20, FFDCCB, FFD3EF, FFE764, FFFA8C, 0008F6, 000E2D, 0014BB,
001BD5, 0025F8, 002A08, 001F41, 000DF1, FFF306, FFD3F0, FFC5E8,
FFCBF7, FFC9A7, FFC025, FFB4DB, FFBA50, FFCFAE, FFE9D9, FFFCC5,
FFFFAE, FFF751, FFE4C2, FFCE61, FFBDBE, FFC03F, FFD267, FFE821,
FFED8B, FFF342, 00014D, 000B5C, 0009AF, FFEDB5, FFCCB5, FFBCC2,
FFC1F8, FFDD04, FFF1A6, FFF3AC, FFDE92, FFC2EF, FFAA14, FF9AE2,
FF9C05, FFBEB5, FFF68A, 001B69, 001D81, 000030, FFEAD8, FFD7D7,
FFD88E, FFDCA1, FFD99A, FFDE61, FFE9E5, 00045D, 0021A9, 003440,
002C90, 000E6A, FFF4C5, FFD774, FFC2CE, FFC177, FFCB8A, FFD8C9,
FFEA93, FFFBA2, 000038, FFFCDC, FFF8A8, FFF91C, FFFDB2, 000614,
00086A, FFF9EC, FFD67A, FFB036, FFA5A1, FFC73A, FFFCBD, 0025AD,
003C39, 003B41, 002D38, 00205D, 001211, 000087, FFEE68, FFEC2A,
FFF810, 0000F5, FFFBFE, FFE6FB, FFCBE4, FFBB6C, FFC643, FFDF3D,
FFEFCE, FFF2A7, FFF89A, 000B82, 0022E1, 004110, 00527A, 004BB4,
003F29, 002FE9, 001C16, 00079B, 0005D5, 0011A4, 0021E4, 002FAB,
00304C, 002090, 001304, 0012B2, 0015B6, 0016BB, 0011A4, 0011E1,
00197A, 001A61, 0019E4, 001690, 000AA1, 000FBB, 0024FD, 004C45,
006B25, 006018, 0043C9, 001ECC, 000822, FFFC88, FFF64E, FFFB23,
00151E, 002EBD, 003D23, 0042A4, 004265, 00435F, 00343D, 001906,
FFFC66, FFE7FA, FFDBB9, FFD045, FFCDAF, FFD9A8, FFEA3D, FFE661,
FFDC65, FFE44B, FFFE29, 002096, 002A0A, 002DC8, 0038DA, 003928,
002F71, 002083, 00145D, 000A10, FFFE69, FFFB1D, FFFEBC, FFFFC3,
FFF8FF, FFEC3E, FFE300, FFE5DD, FFE377, FFE607, FFEA9A, FFECA8,
FFF37E, FFF642, FFF093, FFDB01, FFC58F, FFBDFC, FFC60D, FFDF86,
FFF557, FFFDAB, 0003BF, 000966, 0008FB, 000171, FFEA00, FFCE04,
FFC3A9, FFBE18, FFC006, FFC7CB, FFCEFC, FFE050, FFF94E, 001F35,
00389F, 002C09, 000729, FFE062, FFC39E, FFA912, FFA0D3, FFA9E0,
FFC7E6, FFE3EC, FFF6AD, 0003B2, 0002C7, FFF41D, FFE0CB, FFCFDA,
FFC970, FFD64A, FFE4D5, FFFBDB, 0011F1, 0019B2, 0017EC, 001078,
000996, FFF925, FFD755, FFB574, FFA520, FFACD3, FFC7A7, FFE5E7,
FFF6FA, FFFD79, FFFBE3, FFF485, FFF3E9, FFF64C, FFF038, FFEA29,
FFE8A3, FFE263, FFDDF9, FFE0A0, FFE7E8, FFFC87, 00095F, 000A07,
0008B3, 0000D2, FFF7D2, FFEE3C, FFE919, FFF4EC, 00072D, 0007CD,
FFFABD, FFF3CF, FFF144, FFF040, FFE838, FFE0F3, FFE63D, FFF1DA,
FFFD5F, 000C7D, 001D69, 001D54, 0013D6, 0004D4, FFFB78, FFF095,
FFE59C, FFEB0F, 000084, 0019C1, 002A3A, 0032FF, 003747, 003A04,
0039F1, 003F83, 004E6F, 0053C2, 003E94, 0014EC, FFE7FE, FFD158,
FFD27C, FFDDBE, FFEFA2, FFFE15, 00094B, 001083, 001EFF, 003778,
0048C2, 004CD8, 004357, 0027C8, 0009E1, FFF0F6, FFE288, FFEB8A,
000085, 002063, 003AD6, 004AE2, 00528A, 0041F4, 001FC5, FFFB70,
FFE3B6, FFE23A, FFED1D, FFFF3B, 001198, 001DE9, 0022CF, 0017DB,
0000B2, FFE410, FFD255, FFD7DE, FFEA4C, 000159, 001906, 002B36,
003209, 002F95, 002505, 001074, FFF731, FFDFF4, FFDBF7, FFECF9,
000913, 00186D, 000F56, 0003C5, FFFAD5, FFF8F8, FFF6ED, FFECDF,
FFD757, FFBC2C, FFB701, FFD10E, FFFA06, 001A0F, 002664, 00240A,
001F11, 0026B2, 002A97, 0021BE, 00138A, 0006FD, 000404, FFFCE0,
FFF23C, FFF1FC, FFF77A, FFF818, FFE95C, FFD908, FFDC66, FFF3E7,
000A55, 000C90, 000464, FFFA62, FFF3FE, FFF2AD, FFF413, FFFDA5,
0011CF, 002D8F, 003EA1, 0039E6, 00211D, 0006B2, FFF5B4, FFEB9B,
FFDE2E, FFC6B2, FFB064, FFB0B7, FFCA15, FFE734, FFFA79, 000578,
0010C9, 000FD9, 0005EF, FFFC47, FFF85A, FFFE27, 0002FD, 000116,
FFFD9E, FFFA9B, FFF12B, FFE40D, FFE140, FFEF07, FFF882, FFF805,
FFF111, FFE0E1, FFD0AB, FFC6F9, FFC3CC, FFC6AB, FFD64C, FFF11D,
0004ED, 000B72, FFFDF0, FFE68A, FFD54E, FFD05B, FFD561, FFDAB9,
FFE2F6, FFE580, FFDDAA, FFD90B, FFDE9C, FFF7AA, 000E3D, 0015F5,
000D74, FFF368, FFD8E3, FFCAF2, FFC9BE, FFD5BA, FFE6DE, FFEDEA,
FFF0C1, FFF661, 000651, 000E3C, 000F29, 00095E, 000F27, 001363,
00019B, FFECBE, FFDA40, FFE31A, FFF220, FFFA56, FFFB1D, FFFFA1,
0011F4, 002170, 00258A, 001D67, 000C42, FFF2A1, FFD239, FFBB7B,
FFBCE5, FFDBC2, FFFC28, 00115A, 001598, 000C25, 000BCB, 00185A,
002BDB, 003CC0, 00378F, 001D12, FFF72D, FFCCE7, FFB755, FFB53A,
FFBA2F, FFC57F, FFD560, FFEF4B, 0002A8, 000801, 000998, FFFE7B,
FFE8FC, FFD439, FFCC69, FFCB8B, FFCDD8, FFCC96, FFCD74, FFD5E1,
FFEADD, 00039E, 00056E, FFF71B, FFE8B1, FFE2FD, FFE78A, FFF361,
FFF9EF, FFF537, FFEF60, FFE074, FFD860, FFE1F1, FFF221, FFFA57,
FFE451, FFC507, FFA6EE, FF98EB, FF9E1C, FFA86F, FFBBB6, FFE1C1,
0008BE, 00264A, 003252, 002356, 000AEE, FFF127, FFDEFE, FFDC72,
FFE9CC, FFF52B, FFF415, FFEBC1, FFE18B, FFDCE9, FFD9B2, FFD56C,
FFD670, FFE15B, FFF939, 0011AA, 00240D, 002C1B, 002DB2, 002A8F,
002192, 000830, FFE298, FFC711, FFBB95, FFC4D3, FFDCE5, FFF1C0,
FFF39D, FFF3D7, FFFE45, 001030, 00197F, 001353, 0009A2, FFFFCD,
FFFA69, FFF58A, FFF2EE, FFFFF4, 0013BC, 002340, 002E09, 002BD6,
002018, 001756, 001E37, 00257B, 00212D, 001EB8, 0019F6, 0019B2,
002252, 003A04, 00582B, 006338, 00529A, 003780, 002926, 0023E3,
0029FD, 003BF0, 003ED0, 00376E, 00285E, 000E3C, 00045B, 0008B9,
00174A, 002CB5, 003D92, 004B93, 005AEB, 006473, 0060AD, 005A41,
004BF0, 003A8C, 00276D, 0017AD, 00155A, 002408, 003E04, 005065,
004B8E, 003C84, 003101, 002D10, 00366B, 0037B3, 0030B6, 001DE6,
000E02, 0004F8, 000277, 000A95, 0015AC, 0020E0, 0027FC, 003270,
004112, 005108, 004D6A, 003F59, 0034D6, 002505, 0015AB, 0006C6,
FFFF15, FFFFCA, FFF9DC, FFF606, FFFD9D, 000D78, 00160C, 001C27,
0027DA, 00336A, 002EFA, 001C78, 000D5B, 000284, FFFD80, FFF845,
FFF0FE, FFEE81, FFE4C4, FFE01A, FFE5A3, FFF195, 000239, 00101E,
0019A7, 0011EB, FFF172, FFD780, FFD941, FFE7D1, FFFE81, 001209,
001B98, 001BCD, 000B41, FFEF95, FFD29F, FFBF14, FFB3B2, FFB1B0,
FFB930, FFB8F6, FFBD14, FFC424, FFD08F, FFE383, FFF662, 000401,
00075D, 000296, FFF82E, FFF023, FFEDFB, FFF0F2, FFFA2C, FFFE8D,
FFF5DA, FFE0FB, FFCDDD, FFC5FB, FFC83A, FFD25A, FFDE05, FFE33E,
FFE07E, FFDAD6, FFD373, FFCE45, FFD0B0, FFDB85, FFDDC8, FFD741,
FFD712, FFDF37, FFEE4A, FFFDC7, FFFF26, FFF595, FFEE4E, FFE6A0,
FFE596, FFE676, FFE3A4, FFDB19, FFD18F, FFCC38, FFCD66, FFD535,
FFDFF3, FFE950, FFE618, FFDE8C, FFDAFD, FFDEC1, FFE385, FFD869,
FFD07D, FFD30A, FFE365, FFFB34, FFFFD8, 000031, FFFFF5, FFFB5A,
FFF6EE, FFED33, FFDB2E, FFCFD3, FFCD27, FFCFDF, FFD59F, FFE353,
FFF3D2, FFFBCD, FFFDD4, FFF38B, FFEDC6, FFF377, 00030C, 001B44,
002FC2, 002CE2, 001162, FFED14, FFD5DB, FFDB53, FFEBF0, FFF2FE,
FFEC5B, FFE1A8, FFE3BB, FFED6C, FFFC76, FFFE3E, FFF408, FFDEFB,
FFBD84, FFACBF, FFB89A, FFE353, 001378, 003800, 0043C1, 00342D,
001542, 0001D6, 0000A0, 0002BA, FFFFF5, FFEE34, FFD8C6, FFC865,
FFBC17, FFC5D4, FFE123, 0003C0, 001854, 0018E3, 001575, 001590,
00127B, FFFF9C, FFEFF6, FFF386, FFFADA, FFFF75, 0003FE, 000A77,
001099, 000699, FFF51E, FFEA60, FFEFA3, 0009EA, 00226E, 002FE7,
003409, 0028A5, 001531, 00044A, FFF3A1, FFE522, FFDEBA, FFE759,
0001C8, 0023D6, 003E1D, 00474C, 004710, 004B8A, 00558C, 005B0D,
005077, 00387B, 001228, FFED57, FFD60E, FFD331, FFE93F, 000617,
001DEB, 00250B, 00201F, 001684, 001242, 0012C1, 001BC8, 002734,
002AE3, 0027CA, 0017BD, 00045F, FFFE01, 0001F7, 00069A, 000D09,
001993, 002459, 00292E, 001E8B, 000772, FFFAE2, FFF394, FFEDAD,
FFF428, 000044, 000E15, 00190A, 001B13, 001371, 000354, FFF2D0,
FFF9C8, 000B15, 001445, 001324, 000290, FFF587, FFEB6F, FFE1D4,
FFDFB0, FFEC46, 0002F9, 000F59, 000BF1, 00028D, FFF7B1, FFF75E,
FFFEB2, FFFA48, FFF115, FFEB86, FFE69A, FFE593, FFE7BC, FFED26,
FFFE99, 001E27, 003435, 00316A, 002468, 00153C, FFFD98, FFDD46,
FFC5F1, FFC200, FFD073, FFEC74, 0006C0, 00139B, 001810, 001528,
000D7F, 0009CC, 000A0E, 000776, FFF632, FFE0EF, FFDD02, FFF16C,
0010AE, 0025AE, 002966, 001C42, 000B34, FFFB4B, FFED72, FFEB00,
FFEAAF, FFF035, FFEE0B, FFE35F, FFE13D, FFF0AF, 000D71, 0026CC,
002EFE, 002104, 000401, FFEAE2, FFE5C3, FFEC1E, FFFAFE, 000F9A,
0023E1, 002E31, 002EBD, 002A0D, 001842, 000040, FFEF82, FFE8E1,
FFE38A, FFD53A, FFC7FE, FFC2C8, FFCCF9, FFE4AC, FFFE03, 001ADB,
002835, 001F1A, 001367, 000CF8, 0011D2, 0016D2, 001424, 000659,
FFF8DB, FFE56A, FFCC8D, FFC017, FFBF0C, FFCEBD, FFE400, FFEEA8,
FFF2FE, FFEE84, FFEB27, FFE9A9, FFE871, FFE9C0, FFE7C9, FFED6F,
FFFB37, 00037F, 000026, FFF0FC, FFE095, FFD636, FFD806, FFDD77,
FFDCED, FFD3DB, FFC6AF, FFC58D, FFD2C3, FFECB0, 000B1A, 001765,
00116A, 000298, FFF29C, FFE7C5, FFE258, FFE918, FFF5AC, FFFF56,
FFFCA1, FFED5D, FFDFC3, FFD449, FFD143, FFDAE1, FFEBF6, 0004E0,
00207C, 0031ED, 002945, 001221, FFFDE6, FFE97E, FFDAAF, FFD12D,
FFCC1D, FFD972, FFF436, 000852, 000D4F, 0009B2, FFFFDC, FFF451,
FFE7F7, FFE1BB, FFE031, FFDE1B, FFE421, FFEB3E, FFEE03, FFEB59,
FFEC5A, FFF6EC, 000446, 0014CC, 0028CA, 00297C, 000F84, FFF2CB,
FFE517, FFE9CF, FFF5DB, FFFD69, 0004E3, 0012B3, 001E96, 001A70,
000DB3, FFFBEA, FFE67F, FFD7CD, FFD2DF, FFD686, FFDE22, FFF117,
0009D2, 001810, 001BDE, 00115E, 000102, FFF769, FFF6BB, FFF9BC,
FFFB8B, FFFE37, FFFDFD, FFFFD8, 0001E5, 0004F2, 0010F9, 001B19,
001E40, 001846, 000812, 000208, 000945, 0013C1, 001D8A, 0024D6,
002E75, 0028FC, 000F49, FFF3AF, FFDF73, FFDBA0, FFEBFC, FFFF1D,
000E7E, 0022F3, 003308, 003A16, 004185, 004446, 00425F, 0040A2,
00395E, 002C5A, 001D92, 0009FE, FFFA9B, FFF55C, FFF68C, FFFE51,
000BEE, 00222B, 003032, 0037C2, 003D92, 00416D, 0046ED, 004BB4,
004AB6, 004152, 003522, 0025F0, 00128F, FFFD63, FFEE96, FFF04C,
FFF136, FFFAA9, 000955, 001B34, 0030BA, 003FF2, 004B18, 004989,
003C0A, 001CEE, FFFFA9, FFE73F, FFE18C, FFF3C2, 0010D6, 002723,
002790, 0017A5, 000B9D, 000602, FFFAB5, FFF19B, FFE6ED, FFEA32,
FFFC4B, 000D5F, 001FEA, 0029B8, 00222D, 001135, 000272, FFFDBA,
FFFABF, FFF620, FFF332, FFF65F, 00078B, 001542, 0017AF, 00145B,
0009CD, FFFDC9, FFEE9B, FFDE8E, FFD217, FFCDF1, FFD12E, FFCD66,
FFDA87, FFF3BA, 0010BE, 001C6F, 001058, 000094, FFEEE5, FFF01B,
FFFBC0, FFF8CC, FFEC05, FFDCEC, FFD5C0, FFDABD, FFE312, FFDD80,
FFCFCA, FFCB5C, FFCCCF, FFD2D1, FFDC39, FFE339, FFE5F6, FFE5E6,
FFE97A, FFF008, FFF16A, FFEE91, FFDF49, FFCB01, FFBC85, FFB5AE,
FFBDFB, FFC9B6, FFD0E6, FFD587, FFD6E8, FFCFA6, FFCC85, FFC8E7,
FFC476, FFC893, FFCDAA, FFD2CF, FFDD81, FFEA16, FFF31C, FFFAB1,
FFF9ED, FFF414, FFF160, FFEFEB, FFE934, FFDD4F, FFD879, FFDD36,
FFE90B, FFF3B7, FFF2D7, FFEE57, FFE0A1, FFD163, FFDA2B, FFF0D1,
0002A0, 000737, FFFBF2, FFEB92, FFDED0, FFE349, FFFAB5, 000CCD,
001214, 000752, FFE867, FFD654, FFCD87, FFD111, FFEB1C, 0008CB,
00266B, 0031ED, 0022B1, 0001BF, FFE6B7, FFE9A7, FFEF3C, FFF9E4,
00027B, 000B40, 0014D8, 000E14, 00043D, FFFCAA, FFF88E, FFF2B7,
FFE97B, FFE1C1, FFE10B, FFEF51, 000498, 0017F8, 0023C3, 0027EA,
002145, 001101, FFFEFA, FFE9E8, FFE2E7, FFE86A, FFECB0, FFF5C3,
FFFE70, 000276, 0005AD, FFF723, FFE7F7, FFEE44, 000279, 001BDE,
002707, 0029DB, 002C45, 003280, 003310, 002350, 000DFC, FFF732,
FFE5DC, FFDFF2, FFDDA4, FFDE2B, FFE11A, FFEA23, FFF8FD, 0004AE,
000C69, 000C70, 0010D7, 00186A, 00226B, 003524, 003FC9, 002F9F,
000473, FFDA35, FFBBC6, FFAAD4, FFA70D, FFB361, FFCA9B, FFE2A5,
FFFB03, 0007C1, 000F66, 0014EB, 000E89, 000EFB, 00145F, 001F25,
002FE5, 003B82, 0036E7, 00225C, 000B01, FFFEAE, FFF687, FFF356,
FFF5CF, FFEDC7, FFE656, FFE176, FFE0A1, FFE224, FFE5F2, FFF015,
000917, 00225D, 002B66, 0028B2, 002511, 0024C2, 0017B2, 000733,
FFF601, FFEC60, FFE8D9, FFEB9B, FFEEA1, FFEE82, FFF691, 000393,
00154F, 002BA7, 0039F8, 0037C1, 002F16, 00245B, 001D36, 00126D,
0008E7, 000625, 0009D7, 001A55, 00288A, 002393, 0011C6, 0002FC,
FFF749, FFF30B, FFF41A, FFFE70, 0012A1, 001E11, 00246F, 0022E1,
001795, 000DB7, 0006ED, 00071A, 000258, 000442, 0001C2, FFF4FF,
FFEDB2, FFF1ED, 0003A6, 001882, 0028D6, 0039A1, 0041F8, 003763,
0021DE, 000896, FFFE4D, FFFDF4, FFFEEF, 000073, 000005, 000385,
0004D5, 000563, 0006F1, 000708, 000E67, 001215, 00100D, 000D92,
00146D, 00176B, 001738, 0010AF, 00042A, FFFE92, FFF50E, FFF639,
FFFAF7, FFFAC6, FFFBCF, FFF435, FFED69, FFF18A, FFFA9B, FFFE7E,
FFFE68, 00038F, 000B76, 0017CB, 001F06, 001879, 0008E1, FFF697,
FFF226, FFFE30, 000257, FFFDB0, FFF50E, FFE7D2, FFE2B0, FFE0A8,
FFDDFA, FFE0AF, FFE16D, FFDE82, FFDDA2, FFE007, FFE8F9, FFF9D6,
000E8C, 0017D4, 0013F1, 000E42, 0006D0, FFFEA9, FFF2B9, FFE846,
FFE339, FFF298, 0003EB, 000FA2, 000E6D, FFFC1F, FFED69, FFD77F,
FFC558, FFBE21, FFBD29, FFC901, FFD3D8, FFDE5E, FFF325, 000195,
0011DF, 001A63, 0012FF, 000B2A, FFF963, FFE914, FFDA73, FFCED5,
FFCDA8, FFCFEA, FFDEDD, FFF8B8, 0001AA, 00021B, FFF9FD, FFEC5C,
FFEAD9, FFE5E5, FFE867, FFF058, FFF18E, FFEEE2, FFEBAC, FFE42B,
FFE07D, FFE56F, FFE9E4, FFE7F5, FFE252, FFDDB4, FFD63C, FFD76F,
FFE94D, FFFD44, 000909, 000729, FFFAC1, FFE8E6, FFDABF, FFDC95,
FFE145, FFE0FB, FFE0FD, FFE0B4, FFE737, FFF061, FFFA73, 0001C1,
FFFFA0, FFF6C4, FFF24A, FFEFC8, FFEA0A, FFE571, FFE0F8, FFE55B,
FFEF14, FFFC94, 000668, 0005E0, 0003F2, FFFEFB, FFF901, FFF477,
FFF092, FFF11D, FFF0FC, FFF2CA, FFF9AB, 000371, 000709, 0007FC,
000E73, 00147E, 0013A5, 000C80, 000A66, 000D54, 000F30, 000F1E,
0005F2, 000098, FFFC54, FFF93D, FFF88E, FFFBE8, 000853, 00177C,
00259E, 0030D1, 003772, 003A0B, 003348, 0023AB, 001E51, 001721,
001396, 000CAE, 0003A1, FFFBEC, FFF08E, FFF1D8, FFF2CB, FFF31C,
FFFA72, 000558, 0011B3, 002185, 0030C6, 003527, 0031CE, 0027FF,
001B86, 001679, 001770, 001A0D, 001724, 001298, 0008B1, FFF3B8,
FFE4E9, FFE3E4, FFF4A4, 001763, 003629, 004415, 00430A, 003B5D,
003409, 0026A8, 00126D, 000282, FFFD54, 00009B, 00027A, 0000C0,
FFFC9C, 00045E, 001919, 002864, 002CE4, 001E33, 000FD0, 001047,
0019A3, 0021AE, 001EDC, 0015D6, 001791, 0022F8, 002FFE, 003732,
00317C, 0022B2, 000EB7, 00094C, 000C6D, 000FAD, 0012E6, 0008CF,
000AA5, 001402, 001981, 0029BF, 0034C1, 003C06, 0033B1, 0023C1,
001E1A, 0018DD, 0016F9, 001FBF, 002795, 00248D, 00193D, 0009E3,
FFFF72, FFFDF6, FFF96C, FFF3B9, FFF1B4, FFFDCA, 001338, 001FBF,
00218B, 001808, 000B34, FFFBA5, FFE697, FFE12D, FFE8AB, FFF165,
000247, 0017BC, 002325, 001A7E, 00095E, FFFDE5, FFF6B4, FFEEF1,
FFEB66, FFF736, 0001F7, 000044, FFFEA5, FFF84C, FFF2EE, FFF2CF,
FFEDD2, FFE7C1, FFD57B, FFC24A, FFBDA1, FFC22D, FFD32E, FFDAD4,
FFDD6F, FFE02E, FFE6AA, FFF4DC, 000221, 0009EF, 000776, FFF8FF,
FFEBBC, FFE19E, FFDAF4, FFDDE9, FFDA10, FFD28A, FFCB66, FFC21E,
FFB0C2, FFA4A4, FFA5B4, FFB4CC, FFCAC7, FFDBB4, FFE964, FFE343,
FFD701, FFCF40, FFC9DE, FFCA51, FFD85A, FFEA0C, FFF428, FFEAD1,
FFD293, FFC182, FFB88A, FFBC06, FFCA9B, FFD80A, FFD60C, FFC751,
FFB448, FFA31E, FFA00E, FFB22E, FFCE9F, FFE765, FFF133, FFEDDA,
FFE956, FFE343, FFE6FA, FFEF2C, FFF2BD, FFE9D9, FFD861, FFCDCE,
FFCC95, FFD2D6, FFD9C1, FFDAD5, FFD621, FFD158, FFD054, FFD747,
FFE57C, FFF24C, FFF8F2, FFFBDD, FFFA2C, FFFC9C, 000295, 0001DA,
000000, FFFB79, FFF38C, FFDF95, FFC7EC, FFB7E6, FFB969, FFC93F,
FFDF5B, FFFAFA, 001092, 001A65, 0014B0, 0007B7, FFFCE3, FFED32,
FFDF74, FFDDEB, FFDE62, FFE5D1, FFECA6, FFEF06, FFF0AD, FFEDE2,
FFF13D, FFF5CA, FFFD38, 00013C, 000758, 000F95, 001555, 001790,
001669, 0013A4, 000D39, 000A3C, 001317, 001D01, 0013D3, FFFEB5,
FFECAA, FFE457, FFEE85, FFFD2C, 0006E6, 001AA7, 002E94, 00388C,
003BDB, 0033CC, 0027DD, 001992, 0009F9, 00003B, FFF931, FFF2EB,
FFF4C3, FFF535, FFF273, FFF3B9, 000105, 001E81, 003DBC, 005865,
0055FF, 004134, 0027DA, 000E2B, FFFE3A, FFFB8F, 00034E, 001116,
002132, 002700, 002221, 001A9C, 0015D5, 001230, 001388, 0018A1,
0023DA, 002D29, 002F01, 002559, 000D72, FFFF61, 000012, 000909,
001797, 002371, 0026CD, 002824, 002E50, 003A6B, 00450D, 004117,
00348C, 002EDD, 003244, 003444, 002913, 001A43, 000B39, 0001BB,
0005B4, 000E24, 001428, 001818, 001A86, 001D99, 002275, 002CC5,
003461, 0029D0, 001FF6, 001E6E, 002298, 002C10, 002F5A, 002A03,
00192E, 00004D, FFE66D, FFCDD7, FFC851, FFD3FD, FFDF4B, FFEFF2,
000012, 00111C, 002033, 002BD1, 0035AF, 002FA9, 0023A4, 00167D,
0005D9, FFFA13, FFF5CC, FFFA8B, 0007B7, 001AF4, 002D3C, 0030C8,
001B4B, FFF776, FFDAA1, FFD106, FFD8AB, FFE845, 000450, 001AAB,
0028AD, 002FB8, 002695, 001967, 000EC0, 000E8E, 001895, 0019A2,
001202, 00039F, FFF2C4, FFF0AF, FFFBB2, 0007A0, 001319, 001955,
001FB8, 002153, 001F36, 00221E, 001EE1, 0015F2, 00041A, FFFDB9,
FFFE73, FFFBC7, FFF45A, FFF645, 00031F, 000D5E, 001997, 001C98,
0016A7, 000D7B, FFFB77, FFE92E, FFDCAC, FFDD9F, FFEE05, FFFCD3,
00041C, FFFE08, FFEFD2, FFEABD, FFEB1B, FFEDF6, FFF289, FFF5D7,
FFF7A6, FFFB38, FFEFCA, FFE31A, FFD91B, FFD7AA, FFDFF6, FFE870,
FFF36A, FFEDD5, FFE941, FFE399, FFE664, FFF084, FFF8EB, 000420,
000173, FFF74B, FFED81, FFE518, FFE61F, FFE2B8, FFDE20, FFDB41,
FFD98B, FFD7E1, FFE15C, FFF58C, 000442, 0005B7, FFF7FE, FFE3ED,
FFCFA3, FFBCB7, FFAE1E, FFA85A, FFB901, FFD2BD, FFE763, FFF81E,
000300, 0003DA, FFF912, FFE97A, FFD78D, FFCB7C, FFCE10, FFD563,
FFDD13, FFE097, FFE285, FFE276, FFDE4F, FFD648, FFC8A4, FFC470,
FFCA71, FFD218, FFD5D7, FFCE4D, FFC99D, FFC57E, FFCD74, FFD412,
FFCFBF, FFC6C5, FFBF06, FFC3AC, FFCF9B, FFE4E9, FFFC53, 0009D4,
000F09, 000967, FFFB09, FFE706, FFD01D, FFC455, FFBE37, FFBD06,
FFC757, FFD311, FFDF2D, FFEB0F, FFF115, FFE8B1, FFD8ED, FFD273,
FFD6E4, FFE10E, FFE9AD, FFF0BE, FFF1F1, FFE5BE, FFD78E, FFD0E1,
FFD0DF, FFD4D5, FFDEBE, FFE569, FFE62B, FFE5CC, FFE6F7, FFEB45,
FFF4AD, 000125, 0011F8, 0022AE, 002521, 001C02, 00054E, FFECBD,
FFD5A0, FFC5E9, FFC51B, FFCCC7, FFD1F6, FFD3BD, FFDAB5, FFEAD8,
000000, 000C15, 0019DE, 002B35, 003615, 003406, 002721, 00178B,
0006BC, FFFC52, FFFFA7, 000B9D, 001A67, 0024B6, 002577, 0020AF,
00182F, 000E22, 0004AC, 0001F5, 000806, 000F3A, 0016FD, 00205F,
002AAD, 003B4F, 0051A1, 005E8F, 005933, 00429A, 00242F, 000BB6,
0003BA, 000AB7, 001C55, 002FD7, 003D08, 0049F6, 0055F8, 005FE8,
0061F1, 005D15, 0050DB, 003924, 002508, 001917, 001529, 001B4C,
001CA9, 0016E1, 001225, 0011E1, 0011EA, 0015A3, 00279B, 003FBF,
0051A2, 0057C5, 0050CB, 004413, 0038BF, 0031BF, 002A66, 00204A,
0016E3, 000FB2, 00115D, 001CE7, 002ECD, 0041DB, 004F6D, 004C02,
0038D7, 002C8B, 002A05, 002C95, 002DFE, 0024F6, 001D8D, 001CEB,
001E3A, 0026B8, 002F09, 002E2F, 002D36, 002F2B, 002EFF, 0027FB,
001914, 0011FD, 001243, 00136D, 001C4F, 00197D, 001460, 001494,
0016B1, 002368, 002705, 002552, 0017A2, 00073C, FFFFCB, FFFA53,
FFF910, FFFE0D, 000511, 000BF6, 000C5D, 0009E2, 0009ED, 000715,
0002B3, FFFBE5, FFFA73, FFFCC7, FFFF92, FFF6F3, FFE0D9, FFD1DE,
FFCA92, FFCD9E, FFDA34, FFE91E, FFFE8C, 0005F4, FFFC3D, FFEF74,
FFE3D3, FFE00C, FFE232, FFE322, FFE30B, FFE2B1, FFDD01, FFD912,
FFE248, FFF0A1, 000003, 00011F, FFF3A9, FFDC45, FFC910, FFC244,
FFC7B0, FFDB05, FFED7E, FFFBBB, 0004CE, 000C45, 000F8E, 0009A7,
00010B, FFF7ED, FFE66C, FFCDD3, FFB610, FFA5EF, FFA4DF, FFAF02,
FFBBF5, FFCC73, FFD9C6, FFDF0F, FFE81E, FFED93, FFED9B, FFE717,
FFE2F5, FFE76B, FFEC65, FFF37F, FFF0D4, FFEDEB, FFEE8E, FFE639,
FFD6F6, FFC3CA, FFB326, FFAB42, FFAFC2, FFC371, FFDAFE, FFEA97,
FFF128, FFEE54, FFDDC0, FFC5CE, FFB361, FFB20F, FFBF8B, FFD4B3,
FFE948, FFF738, FFFF7A, FFFF73, FFFA9C, FFF607, FFEEDF, FFE4F4,
FFD967, FFCE2F, FFCB50, FFCBA1, FFC60C, FFC3F4, FFC3B1, FFC7E5,
FFD7F6, FFEB6B, FFFF0A, 0006B8, 000665, FFFD15, FFF3D8, FFF3FE,
FFF886, FFFBA3, FFFA86, FFF82E, FFEF2F, FFDCFD, FFC9A1, FFBCEF,
FFBDB8, FFD31E, FFEBF4, 000677, 0019E0, 001C94, 001144, FFFA65,
FFEC7D, FFE215, FFDAF5, FFE220, FFE930, FFF850, 000860, 0009E2,
000978, FFFE38, FFF3E4, FFF291, FFF448, FFFEE8, 000204, 00067B,
000DBA, 0015A1, 0017C8, 00147E, 000DB4, 0006E4, FFFE17, FFF811,
FFF4C9, FFF13D, FFFB97, 000C18, 001FE7, 00277D, 002381, 001F61,
00212B, 002980, 002D7C, 0026E5, 001C78, 000FA5, 000144, FFFDEE,
0005AA, 0012E5, 0016D8, 000FA3, 0011FC, 0016B9, 0017AF, 001B4C,
001DF1, 002783, 003510, 003A0A, 0034E2, 00278A, 0018E6, 000855,
FFF6E8, FFEB55, FFEA35, FFF6F0, 000223, 0005E7, 000E34, 001753,
002424, 003141, 003224, 003399, 003124, 00268B, 001E16, 001880,
001B7D, 0017AA, 000E48, 000CCF, 00071D, 0006F7, 000346, 0000C5,
0004ED, 0002A1, FFFD2D, FFFA19, FFFCC1, 00039E, 00049D, 0001D9,
000201, 00065F, 000CA4, 000B05, 00094B, 000ACC, 0007B1, 000255,
FFFB49, FFF9BD, 000239, 000E60, 00150E, 0016AD, 001CD9, 0018A1,
0013A2, 000CBD, 00093E, 000960, 0005C1, 00047A, 00014A, FFFFD5,
FFFDE1, FFFDE5, 0003F3, 000BB6, 00133A, 00210A, 002740, 0025D8,
001CC6, 0012D2, 0011F3, 001271, 001765, 001A01, 001A3C, 00173B,
00163C, 000F32, 000C68, 000D30, 001422, 00253F, 002ED7, 00326B,
0031CE, 002EF3, 0027C3, 001BDA, 001026, 000341, FFFC3F, FFF976,
FFF9B9, FFFB35, FFFADC, FFF79E, FFF01D, FFEE19, FFFA07, 0018E9,
003134, 003857, 002AFD, 000BEE, FFFEA7, 000209, 000ADF, 00124E,
000784, FFFA2E, FFF116, FFEDDB, FFF1DB, FFF618, FFF3E5, FFF2B7,
FFF3C9, FFF8B4, FFFAB7, FFF8CB, FFF8E3, FFF95A, FFFE05, FFF704,
FFEBBE, FFEC55, FFF51D, FFFF07, FFFC9E, FFEDC9, FFD7A0, FFC4B1,
FFC16A, FFCB11, FFE435, FFFF07, 000DAC, 0014B1, 0011CE, 00075F,
FFF8EA, FFE913, FFDCAE, FFDCB7, FFE4E0, FFEC4D, FFF33B, FFF307,
FFEF02, FFE12C, FFD39E, FFCD0A, FFD706, FFF209, 000456, 000BE5,
0006E9, FFF5B6, FFE44C, FFD5EC, FFD9D4, FFECD4, 0006EC, 0016F9,
0010F8, FFFE75, FFE33E, FFCBF1, FFCB99, FFE082, FFFC4E, 001298,
001A3A, 000D0D, FFF769, FFE6EC, FFDC1E, FFD569, FFD0B2, FFCC20,
FFC76E, FFC333, FFC4EE, FFD45B, FFF02C, 000C43, 001D9E, 001D6D,
000A96, FFE7DF, FFD3E2, FFD550, FFE598, FFFA3F, 00005C, FFFD44,
FFF0FE, FFE971, FFE28B, FFDB86, FFDD8C, FFEA2B, FFF7D2, FFFBB1,
FFF9FF, FFF3A2, FFED0F, FFE82D, FFE0DF, FFE29E, FFE84E, FFEB28,
FFE7F6, FFE14E, FFD9CC, FFDBF8, FFE8B5, FFF809, 00040E, 000B24,
001245, 0014EF, 001588, 000FB0, 000E86, 0002D1, FFF0A5, FFE5EC,
FFDDD2, FFD5B7, FFCBC3, FFC959, FFD478, FFEAD6, FFFA3F, FFFC13,
FFF1F0, FFE308, FFD766, FFD871, FFE426, FFF482, 0003D5, 000F3B,
001772, 0014E3, 000D8C, 000600, 000104, FFFC74, FFFA08, FFFD31,
FFFCC9, FFF5EB, FFEEE5, FFE6D8, FFDCDF, FFDE85, FFF039, FFFD53,
FFFCAA, FFF37B, FFEE22, FFEFB8, FFF828, 0001AC, 000A4E, 00140D,
001725, 0016E2, 000F35, FFFD02, FFE9AF, FFD6E8, FFCF1A, FFD8C1,
FFED28, 0005A4, 001128, 0011F6, 000D5A, 000484, 00071A, 001110,
001C3C, 001D0A, 001DDA, 001827, 0011EC, 0004FE, FFF6F8, FFEC82,
FFDB03, FFD995, FFE17D, FFF791, 0013F7, 002687, 00322B, 002998,
001714, 0006F3, FFFDBA, FFFEB6, 000061, FFFF8E, FFFE2B, 0004D3,
00103A, 002234, 0029E5, 002A12, 00281A, 002042, 0013AA, 0005A7,
000266, 00085F, 000FA2, 00150B, 00198B, 0020D8, 0021C9, 0012B1,
0004A4, FFFABB, FFFB74, 0005C8, 000B1D, 000D3B, 000F8F, 001526,
001533, 000E81, 000567, 0009BF, 001362, 001C1D, 002047, 002450,
002679, 0020C3, 001BE0, 000E0B, 000509, 0006D0, 0008CF, 001302,
001DD4, 001E60, 001ADA, 0011DD, 000071, FFF399, FFECD4, FFEB65,
FFF2FE, FFF5C1, FFFA39, FFFD12, 0002B1, 0006C1, 0008D7, 001183,
001A0C, 00209D, 00219D, 001C46, 0016E7, 001258, 000D77, 000ADD,
000659, 000317, 000074, 00000C, FFF9F5, FFED98, FFEB9B, FFF50A,
000817, 0016BE, 001A0C, 001818, 001038, 00079E, 000885, 000BC1,
0011DD, 000F1A, 000568, 000500, 0001A8, 000001, FFFBC9, FFF3D9,
FFF152, FFF05D, FFF4CA, FFFECB, 000AB9, 00156E, 001B52, 001CDE,
00197C, 0011CD, 000783, 0002B8, FFFC5B, FFFD5B, 000D48, 001367,
0010AA, 000CCB, 000450, FFFF5F, FFFDB8, FFF89D, FFF122, FFF4B7,
FFFE60, 000675, 001262, 00146A, 001041, 000C99, 000065, FFF75A,
FFEF75, FFEB36, FFF2E5, FFF5EE, FFF65B, FFF216, FFF2B7, FFFCFD,
0007BD, 0010DC, 00165C, 00132B, 000BCA, 0003EB, FFF8E5, FFF8AF,
FFF9B8, FFF424, FFF007, FFE8B2, FFE5AC, FFEE14, FFFB90, 00088A,
001001, 000E36, 0006BD, 00005B, FFFAF8, FFFEE0, 000410, 001075,
0016F6, 001158, 0001BA, FFED2E, FFE4CE, FFE31C, FFE62F, FFE609,
FFE344, FFE134,
FFE0E4,
FFE6FB, FF89F7, 00D660, 00006B, FD848B, 023EA9, 045FDA, F9104E,
FA0371, 0C3CD7, 055110, F0A456, 019B8C, 1631F6, FE5268, ED141C,
024355, 0A6F7B, FE7DDB, 0076FE, 021F56, FBC324, 00F024, 01B4E7,
FA03F4, 061818, 0BC1C9, F2B41F, F44CEA, 130858, 044CF7, E838A3,
03E658, 15EFBC, F725E4, F7F359, 0FE0A6, F9409F, EBAF91, 0D9353,
0E8AF5, F030CA, FC2C76, 0EFD80, FB0F59, F375ED, 085FF5, 0A26F7,
F73687, F4CF8D, 06D1FD, 0B1C0A, F6C8DD, F68ED5, 145F33, 0F75E2,
E99B23, EF3E64, 0C8AF3, 00EB59, F47624, 09FA12, 0B7068, F5D316,
FC5C73, 09630A, FCFC74, FB0550, 066D16, F80AAE, ECFFA0, 0936B3,
152642, F3A9AB, E9B3EF, 0A0CAE, 10B82E, F739E1, F47E75, 04100D,
03E3CE, FFE905, 0261B1, FA666E, F47B01, 06765E, 131F35, FFCEE7,
EDA383, F80EF6, 0A90F8, 0FF734, 018FE5, ED9936, FBCBB5, 17F9F9,
FE9DFD, DC7873, 009FD9, 1E90F1, F7A56E, ED36EE, 0F2496, FEC850,
E8BF0A, 0EDC41, 152997, E7FE39, F1885E, 168C0B, 01A3D7, EC3F5D,
01AC5D, 04555D, F5851D, 00DBD2, 07F760, FCFCB3, 034089, 09BCD0,
FAC02B, FAF739, 0AACDF, 03BF64, F8D7AA, 022081, 0492B5, FDAA0D,
02E90A, 02F3E4, F805D6, FBEF1E, 059821, 0718EB, 0D8666, 03FBA7,
E4D568, F21343, 2006B0, 0A44F7, D85665, F823CC, 24EB02, 04D82C,
EC0317, 0534B2, 0370A2, F6948A, 0F3B1E, 0CA2B7, E5D9D4, F36838,
16301F, FAC756, E2D2E6, 0EF899, 26ECAA, F86506, DF931C, 060F35,
18BB45, F87797, F1C870, 14DF1A, 10B706, E6A778, EFD7C8, 144FA2,
0085C7, EE7D76, 13D419, 0E0E5E, DBE706, F833B2, 22DF64, EFB584,
DD24F9, 214098, 1C18B4, DEBB19, F484FF, 10A5FB, F23FB1, 01E011,
222A24, F90534, E81980, 133904, 076AF7, E924C4, 0ACA7D, 0E9960,
E37017, FB6B30, 24EE00, 04B308, F165DC, 0C0A57, 02A256, F6A872,
0F2A45, 00906C, E460F6, 0656A8, 17A049, F2C0C5, F121B0, 01BCB2,
F69C4E, 0C39C1, 22300D, EF2476, DA885B, 120390, 0BDDB1, D84C45,
024A7F, 362680, F7904B, C588C9, 0662C7, 2DA3A6, F06E28, D887D1,
120129, 1CE91A, ECB101, ECFFF3, 0D4C70, 041719, F6D7AF, 074CC7,
07F4D8, F1EFF3, EE1CD2, 045A96, 16459D, 03751C, EA5695, 06CDA2,
1E0BFA, E81853, D27AF9, 198735, 2531A4, DF5F37, E8A3CE, 212680,
06B59F, E4F258, 03F272, 0CAFB7, F9A33D, 08DCE6, 0A2D1C, F10088,
041483, 175AB3, F18B41, EE3111, 1FB297, 0F370B, D97522, F572AC,
209106, 038BA5, F24C40, 09B125, FB75B0, ED81C3, 146000, 1694C3,
E72761, F01186, 12DDFA, FF4D12, F6FFCE, 0F5D0B, F78A73, E18D63,
16F37C, 2B1F3E, EADC11, DB6370, 14253D, 1B3A0C, EE6138, E67AFA,
016919, 0FD16A, 0B4884, 00B56D, FFCFD4, 06A025, FD2E66, EEEB43,
FB60D7, 0B4FED, 0172DC, FBA0DC, 0671FD, 013355, F60175, 034D5E,
0A85FB, F6E543, F75B94, 1228C2, 0BD0AE, EC291D, F6E05C, 175B19,
048731, E0E4EC, FB60F1, 210BA1, FE2490, D86A13, 03A218, 284AB2,
FB7E39, E0EFDA, 0E3A0A, 199E2D, EAEA74, EA59EE, 13EDE3, 0C0FF6,
ED66CD, FC2C23, 0E6049, FCCF2A, F6D43F, 05552A, FC3B98, F090AA,
09D2D0, 17A802, F2A47C, E1DAF6, 0E2A0D, 1C30F0, E74270, DF5DD7,
1B0DC2, 19F6F8, E06DA2, F33564, 26D30D, 000CFD, D33A82, 06319F,
2AE2DA, FA5F23, E15795, 020602, 0D0A80, 031D88, 0490E9, FA82F3,
F57B01, 0BF4F1, 0819DB, EBE7BE, FC7FA9, 145BFB, FA234F, EFF357,
0D4BC8, 0760B3, F0FEAE, 077EF9, 14BE0C, F44660, EE9931, 0FB546,
0E2BA1, F2BBA9, FE0FAA, 11A26F, F7BC31, E87914, 0BA743, 14159A,
F4FFF5, FE8897, 104143, F1A1B0, F23F26, 1927EC, 0017B7, DD7E95,
070F97, 19502A, F3C6FA, FEE856, 1489B6, EE71A8, EB1EDC, 18895C,
07DFC0, E543F4, 05D3C0, 126D05, E6EDA0, ED5606, 1C40DB, 0FE615,
E854EE, F2A092, 143907, 147E5F, EFD304, DCCBC1, 06401C, 25035C,
F93242, E1F65E, 0FF4FA, 162A41, EEA85C, F710B2, 0BEC52, 00ED10,
0445DD, 03473B, EC6E99, FC0EC6, 10E11D, F57A63, F6D12D, 1918CE,
04CFA2, ED243D, 088E45, 05BD45, EC1C62, 05CE0B, 117826, EA83E2,
EF0CBE, 144AC0, 02D741, EC4732, 0AC003, 1743E2, F665F8, F049F5,
0BB598, 0D2DBC, F65310, F297F0, 030444, 07C32A, FA2BD2, F8825E,
076B3B, FF8906, ED8723, 0A1878, 27D35F, FC5051, DBC49E, 0C937F,
15E031, D95816, EE1D2F, 30A40D, 003830, C9D39A, 15E0DA, 3A9F54,
E45AE4, D655FC, 1EF389, 0F159A, DD255A, 018496, 1A647C, F5463F,
F56F2D, 0BEB5C, FBE55B, FFFD07, 175B08, FC86FE, E9FD99, 0B4605,
0941D5, EE4E5B, 092862, 16F7B9, ECAB4E, E94873, 0B568F, 023041,
F19D70, 04C58F, 141DE8, 0FB5A8, FD2560, EAAEB0, FDC38F, 107B16,
EF400F, E63E03, 13AC1E, 1359BB, EF794D, 002CF4, 15F107, FA9BA4,
E8F1EB, F932D4, 05A0C1, 051D3C, FFF089, FF0884, 04E2E1, 0241CF,
FD57A3, 0214F2, FFB9F2, FCDF8A, 07DE0E, 049F4B, F59D56, FD9345,
085ABF, 04232A, 05F67E, FDAE73, EA82FC, FC2182, 1590DF, FFC27C,
EF30D4, 06DB11, 0ADE2F, F5FEAE, F773B6, 0166F2, 025A1B, 09CA34,
071169, F3F0D9, F7169F, 09DA8B, 02ADD8, F6D8C7, 048D25, 08D09D,
F6454F, F8E0EE, 0BC573, 01B745, F27C58, 008801, 0634E9, FBF616,
0A806F, 11E399, F3D9AD, EDFF9F, 045317, FD826C, FD10BB, 130769,
FA851C, E400B9, 16D4E1, 21B0A3, DD56BB, E16CCA, 23297B, 0F68FC,
DD8195, F95CA9, 174B9B, FD3392, EFE84D, 038AC6, 0755D6, F63A30,
F36587, 096298, 14CDC2, FB5627, E80B6F, 019C77, 16C550, FE45D1,
E8DC53, FDE494, 1567C6, 099B40, F3C90B, F7643B, 07C356, 06744E,
FDFE27, 035A6C, FFA86F, EBAFC9, F3FC99, 104281, 072F46, F89B00,
13C24A, 113F2E, DB7B72, E53B4F, 27C71D, 1AF0A3, DFF167, F37EDD,
1DF335, 02901D, E4254D, FD5CB3, 1324A9, 057605, FABFB8, 02C4C1,
0891E6, FEE296, F4AB0B, 00BB99, 10ECC7, 014E32, EA6899, F80C01,
0EB0C2, 062AC7, F5DBA1, F80064, 037D7A, 0E0535, 07FEFF, F055ED,
F2ACB3, 127A85, 0DDA05, E81516, EB3995, 0C0063, 0CE088, FF77AB,
03EA33, 0102A0, F44A05, FCDDFB, 0AD9FD, 006120, F5114A, FC988E,
FE2FD4, FA9058, 0B1CA5, 159D8A, 0039E0, F60872, 060515, 0205E6,
F341AB, FF8EBA, 08F6FB, FF49BB, 020B44, FF9D10, ED46E7, FECE11,
1B00AF, FBF995, E1C499, 09FFA3, 1777FD, EC9EB8, F1E924, 1B18E2,
07C05F, E6044C, FCC147, 131D3E, 051D89, F8793C, F0E1ED, F2DC89,
0F2BAE, 168A91, F861FE, F6B30A, 084AEE, F6E85E, F3319F, 156E7A,
0FB478, E9BCA4, F4E62E, 15CDCB, 0CFB7B, F33B2F, EE2EB2, F97E13,
07777A, 089C17, FC6566, F9BE95, 062730, 0A1132, FA1F84, F0D9FA,
0368EC, 0CE275, F2508C, EAE2BF, 0DE010, 14CF7D, F7B40E, FB4C05,
0E61F4, FD29A4, EEF17F, 01E2F9, 08CD79, FA3C82, FCC0B5, 0B48FA,
0585F3, F31A03, F4A145, 092754, 0BD2BB, F93AAC, FAF6D7, 0E9F43,
063BA8, F1DF55, FD8D66, 07ADDE, F2CEB0, F2FB7C, 0E9CDD, 05CABD,
EAC75A, FC5F6B, 16AD65, 060E61, EE8AA7, F5A176, 088307, 0859D4,
F1D765, ED0362, 0BE5EE, 16F78A, FDA29D, F7C541, 01C809, FB8707,
FF08F9, 04AB6A, F3C146, FD186D, 1A7511, 045E36, EB5C71, 0A8EE8,
106915, EB249F, F5F44D, 18611F, 0B70C8, F97B16, FD3267, F81F9E,
FF945C, 10E156, F854AC, E1E420, 06D31D, 1A8749, F554B0, F0D0EA,
161753, 115E0E, EFE70B, EFA223, 0266C4, 07FC7A, FEF04F, F5CF7C,
03CE10, 130F3A, FDA6CD, F1466A, 0CC9DF, 0A5587, E83F10, F50D03,
11A20B, 02B8F0, FA11D3, 0876B6, FC3B22, F23873, 0D25DE, 11644E,
F1A781, F45631, 119FE5, 05E7DE, ECF38E, 024BCE, 1433D7, F2C652,
E6D7AB, 0BE482, 0B2A99, EC1398, 01B586, 1BCB3A, FE9500, F1B8AE,
06CD13, FC0985, EE10E0, 0536BC, 0F0CCA, 03A1F5, 063391, 03CBEC,
FB0E52, 0453F3, 05CA33, F920BB, FDB841, 011B82, F69090, FFF321,
0CEC39, FEF8D7, FB89B1, 0C84F9, 032743, EBA78F, F5F67E, 0EC1B4,
0B6D07, F854FD, F9AD71, 0C05A1, 09A162, EDA8D6, E63710, 054D85,
18815C, 0039A5, EE21B3, 07CC49, 178212, FA332A, EE7C92, 073F6C,
001667, E8FAB2, 038A44, 17B61F, F8719B, F799DE, 1956B0, 07853A,
E73837, FAA50C, 0A075C, F9B6A8, FA47B9, 054A8F, 02FF37, 05DA91,
07A801, FB3E90, F64DCD, FD9DA6, 040E26, 068363, FEEFFD, FA930C,
092C68, 09BC97, F29570, F30C3E, 023BEA, F8EC14, FBC808, 160CE3,
092586, EACEA5, FFFE6D, 13C57D, F246D5, E97779, 0DF03C, 06D12F,
E4C643, FAE6F1, 1819F0, 0132A3, F9CD36, 136C92, 02A811, E1BD9B,
F98B76, 135636, F935B0, EDBA39, 0A4E2C, 0EEAC0, FBA3AB, FE6E39,
03A548, F84C93, FCDCBE, 0ADF95, FF34DB, F38359, 04A29E, 0FB272,
00A39B, F27D37, F290F0, FE033C, 0C0CF8, 07A0FA, FC63FC, 0414DA,
035FF7, F2B057, FF847B, 11C53E, F94D72, EE52C1, 0B2CF5, 07BC6F,
EFC9B4, 019632, 0FC9FD, FC5397, FF7682, 0D4839, F940BF, EF0EA1,
03F52D, 070049, FB56A5, 016780, 07435F, 011EFF, FDC59F, FB470D,
FAAE15, 01BD45, 032F2D, 012C58, 04B9D7, F9ADB8, ED214A, 04A67B,
140A0C, F594B5, EF7455, 0D688A, 034C33, F15B93, 0DFA07, 11115A,
EEBC20, F915CB, 0C7140, F45772, F5D510, 12117F, FFDB77, EB5731,
06E6AE, 135068, FCAD43, F4E8D3, FBE617, FEEF58, 03EEF6, 05C537,
035624, 03FD46, 0023C2, FCEE03, 039AE0, 018EAA, F8F733, 02FAC4,
0B1349, FBC3DD, F93B2F, 0BBE66, 068576, F21089, FB22BA, 0C281C,
01E461, F8572C, 03F9C8, 08F1A2, FED541, FCEF25, 068D17, 067F02,
F4FC9B, ED5292, 04081F, 155340, 022481, EFF186, FA692C, 04BDF1,
04A5D4, 040925, F96C58, F38B94, 089B1C, 12D83F, FA510E, F2D365,
0B4730, 09015E, EA6FD7, F1A978, 168331, 0E6EB1, E9079F, F58FE2,
18ED4E, 088E74, EE2239, FF5EF0, 0701E1, F396B8, FBB36D, 0AEEE3,
FB3EBA, FB9219, 1391A1, 0973D5, EF691E, F64C01, 02C8B3, FD64F5,
FEDAD2, 0771DC, 04E65F, FC4D61, F91A3C, FFE638, 0863ED, 01073F,
F5B284, FF48EF, 09656F, FE0B4A, FB24F4, 0A8F69, 064766, F2C12F,
F9A473, 0B70A9, 031255, F7FEC4, 01FAA7, 05A008, FDE034, 03BF0F,
068D22, F5FF61, F6978C, 0BA0BE, 0768D6, F62E25, 0031E7, 0952EB,
FA2582, FA7CA5, 0C5B86, 0412A3, F12C78, F93EB3, 04D2D4, FEFFDC,
005B8B, 093627, 0189AD, F65769, FD0A59, 070E68, 03F0A9, FAFE36,
F8A31B, 00518D, 06CA64, 0197F3, FD7B69, 033B4F, 02F606, FBC544,
FD7A93, 00D16D, FF486E, 044848, 075782, FDD178, F976D8, FD9696,
FC485C, FFD01A, 082715, FF930E, F4BCE3, FE97A2, 05D2CD, FD42B2,
FCCB09, 039141, FFCB84, FDCBC7, 065E5D, 065AC5, FB3A82, F9A936,
026FC3, 033425, FC1EE7, FD1DD8, 04B8DD, 0409C6, FC1A94, F9B375,
FF699C, 065356, 065CD7, FD95AF, F7874D, FD9DA6, 04C70D, 010345,
FB7909, FFB3A8, 07E1FA, 0810F2, FD6E75, F3FF4D, FAB214, 0710EC,
031B0D, FC4399, 0599AD, 03FC9F, EFA13F, F6FF9E, 11F927, 06D2B3,
EF84C3, 003018, 0F10A4, F9F042, F03C72, 018AC9, 0974A0, 0248A2,
FAA664, F91E31, 00FEB5, 05AACD, 01F99F, 042E5C, 017F13, F47F7A,
FD184D, 0D34AC, FC4A43, F2C37B, 0D8F93, 0CECF2, F00B44, FDEE26,
12BC41, F4ABD3, E94D96, 0E53D6, 0C4E92, E8DB3B, F8B528, 183067,
04EF82, EE3085, FBEEFA, 0934A0, 046E2D, FA5F17, F5AD02, 02A608,
0D9845, FDED53, F76FD6, 0940CD, 03C442, F1B3D6, 0012E0, 086998,
F47E3C, FD1C53, 146D07, FF1D92, ECA11E, 08477F, 0DF5FD, F03839,
F6FE9F, 107689, 03C7CA, F95FD2, 0A6C47, 034D29, EE1470, FC2D82,
0C2E6A, FF99ED, FDCE20, 04EFEC, F78E40, F8A66A, 0F3CC4, 04A068,
EF77C5, 062FBE, 156370, F6C9F0, EE9171, 0B00E1, 09F3A9, F4D03C,
FBA786, 05CBFF, FD72B1, FFD8B1, 0A313B, 003DA6, F2BD88, FC737F,
0ACD37, 046226, F89CE7, FEAF65, 063605, FB70AD, F948E6, 0DD3C4,
0C7AE3, F0DEDA, F81AA1, 151520, 020E1D, E4F296, 01B11E, 1C3603,
FE4931, ED328D, 077ABF, 0EF488, FC3F26, F91B53, 01884A, 04A0FE,
036D98, FD6965, FB9379, 015956, 01ACFC, 02FAB3, 05AAF6, F5E01A,
EF90EF, 0CFDD4, 138919, F3700F, F96BD7, 173DB9, FE82D9, E177B0,
015072, 139C9A, F46439, F4E37B, 12F9E6, 051D7B, EE0A9B, 054A04,
166FCF, FDCED1, EBE0B1, F4B0CD, 01EDBA, 0B5EA0, 063220, F49762,
FA7BDC, 101997, 04CF79, EE77BD, FE8F70, 10F800, FBB3DC, ED3CF0,
057E61, 11A3D7, F9E4BD, EE8622, 025BD7, 0D031F, FFB839, F81366,
FE52CC, 001DED, 00A579, 091AE1, 063E51, F50C18, F7378E, 0859A1,
FF9B86, F0A3B7, 04DA0E, 1347DA, F820BA, EFE3C8, 0FF4CB, 0EE011,
EBA04B, F1FDC3, 0FB8BF, 051C52, F1DAA0, FDE300, 07C073, 061469,
0C1600, 011305, EAAACA, FD891F, 178092, F97C19, E32235, 0A7008,
19AB2B, F3BAA8, F1EFAA, 0D8DAD, FDF76D, EEA1D8, 0BECB1, 13EFF2,
F73F5F, F50F08, 053B63, FFB006, FA122A, 0138AE, 018AF8, 00F358,
03C01A, FCF14C, F92253, 02A2B3, 05C467, 01233D, 01DBF4, FFA59C,
FC6EA0, 01A6A5, FBC9DA, EF6403, 01E64D, 19B27F, 05F20B, EE27AD,
FCA60D, 067A0A, F8EE4B, FB453C, 085EDF, 03727A, FBDC9C, FD5709,
FD6106, 015428, 0679D3, FE8BAA, F942FC, 03A756, 05ACEE, F96617,
FAF5EE, 09226B, 048C35, F38E40, FA6CB6, 0EAD9F, 07124D, F47F02,
018B68, 11E720, FED8A7, F1635F, 05A273, 090C2F, F1AB36, F78F48,
1069DF, 058A24, F3DFAA, 06CB15, 0E5DC6, EF5524, EA1A73, 0BEE8C,
0F2F72, F5832E, FCAEF4, 0EA953, F912C4, E85DD3, 06D60E, 172205,
F71F78, ECF6F5, 0DCCE8, 11412D, F2736C, F30F44, 09A08F, 06CCDD,
FC45CD, FF6294, FF56DF, FE9D82, 048238, 038EFB, 012F91, 03BDB8,
FBBA0E, F5A95B, 01DB60, 04262C, FA822C, 03CBD0, 084F48, F4F442,
FB48B9, 179364, 07CECB, E7FA73, F925B1, 0EF5B0, FE4A75, F9ECAB,
0B4C9B, 026F4F, F266CD, FF7C98, 0B9CDF, 036ABF, FC5C53, FB8D87,
FFE0D5, 079F11, 00BF33, F6C9CE, 040DBC, 0C3B37, F9FD13, F5CD13,
06D63C, 04E907, F91A3F, 01E571, 0A9DA2, FD383B, EFEB2F, F7F0EC,
07565C, 05F1A0, F9BDDF, FE10FC, 0C7661, 056577, F4FCC0, FD743F,
0C835A, 0170AD, F3FB0D, FF5ABA, 065327, F744FC, F7DFD8, 0E2A67,
0AC13F, F35ADC, FB8A2E, 0F7A54, FE6DE3, EBA5A4, 006E6C, 0EE63F,
F9DF16, F3816C, 0B1639, 0E1EE3, F74D91, F63046, 0BDDCD, 0D75A2,
F901DB, F46464, 04FADD, 0B37A9, FE8225, F62E33, FD51BE, 0621D7,
03E7C0, FB9862, FC04B9, 07286A, 0A1A85, FC45EA, F36692, FEC0FA,
09FEC0, 0083BA, F36ECD, FBEB0B, 0A782A, 02C090, F601BA, 000B05,
0A9769, FEC277, F7804B, 01D7A9, 02DF71, FA3D47, FDFF71, 04EA77,
011B0F, FDF4D5, FFEFEB, 00277A, 015B4C, 02D33E, FE5FF4, FB5F99,
00D74D, 0435C7, FE745A, F9FB90, FEC82D, 051A90, 03FA3A, FFFDAA,
005D50, 00F1C4, FE346E, FE7749, 01CAB5, FFB4E0, FB65E5, FF2B2E,
04EFE0, 0019F2, F92B37, FF7D7B, 089E40, 03E364, FBFFD7, FCC852,
FC2D21, FBA2FA, 065011, 09C8BF, F91242, F49556, 07C12E, 0AD24D,
F7F09B, F6A247, 069AE9, 073149, FD0B91, FCE20A, FF0360, FBA6DB,
FD1E66, 018D8E, FE51E6, FB8B5C, 018766, 04841C, 00BD20, 025DA0,
046899, FCE3DE, FC9590, 08A68C, 04757F, F3584A, FC2CFC, 111999,
04C976, EEF56F, FD7A6D, 11CF4B, 034AB2, EFB36C, F6869C, 04AB08,
07D73B, 0242F1, F93FFE, FB2268, 07AAFB, 0428C1, F534E1, FB6896,
098636, 02C3E6, FBEF8A, 01EB35, FD6851, F98002, 07FDF0, 054251,
EEB443, FAFC3E, 1665CC, 02584B, EA25A6, 05D99B, 16CAC9, F6D579,
EEB56F, 0E1A66, 0CCE61, EF206A, F4F636, 0ECACE, 0AC3A6, FAB64B,
FF1805, 05BDE7, FC9025, F7A775, 0234F5, 078B80, FDBC56, F67B61,
FC13C1, 03CEE4, 048AE7, FF8AE9, FBA284, 00E1FA, 084AC9, FF3CC7,
F1400E, FBD16F, 0DE92A, 06898D, FB1DDB, 027718, 026DC6, F67837,
FA6F38, 0562DD, 051B36, 0585A7, 059607, FD7D08, FC2D1A, 004CA0,
FD4762, FE7F7B, 02CAF9, FE464F, 0000AD, 0637C2, FC8F84, FA2B86,
09A1E1, 033055, F2CB27, 02FF0A, 0D31C6, F42B42, F39289, 10D50A,
09058B, EF59BA, FE3274, 0F618F, FB65AD, F096AA, 01E6C5, 074275,
FF06F0, 009960, 02175D, FD1CAA, FE673E, 01C834, FF7CC4, FF2E62,
02B3DC, 043C74, 015010, FB33D2, FC9587, 074CAE, 05C04D, F8B2E9,
FDF5EE, 0BE60F, 027665, F5C777, FFA687, 056B36, FCE202, 00FE95,
07A332, FC08CA, F88054, 043E3D, FF779A, F7525E, 06A4EC, 0B9669,
F64B6D, F5409A, 09EF86, 04FCDC, F4A639, 006FE1, 0B5EA3, F91784,
F2A7B2, 08A699, 0A323D, F458D4, FA0E83, 0D705C, 024FDA, F7B692,
072B9E, 04B729, F23716, FEA132, 0CCCF2, F8C7D8, F333C4, 0C0D49,
0C2DDD, F5D36A, F86F71, 06A60B, 0111BB, F8674D, FF10DD, 06FB70,
02624F, FB45D9, FF6063, 0557D8, FE6407, F80909, 009ED3, 0622BD,
FE2196, FB6191, 019E9A, 032B5A, 02A941, 01DB0C, F9D3B2, F89BAF,
06F49C, 0952CA, F99E31, F8FC0A, 077792, 070BB9, FCAB71, FC3393,
006D01, 019A39, FEF59A, F9D255, FE8B38, 0A8F9A, 057526, F69D10,
FC4910, 09766D, 01CF54, F79914, 01D76D, 0A314D, FC5946, F26489,
03575D, 111F9C, 00364F, F151DB, 004074, 0B2410, FD0058, F73402,
03A4F8, 057832, FE24CA, 00BD43, 00E5C6, F72413, FA0A74, 0978A0,
080FB5, F940FB, FB78F6, 0848F5, 036365, F73B7A, FCEB37, 067F0C,
00D794, FC670A, 037A81, 02DD36, F96A81, FC70EB, 06D9D8, 04C2FB,
FD6BBE, FE0DC9, 001585, FFF542, 0152A3, FFB106, FCA61F, FF607F,
00F40D, FE82E0, 02C4F3, 066B5F, FCB744, F6B3BC, 00C8AC, 073DB5,
00A7C4, FBB537, FD9226, 00535A, 01E041, 01E08A, 01A719, 01F727,
FFBCDE, FC976B, FD029F, FE7D53, FFB707, 02BE88, 02E7DE, FEFB34,
FEE25E, 02B348, 01EF70, FD481E, FCE530, 00EB6D, 01B4C3, FE9E93,
0043C5, 04E2CD, 01A49C, FBFFF0, FF9755, 034102, FDFFD3, FB2A52,
FF9132, 022C73, 027789, 02AF1B, FEA67C, FA99CE, FD5015, 008E9B,
015BA9, 03FF17, 029946, FB07D9, FC1261, 05A5BF, 02E1FC, F62FD3,
F7BB92, 0655D4, 0975C3, FC9F1B, F6C56D, 03968B, 0BC0D7, FDA2EA,
F41662, 01826D, 06EC2C, FABBC8, FE3249, 09F6D4, FF046D, F6F39C,
07CCCC, 0A09BD, F4607C, F37377, 064116, 0613C8, FB30EF, 0013DF,
069C1C, FE3056, F7E8A3, 008CAD, 07F068, 02CABB, FD570D, FF0F57,
00153C, FF25B3, 015A36, 02BC49, FF5918, FCEEA9, 0095C3, 0598EF,
017F5F, F7FAE5, FB9D3B, 07C5FA, 04BCFA, FB7A61, 00B02F, 038E39,
F9FA77, FB6A24, 052844, 015146, FD1836, 03F40F, 02AB57, F96D9A,
FAB615, 0218F7, 055A80, 03D915, FBFF1F, F88706, 033E38, 071C6E,
FAA110, FA5744, 072846, 00EA5F, F3C89C, 0069D6, 0EA12E, 0042A2,
F47A39, 02C64B, 09B784, FB78F0, F856B8, 04B07B, 041948, F99101,
FCA495, 078CDC, 06D7A1, FD5624, FADA8B, 014DB9, 033882, FD27EE,
FD8CD9, 053170, 02473C, F93415, FD66B1, 058C5D, 01B0B8, FD65BC,
0017DA, FFB8CF, FF547B, 0436BE, 033C2F, FC886C, FD30EB, 01C528,
01101D, FE6867, FD1B5E, FE3EF5, 032457, 03DCCD, FE2036, FEBBC9,
0327E6, FD0131, F8BFCD, 051E62, 0A706C, FBC63E, FA6E94, 0C3093,
079E0B, F351E4, FCA7E1, 0D5B9F, FCBA2D, F0DE21, 04C04E, 09EDB0,
FA0799, FE29A8, 07C192, FD7CB2, F835EA, 001129, 03CD4E, 05437D,
014E79, F83FD2, FF94E7, 0A16B0, FDF428, F68ED3, 01E254, 020D38,
FE70F4, 07DAE0, 03D4C6, F61168, FE670B, 087558, FE9F48, FAC2DD,
01B473, 000696, FDECDC, 018D17, FEF5C2, FCEA5E, 031E81, 031E27,
FBA940, FBCC17, 00F021, 021333, 01A191, FF9451, FC67F9, 000056,
067459, 039414, FC1AC3, FB931F, 00887A, 033968, FF5BCE, FBBF21,
027E60, 07B457, FDDBA7, F83C95, 01A1C2, 038751, FD602D, 014D85,
0339B5, FCDC91, 014F92, 06DDAC, FC82FB, F98AAF, 068D81, 05F06C,
F8EC96, FAAC6F, 0449B3, 03648C, FF6764, FFF9F0, FE5374, FC0864,
00286B, 02C32C, FC99F1, FA6D3B, 02A922, 05D6B8, FFEE9E, FCCB2B,
FC6C4C, FE757B, 05FA13, 0435BB, F769C9, F9BCB6, 06600E, 03D86F,
FDD7D5, FEA054, F90AA8, F9A367, 06AF8C, 038899, F93CEA, 03EA42,
080D93, F7C5A2, F9A218, 0861A7, 018737, FA5950, 04A6F2, 033E57,
F81031, FF33B1, 0884D6, FF2ED1, F96F7C, 02E6FC, 045D95, FA5B60,
FBB6B2, 06BE9B, 051498, FBAD5C, FE5423, 0385B0, FCE262, FABF7D,
053F9E, 0655F3, FD841F, 00AD5C, 048ACE, F9DA5B, F958CF, 06B720,
011856, F5FE09, 058DA1, 0E16E6, F7E210, F2C79A, 084884, 06B2D7,
F5524C, FC61C0, 0759CC, FF03E5, FCC813, 048B2A, FFC7F6, FA27CA,
030EDE, 05D53B, FBA1C8, FC13D8, 060985, 03C129, FC2FEE, FEC285,
017D43, FEB219, 005446, 01C7E6, FD16CB, FE21F3, 03F702, 02805C,
0063A1, 005A0F, FAE161, FCD1B6, 082D76, 035142, F7AB90, 016E89,
09DF43, FD68DF, FA7E58, 0566A7, 02ECCD, FD0565, 02270C, 002322,
F878F2, FE2F64, 04F025, FF7251, FCD1C3, 0242BF, 024BAA, FDFF5B,
FFE2E8, 02CEED, FE3242, FB2900, 01F3F4, 0571D4, FDCA43, FB151B,
028B71, 03903E, FE130D, FFC2EE, 02FCAB, FEC506, FC6AF9, 01146E,
033FBE, 002858, FE79A8, FE8E6F, FD8F9B, FEF8CF, 02DAF3, 00E94D,
FB8366, FFC23A, 077DF3, 018644, F8BCD7, FF6499, 06534D, FEED4E,
FB9654, 0468DF, 05C0FE, FD6D25, FD3971, 03B374, 027203, FC87A0,
FDA223, 02F4AD, 0284C3, FEB86D, FFFE9D, 033245, 02208D, FFA477,
FDFDE3, FCB460, FF490B, 03999E, 021C15, FD5752, FCBF53, 007A48,
034C1E, FFA8A5, FA7BAD, FF5723, 057885, FF3DA1, FBA647, 02CC5E,
00D849, F9014C, FF22A4, 05E3DB, 00ED5E, FF90A2, 002055, FADF34,
FF06BB, 075392, FE4A3C, F704B0, 04BC33, 09E484, F96457, F556B6,
062067, 0B0BA0, FD28EA, F74C9D, FFA6EC, 02C247, FDEF74, FEB09E,
0250AE, 00923E, FFBAB6, 01D4B6, 006ECC, FF5246, 019778, 0005E6,
FCBEA8, FF1EB8, 02221E, 00F450, FF46F0, FEA9FF, FF079A, 0100E8,
02F5A9, 030E96, FF251E, FA0A2C, FDD8B5, 056C15, FFFE41, F8A8A3,
017AF7, 07D9C2, FE5A88, FA88C4, 011468, 013AF0, FF7297, 01C0AE,
FE1130, FB2476, 034B76, 0590BA, FB2D96, F8FFE3, 01F7E2, 041948,
FF47FB, FEA7EC, 005866, 004DF1, 00EC63, 007BE3, FD55BD, FDB1D8,
01FD68, 015DCA, FE5E71, 017347, 0356E3, FE3365, FC98D2, 013217,
02D27D, 01802D, FFADB6, FC4BAC, FDB71E, 02C611, 00BAC4, FECAF1,
044E1E, 0220F8, F92B4E, FD22F0, 05B504, 0224B0, FD57E9, FFCDB7,
0137CF, FFB031, FD9633, FE5F20, 0540DC, 0521B2, F95939, FA9E24,
08C283, 03DC29, F5BD16, FDAC60, 088E1D, FFCB44, FB810A, 040E30,
013B9A, F9BF96, 019732, 067EDA, FC1F61, FA9AEA, 04CA74, 024349,
F9C385, FF8272, 04F440, FD74A2, FBF4A9, 034937, 004CF9, FA790D,
01E889, 069FA2, FCE00A, F96E28, 03D8EB, 0724F2, FEC45C, FC79A4,
019C34, 00497D, FC270B, 00E08A, 044A7C, FC843C, FB5CC4, 070E44,
06ED5A, FA440B, FBA38E, 052A09, 01E1C1, FC6125, FF21F9, 004CA0,
FFE342, 0194C5, FFD2EC, FF33D3, 027BC2, FF2239, FCE060, 0677A7,
07462C, F8FE54, F8D2CF, 0633A4, 0403C4, FA97A7, FFA88F, 0499A7,
FD71A8, FBD5A1, 03AEC0, 0459FA, FD6905, FB8212, 00F567, 051CE2,
FFE2F7, F87EB3, FDDFCD, 075112, 01C6DC, F9A7A6, 007E97, 05BAF4,
FD789B, FAC1AF, 031CAD, 0455BC, FD8BFB, FDFC74, 0358F1, 000868,
F9ABA3, FF2FA8, 079549, 01E866, FA2D7A, FF31DC, 022E26, FC92E5,
FF152D, 0552E9, FED23D, F98A7B, 038CF1, 087C5D, FD01AA, F6E628,
008BC2, 075C9E, 00F4B1, FB6FFD, 00365B, 03797A, FE652B, FD9B98,
041A10, 024B63, F99C99, FC6D29, 05733A, 02500F, FB9787, FFB16E,
03DB56, 0013C2, FE6566, FFE752, FE65C4, FEC789, 0264C7, 016397,
FE34EA, FFE0A0, 02540A, 006808, FD72A3, FEEC4C, 03D16A, 037A4A,
FCE222, FCCDBD, 03436A, 002C6E, F84C68, FE0591, 072B8B, 02131E,
FC0267, 0184AD, 0470E1, FEFD96, FD98AE, 007D83, FFE32D, FF0C84,
006434, 001EAA, FF23FC, FECA86, FEE47D, 01C5F7, 034CBC, FE7B9C,
FC3759, 014DF5, 025876, FDFCA6, FF4699, 0309B0, 00A2A9, FD761C,
FF224E, 0157DE, 00CE25, FFFD8A, 0191D3, 02E44B, FFB15B, FC4C5F,
FECBE9, 012A29, FE23D0, FD8E05, 0151D1, 0108AD, FF061D, 01C986,
03446C, FFFFF8, FEFE9D, FFC047, FDAC7C, FE55ED, 01F982, FF6E67,
FC11FD, 01EC45, 053E06, FD05D8, FA3422, 02F43D, 043C9F, FC84D0,
FD4810, 025882, FF0EBC, FD99C3, 04FB2E, 0541CB, FA79E6, F7FFBD,
026BAE, 072ABD, FFC182, FBD1DC, 01DB67, 0339D7, FBB847, FBDF90,
04362B, 0302A0, FC6B79, FFD6F9, 035B8B, FD05C6, FC5D72, 058052,
06187A, FCB1C7, FA436D, 00E4EC, 03D92F, FF2209, FC32F8, 00DECF,
047216, 007335, FDBDBC, 0131E2, 01DEC4, FD9928, FDD3EC, 032F44,
0334A9, FD072F, FCE296, 02E980, 015DF1, FCA8E7, 0209A3, 051EC1,
FC8E1B, FC2AA9, 043C96, FFA2C1, FAF670, 0589D8, 0664B9, F7FB7D,
F8FC8F, 05EB23, 03C315, FB122A, FDCCED, 02E6C6, 013614, FE7CE8,
FF1248, 00B926, FFA737, FD80AE, 000530, 02FF13, FF3036, FC7E9E,
0121D0, 0301C1, FF06A6, FEBE7D, 0106E0, FEF227, FD74DF, 003D99,
00F004, FEE041, FFA809, 0253A5, 027AEB, 000BFA, FDED5C, FE7772,
FF8488, FDF33A, FEC462, 040916, 0345F8, FC7948, FDA15E, 03CB20,
01E502, FE2E93, 014E18, 02D9A4, FF3C87, FD5338, FDF8E3, FF3C0B,
018AD5, 01C4F6, FEC31B, FE1D9D, 0051B0, 005B35, FFBC5D, 0227E2,
031F42, FE34C4, FB61A5, 007320, 03011A, FDA1A1, FC49D4, 01B17B,
01B54B, FE8182, 0143E2, 02A18D, FE662F, FE7468, 011AD5, FE7072,
FDD5BC, 01B47C, FF2956, FB58AF, 01F6BE, 063E5A, FE13FF, FB9D94,
04D036, 04EB66, FAD524, FB7839, 04D681, 0477AF, FD31E2, FC7AC9,
003AAC, 01448E, 007401, FFDFC5, FF9BBE, 009BD3, 0217ED, 0153C0,
FF3732, FF04D2, FFFE6A, FFE84B, FF95B4, FFA6F1, FF974D, 009C03,
023166, 00EAEB, FF6A6A, 01B87F, 01E4E2, FC8C3B, FBC8B5, 021A0B,
02D755, FD82B1, FE5DCA, 03044A, 014F65, FE4490, 004BD6, 00D433,
FE8CDE, 00C077, 034A54, FEBB2F, FB402C, FF8F44, 025C2C, FFA0C4,
0014D4, 030ECA, 006D85, FD5A43, 00AED3, 01AA57, FC5F43, FD7BDE,
04E633, 0206AB, F98BF7, FE01B7, 06712F, 01AAAC, FB326D, FF8958,
02D34E, FF8ECB, FF3C97, 00D00B, FFAC64, 0018D7, 009F2E, FE3742,
FFCFE3, 037096, FF1C96, FB1CC5, 01B158, 050F60, FE58C1, FDD363,
03825C, FF9FF5, F9C4F8, FF9768, 04A637, FFD2AB, FE40EC, 023FB8,
006E9B, FC8708, FF6028, 028110, 0084D5, FF2770, FFAFDE, FF2A97,
FFF993, 025D75, 0110C9, FD2BC5, FD0763, FFC938, 00C09E, 007F16,
00B7F5, 00332B, FF17ED, FF466B, 002082, FFEFD8, FFED7C, 00FC41,
003A4B, FDB96D, FE735E, 01F8E9, 02628D, FFBC36, FEBD2F, 00323D,
0149F1, FF3579, FC9ECD, 0006E4, 042F53, FF2918, FB689B, 0253E2,
03BEA5, FBAE84, FD36DF, 04BBC3, 01501E, FBC627, FE605F, 0156E3,
01D2D6, 0131C9, FE9373, 0069E9, 0413BE, FDD519, F8FDFE, 021590,
066C1B, FDC673, FCB73A, 038FAC, 0198E4, FD5D15, 006122, 00E3BC,
FDCBCA, 012936, 049A1B, FF0056, FAEB21, 001ED9, 0387DA, FF08F1,
FC5398, FF8973, 014073, FF2A16, FF0B61, 0200FC, 029B34, FF95B8,
FE9181, 00F540, 002429, FC8CE8, FEEC21, 046E31, 0221A2, FD4BEF,
006648, 02E861, FD7DAD, FCA402, 03651E, 024C3B, FBDBF1, 0046DF,
06BA79, 004225, FA8DF1, 00C756, 032DDD, FD9B68, FF9F87, 0502B3,
FFEB17, FAB934, FFF5AD, 02D6B0, FDFBD6, FEAA9E, 049AB6, 02435E,
FADC8B, FC099F, 0312F1, 031BEF, FD0A6B, FCB0EF, 0322C9, 04BD32,
FDEDB9, FA7204, 00A5A7, 05514C, 001948, FB9C02, 004E3D, 034C30,
FD90E6, FAF816, 00E09C, 039DCA, 00359B, FFF363, 018571, FE5E44,
FCB955, 00240F, 008A9A, FF4C54, 0298FE, 027675, FC124B, FC4E98,
0236BB, 016ED0, FEDB84, 00EAA1, 00BA7E, FEE09F, 00344B, FF6FC5,
FDEBBA, 018458, 01B941, FD430A, 003CD2, 03D5BA, FD81A7, FBCE4C,
042E50, 03CBBB, FC3D6D, FE8911, 029E25, FE5C5F, FDBD3F, 028645,
00408C, FD2924, 025A31, 041BB2, FE010E, FD3F7F, 01D1DB, 0136C7,
FEAA52, FF983B, FFBCDF, FEBAEE, 0052F3, 01A651, 00216B, FF71FF,
005073, 003081, FF3F43, FEA790, FF10FA, 00E25B, 01FAE2, 004237,
FE5C32, FE9EBE, FFC360, 009210, 007B8C, FFFE10, 0100FF, 019C79,
FF147A, FE279D, 010503, 00A23D, FD913A, FFA425, 02DB79, 0081AF,
FE487F, FFF56E, 00F788, 008DA1, FFC8BB, FE145D, FEB23F, 01C4A1,
015C3D, FEFD8D, 000A34, 00D908, FF27BB, 003782, 021DF5, FED402,
FBE974, 005E7E, 04D617, 01DD13, FDF5FF, FE3802, FE4E5C, FE7ADE,
0265C4, 035912, FE6B04, FE1DB3, 027A94, 006A1A, FC791F, 000696,
0342FE, 00D85A, FFF0B1, 00522A, FE2F0E, FEFF6C, 027FE2, 013D91,
FEA7E8, 001103, 0030D1, FE7288, 0033B1, 011A53, FDFCA9, FE93A4,
02DF4B, 020563, FE78D6, FED913, FFDF8C, FF5D96, 00589E, 013ABE,
FFE55B, FEE0DD, FF769A, 01169A, 016FCB, FE1094, FC5647, 014963,
0456F7, 004AA6, FE1131, FF693C, FE4741, FEE604, 02FD83, 0133E7,
FC5E4B, FED962, 02D77F, 000949, FE137A, 01B484, 02894B, FE6E61,
FD146E, FFCE0B, 00B1F9, FFBF2A, 013BDB, 02E43E, 006ECC, FD7F09,
FEF625, 01396E, 0004A8, FEE0EE, 00939A, 012D81, FF2219, FEF4BB,
00EE4E, FFAF6E, FD6D10, 00492A, 02E381, FEE585, FC94F5, 013151,
035F2A, 005FE9, FF38F5, FF46D8, FE6F71, 0017D5, 0147A1, FEBE64,
FF027A, 02286F, 00FDB3, FF1FE9, 00D2E5, 0041FA, FDC8A4, FF8EEE,
01BA85, FF9E83, FECC45, 01828C, 024997, FFFE96, FEFD4E, FFEFA0,
FF9E14, FEFA30, 00B7AD, 015487, FE8A87, FE5548, 017E35, 011E65,
FEBE4A, FFE29F, 009AC0, FEDEF0, 0018E9, 029120, 00EEA7, FE4608,
FEA9D3, 0091FC, 0107F0, FED022, FD569A, 008E43, 02FE94, FFA18D,
FDFDF8, 01A04D, 01E112, FE04A8, FE6F1D, 0153B4, 008594, FF8CDB,
011A4E, 00A6CF, FE8101, FF8EE1, 016304, FFF9BD, FEFFFB, 006676,
003E0A, FF16CB, 0017CC, 001DD1, FEC53C, 006BA7, 01E54B, FF3B51,
FEE18A, 01D782, FF3DE3, FB7276, 0090DC, 05BE18, 0120CC, FC85F4,
FF5273, 017252, FF81E6, FEEEF8, 005CEF, 01190E, 00D3E9, FFD5C8,
FF6997, 0066DC, FFFFD0, FE5C7E, 002548, 0310F2, 008F38, FC6589,
FE259B, 028B27, 02C21E, FFBBD3, FDE5C6, FF2A4E, 01E0F2, 01670E,
FDC9F1, FE44E8, 02A6EE, 01B329, FDAED8, FF9DB3, 019E9F, FDBDF2,
FDB817, 031F5F, 0208A0, FD3A41, FFB8A0, 02C1ED, FEF0B2, FD1A14,
00A3CD, 0124BF, FEA899, FFD45E, 020A3B, 000B1A, FDBE8A, FFE030,
01A2BC, FF2779, FE94E9, 01E1D9, 0148FD, FE1FEF, 0061BE, 024C98,
FE136B, FDC816, 0335F9, 01BB8D, FC00CA, FE7716, 03CE81, 02898F,
FF854D, FF46E1, FEE007, FECECC, 0037F2, FFFD9C, FF1E47, 0127E9,
027873, FF6DCA, FDE46F, 008776, 007E08, FE410C, 0084BD, 0297B2,
FF72FA, FEBFD5, 013042, FED9FD, FD723E, 0216E8, 01D24E, FCC617,
FEF425, 028E16, FEDB9A, FD94B7, 02173B, 020F64, FE55D7, FE3D58,
FFB1AC, FFDA51, FFEB7D, 00387A, 01013F, 00E43D, FF2BDB, FFB63C,
020708, 001653, FD20EB, FFD44D, 01EF38, FEF001, FE8D17, 0232B4,
01993B, FDDE52, FEB928, 0273E9, 024D68, FEBBD0, FD666B, 002904,
02EE07, 0107E7, FD8575, FE9FCD, 019247, 0007DA, FDBAB9, 0004D3,
01DFC2, 0006DD, 00083D, 019E01, FF876A, FDEF78, 007800, 00AF2B,
FDD2B9, FF2DB6, 024EBD, 00DE19, FF3CA5, 00F72C, 00DD90, FE5370,
FE99C2, 00E97E, 010891, FF5C9F, FF1A33, 00AA41, 012C3C, FF90F7,
FECC9A, FFC46F, FFF2DC, 00544C, 020FCB, 00A650, FCA115, FE2B18,
034E4D, 01B920, FC82E1, FE1631, 02C65D, 01AAC1, FE0809, FE3631,
007A36, 018309, 00E535, FF3489, FE85D6, FFF994, 00B4FF, 0025B5,
009484, 005513, FE4C1B, FEED71, 026169, 0203D3, FE447F, FDD61D,
004B08, 00ECF5, 0042E4, 00005C, FF9490, FF6DCE, FFF091, FFE803,
FFADBE, 007607, 00D24A, 000346, FF4875, FEF8D5, FEDD0D, FF5D9A,
0015EC, 005B20, 0067CA, 008B8A, 002D3A, FEE54D, FE881F, 002810,
00F408, FF9170, 002001, 024785, 00917A, FD9624, FF911D, 021D5A,
FFC51C, FDFDC8, 000E6C, 013F28, 009BBD, 00D362, 009EE4, FFAAB9,
FFD6CE, FFA38F, FEB79A, 0033AF, 0237DF, 008DAF, FE5373, FF7C7F,
018563, 01A452, 005A59, FEF02A, FF39D5, 00C891, FFE4CD, FE1BA7,
003F52, 027F2A, 000190, FDDFD1, FFBFB8, 00E191, 0018F8, 00987D,
00B540, FF37B1, FF2092, 001BBA, 0038C8, 00D0DA, 013610, FF7651,
FEE91F, 00F859, 00C09B, FEB6D3, FFDD06, 01BD7B, 005FFE, FEDA85,
FF370B, FFAFB2, 008092, 01085D, FF98A0, FEE28B, 004BEE, 002BC3,
FF1565, 00BA45, 0200EF, FF87CE, FDF34E, FFFADA, 011808, FFD10B,
FFBAD3, 00DD78, 006AA1, FF6F23, FFB6A4, 003207, 00CA92, 012948,
FF2B3C, FDB2BB, 00E520, 02C6CD, FEA7B9, FD5F4F, 01DEEC, 01F84F,
FE2D91, FFD863, 02C92C, 000740, FD48CE, FF147E, 0129A4, 00AE55,
FEE4D0, FE3DC0, 0048F8, 018F73, FF6A31, FE829F, 00D304, 018755,
FFEBE8, FF6BBD, FF8693, FF1D47, FF8997, 00830B, 00D14B, 00685B,
FF8452, FF3623, 001ABE, 0076D3, FFBAE6, FFAA13, 0020D2, 001850,
005817, 00419B, FE92FE, FDDF7C, FFF65B, 016612, 008F2C, 008D61,
015356, 005B21, FF1151, FF7D32, 0055EB, 0051AF, FFB799, FEF13E,
FF601D, 00E6FE, 0133E2, FFFF25, FF889C, FFFCB5, 00066E, FFEB27,
FFEBCD, FFF282, 001182, FFDBA5, FF5C52, FF7877, 001B75, FFF82B,
FF9332, 00667D, 01461D, 006618, FF4B56, 0041E8, 0119AC, FF38D2,
FDFF79, 003815, 01A3F0, FF8535, FE8EFF, 00D20E, 01A715, FFD05A,
FF3C90, 007617, 0093EC, FF5C38, FE4C64, FE50D6, FFE525, 016541,
012038, 0080BA, 001D78, FEFD8E, FF0AAB, 00D139, 00AFC0, FF01D7,
FF1395, FFC3C5, 002241, 00BEFC, FF8863, FE4CF9, 00E440, 018A91,
FD7CC5, FE9FF4, 03FAC1, 01A677, FD0C3C, 0069FE, 02759D, FDC131,
FDE5B6, 02BEC7, 012857, FDBB09, 008643, 02435F, FF15D2, FEDDCD,
017EA9, 004F34, FDF27A, FEE389, 006822, 00D1B7, 0161A4, 00CC73,
FF0EF6, FF21BA, 0045E4, FFE77F, FFA2BD, 00C094, 00AA1C, FEC6A6,
FEB11E, 00B132, 008200, FED9BC, 0029A0, 01D950, FF79B7, FDBE6B,
008F7F, 01B379, FF2C12, FF5B13, 011688, FF4F58, FED4C2, 026C9A,
02278F, FDA942, FE64AD, 02829B, 011B4A, FDF2B3, FF7F00, 00B29D,
FF36E4, 008A65, 02546E, FF6BE9, FDF076, 017B71, 01A167, FDB703,
FECACB, 02695D, 00B4FA, FDF8EA, FF7BA2, 007F43, FF2E79, FF9B82,
00955F, FFE2CE, 004670, 015868, 00046D, FEECF7, 007094, 00A21B,
FEEDD0, FFA454, 015108, 000187, FEF06D, 00EF7E, 016A80, FF06A6,
FF08DE, 015259, 0062A0, FDD13C, FF126A, 016D08, 0049C7, FF06AA,
0097AE, 00C1E5, FEA2C7, FF567B, 0190E8, 002507, FE51C2, 005C53,
015952, FED50E, FE7F8E, 00DD4E, 00DAFC, FFA92C, 0021D4, FFCA24,
FF0F50, 00B2BA, 012724, FF0E0B, 000B08, 027479, 001A3D, FD80A0,
FFD681, 013276, FF3F48, FF8AC2, 016006, 00F0AE, 000811, 002A8A,
FFD6E9, FF74CF, FFC2BC, 001416, 004D80, 0054C9, 0001DC, FFD947,
000729, 00617B, 0092B6, FFE1A7, FF38C9, 001A0F, 006B9D, FF3C2C,
FFB8D9, 014AFD, 006341, FF2C26, 006C9F, 008B65, FEB9B5, FF47B4,
00FAEA, 0095CE, 004290, 009993, FF2263, FE915E, 00CBC0, 00BF31,
FE8F02, FFD340, 01ACC8, FFBDD8, FEDBDC, 00FD8D, 00FDDF, FF0A77,
FF0F22, FFE311, 000CA6, 004E3C, FFBDBE, FEEE26, 001F72, 0197B3,
00884D, FEEBD9, FF8FAF, 00B85D, 0027A6, FF42D8, FFD8C0, 00A390,
005FBA, 0008D7, FFE1EC, FF9ABD, FFF50F, 0077EE, FFAC83, FF53E3,
006EA7, 001303, FEEEBE, 008097, 01CFC0, FF702D, FE413F, 0098EE,
00BCAB, FE93B5, FFBE5C, 01A59A, FFA720, FE5872, 00EDFD, 0170EB,
FE8B88, FEB274, 0144CD, 007913, FE571E, FF8AA8, 015E84, 0079CF,
FF3B79, FF7911, FFA9EC, FF86AB, 000D9C, 00AED1, 008FBB, FFFA53,
FFBDF5, 004CB6, 009A33, FF74F0, FE77BD, FFAA10, 00FA64, 0031AD,
FF6A75, 003179, 0095C0, 003D80, 00982B, 0046C9, FEDF64, FF5F25,
0134D9, 00B67D, FF3638, FFF04F, 007CFA, FF4C04, FFA330, 011209,
0070AE, FF8455, 00724D, 00660E, FF1292, FF90D4, 006AB0, 001001,
00B302, 012236, FF1B25, FE5937, 008854, 00CFA2, FF34CD, FFF60B,
013A55, FFB964, FEB449, 0078FE, 0152F6, FF694F, FE84FC, 00264C,
00BBA4, FFC7C2, 004070, 012AA5, FFB432, FEAA71, 0037AF, 007C61,
FF1027, FFA6A2, 00F8A1, 0078D5, FFD4BF, FFACB3, FF5ACA, 008D0B,
01D676, FFCBEE, FDDE33, FFF732, 015A30, FF6AF1, FF37D0, 010E17,
006563, FF0A74, 002EA8, 0093C5, FF1657, FF5A90, 00DA87, 0086E8,
FF9BDE, FFE257, 006B17, 0083CA, 0032E5, FFC9E5, FFEC62, 005694,
00730A, 00657A, 0037D1, FFCB0F, FFDDB7, FFF95D, FF7DAE, FFC430,
00AF7E, 005273, FF4E99, FFA4CA, 006836, 00679B, 002D78, FFDC0D,
FF966E, FFF5B4, 0016A9, FF794E, FFC153, 00C441, 00473E, FF4B78,
002B90, 00F829, 0003EB, FF902A, 00472A, FFCCA9, FEAD6D, FF97FE,
015942, 00D630, FEFB69, FF3792, 00E8D1, 0074A4, FEDDDC, FFD02D,
013EE9, FFADB9, FED4F3, 010166, 011257, FE98B7, FF6303, 020D85,
008F01, FDDDA9, FFAA2A, 024016, 0065FA, FE357F, 000EEC, 01434B,
FEF26D, FE8CD1, 014916, 012FC8, FEC6D9, FFBE07, 01A0F7, 003BDD,
FEEE90, FFF52D, 002CE8, FF8A84, 001457, 0032DA, FF6B74, FFD4CD,
00BC20, 005A66, FFAD5D, FF7C5C, FF6380, 00561F, 0162FE, FFEAD0,
FDFDCA, FF58AC, 017D41, 0054A8, FEC66C, 0037C7, 013653, FFC3BE,
FF3680, 0052B8, 002E61, FF3E8B, FFC759, 008FA4, FFFA02, FF82CF,
000E64, 0012CF, FFAB7F, 000F65, 00ADC7, 00216D, FF827D, 0041A2,
00C84E, FFC10C, FF231A, 002712, 00B13A, 0019FB, FFFA78, 0014C0,
FFB83E, FFEBE0, 008A1F, 00240F, FF8598, FFE202, 008858, 006462,
FF4CCD, FEEF34, 007EAB, 016F0F, FF8949, FE85E3, 008593, 00C809,
FEB4E2, FF6825, 01A62D, 00996B, FEA8CE, FFAFC2, 00BE00, FFAC1F,
FF4445, 0034CA, 009E5E, 00661C, FFF64B, FF826E, FFD6AD, 002355,
FF78F4, FF83F7, 006181, 000057, FF8B1B, 00D931, 0126CE, FF73FD,
FF0A10, 001FE1, 002B6E, FFE005, 006E86, 0043BA, FF84DA, 0002A3,
00E55B, 003C17, FF0A85, FF4DCC, 006799, 00C7CE, 0065C2, FFE767,
FF72DD, FF7435, 001593, 0060F4, 001D8A, FFDAE1, FFF527, 003BCE,
006F2A, FFF51F, FF692A, 002287, 00C3FA, FFC2A4, FEFF40, FFFE5A,
008A82, FFDAFE, 0027E9, 00A594, FFC4C4, FF913E, 007AE5, FFC1B3,
FE9466, FFF3DB, 0127B2, FFF582, FF92D4, 008795, 000705, FF4A74,
00449A, 00EBFC, FFD181, FEDADC, FF9BAA, 00F18B, 00C262, FF98BA,
FFE16F, 00A1FE, FFE0AD, FF7AC4, 005659, 0048F1, FFDB44, 0025C2,
FFD12B, FFBF4B, 00E0CA, 008A0F, FF0A6D, FFA99A, 0090D7, FFA8A3,
FFC617, 0109C4, 008850, FF713D, FFF94F, 008578, FFD322, FF5263,
FFF8FE, 00DA8B, 008139, FF8335, FF9A47, 005407, 0021AC, FFDB31,
0049D2, 005023, FFFD5F, FFF751, FFC12F, FF8624, 001716, 007DFD,
FFFF08, FFDFC0, 001F07, FF9C53, FF9966, 00A613, 009870, FFAF3E,
0024C3, 00C3E3, FF9ED5, FEF0F7, 001702, 004BF2, FF454F, FFD717,
014443, 00D198, FF9107, FF9FD1, 000396, FFA6C8, FF89A9, 003385,
0085DA, 00135C, FF913A, FFACC5, 0053F7, 00A86C, 001B34, FF92BC,
000272, 0037ED, FF7546, FF8C22, 00A89B, 006FF2, FF3639, FF6E9F,
00805D, 006754, FFEC3B, 001FE9, FFF4A2, FF775E, FFF964, 008C8C,
FFB1EC, FEEEBA, FFE673, 00E540, 004778, FF9E26, 00151B, 001C17,
FF9554, 002442, 00CD59, FFF813, FF1B22, FFC668, 00551D, FFE043,
FFA79F, 001051, 00451F, 001275, FFF467, FFD718, FFC955, 001446,
0050E7, FFDED7, FF5325, FFB468, 007359, 004E76, FFADB2, FF898A,
FFE122, 006A3D, 008FBC, 001195, FFD427, FFF9C8, FF94C5, FF7C00,
0086A1, 00AB8D, FF67E2, FF812C, 00E055, 00A29A, FF7B7A, FFF69A,
00E3AB, 00273E, FF38DC, FFFE10, 01221B, 0049EE, FEC2C7, FF68D2,
00D2A9, 0076A1, FF826B, FF9EE7, 003397, 0050D5, FFF7E3, FFD294,
00590B, 0072D4, FF7E84, FF629F, 00265C, FFD3DF, FFB26F, 00C927,
00940F, FF1BE5, FF6106, 0086FB, 003189, FFB20B, FFEFF0, FFCF99,
FF9ADF, FFEC6D, 00382B, 002DF3, 000C83, 002214, 006261, FFE863,
FF0A48, FFD567, 015263, 006D96, FEEEB6, 00021B, 00E7E1, FF48E1,
FEC9CA, 009292, 00F6EF, 001B33, 0035F9, FFEDE0, FF3370, 0038EE,
011563, FFA180, FF0383, 004B23, 005B4E, FF904A, 000DFB, 00C156,
006A70, FFE50D, FF5BD9, FF3744, 004EBD, 00ED22, FFC2C2, FF2D65,
006B63, 00E427, FFF864, 000FC9, 00A602, FFA292, FF10B6, 00B393,
011463, FF474D, FF2E6B, 007EC2, 001F86, FF7D85, 004859, 0056A3,
FFBC7E, 0034A6, 0036EB, FF5300, FFD277, 00FAC9, 007B99, FF70B9,
FF9A91, 004798, 005486, FFAAA7, FF67A7, 00492C, 00E3DC, 000275,
FFA4BB, 005A60, FFDFFC, FF2198, 0022DD, 00DFDE, FFD344, FF7C9F,
00691D, 00518A, FFE218, 005165, 0013AF, FF79B0, 000745, 0039FB,
FF717F, FFCA1F, 00B056, 002029, FFAD42, 005C46, 0047CB, FF92CF,
FFC9B0, 000F84, FF9263, FF9ECA, 006DA3, 008F23, FFE3AA, FF9D2C,
0000F4, 0018C7, FFCE9B, FFF483, 00462F, FFDBC6, FF8361, 000D6D,
003ED0, FFB5D1, FFC348, 004428, FFEFF0, FF9052, 003AE4, 00ADDB,
FFE323, FF5FC0, 00104B, 00776C, FFF1D4, FF9E26, FFC3E7, FFE051,
002549, 005A26, FFD8BB, FFA489, 007802, 00B04D, FF9A93, FF2D3E,
001961, 00A2BB, 003A7C, FFD6AE, FFE578, 003EEE, 006AED, FFF7FE,
FF798A, FFEEC4, 006F54, 000D74, FFE2D1, 004B6F, 0013CB, FF792E,
FFF9E4, 00CE7B, 0071F9, FF7077, FF318C, FFC778, 0077D3, 0084DF,
FFEE74, FFD7EA, 005212, 000028, FF4916, FFE00F, 00A869, FFEE0E,
FF58F3, 001FFF, 007FE9, 000E42, FFEE23, FFF242, FFE443, 002A37,
001103, FF7ED0, 002668, 00F8EF, FFF8F8, FF1E2A, 0012C5, 007951,
FF8670, FF9E74, 0080A4, 0036A4, FFB96B, 005030, 00919C, FFB245,
FF4695, FFEA36, 0050B1, 00303D, 001366, FFEE70, FFD3CE, 0027CA,
0063C7, FFDF26, FF9F36, 0005D0, 0040FA, FFFBDA, FFD548, FFF968,
002BF2, 001D47, FFB684, FFDB8E, 00652E, 00241F, FFAA44, FFEFE4,
00140B, FFD21C, 002CFA, 003F9E, FF6EBB, FF6D4C, 0035A0, 0002FD,
FFA9C4, 006D34, 0065D4, FF43F0, FF66C3, 007608, 005ED2, FFC0C1,
FFCE61, FFCF17, FFB33B, 002F89, 006F23, 000405, FFE884, 0002B1,
FFEA86, 0033D2, 008F55, FFDFB2, FF6112, 003ED8, 00BAB5, FFCE2C,
FF6BAF, 007021, 00B125, FFBD8E, FF651B, 0023D6, 0086AF, 002C2C,
001671, 0055EC, FFE752, FF36FD, FFD700, 00BE30, 0008AB, FF3F64,
0014CB, 00AE47, FFDFE8, FFA5A5, 0051FF, 002477, FF9B64, FFEB3E,
002D63, FFD31E, FFB7AC, 0006E5, 003CA1, 002043, FFE961, FFC0BF,
FFBFB4, FFDFAD, 00296B, 00734D, 003ACE, FFBDD7, FFB6DA, FFF368,
FFF523, 0026A4, 004D3B, FFC1E4, FF75F4, 003DED, 00895C, FFD007,
FFAA9D, 001B45, FFEA9D, FF9B29, 001C28, 004BD5, FFF7DC, 000ED0,
001BCB, FFB3D4, FFDA04, 00873B, 00608F, FF8FEE, FF5FBD, FFEC4C,
005042, 00507C, 00344D, FFDF67, FFAFEF, 0012FF, 005CD5, FFD7F6,
FF80D2, 001C9C, 0064BD, FFE199, FFC0E4, 0026E8, 0035F9, 00243D,
001EB5, FFEF80, FFE225, 00098D, FFDE40, FFB2AE, 002EAA, 006C4C,
FFFE00, FFD35F, FFDB64, FFA363, FFBC6B, 004E4F, 005503, FFD66D,
FFDF46, 000DF3, FFFA01, 000715, 00004F, FFECDF, 000EC1, 004FA7,
006453, 007785, 002903, FFA996, FFC4C8, FFF13A, FFC609, 0005C4,
008058, 002F0B, FFDBBC, 001B07, 0007E0, FFEEB9, 0049AB, 002996,
FFB93F, FFCD53, FFF37D, FFF3DD, 001438, FFF977, FFDE89, 005622,
004CD4, FFA344, FFBC9D, 00704C, 0042AF, FFAD10, FFDE06, 001DD1,
FFFDF6, FFF742, FFEE1A, FFBD41, FFF78B, 007101, 0043A7, FFB3F8,
FFC299, 00391C, 002E41, FFE09A, FFED1E, FFF6F1, FFE46B, 001528,
002D1D, FFE7ED, FFB7C1, FFF198, 003376, 002B47, FFF006, FFB64E,
FFD7E3, 001820, FFFEBC, FFE462, 002297, 0051BF, 0000C7, FF97D1,
FFBB9A, 004436, 005DE0, FFD93B, FF91D8, FFDE23, 001618, 000C4F,
003AFE, 0056D8, FFF3C5, FFA638, FFD903, 000A11, 00133F, 003A6E,
003406, FFD48B, FFC6F7, 003C26, 004FA3, FFF380, FFFBC1, 0039B2,
FFE824, FF97B0, 0021A0, 0081CD, 000C9A, FFB71B, FFDC53, 000F60,
002F71, 0040AE, FFCECB, FF9D5F, 00431F, 00648D, FF954D, FF8183,
004F69, 004422, FFCBF9, 002E07, 00564E, FFA821, FF97F2, 005095,
00601F, FFEF62, FFDDCC, FFDCB3, FFB6DF, FFEA63, 003E23, 003642,
0029DB, 00017E, FFC7B0, FFEC72, 007164, 005CFA, FF9A3E, FF752D,
004467, 007F3D, FF99AD, FF6658, 0037AE, 007720, FFF0D4, FFD974,
000BBA, 000EB3, 0023A4, FFFD86, FFAEEC, FFE775, 003C3D, FFF48F,
FFB6F4, 000D4E, 0014C5, FFB06E, FFD5EE, 004A64, 002732, FFD7F7,
002C49, 005D48, FFDE68, FFB78C, 000CC3, FFFE24, FFB974, 000127,
004E13, 000BC3, FFFE00, 003BB2, 00178C, 000753, 003956, FFDC25,
FF6DB5, FFF4E4, 006DFE, FFD204, FF7D82, 004501, 008D8B, FFDDE3,
FFA2D1, 000ED0, 00295A, FFEAAD, FFDE69, 0000B3, 002D87, 003D81,
002414, 000450, FFE39C, FFD822, 0010C7, 0047F5, 002899, 000356,
000C2E, 0009DA, 000ED7, 001136, FFDBBD, FFD96B, 0031C0, 001C96,
FFC9BF, FFFD25, 0011D1, FFBD49, FFF8B6, 005AD9, FFDA51, FF8F2A,
002778, 0022F9, FF7E7B, FFE2FB, 009508, 002BDB, FFC140, 0013D4,
FFF936, FF8D90, FFE8D0, 0058F2, 0033C8, 000C7B, 0015C3, FFDEFC,
FFA87E, FFC963, 001485, 0029B9, FFE514, FFC0E9, FFF7F4, 0010F3,
FFDED0, 0015C5, 0046DE, FFDE46, FF934C, FFD927, 001954, 0004E0,
00094D, 002EE3, 0030FA, FFF344, FFB0B5, FFF6B5, 00610B, 002B90,
FF8E73, FFA7EC, 003455, 00561B, 00275E, FFF648, FFF5F6, FFE93D,
FFEA9F, FFFEBD, 0028F6, 002371, FFFA77, 000BF0, 0012A4, FFE7DD,
FFF3C0, 001F8E, FFFD87, FFE62A, 001D42, 001460, FFD48D, 0009A8,
004679, 0001EE, FFED6D, 004488, 003187, FFD490, FFF53F, 001823,
FFE2C4, FFFEB6, 002FB3, FFE5FC, FFD073, 003FAD, 002AD5, FFAEDF,
FFE4C6, 003F26, 000CC4, 000F25, 004EED, FFFF23, FFB928, 002806,
003483, FFA39A, FFE3F4, 00A528, 006AF8, FFB7B7, FFD62C, 004303,
001804, FFF016, 0019FC, 001090, FFD741, FFF155, 004901, 0024B1,
FFD0C6, 0005A6, 00398D, FFE2DC, FF9C4F, 00067F, 006218, FFF842,
FFB5E5, 00083B, 001B21, FFE0E0, FFF612, 0024FA, FFFD2B, FFE808,
00197B, 001FF8, 000133, FFFA6C, FFF1C3, FFDF98, FFD24F, FFC048,
FFF2DE, 0052DB, 0005C2, FF8BDE, 0001EF, 00508F, FFAC77, FFA709,
00668A, 001C17, FF76C5, 00084F, 004E9E, FF9A22, FFC06C, 00557C,
FFDB5C, FFA88C, 007A26, 00654B, FFA889, 000310, 005E9D, FFBBDE,
FF95A5, 00272E, 002644, FFF130, 002BCA, 0007C5, FFAF55, FFF3C7,
00229F, FFF57B, 0018BB, 002676, FFD576, FFB505, FFE003, 001FD6,
005709, 00232A, FFAEAF, FFDF3F, 0036C3, FFFCA9, 00030F, 007177,
001229, FF8543, 000384, 0051CF, FFCC57, FFBB9B, 00333B, 002851,
FFDD71, 0029AB, 003305, FFB9E3, FFEC41, 007F5B, FFFBD8, FF5028,
00121A, 00A3FC, FFCF83, FF7F6A, 00490D, 0034B3, FFAF77, FFF84B,
0022EE, FFCDCA, FFF0F4, 0033EB, FFDD7E, FFD551, 004B37, 0042E0,
FFE2E5, FFCE5E, FFEF98, 001566, 002220, 000D4C, 000979, 000F52,
FFFA3A, FFF203, FFF98D, FFDCBC, FFE35D, 003AB6, 002E10, FFCFC3,
FFE43D, 004D6B, 001F5C, FFBC5B, FFEFCC, 001F03, FFD681, FFA2B2,
FFF580, 00359F, 00327A, 0002D6, FFB655, FFB466, 00201A, 003D17,
FFCE70, FFC764, 001EC4, FFED7A, FFB5CD, 003158, 007FF4, 000E43,
FFBF2C, 0016FC, 002FD5, FFE019, FFD3B4, 00000A, FFFBB0, FFE4A4,
002F08, 0049DD, FFD8D2, FFB500, 0035F7, 0047A8, FFE612, 00211C,
00516F, FFB90A, FF9213, 003B6F, 0047C5, FFB38E, FFC864, 0031C3,
001690, FFF8A7, 0014EF, 001B36, 001B7E, 002025, FFCF67, FF81D0,
FFFCE4, 006B6A, FFFD6A, FFAA69, 003A6F, 008D39, FFE51A, FF9A29,
000DD3, 002CBE, 000379, 001B9C, 00085F, FFA94E, FFCC1D, 001C27,
001374, 0030EE, 003AEA, FFD039, FF9DDA, 001CC7, 0056BA, FFE4DC,
FFC802, 0000D9, FFFB4A, FFCE64, FFEAFE, 002CEF, 004FB9, 001CC1,
FFDDC2, FFEE1A, 000778, 00085D, 002060, 0033F7, FFE29C, FFA066,
FFFD62, 0045A8, FFF023, FFD223, 0030EA, 002DF3, FFDEC3, 000E18,
003C96, FFDD03, FFC801, 0022B6, 0010B0, FFD0DC, FFF073, 0011A3,
000E89, 001C6B, 000061, FFE409, 0020D1, 002AC0, FFD819, FFE58A,
002D69, FFEE3A, FFC7A6, 001FDE, 00243B, FFE358, 001D4A, 005FCD,
000BE8, FFA972, FFCF11, 0035D7, 0043F6, 000D2D, FFDC46, FFF4A9,
FFEF8F, FFF776, 0036FA, 0040F8, 0003AF, FFDFF6, 001FD5, 00172E,
FFECED, 00084A, 000F6A, FFD4ED, FFBCD0, FFFF7B, 001922, FFD628,
FFE4D3, 00355E, 002A03, FFF2C1, FFFBD7, 00263F, FFF155, FFBF84,
FFF304, 0020E8, 000AB0, FFFE78, 00217A, 002950, FFFA63, FFE7CD,
00144F, FFFF66, FFAE71, FFC734, 004A10, 0066A2, FFF9E3, FFB7AF,
FFCA46, FFEACF, 000EE3, 000CAA, FFD8E6, FFEC9A, 002B81, 0000FC,
FFBF90, FFEF01, 00220D, FFE29E, FFC278, FFFF5A, 00079C, FFED03,
FFF4FE, FFF75A, 0003B1, 003053, 001160, FFBCF4, FFDD7A, FFFAE7,
FFBF04, FFD39F, 0047DB, 00508A, FFD76E, FFCE93, FFFA8D, FFE3C7,
FFCDAD, FFE957, 0009CE, 000D8A, 000D41, 00068B, 000175, 0005CA,
FFF467, FFCF3B, FFC493, 00056F, 00353D, 001887, FFDDCA, FFE815,
000A39, FFE378, FFE40B, 003603, 0026DC, FF9DAF, FF9B1F, 00228D,
003A9A, FFF827, FFF6DB, 000CB9, FFF780, FFF4DA, FFF57B, FFD9FD,
00022A, 00392F, 00082C, FFE684, 002E88, 003816, FFD95D, FFCC7D,
0017E9, 001E51, FFF50C, FFF899, FFF914, FFF4E0, 0018B7, 00197C,
FFEF33, FFE539, 000428, FFF534, FFE254, 0006B5, 001A6A, FFF798,
FFEBBD, 001A15, 002248, 000457, FFF35F, 000CC3, 0003E2, FFF281,
002AFF, 003EDA, FFF000, FFD7D0, 001968, 00109E, FFC65F, FFEC9D,
004624, 00006A, FFD689, 002B2F, 001F3A, FFC8AC, 0013E2, 0052AB,
FFD7F3, FFC571, 002F1C, 001747, FFB9B6, 00063B, 005179, 000BBC,
FFE572, FFF78F, 0012A5, 004162, 002727, FFCEFC, FFD0C7, 001319,
0016F7, 000742, 001F61, 00137A, FFED80, 0004E9, 00135C, FFDBC2,
FFBE01, 00148E, 006228, FFFBF4, FF9EEC, FFEF52, 002065, FFE209,
FFEC0B, 002C78, FFF0EF, FFCD8C, 00233F, 002A96, FFE5AD, FFDB19,
000A11, 000CDF, FFDFFE, FFCA95, 00084E, 0048CB, 000BD2, FFDFEB,
002BE1, 002A7D, FFC0B5, FFC9F8, 000C07, FFD2CA, FFE654, 005B1F,
003D9D, FFE3E4, FFFA07, 000811, FFC558, FFECC7, 004D71, 00026F,
FFB7F4, 001120, 004691, 00044F, FFE531, FFEE3B, FFE4BA, FFF4BB,
002074, 000DBE, FFD9EA, FFD882, FFEDEB, 001F00, 002DF8, FFE949,
FFB599, FFF2EC, 0047E8, 001B5A, FFD841, 000277, 0031E6, 0017EF,
FFEB85, FFE21C, FFDBFD, FFF0DD, 002DF8, 00423A, FFFDF5, FFD00E,
FFF286, 00190F, 001B3F, FFF3C8, FFDBC4, 000A97, 002816, FFF4ED,
FFD481, FFF400, 000D7A, 000D09, 000802, 0009C4, 000EA8, 000742,
FFF708, 000CF5, 002892, FFE6AE, FFD5F7, 002FD1, 001B52, FFBA2A,
FFE811, 0039A9, FFF9F5, FFE0F1, 0040D9, 0025C2, FFB724, FFD7AC,
002619, FFF9DE, FFDEED, 000726, 000566, FFFA18, 0008CE, 000114,
000BB6, 002B50, 0000EF, FFC8D4, FFCA30, FFF3A2, 000E28, 002B16,
001E31, FFEA28, FFE8F0, FFF157, FFF8BB, 0018C3, 000F76, FFEC37,
000B1A, 000A96, FFBE22, FFF5E8, 005BDA, FFE1CC, FF8547, 002E70,
0066C0, FFB275, FFBFB7, 00682E, 000DDD, FFA3E8, 00302E, 003A58,
FF9A0F, FFD98B, 005FC2, FFF536, FFB884, 003D10, 003D37, FFD4E6,
FFF96F, 002B6F, FFF491, FFF24F, 00238C, FFF28E, FFCC98, 000302,
001AAC, FFF4C3, FFEA26, 000B29, 0015E2, 0027DE, 000A6E, FFDA43,
FFE4A9, 0002E1, FFE876, FFDFBB, 001D9D, 0024E0, FFF202, FFDE3D,
FFF587, 000729, 000877, 000605, 0002E5, FFFB24, FFE1C4, FFD116,
0003E9, 0030B0, 0008C9, FFF1BC, 000E6A, 0002C2, FFCA55, FFCF88,
001AFA, 001FAC, FFF5A7, 00050D, 0003FF, FFDA9D, FFE6A9, 0017CE,
000D02, FFF18B, 000856, FFF5F5, FFD116, 000DAE, 002F57, 00044F,
FFF9FF, 0001EE, FFEB31, FFF078, 001EA8, 0009E1, FFF0CB, 000E07,
0012ED, FFFD23, 000AA5, 000E95, FFE151, FFF01E, 001A0B, FFF65B,
FFF32D, 002C80, 00284E, FFEC09, 000290, 001E16, FFE94D, FFE5E4,
0015D9, 0002DD, FFE1E6, 000CAC, 002F9D, 00016A, FFE603, 000AB1,
000175, FFDF89, 0006D8, 0035AD, 000C80, FFC73E, FFF004, 003817,
000A85, FFDBF0, FFF504, FFFFD6, 0005B0, 002FE2, 003700, 000C1C,
FFF06D, FFE14C, FFCB33, FFFF14, 004599, 000307, FFCED2, 001AA8,
0030A8, FFE7D5, FFF413, 00251F, FFFF5C, FFDFBD, 000F0B, 0007AF,
FFCA26, FFFAC5, 003CC9, 0025F9, FFFD0D, FFF662, FFFE2C, FFF66F,
FFF97B, 000BD5, FFFFA7, FFF2A0, 0010E5, 000AD1, FFC02A, FFD199,
003CDC, 0023AF, FFB494, FFD6AE, 002C97, 0009EE, FFEAA8, 000722,
FFECFF, FFCEB9, 0003DC, 001E93, FFE831, FFEC4E, 0013B1, 000489,
FFE841, FFF72B, FFFF13, FFF0EC, FFF749, FFF3FC, FFE578, FFF62C,
001DEC, 0016DE, FFFD61, FFF85D, 000550, 001453, FFF932, FFD835,
FFF28C, 00202B, 00249F, 000FE5, 000BA4, 000960, FFFEE3, 00019C,
FFE157, FFE9DF, 001675, 000832, FFF6CC, 000DB2, 0012DA, FFEA2C,
000589, 002625, FFDF6E, FFCF4E, 001E81, 002CD6, FFDCE6, FFE853,
0027C5, FFF90A, FFD9FD, 0017C5, 003436, FFDE8D, FFC8CA, 001015,
001844, FFF491, 0010DC, 002606, 0007DB, FFF2BA, FFF7AB, 0001D1,
FFF8FF, FFF942, FFF49A, 000E32, 0022BF, 0001E8, FFE452, 0005B5,
00133E, FFE86E, FFED63, 00130F, 000A03, FFEA58, FFFE3D, 000E9C,
000551, 0004A2, FFFE28, FFF104, 000257, 001321, FFF128, FFE872,
001667, 002581, 000621, FFE6AF, FFF83F, 001249, FFFDAF, FFE0DE,
000B4A, 003215, 000099, FFE32D, FFF8B1, FFFB10, FFFDA7, 001AAA,
001024, FFF65B, FFFD1F, FFFED6, FFF1A6, FFFC3E, 00083D, FFFBE7,
0003E6, 000596, FFE926, FFF372, 000F14, FFFDB2, FFEC99, 0008DB,
0022F5, 000D51, FFECB5, FFF06E, FFF87E, FFEEC9, FFFAF5, 0014B6,
001703, FFF532, FFDCB1, FFEF7A, 0013A7, 000A88, FFF89D, 000810,
00053A, FFE53F, FFDC89, 0014E1, 001D18, FFF19D, FFF89A, 001364,
0000BA, FFE16F, FFF01B, 00058D, 0012DA, 0021D8, 000784, FFF073,
FFF514, FFF81A, FFE81E, 000186, 00140A, 00007E, FFF4BD, 0006A9,
000E07, FFE9CF, 000012, 001D9C, FFF1CE, FFCC9B, FFE474, 000B41,
000544, FFFDF5, 000549, 00089B, 0005F5, FFF008, FFED7C, FFF5D4,
FFFFBF, 0007F7, 0001A7, FFF935, 00076C, 001498, 000B86, FFF60D,
FFED75, FFFAE5, 0005A4, 0007FD, 000179, 00055E, 001096, 000175,
FFFC07, 00042E, FFF592, FFEC76, 000966, 001A7F, FFF615, FFF442,
002386, 001278, FFE165, FFF6E8, 000945, FFE4FF, FFDB6E, 0019B8,
0038DA, 0004AD, FFECD4, FFFFD3, FFF7A6, FFE8E4, 0005ED, 001E1F,
00050A, FFECEC, FFFCF6, 0013C2, 000688, 000425, 000A56, FFF487,
FFF5FF, FFFE35, 000C76, 000E7B, FFFDFB, 0003E3, 000D12, 000497,
FFFC6D, 00042B, FFFF3D, FFED9F, 000506, 002170, 00143E, FFF73B,
FFFAA4, FFEB01, FFF11E, 001727, 001426, FFE855, FFED02, 00232B,
000399, FFDEC6, 000247, 001B2D, FFFA8A, FFE4C6, FFF716, FFFA54,
FFFD69, 000CAD, 0003F2, FFFC62, 000A8D, 001509, 0002C9, FFE944,
FFEA02, 000024, 0010EC, 000D65, FFFE90, FFFD69, FFFB63, FFECE2,
FFF550, 00092E, FFFF89, FFF112, 0003A0, 000C1C, FFFC1E, FFFFDA,
FFFD2B, FFEF96, FFFC82, 000CCC, 000237, FFF515, 000622, 000E2E,
00025D, 000188, FFFF5D, FFF6B6, FFF4A3, 000113, 00023E, 000693,
00106C, FFFFF5, 0000E1, 00046C, FFF9AC, FFE9AC, 000032, 0016A7,
FFF6A0, FFEA02, FFFE34, 000405, 00030D, 00066E, 0002D5, FFF805,
FFFE88, FFF6A0, FFF32B, 000B79, 00120D, FFFA33, FFF470, 000554,
000157, FFFB6F, 000444, 000252, 0000E6, 000CE1, 000B49, FFEEE7,
FFE50F, FFF9C6, 00066D, 000BAE, 000A3B, FFFE95, 0001A5, 000148,
FFF3F9, 00012C, 000E00, 0003A3, FFE687, FFFB4A, 000FAE, FFF1B8,
FFFB7E, 001303, 00067B, FFEDEA, FFFDE9, 001789, FFFA77, FFECD8,
000293, 000E9A, FFFA28, FFF571, 000AB9, FFF935, FFEEE7, 000091,
000562, FFFC6D, 0005B1, 001516, FFFC42, FFF0BA, FFFE20, FFFCC8,
FFF732, 0006EC, 00106A, FFFB3A, 00029D, 0002B2, FFF7C8, FFFC3F,
FFFD34, FFFE94, FFFA3C, 000C09, 000183, FFF05E, 0001FE, FFF652,
000000, 000AFE, 000EF1, FFEB11, FFF223, 001268, 000CA0, FFFD65,
0001A0, 0002FF, FFF76B, FFF986, FFF31B, 00069D, 0012BF, 000E56,
FFF7E8, FFF9EA, 0004B7, FFFE42, FFFAEA, 000B4A, 000C49, FFED17,
FFF516, FFFE0F, 0000A2, 000791, FFFC4C, FFFDD2, FFF988, FFFBE5,
FFFB69, FFF279, FFFE40, 00066A, 000BBA, FFFB24, FFEFC2, FFFB7F,
000988, FFFF56, FFFC64, 0009A7, 00002D, FFF060, FFFC07, 000EA2,
FFFC94, FFEE37, 00031A, 0005D2, 000761, FFF83F, 0000FB, 00012B,
FFF9F2, FFFD4B, FFFB9C, 000302, FFFD05, 00063E, FFFAC3, FFF573,
0001FB, 00024D, 0001AD, FFFBDD, FFFE01, FFFFB8, FFFA69, 0000B5,
0001F2, 00055D, 000325, FFF867, FFFCF8, 0003B1, FFFD4E, FFF7CD,
000333, 000CE1, 00016B, FFF9B2, 000085, 00018B, FFFE02, 0000E9,
000007, 000212, 0006C8, 000924, FFF7A8, FFFC18, 000630, FFFDAC,
0004C2, 000736, 0009F4, FFFDD1, FFF868, 0004D8, FFFD52, FFFF99,
000BDB, 00037C, FFF6D3, FFFC61, 000BC7, 000AD4, 000165, FFFC01,
000124, 000376, FFFB5F, FFFE73, 0000DC, 000793, 00057E, 000031,
0003E4, FFFCB9, FFF9E4, FFFE14, 000811, FFFFF9, 0001CD, 0001E6,
00013B, FFFB81, FFFD89, 000151, 00002A, 0001A7, FFF771, FFFA11,
FFFD5B, 000C68, 0001D0, FFFE53, 000926, FFFF77, FFF7DF, FFFD81,
00044D, 0001CC, FFFDC4, 000175, 0008E4, 00063F, FFF90C, FFF893,
00084D, 0003BD, FFF6DC, FFFB8F, 000136, 0001DB, FFFFB5, 000394,
000100, FFF866, 0005E9, 00001E, FFFB41, FFFA44, FFFC66, 000665,
00032A, 0001DC, FFFDD0, FFFB16, FFFCFF, FFF944, FFFAB4, 0001DD,
0001EB, 000A99, 0002AE, FFF15E, FFF6A2, 0006E1, 000496, FFF3F4,
FFFF02, 000736, FFF8D3, FFF7AD, 000CFD, 0001AD, FFF487, 0000AD,
000777, FFF44C, FFF2EC, 000EF3, 000544, FFF900, 000198, 000B16,
FFFB84, FFF721, 00075D, 0002F0, FFF3D4, 000100, 0009EE, FFFD46,
000216, 0005F1, FFFEA2, FFF8AD, 000083, 0004FC, FFFE91, FFFFB5,
00013A, 00032E, 000119, FFFBED, 000310, 0002A8, FFFA3A, FFFAF6,
000401, 000172, FFF933, 000217, 0004B4, FFFB3B, FFFBD4, 00068D,
000150, FFF511, 0001D5, 000395, 00001D, FFFFAD, 000254, 00019B,
FFFF48, FFFE08, FFFDBC, 0001CB, 00009C, 000131, FFFFF1, FFFCE8,
FFFFBF, 00006F, 0002C3, FFFE10, FFFF87, 0000E1, FFFC79, 000313,
00007E, FFFE86, 000418, 00013A, FFFEFF, FFFE45, FFFF64, 000323,
FFFF04, 0001D8, 0002C3, FFFE18, FFFDF9, 0000F1, 0002A1, FFFCF8,
0001F8, FFFDF6, 000472, 0001B7, FFFD3F, 00016E, FFFF88, 000367,
000057, FFFD12, 00004B, 000100, 0000F5,
000111,
000002, 000008, 000012, 000022, 000037, 000050, 00006F, 000095,
0000C0, 0000F2, 000129, 000165, 0001A7, 0001F0, 00023D, 000290,
0002E7, 000345, 0003A9, 00040D, 000478, 0004E6, 00055A, 0005CD,
000649, 0006C5, 000746, 0007C7, 000849, 0008D0, 000958, 0009DE,
000A68, 000AF2, 000B81, 000C05, 000C92, 000D1D, 000DA6, 000E26,
000EAE, 000F36, 000FBD, 001034, 0010B7, 00113D, 0011B1, 00121E,
001293, 001303, 00136A, 0013C5, 001437, 001492, 0014E5, 001533,
001586, 0015C1, 0015F6, 00162A, 001672, 0016A1, 0016B7, 0016CD,
001700, 001715, 00171B, 001700, 0016F8, 0016FC, 001701, 0016D3,
0016B2, 001691, 001648, 0015ED, 0015B1, 001565, 001505, 001483,
001421, 0013AF, 00131F, 00127A, 0011F3, 001161, 0010C5, 000FE9,
000F16, 000E4E, 000D6F, 000C9C, 000BB3, 000AA6, 00098B, 000870,
00077D, 000680, 00055C, 000404, 0002AB, 000147, FFFFD5, FFFE90,
FFFD4E, FFFBB6, FFF9E1, FFF83C, FFF6CA, FFF53B, FFF34E, FFF185,
FFEFF2, FFEE66, FFEC65, FFEA20, FFE826, FFE645, FFE40C, FFE1D7,
FFDFA8, FFDD7E, FFDB49, FFD8F1, FFD6B5, FFD442, FFD198, FFCF4A,
FFCD05, FFCA72, FFC7A5, FFC4E1, FFC20F, FFBF2E, FFBC3E, FFB970,
FFB6DE, FFB427, FFB133, FFAE1A, FFAAF1, FFA78B, FFA447, FFA142,
FF9E1A, FF9AE4, FF97A1, FF9436, FF912C, FF8DC4, FF89DE, FF863F,
FF82E9, FF7F31, FF7B4D, FF77B6, FF744F, FF70BE, FF6CC7, FF693D,
FF658B, FF61AD, FF5D64, FF598F, FF55CF, FF51A1, FF4D46, FF4922,
FF4536, FF4183, FF3D84, FF397A, FF3566, FF30DD, FF2C6D, FF2839,
FF23FC, FF1F47, FF1A63, FF164F, FF1234, FF0D55, FF0844, FF0433,
FEFFCE, FEFAEB, FEF626, FEF21C, FEEDE4, FEE8B4, FEE3A2, FEDF52,
FEDAA9, FED5F8, FED13E, FECCA9, FEC80B, FEC33C, FEBE0F, FEB9B2,
FEB4A2, FEAF5E, FEAA6A, FEA64B, FEA1D1, FE9C9E, FE9736, FE92D7,
FE8D91, FE878A, FE82BF, FE7E7B, FE7949, FE73E2, FE6EA4, FE6A20,
FE6537, FE60AB, FE5B2B, FE5637, FE51D1, FE4C73, FE46DF, FE42A1,
FE3DCC, FE37FB, FE32ED, FE2E73, FE2993, FE237E, FE1E99, FE1A4B,
FE14C7, FE0F71, FE0A84, FE069C, FE0176, FDFBE6, FDF6F3, FDF2A0,
FDEDAB, FDE8B6, FDE354, FDDE94, FDD966, FDD46E, FDD053, FDCC3A,
FDC69E, FDC170, FDBCB2, FDB89D, FDB3E1, FDAE46, FDA954, FDA546,
FDA01E, FD9A84, FD96F1, FD939A, FD8E3F, FD8872, FD84EA, FD8168,
FD7C4F, FD7739, FD734C, FD6F9E, FD6A1B, FD64D5, FD61A9, FD5E83,
FD590B, FD5397, FD5043, FD4D30, FD48F4, FD4447, FD3FD8, FD3BE8,
FD3783, FD32E7, FD2F43, FD2BA6, FD280E, FD247D, FD20B5, FD1CF2,
FD19F0, FD1678, FD120F, FD0DEA, FD09CA, FD05B1, FD0411, FD0279,
FCFD3C, FCF845, FCF5C9, FCF259, FCEEB0, FCEB4F, FCEA6F, FCE7DB,
FCE413, FCE112, FCE0D3, FCDE23, FCD7C1, FCD2E6, FCD28A, FCD07C,
FCCB79, FCC7BC, FCC708, FCE688, FDC134, FED73F, FF38C2, FF6467,
FF7ED7, FF9A0C, FFB146, FFC7C3, FFD9C0, FFED00, 000080, 001240,
001D3F, 002C7D, 003C39, 0048B3, 0051AB, 005D61, 0067D4, 007005,
007474, 007CDE, 0086C3, 008BE8, 008B12, 009032, 0098C9, 009B25,
0098C9, 009D9B, 00A620, 00A4F9, 009CE6, 00A06E, 00A99F, 00A47F,
0099F8, 00A496, 00B356, 00A36B, 00930A, 00C854, 0188FC, 028C81,
02FFF3, 030C87, 030431, 03138C, 0323C8, 032669, 0323F0, 032E2A,
033943, 033983, 0337CE, 033DED, 0345E0, 03471B, 0345EC, 03496C,
034C61, 034CB2, 034C08, 034E5B, 034EC2, 034C17, 034A16, 034BBD,
034A57, 034573, 0341AE, 0341C7, 033FFF, 033B73, 0336A8, 033454,
0331BD, 032BF8, 032669, 0323BE, 031F7C, 03188C, 03127C, 030F0E,
0309A1, 030239, 02FB79, 02F71C, 02F1A5, 02EA05, 02E3B0, 02DEA2,
02D7A9, 02CFA1, 02C8E0, 02C2F8, 02BC03, 02B43C, 02AD18, 02A660,
029EA3, 029619, 028E9B, 0287F0, 02807A, 027808, 027037, 02699D,
0261A5, 02591D, 0251CA, 024A7D, 0242A2, 023A09, 0231DC, 022AAE,
0222F4, 021A52, 02124A, 020B0D, 020319, 01FA75, 01F2F5, 01EBAE,
01E3E6, 01DB71, 01D392, 01CC76, 01C482, 01BC40, 01B4C1, 01ADA6,
01A5B9, 019DAE, 01968D, 018F79, 0187F0, 018020, 01795E, 0172A8,
016A86, 01629F, 015C3E, 01556E, 014DE0, 014663, 014012, 0139A5,
0132A8, 012B95, 012556, 011F4B, 011843, 011126, 010B25, 010532,
00FEDF, 00F878, 00F245, 00EC6E, 00E6A5, 00E060, 00DA71, 00D4DC,
00CEED, 00C8EF, 00C3CF, 00BE9E, 00B891, 00B2DA, 00AE1C, 00A90C,
00A36C, 009E1E, 009962, 009458, 008F41, 008A97, 008698, 00822D,
007D96, 0078BA, 007448, 006FE7, 006BB4, 006776, 00639E, 005F9D,
005BC8, 0057B3, 005400, 00505C, 004C97, 0048FB, 0045A2, 00420E,
003E59, 003B19, 00381A, 0034E1, 0031A2, 002EB9, 002C26, 00295B,
002688, 002399, 002113, 001E45, 001B9C, 001918, 0016CE, 00147C,
00123B, 001006, 000E1C, 000C04, 0009FA, 000812, 000649, 00047C,
0002A9, 0000F7, FFFF75, FFFD97, FFFBCA, FFFA6E, FFF93F, FFF7EB,
FFF683, FFF517, FFF3E9, FFF297, FFF163, FFF083, FFEFAE, FFEE7F,
FFED6D, FFECC4, FFEC24, FFEB41, FFEA68, FFE9CD, FFE953, FFE89A,
FFE810, FFE79A, FFE72D, FFE69D, FFE623, FFE5D1, FFE593, FFE529,
FFE4E8, FFE4D4, FFE4DB, FFE4A7, FFE483, FFE470, FFE464, FFE461,
FFE463, FFE46C, FFE47D, FFE48A, FFE4B5, FFE4EE, FFE523, FFE551,
FFE58A, FFE5BB, FFE5F3, FFE641, FFE690, FFE6FD, FFE763, FFE7A0,
FFE7FE, FFE86F, FFE8D8, FFE936, FFE9A2, FFEA26, FFEAA3, FFEB17,
FFEB97, FFEC0A, FFEC84, FFED01, FFED82, FFEE12, FFEE98, FFEF1C,
FFEFA7, FFF039, FFF0C4, FFF145, FFF1CF, FFF261, FFF2F0, FFF37A,
FFF402, FFF485, FFF506, FFF590, FFF619, FFF69C, FFF71E, FFF79A,
FFF817, FFF895, FFF90F, FFF983, FFF9F5, FFFA67, FFFAD1, FFFB3D,
FFFBA6, FFFC0C, FFFC6C, FFFCC6, FFFD1E, FFFD74, FFFDC5, FFFE0C,
FFFE53, FFFE98, FFFEF6, FFFF9C, 00000F, 000023, 000023, 00001C,
000015, 00000C, 000006,
000001;

